__
[0, 1, 2, 3, 4, 5, 6, 7, 8, 9]
[0, 1, 2, 4, 5, 6, 7, 8, 9]
[1, 2, 4, 5, 6, 7, 8, 9]
[1, 2, 4, 5, 6, 8, 9]
[1, 2, 4, 6, 8, 9]
[1, 4, 6, 8, 9]
[4, 6, 8, 9]
[4, 8, 9]
[4, 9]
[4]
producing
producing
producing
producing
producing
producing
producing
producing
producing
producing
Day 1:
Household 1: Income: -4.842565574662043, Goods: 0, Land: 2699, Labour: 5303, Capital: 5752
Household 2: Income: 31.036152699482294, Goods: 0, Land: 7760, Labour: 7419, Capital: 6502
Household 3: Income: 34.461608932364456, Goods: 0, Land: 9338, Labour: 3139, Capital: 3199
Household 4: Income: 16.317166341938286, Goods: 0, Land: 4246, Labour: 8683, Capital: 1648
Household 5: Income: 18.51065738817922, Goods: 0, Land: 6279, Labour: 9780, Capital: 4069
Household 6: Income: 13.176252852653587, Goods: 0, Land: 4248, Labour: 4288, Capital: 1790
Household 7: Income: 0.9981375636210457, Goods: 0, Land: 3468, Labour: 3113, Capital: 7611
Household 8: Income: 21.06656629180401, Goods: 0, Land: 9932, Labour: 6777, Capital: 9404
Household 9: Income: 14.833206309634958, Goods: 0, Land: 1508, Labour: 8462, Capital: 2685
Household 10: Income: 34.293547654456674, Goods: 0, Land: 8513, Labour: 9428, Capital: 7412
Firm 1: Money: 952.9636460625352, Goods: 1, Land: 0, Labour: 0, Capital: 0, Goods Price: 39.92846347977125
Firm 2: Money: 950.7450938934213, Goods: 1, Land: 0, Labour: 0, Capital: 0, Goods Price: 18.658597586721417
Firm 3: Money: 157.51454500821856, Goods: 1, Land: 0, Labour: 0, Capital: 0, Goods Price: 41.766574538248676
Firm 4: Money: 265.85407580515556, Goods: 1, Land: 0, Labour: 0, Capital: 0, Goods Price: 26.79955716503823
Firm 5: Money: 955.9319777763803, Goods: 1, Land: 0, Labour: 0, Capital: 0, Goods Price: 37.659603583444934
Firm 6: Money: 810.3541955110861, Goods: 1, Land: 0, Labour: 0, Capital: 0, Goods Price: 0.43292125251868807
Firm 7: Money: 279.53275979909563, Goods: 1, Land: 0, Labour: 0, Capital: 0, Goods Price: 24.099727178221322
Firm 8: Money: 378.025752227206, Goods: 1, Land: 0, Labour: 0, Capital: 0, Goods Price: 9.09821172073078
Firm 9: Money: 749.3717449983225, Goods: 1, Land: 0, Labour: 0, Capital: 0, Goods Price: 29.40717611483343
Firm 10: Money: 486.9125235515398, Goods: 1, Land: 0, Labour: 0, Capital: 0, Goods Price: 16.158057857662854
Self.nfirms:  10
[0, 1, 2, 3, 4, 5, 6, 7, 8, 9]
^^^
[0, 1, 2, 3, 4, 5, 6, 8, 9]
^^^
[0, 1, 2, 3, 4, 5, 6, 8]
^^^
sold
[0, 1, 2, 3, 4, 5, 8]
^^^
sold
[0, 2, 3, 4, 5, 8]
^^^
sold
[0, 2, 3, 4, 8]
^^^
[0, 2, 3, 4]
^^^
[2, 3, 4]
^^^
[2, 4]
^^^
[4]
^^^
---
__
[0, 1, 2, 3, 4, 5, 6, 7, 8, 9]
[0, 1, 2, 3, 5, 6, 7, 8, 9]
[0, 1, 2, 5, 6, 7, 8, 9]
[0, 1, 5, 6, 7, 8, 9]
[0, 5, 6, 7, 8, 9]
[0, 5, 6, 7, 9]
[0, 5, 6, 7]
[0, 5, 7]
[5, 7]
[5]
producing
producing
producing
producing
producing
producing
producing
producing
producing
producing
Day 2:
Household 1: Income: -7.977749445835793, Goods: 0, Land: 2698, Labour: 5302, Capital: 5751
Household 2: Income: 43.2116010274396, Goods: 1, Land: 7759, Labour: 7418, Capital: 6501
Household 3: Income: 68.9232178647289, Goods: 0, Land: 9337, Labour: 3138, Capital: 3198
Household 4: Income: 25.07403898720053, Goods: 1, Land: 4245, Labour: 8682, Capital: 1647
Household 5: Income: 37.021314776358444, Goods: 0, Land: 6278, Labour: 9779, Capital: 4068
Household 6: Income: 18.89204086508657, Goods: 1, Land: 4247, Labour: 4287, Capital: 1789
Household 7: Income: 33.41865536088932, Goods: 1, Land: 3467, Labour: 3112, Capital: 7610
Household 8: Income: 48.939498942996615, Goods: 0, Land: 9931, Labour: 6776, Capital: 9403
Household 9: Income: 26.610105568365015, Goods: 0, Land: 1507, Labour: 8461, Capital: 2684
Household 10: Income: 23.162707350585727, Goods: 1, Land: 8512, Labour: 9427, Capital: 7411
Firm 1: Money: 922.8918608988276, Goods: 2, Land: 0, Labour: 0, Capital: 0, Goods Price: 38.96409594399658
Firm 2: Money: 914.8731981317635, Goods: 2, Land: 0, Labour: 0, Capital: 0, Goods Price: 38.2133270064411
Firm 3: Money: 123.05293607585412, Goods: 2, Land: 0, Labour: 0, Capital: 0, Goods Price: 41.766574538248676
Firm 4: Money: 271.0398658506771, Goods: 1, Land: 0, Labour: 0, Capital: 0, Goods Price: 26.79955716503823
Firm 5: Money: 929.3825914282855, Goods: 2, Land: 0, Labour: 0, Capital: 0, Goods Price: 29.91544227708292
Firm 6: Money: 790.1114882705845, Goods: 1, Land: 0, Labour: 0, Capital: 0, Goods Price: 23.169461434121647
Firm 7: Money: 311.6927585810812, Goods: 1, Land: 0, Labour: 0, Capital: 0, Goods Price: 6.131336997412615
Firm 8: Money: 357.61328441623397, Goods: 1, Land: 0, Labour: 0, Capital: 0, Goods Price: 35.973006808302344
Firm 9: Money: 737.5948457395924, Goods: 2, Land: 0, Labour: 0, Capital: 0, Goods Price: 20.11750908175948
Firm 10: Money: 491.52878440171867, Goods: 1, Land: 0, Labour: 0, Capital: 0, Goods Price: 16.158057857662854
Self.nfirms:  10
[0, 1, 2, 3, 4, 5, 6, 7, 8, 9]
^^^
sold
[0, 1, 2, 3, 4, 6, 7, 8, 9]
^^^
[1, 2, 3, 4, 6, 7, 8, 9]
^^^
sold
[1, 3, 4, 6, 7, 8, 9]
^^^
sold
[3, 4, 6, 7, 8, 9]
^^^
[3, 4, 7, 8, 9]
^^^
[3, 4, 7, 8]
^^^
sold
[3, 4, 8]
^^^
[4, 8]
^^^
[4]
^^^
---
__
[0, 1, 2, 3, 4, 5, 6, 7, 8, 9]
[0, 1, 2, 3, 4, 5, 6, 7, 8]
[0, 1, 2, 3, 4, 5, 6, 7]
[0, 2, 3, 4, 5, 6, 7]
[0, 3, 4, 5, 6, 7]
[0, 3, 4, 5, 7]
[0, 3, 4, 7]
[0, 3, 7]
[0, 3]
[0]
producing
producing
producing
producing
producing
producing
producing
producing
producing
producing
Day 3:
Household 1: Income: -4.618104770221396, Goods: 0, Land: 2697, Labour: 5301, Capital: 5750
Household 2: Income: 25.24371628448622, Goods: 2, Land: 7758, Labour: 7417, Capital: 6500
Household 3: Income: 91.53173721269579, Goods: 1, Land: 9336, Labour: 3137, Capital: 3197
Household 4: Income: 52.14205305176233, Goods: 1, Land: 4244, Labour: 8681, Capital: 1646
Household 5: Income: 69.7858948213329, Goods: 0, Land: 6277, Labour: 9778, Capital: 4067
Household 6: Income: 14.093593270951121, Goods: 2, Land: 4246, Labour: 4286, Capital: 1788
Household 7: Income: 30.283471489715566, Goods: 1, Land: 3466, Labour: 3111, Capital: 7609
Household 8: Income: 88.46101709188386, Goods: 1, Land: 9930, Labour: 6775, Capital: 9402
Household 9: Income: 45.19337118648366, Goods: 0, Land: 1506, Labour: 8460, Capital: 2683
Household 10: Income: 57.45625500504241, Goods: 1, Land: 8511, Labour: 9426, Capital: 7410
Firm 1: Money: 931.6848330469247, Goods: 2, Land: 0, Labour: 0, Capital: 0, Goods Price: 35.96032484485077
Firm 2: Money: 876.1880351675572, Goods: 3, Land: 0, Labour: 0, Capital: 0, Goods Price: 41.02659420898924
Firm 3: Money: 90.28835603087967, Goods: 3, Land: 0, Labour: 0, Capital: 0, Goods Price: 40.069545650858686
Firm 4: Money: 229.54794204308087, Goods: 2, Land: 0, Labour: 0, Capital: 0, Goods Price: 49.7808235844552
Firm 5: Money: 895.0890437738288, Goods: 3, Land: 0, Labour: 0, Capital: 0, Goods Price: 37.659603583444934
Firm 6: Money: 780.3896248875673, Goods: 2, Land: 0, Labour: 0, Capital: 0, Goods Price: 14.997350210197961
Firm 7: Money: 316.79834811096384, Goods: 1, Land: 0, Labour: 0, Capital: 0, Goods Price: 6.131336997412615
Firm 8: Money: 339.03001879811524, Goods: 2, Land: 0, Labour: 0, Capital: 0, Goods Price: 26.68333977522839
Firm 9: Money: 735.778387886126, Goods: 2, Land: 0, Labour: 0, Capital: 0, Goods Price: 26.233711292735062
Firm 10: Money: 502.689450703257, Goods: 1, Land: 0, Labour: 0, Capital: 0, Goods Price: 6.341449680623664
Self.nfirms:  10
[0, 1, 2, 3, 4, 5, 6, 7, 8, 9]
^^^
[0, 1, 2, 3, 4, 5, 7, 8, 9]
^^^
sold
[0, 1, 2, 3, 5, 7, 8, 9]
^^^
sold
[0, 1, 2, 3, 5, 7, 8]
^^^
sold
[0, 1, 2, 3, 5, 8]
^^^
sold
[0, 1, 3, 5, 8]
^^^
sold
[0, 3, 5, 8]
^^^
[0, 3, 5]
^^^
[0, 5]
^^^
[0]
^^^
---
__
[0, 1, 2, 3, 4, 5, 6, 7, 8, 9]
[0, 1, 2, 3, 4, 6, 7, 8, 9]
[0, 1, 2, 3, 6, 7, 8, 9]
[0, 1, 2, 3, 6, 7, 8]
[0, 1, 2, 3, 6, 8]
[0, 1, 3, 6, 8]
[0, 3, 6, 8]
[0, 3, 8]
[3, 8]
[8]
producing
producing
producing
producing
producing
producing
producing
producing
producing
producing
Day 4:
Household 1: Income: 9.318737467520094, Goods: 0, Land: 2696, Labour: 5300, Capital: 5749
Household 2: Income: 40.10859048811681, Goods: 3, Land: 7757, Labour: 7416, Capital: 6499
Household 3: Income: 103.80050031784543, Goods: 2, Land: 9335, Labour: 3136, Capital: 3196
Household 4: Income: 36.97854592798539, Goods: 2, Land: 4243, Labour: 8680, Capital: 1645
Household 5: Income: 52.53494939686327, Goods: 1, Land: 6276, Labour: 9777, Capital: 4066
Household 6: Income: 34.39697254756321, Goods: 2, Land: 4245, Labour: 4285, Capital: 1787
Household 7: Income: 25.667210639536748, Goods: 2, Land: 3465, Labour: 3110, Capital: 7608
Household 8: Income: 85.80497174317895, Goods: 2, Land: 9929, Labour: 6774, Capital: 9401
Household 9: Income: 77.39562796100589, Goods: 0, Land: 1505, Labour: 8459, Capital: 2682
Household 10: Income: 18.613309438161377, Goods: 2, Land: 8510, Labour: 9425, Capital: 7409
Firm 1: Money: 929.9603512004712, Goods: 2, Land: 0, Labour: 0, Capital: 0, Goods Price: 43.10192830186962
Firm 2: Money: 896.7365316959045, Goods: 3, Land: 0, Labour: 0, Capital: 0, Goods Price: 18.658597586721417
Firm 3: Money: 91.53450879422252, Goods: 3, Land: 0, Labour: 0, Capital: 0, Goods Price: 41.766574538248676
Firm 4: Money: 197.34568526855864, Goods: 3, Land: 0, Labour: 0, Capital: 0, Goods Price: 40.49115655138125
Firm 5: Money: 881.1522015360874, Goods: 4, Land: 0, Labour: 0, Capital: 0, Goods Price: 17.302898166729754
Firm 6: Money: 765.1554346369098, Goods: 3, Land: 0, Labour: 0, Capital: 0, Goods Price: 20.50967707783826
Firm 7: Money: 322.9617592482126, Goods: 1, Land: 0, Labour: 0, Capital: 0, Goods Price: 6.131336997412615
Firm 8: Money: 350.20731298721836, Goods: 2, Land: 0, Labour: 0, Capital: 0, Goods Price: 28.403453433721822
Firm 9: Money: 740.0781322436352, Goods: 2, Land: 0, Labour: 0, Capital: 0, Goods Price: 26.233711292735062
Firm 10: Money: 507.3057115534359, Goods: 1, Land: 0, Labour: 0, Capital: 0, Goods Price: 6.341449680623664
Self.nfirms:  10
[0, 1, 2, 3, 4, 5, 6, 7, 8, 9]
^^^
sold
[0, 1, 2, 3, 5, 6, 7, 8, 9]
^^^
[0, 1, 2, 3, 5, 7, 8, 9]
^^^
[0, 1, 2, 5, 7, 8, 9]
^^^
sold
[0, 2, 5, 7, 8, 9]
^^^
[0, 2, 5, 7, 8]
^^^
[2, 5, 7, 8]
^^^
sold
[2, 5, 7]
^^^
sold
[5, 7]
^^^
sold
[7]
^^^
sold
---
__
[0, 1, 2, 3, 4, 5, 6, 7, 8, 9]
[0, 1, 2, 3, 5, 6, 7, 8, 9]
[0, 2, 3, 5, 6, 7, 8, 9]
[0, 2, 3, 5, 6, 8, 9]
[0, 2, 3, 5, 6, 9]
[0, 2, 3, 5, 6]
[0, 2, 3, 5]
[0, 2, 5]
[0, 5]
[5]
producing
producing
producing
producing
producing
producing
producing
producing
producing
producing
Day 5:
Household 1: Income: 16.102672983174273, Goods: 0, Land: 2695, Labour: 5299, Capital: 5748
Household 2: Income: 57.81965905944126, Goods: 4, Land: 7756, Labour: 7415, Capital: 6498
Household 3: Income: 122.73938067867658, Goods: 3, Land: 9334, Labour: 3135, Capital: 3195
Household 4: Income: 63.52793227608004, Goods: 2, Land: 4242, Labour: 8679, Capital: 1644
Household 5: Income: 60.37126517783952, Goods: 2, Land: 6275, Labour: 9776, Capital: 4065
Household 6: Income: 25.24690573325235, Goods: 3, Land: 4244, Labour: 4284, Capital: 1786
Household 7: Income: 29.026855315151145, Goods: 2, Land: 3464, Labour: 3109, Capital: 7607
Household 8: Income: 111.70836549890923, Goods: 3, Land: 9928, Labour: 6773, Capital: 9400
Household 9: Income: 56.55211268875564, Goods: 1, Land: 1504, Labour: 8458, Capital: 2681
Household 10: Income: 29.226008849305398, Goods: 3, Land: 8509, Labour: 9424, Capital: 7408
Firm 1: Money: 923.1764156848171, Goods: 3, Land: 0, Labour: 0, Capital: 0, Goods Price: 15.676246295943141
Firm 2: Money: 857.6911711121484, Goods: 4, Land: 0, Labour: 0, Capital: 0, Goods Price: 41.386791828539465
Firm 3: Money: 58.769928749248066, Goods: 4, Land: 0, Labour: 0, Capital: 0, Goods Price: 40.069545650858686
Firm 4: Money: 195.64073997088158, Goods: 3, Land: 0, Labour: 0, Capital: 0, Goods Price: 49.42062596490497
Firm 5: Money: 867.7447820160187, Goods: 4, Land: 0, Labour: 0, Capital: 0, Goods Price: 29.91544227708292
Firm 6: Money: 774.3055014512207, Goods: 3, Land: 0, Labour: 0, Capital: 0, Goods Price: 14.997350210197961
Firm 7: Money: 313.0687754576053, Goods: 1, Land: 0, Labour: 0, Capital: 0, Goods Price: 30.21592938919691
Firm 8: Money: 356.5523116330978, Goods: 2, Land: 0, Labour: 0, Capital: 0, Goods Price: 26.68333977522839
Firm 9: Money: 740.6018539297029, Goods: 2, Land: 0, Labour: 0, Capital: 0, Goods Price: 30.009733964176593
Firm 10: Money: 507.1844068271077, Goods: 1, Land: 0, Labour: 0, Capital: 0, Goods Price: 6.341449680623664
Self.nfirms:  10
[0, 1, 2, 3, 4, 5, 6, 7, 8, 9]
^^^
[1, 2, 3, 4, 5, 6, 7, 8, 9]
^^^
sold
[1, 2, 3, 4, 6, 7, 8, 9]
^^^
sold
[1, 2, 3, 6, 7, 8, 9]
^^^
[1, 2, 3, 7, 8, 9]
^^^
sold
[2, 3, 7, 8, 9]
^^^
sold
[2, 3, 7, 9]
^^^
[2, 7, 9]
^^^
sold
[7, 9]
^^^
sold
[9]
^^^
---
__
[0, 1, 2, 3, 4, 5, 6, 7, 8, 9]
[1, 2, 3, 4, 5, 6, 7, 8, 9]
[2, 3, 4, 5, 6, 7, 8, 9]
[2, 3, 4, 5, 7, 8, 9]
[2, 3, 4, 5, 8, 9]
[2, 3, 4, 5, 8]
[3, 4, 5, 8]
[3, 5, 8]
[5, 8]
[8]
producing
producing
producing
producing
producing
producing
producing
producing
producing
producing
Day 6:
Household 1: Income: 19.46231765878867, Goods: 0, Land: 2694, Labour: 5298, Capital: 5747
Household 2: Income: 29.395244295579495, Goods: 5, Land: 7755, Labour: 7414, Capital: 6497
Household 3: Income: 113.70173131806777, Goods: 4, Land: 9333, Labour: 3134, Capital: 3194
Household 4: Income: 52.41684287911306, Goods: 3, Land: 4241, Labour: 8678, Capital: 1643
Household 5: Income: 65.2642882565395, Goods: 3, Land: 6274, Labour: 9775, Capital: 4064
Household 6: Income: 31.511785594431476, Goods: 4, Land: 4243, Labour: 4283, Capital: 1785
Household 7: Income: 45.34402165708943, Goods: 2, Land: 3463, Labour: 3108, Capital: 7606
Household 8: Income: 142.36387043501117, Goods: 4, Land: 9927, Labour: 6772, Capital: 9399
Household 9: Income: 42.466893187416034, Goods: 2, Land: 1503, Labour: 8457, Capital: 2680
Household 10: Income: 33.16969978484802, Goods: 4, Land: 8508, Labour: 9423, Capital: 7407
Firm 1: Money: 912.2949646117434, Goods: 3, Land: 0, Labour: 0, Capital: 0, Goods Price: 33.81226126879567
Firm 2: Money: 841.3740047702101, Goods: 5, Land: 0, Labour: 0, Capital: 0, Goods Price: 18.658597586721417
Firm 3: Money: 62.35073433783653, Goods: 4, Land: 0, Labour: 0, Capital: 0, Goods Price: 42.72933000714207
Firm 4: Money: 200.46633239685278, Goods: 3, Land: 0, Labour: 0, Capital: 0, Goods Price: 49.7808235844552
Firm 5: Money: 836.1110187178452, Goods: 5, Land: 0, Labour: 0, Capital: 0, Goods Price: 34.99981922716155
Firm 6: Money: 768.2107011846674, Goods: 3, Land: 0, Labour: 0, Capital: 0, Goods Price: 22.206705965228252
Firm 7: Money: 342.9446995482523, Goods: 1, Land: 0, Labour: 0, Capital: 0, Goods Price: 6.131336997412615
Firm 8: Money: 367.7296058222009, Goods: 2, Land: 0, Labour: 0, Capital: 0, Goods Price: 28.403453433721822
Firm 9: Money: 748.6776209586536, Goods: 2, Land: 0, Labour: 0, Capital: 0, Goods Price: 26.233711292735062
Firm 10: Money: 511.8006676772864, Goods: 1, Land: 0, Labour: 0, Capital: 0, Goods Price: 6.341449680623664
Self.nfirms:  10
[0, 1, 2, 3, 4, 5, 6, 7, 8, 9]
^^^
sold
[0, 1, 2, 3, 4, 5, 6, 7, 9]
^^^
[1, 2, 3, 4, 5, 6, 7, 9]
^^^
[1, 2, 4, 5, 6, 7, 9]
^^^
sold
[1, 2, 4, 5, 7, 9]
^^^
[2, 4, 5, 7, 9]
^^^
sold
[2, 5, 7, 9]
^^^
sold
[2, 5, 9]
^^^
[2, 9]
^^^
sold
[9]
^^^
---
__
[0, 1, 2, 3, 4, 5, 6, 7, 8, 9]
[0, 1, 2, 3, 5, 6, 7, 8, 9]
[1, 2, 3, 5, 6, 7, 8, 9]
[1, 2, 3, 6, 7, 8, 9]
[1, 2, 3, 6, 7, 9]
[1, 2, 3, 6, 9]
[1, 2, 3, 9]
[2, 3, 9]
[2, 3]
[3]
producing
producing
producing
producing
producing
producing
producing
producing
producing
producing
Day 7:
Household 1: Income: 37.972975046967896, Goods: 0, Land: 2693, Labour: 5297, Capital: 5746
Household 2: Income: 54.094712124673734, Goods: 5, Land: 7754, Labour: 7413, Capital: 6496
Household 3: Income: 128.3323662410119, Goods: 5, Land: 9332, Labour: 3133, Capital: 3193
Household 4: Income: 38.22523427793615, Goods: 4, Land: 4240, Labour: 8677, Capital: 1642
Household 5: Income: 58.16253843376147, Goods: 4, Land: 6273, Labour: 9774, Capital: 4063
Household 6: Income: 58.76403877176564, Goods: 4, Land: 4242, Labour: 4282, Capital: 1784
Household 7: Income: 42.2361359198788, Goods: 3, Land: 3462, Labour: 3107, Capital: 7605
Household 8: Income: 138.86715456722715, Goods: 5, Land: 9926, Labour: 6771, Capital: 9398
Household 9: Income: 32.93277239330641, Goods: 3, Land: 1502, Labour: 8456, Capital: 2679
Household 10: Income: 32.765092930704775, Goods: 5, Land: 8507, Labour: 9422, Capital: 7406
Firm 1: Money: 880.1425735971028, Goods: 4, Land: 0, Labour: 0, Capital: 0, Goods Price: 41.0447017949294
Firm 2: Money: 847.1305694235623, Goods: 5, Land: 0, Labour: 0, Capital: 0, Goods Price: 18.658597586721417
Firm 3: Money: 74.35262199792082, Goods: 4, Land: 0, Labour: 0, Capital: 0, Goods Price: 34.55721878321838
Firm 4: Money: 181.95567500867355, Goods: 4, Land: 0, Labour: 0, Capital: 0, Goods Price: 26.79955716503823
Firm 5: Money: 845.6451395119548, Goods: 5, Land: 0, Labour: 0, Capital: 0, Goods Price: 27.767378701027823
Firm 6: Money: 770.7045341257688, Goods: 3, Land: 0, Labour: 0, Capital: 0, Goods Price: 22.206705965228252
Firm 7: Money: 357.1363081494291, Goods: 1, Land: 0, Labour: 0, Capital: 0, Goods Price: 6.131336997412615
Firm 8: Money: 367.2726600881248, Goods: 2, Land: 0, Labour: 0, Capital: 0, Goods Price: 32.79954198620398
Firm 9: Money: 727.0084968175065, Goods: 3, Land: 0, Labour: 0, Capital: 0, Goods Price: 30.009733964176593
Firm 10: Money: 493.35544566515574, Goods: 1, Land: 0, Labour: 0, Capital: 0, Goods Price: 23.727611232243373
Self.nfirms:  10
[0, 1, 2, 3, 4, 5, 6, 7, 8, 9]
^^^
[0, 1, 2, 3, 4, 5, 7, 8, 9]
^^^
[1, 2, 3, 4, 5, 7, 8, 9]
^^^
sold
[1, 2, 3, 4, 5, 8, 9]
^^^
[1, 2, 3, 4, 5, 8]
^^^
[1, 2, 4, 5, 8]
^^^
sold
[1, 2, 4, 8]
^^^
sold
[1, 4, 8]
^^^
sold
[4, 8]
^^^
sold
[4]
^^^
sold
---
__
[0, 1, 2, 3, 4, 5, 6, 7, 8, 9]
[1, 2, 3, 4, 5, 6, 7, 8, 9]
[1, 2, 3, 4, 5, 6, 8, 9]
[1, 2, 3, 4, 6, 8, 9]
[1, 2, 4, 6, 8, 9]
[1, 4, 6, 8, 9]
[1, 4, 8, 9]
[1, 8, 9]
[1, 8]
[1]
producing
producing
producing
producing
producing
producing
producing
producing
producing
producing
Day 8:
Household 1: Income: 19.258888727291875, Goods: 1, Land: 2692, Labour: 5296, Capital: 5745
Household 2: Income: 66.63945762059936, Goods: 6, Land: 7753, Labour: 7412, Capital: 6495
Household 3: Income: 164.92705767332563, Goods: 6, Land: 9331, Labour: 3132, Capital: 3192
Household 4: Income: 3.197334033981295, Goods: 5, Land: 4239, Labour: 8676, Capital: 1641
Household 5: Income: 52.22678910672897, Goods: 5, Land: 6272, Labour: 9773, Capital: 4062
Household 6: Income: 49.187726919376395, Goods: 5, Land: 4241, Labour: 4281, Capital: 1783
Household 7: Income: 21.567994177118948, Goods: 4, Land: 3461, Labour: 3106, Capital: 7604
Household 8: Income: 133.51994549849033, Goods: 6, Land: 9925, Labour: 6770, Capital: 9397
Household 9: Income: 28.90736457864889, Goods: 4, Land: 1501, Labour: 8455, Capital: 2678
Household 10: Income: 25.91368324147107, Goods: 6, Land: 8506, Labour: 9421, Capital: 7405
Firm 1: Money: 892.7921357338018, Goods: 4, Land: 0, Labour: 0, Capital: 0, Goods Price: 33.81226126879567
Firm 2: Money: 830.5191374546464, Goods: 5, Land: 0, Labour: 0, Capital: 0, Goods Price: 41.02659420898924
Firm 3: Money: 78.7303180756804, Goods: 4, Land: 0, Labour: 0, Capital: 0, Goods Price: 38.953307335700536
Firm 4: Money: 186.08364344682886, Goods: 4, Land: 0, Labour: 0, Capital: 0, Goods Price: 26.79955716503823
Firm 5: Money: 840.1410080342989, Goods: 5, Land: 0, Labour: 0, Capital: 0, Goods Price: 34.99981922716155
Firm 6: Money: 772.5167136020616, Goods: 3, Land: 0, Labour: 0, Capital: 0, Goods Price: 22.56690358477848
Firm 7: Money: 342.6734597131931, Goods: 1, Land: 0, Labour: 0, Capital: 0, Goods Price: 25.819840836714757
Firm 8: Money: 403.8713982011945, Goods: 2, Land: 0, Labour: 0, Capital: 0, Goods Price: 9.09821172073078
Firm 9: Money: 739.0251211867399, Goods: 3, Land: 0, Labour: 0, Capital: 0, Goods Price: 25.269343756960385
Firm 10: Money: 515.3578680669542, Goods: 1, Land: 0, Labour: 0, Capital: 0, Goods Price: 6.341449680623664
Self.nfirms:  10
[0, 1, 2, 3, 4, 5, 6, 7, 8, 9]
^^^
sold
[0, 1, 2, 3, 4, 6, 7, 8, 9]
^^^
[0, 1, 2, 4, 6, 7, 8, 9]
^^^
sold
[0, 2, 4, 6, 7, 8, 9]
^^^
[2, 4, 6, 7, 8, 9]
^^^
sold
[2, 4, 6, 7, 9]
^^^
sold
[2, 4, 6, 9]
^^^
[2, 4, 6]
^^^
[2, 4]
^^^
sold
[4]
^^^
sold
---
__
[0, 1, 2, 3, 4, 5, 6, 7, 8, 9]
[0, 1, 2, 3, 5, 6, 7, 8, 9]
[0, 1, 2, 3, 5, 6, 7, 9]
[0, 2, 3, 5, 6, 7, 9]
[2, 3, 5, 6, 7, 9]
[2, 3, 6, 7, 9]
[2, 6, 7, 9]
[2, 6, 9]
[2, 6]
[6]
producing
producing
producing
producing
producing
producing
producing
producing
producing
producing
Day 9:
Household 1: Income: 19.647751727646334, Goods: 1, Land: 2691, Labour: 5295, Capital: 5744
Household 2: Income: 50.04825801864063, Goods: 7, Land: 7752, Labour: 7411, Capital: 6494
Household 3: Income: 155.45406396149903, Goods: 7, Land: 9330, Labour: 3131, Capital: 3191
Household 4: Income: 0.06215016280754426, Goods: 5, Land: 4238, Labour: 8675, Capital: 1640
Household 5: Income: 83.59190063253791, Goods: 6, Land: 6271, Labour: 9772, Capital: 4061
Household 6: Income: 37.20216948750193, Goods: 6, Land: 4240, Labour: 4280, Capital: 1782
Household 7: Income: 44.27606284536738, Goods: 5, Land: 3460, Labour: 3105, Capital: 7603
Household 8: Income: 132.93718702307413, Goods: 7, Land: 9924, Labour: 6769, Capital: 9396
Household 9: Income: 29.103719254740433, Goods: 5, Land: 1500, Labour: 8454, Capital: 2677
Household 10: Income: 44.424340629650295, Goods: 6, Land: 8505, Labour: 9420, Capital: 7404
Firm 1: Money: 889.2916697496793, Goods: 4, Land: 0, Labour: 0, Capital: 0, Goods Price: 43.10192830186962
Firm 2: Money: 830.5167321212992, Goods: 5, Land: 0, Labour: 0, Capital: 0, Goods Price: 39.32956532159925
Firm 3: Money: 82.8387198786356, Goods: 4, Land: 0, Labour: 0, Capital: 0, Goods Price: 37.98893979992586
Firm 4: Money: 192.7347963431777, Goods: 4, Land: 0, Labour: 0, Capital: 0, Goods Price: 26.79955716503823
Firm 5: Money: 815.7396852622593, Goods: 6, Land: 0, Labour: 0, Capital: 0, Goods Price: 27.767378701027823
Firm 6: Money: 758.3987616665621, Goods: 4, Land: 0, Labour: 0, Capital: 0, Goods Price: 19.393438762680113
Firm 7: Money: 345.8086435843668, Goods: 2, Land: 0, Labour: 0, Capital: 0, Goods Price: 6.131336997412615
Firm 8: Money: 381.9816857205593, Goods: 2, Land: 0, Labour: 0, Capital: 0, Goods Price: 35.61280918875211
Firm 9: Money: 762.8412262823334, Goods: 3, Land: 0, Labour: 0, Capital: 0, Goods Price: 8.729472823383878
Firm 10: Money: 510.1575207400939, Goods: 1, Land: 0, Labour: 0, Capital: 0, Goods Price: 16.158057857662854
Self.nfirms:  10
[0, 1, 2, 3, 4, 5, 6, 7, 8, 9]
^^^
sold
[0, 1, 2, 3, 4, 5, 6, 7, 9]
^^^
sold
[0, 1, 2, 3, 4, 5, 6, 7]
^^^
[0, 1, 2, 4, 5, 6, 7]
^^^
[1, 2, 4, 5, 6, 7]
^^^
sold
[2, 4, 5, 6, 7]
^^^
sold
[2, 5, 6, 7]
^^^
sold
[5, 6, 7]
^^^
[5, 7]
^^^
sold
[5]
^^^
sold
---
__
[0, 1, 2, 3, 4, 5, 6, 7, 8, 9]
[0, 1, 2, 3, 4, 5, 6, 7, 8]
[1, 2, 3, 4, 5, 6, 7, 8]
[1, 2, 3, 4, 5, 6, 8]
[1, 2, 4, 5, 6, 8]
[1, 2, 4, 6, 8]
[1, 2, 4, 6]
[1, 4, 6]
[4, 6]
[6]
producing
producing
producing
producing
producing
producing
producing
producing
producing
producing
Day 10:
Household 1: Income: 19.78779348754499, Goods: 2, Land: 2690, Labour: 5294, Capital: 5743
Household 2: Income: 50.08345687804461, Goods: 8, Land: 7751, Labour: 7410, Capital: 6493
Household 3: Income: 163.86416638749785, Goods: 8, Land: 9329, Labour: 3130, Capital: 3190
Household 4: Income: 18.572807550986767, Goods: 5, Land: 4237, Labour: 8674, Capital: 1639
Household 5: Income: 66.42610420095616, Goods: 7, Land: 6270, Labour: 9771, Capital: 4060
Household 6: Income: 46.205592287822995, Goods: 7, Land: 4239, Labour: 4279, Capital: 1781
Household 7: Income: 20.183086308066713, Goods: 6, Land: 3459, Labour: 3104, Capital: 7602
Household 8: Income: 132.8001683669655, Goods: 8, Land: 9923, Labour: 6768, Capital: 9395
Household 9: Income: 11.370287475238365, Goods: 6, Land: 1499, Labour: 8453, Capital: 2676
Household 10: Income: 74.86882713234166, Goods: 7, Land: 8504, Labour: 9419, Capital: 7403
Firm 1: Money: 854.4794943787555, Goods: 5, Land: 0, Labour: 0, Capital: 0, Goods Price: 43.704486151212784
Firm 2: Money: 850.0539419312366, Goods: 5, Land: 0, Labour: 0, Capital: 0, Goods Price: 18.658597586721417
Firm 3: Money: 98.73417287712672, Goods: 4, Land: 0, Labour: 0, Capital: 0, Goods Price: 25.237521068615287
Firm 4: Money: 199.95932045902433, Goods: 4, Land: 0, Labour: 0, Capital: 0, Goods Price: 26.79955716503823
Firm 5: Money: 806.712964426836, Goods: 6, Land: 0, Labour: 0, Capital: 0, Goods Price: 37.05704573410177
Firm 6: Money: 765.749585239198, Goods: 4, Land: 0, Labour: 0, Capital: 0, Goods Price: 13.277236551704526
Firm 7: Money: 326.5395579781105, Goods: 2, Land: 0, Labour: 0, Capital: 0, Goods Price: 33.02919659174505
Firm 8: Money: 397.692360770704, Goods: 2, Land: 0, Labour: 0, Capital: 0, Goods Price: 32.79954198620398
Firm 9: Money: 753.7119022333422, Goods: 3, Land: 0, Labour: 0, Capital: 0, Goods Price: 21.83762274025291
Firm 10: Money: 509.26145472263244, Goods: 1, Land: 0, Labour: 0, Capital: 0, Goods Price: 21.670384725303155
Self.nfirms:  10
[0, 1, 2, 3, 4, 5, 6, 7, 8, 9]
^^^
[0, 1, 2, 3, 5, 6, 7, 8, 9]
^^^
[0, 1, 2, 3, 5, 7, 8, 9]
^^^
sold
[0, 1, 3, 5, 7, 8, 9]
^^^
sold
[0, 1, 3, 5, 8, 9]
^^^
sold
[0, 3, 5, 8, 9]
^^^
[0, 3, 5, 8]
^^^
[0, 5, 8]
^^^
sold
[0, 8]
^^^
[8]
^^^
---
__
[0, 1, 2, 3, 4, 5, 6, 7, 8, 9]
[1, 2, 3, 4, 5, 6, 7, 8, 9]
[1, 3, 4, 5, 6, 7, 8, 9]
[1, 3, 5, 6, 7, 8, 9]
[1, 3, 5, 6, 7, 9]
[1, 3, 6, 7, 9]
[1, 3, 6, 9]
[1, 3, 9]
[1, 3]
[1]
producing
producing
producing
producing
producing
producing
producing
producing
producing
producing
Day 11:
Household 1: Income: 14.94522791288295, Goods: 2, Land: 2689, Labour: 5293, Capital: 5742
Household 2: Income: 50.904549606193335, Goods: 9, Land: 7750, Labour: 7409, Capital: 6492
Household 3: Income: 182.14053033295596, Goods: 9, Land: 9328, Labour: 3129, Capital: 3189
Household 4: Income: 21.932452226601164, Goods: 5, Land: 4236, Labour: 8673, Capital: 1638
Household 5: Income: 54.637713622995186, Goods: 8, Land: 6269, Labour: 9770, Capital: 4059
Household 6: Income: 35.61466022629621, Goods: 8, Land: 4238, Labour: 4278, Capital: 1780
Household 7: Income: 50.86706050210836, Goods: 6, Land: 3458, Labour: 3103, Capital: 7601
Household 8: Income: 120.9706202633714, Goods: 9, Land: 9922, Labour: 6767, Capital: 9394
Household 9: Income: 26.203493784873324, Goods: 6, Land: 1498, Labour: 8452, Capital: 2675
Household 10: Income: 71.72671817892991, Goods: 8, Land: 8503, Labour: 9418, Capital: 7402
Firm 1: Money: 861.7340582785342, Goods: 5, Land: 0, Labour: 0, Capital: 0, Goods Price: 43.704486151212784
Firm 2: Money: 818.5781347220608, Goods: 6, Land: 0, Labour: 0, Capital: 0, Goods Price: 33.81723845395895
Firm 3: Money: 68.05019868308507, Goods: 5, Land: 0, Labour: 0, Capital: 0, Goods Price: 37.98893979992586
Firm 4: Money: 211.7477110369853, Goods: 4, Land: 0, Labour: 0, Capital: 0, Goods Price: 26.79955716503823
Firm 5: Money: 809.0915538392189, Goods: 6, Land: 0, Labour: 0, Capital: 0, Goods Price: 33.8835809120034
Firm 6: Money: 779.8285219000444, Goods: 4, Land: 0, Labour: 0, Capital: 0, Goods Price: 0.43292125251868807
Firm 7: Money: 349.66063599281114, Goods: 2, Land: 0, Labour: 0, Capital: 0, Goods Price: 24.099727178221322
Firm 8: Money: 399.87605799392804, Goods: 2, Land: 0, Labour: 0, Capital: 0, Goods Price: 35.61280918875211
Firm 9: Money: 732.6453359415383, Goods: 4, Land: 0, Labour: 0, Capital: 0, Goods Price: 29.40717611483343
Firm 10: Money: 505.9018100470181, Goods: 2, Land: 0, Labour: 0, Capital: 0, Goods Price: 6.341449680623664
Self.nfirms:  10
[0, 1, 2, 3, 4, 5, 6, 7, 8, 9]
^^^
sold
[0, 1, 2, 3, 5, 6, 7, 8, 9]
^^^
sold
[0, 1, 2, 3, 5, 6, 7, 9]
^^^
sold
[0, 1, 3, 5, 6, 7, 9]
^^^
sold
[0, 1, 3, 5, 6, 7]
^^^
[0, 1, 5, 6, 7]
^^^
sold
[0, 1, 5, 7]
^^^
sold
[0, 1, 7]
^^^
sold
[0, 7]
^^^
[7]
^^^
sold
---
__
[0, 1, 2, 3, 4, 5, 6, 7, 8, 9]
[1, 2, 3, 4, 5, 6, 7, 8, 9]
[1, 2, 3, 4, 5, 7, 8, 9]
[1, 2, 3, 5, 7, 8, 9]
[2, 3, 5, 7, 8, 9]
[2, 3, 7, 8, 9]
[2, 3, 7, 9]
[2, 3, 9]
[2, 3]
[3]
producing
producing
producing
producing
producing
producing
producing
producing
producing
producing
Day 12:
Household 1: Income: 31.262394254821235, Goods: 2, Land: 2688, Labour: 5292, Capital: 5741
Household 2: Income: 41.07348694613804, Goods: 10, Land: 7749, Labour: 7408, Capital: 6491
Household 3: Income: 220.97167230589852, Goods: 10, Land: 9327, Labour: 3128, Capital: 3188
Household 4: Income: 22.321315226955623, Goods: 5, Land: 4235, Labour: 8672, Capital: 1637
Household 5: Income: 55.92942763693313, Goods: 9, Land: 6268, Labour: 9769, Capital: 4058
Household 6: Income: 63.459550001287845, Goods: 9, Land: 4237, Labour: 4277, Capital: 1779
Household 7: Income: 25.23967583697531, Goods: 7, Land: 3457, Labour: 3102, Capital: 7600
Household 8: Income: 98.71848220846003, Goods: 10, Land: 9921, Labour: 6766, Capital: 9393
Household 9: Income: 14.624281461824525, Goods: 7, Land: 1497, Labour: 8451, Capital: 2674
Household 10: Income: 73.52392673541331, Goods: 9, Land: 8502, Labour: 9417, Capital: 7401
Firm 1: Money: 874.6375489440434, Goods: 5, Land: 0, Labour: 0, Capital: 0, Goods Price: 35.532374927289105
Firm 2: Money: 832.6030176643579, Goods: 6, Land: 0, Labour: 0, Capital: 0, Goods Price: 18.658597586721417
Firm 3: Money: 66.25299012660167, Goods: 5, Land: 0, Labour: 0, Capital: 0, Goods Price: 42.72933000714207
Firm 4: Money: 170.61598484893935, Goods: 5, Land: 0, Labour: 0, Capital: 0, Goods Price: 49.42062596490497
Firm 5: Money: 808.2382617217113, Goods: 6, Land: 0, Labour: 0, Capital: 0, Goods Price: 34.99981922716155
Firm 6: Money: 761.3322795144551, Goods: 4, Land: 0, Labour: 0, Capital: 0, Goods Price: 22.56690358477848
Firm 7: Money: 351.7465789894096, Goods: 2, Land: 0, Labour: 0, Capital: 0, Goods Price: 30.21592938919691
Firm 8: Money: 398.8779204303069, Goods: 3, Land: 0, Labour: 0, Capital: 0, Goods Price: 9.09821172073078
Firm 9: Money: 758.8819951699379, Goods: 4, Land: 0, Labour: 0, Capital: 0, Goods Price: 8.729472823383878
Firm 10: Money: 496.7462550679614, Goods: 2, Land: 0, Labour: 0, Capital: 0, Goods Price: 14.437944199169422
Self.nfirms:  10
[0, 1, 2, 3, 4, 5, 6, 7, 8, 9]
^^^
[1, 2, 3, 4, 5, 6, 7, 8, 9]
^^^
sold
[1, 2, 3, 5, 6, 7, 8, 9]
^^^
[1, 2, 3, 5, 6, 7, 8]
^^^
sold
[1, 2, 3, 5, 6, 8]
^^^
[1, 2, 5, 6, 8]
^^^
[1, 2, 5, 6]
^^^
sold
[2, 5, 6]
^^^
[2, 5]
^^^
sold
[2]
^^^
sold
---
__
[0, 1, 2, 3, 4, 5, 6, 7, 8, 9]
[0, 1, 3, 4, 5, 6, 7, 8, 9]
[0, 1, 3, 4, 6, 7, 8, 9]
[0, 1, 3, 4, 7, 8, 9]
[0, 3, 4, 7, 8, 9]
[0, 3, 4, 8, 9]
[0, 3, 4, 9]
[0, 3, 9]
[0, 3]
[3]
producing
producing
producing
producing
producing
producing
producing
producing
producing
producing
Day 13:
Household 1: Income: 31.651257255175693, Goods: 2, Land: 2687, Labour: 5291, Capital: 5740
Household 2: Income: 67.09546558390804, Goods: 11, Land: 7748, Labour: 7407, Capital: 6490
Household 3: Income: 240.20336008672783, Goods: 11, Land: 9326, Labour: 3127, Capital: 3187
Household 4: Income: 34.97515616383266, Goods: 6, Land: 4234, Labour: 8671, Capital: 1636
Household 5: Income: 35.18594418769389, Goods: 10, Land: 6267, Labour: 9768, Capital: 4057
Household 6: Income: 39.81934103765371, Goods: 10, Land: 4236, Labour: 4276, Capital: 1778
Household 7: Income: 26.23781340059635, Goods: 7, Land: 3456, Labour: 3101, Capital: 7599
Household 8: Income: 109.1872755752284, Goods: 11, Land: 9920, Labour: 6765, Capital: 9392
Household 9: Income: 29.457487771459483, Goods: 7, Land: 1496, Labour: 8450, Capital: 2673
Household 10: Income: 54.70007595556415, Goods: 10, Land: 8501, Labour: 9416, Capital: 7400
Firm 1: Money: 840.788129042013, Goods: 6, Land: 0, Labour: 0, Capital: 0, Goods Price: 42.74173068231939
Firm 2: Money: 830.9035834436208, Goods: 6, Land: 0, Labour: 0, Capital: 0, Goods Price: 18.658597586721417
Firm 3: Money: 73.85878923420381, Goods: 5, Land: 0, Labour: 0, Capital: 0, Goods Price: 38.953307335700536
Firm 4: Money: 152.10532746076012, Goods: 6, Land: 0, Labour: 0, Capital: 0, Goods Price: 26.79955716503823
Firm 5: Money: 815.0509477202679, Goods: 6, Land: 0, Labour: 0, Capital: 0, Goods Price: 29.91544227708292
Firm 6: Money: 751.6104161314379, Goods: 5, Land: 0, Labour: 0, Capital: 0, Goods Price: 14.997350210197961
Firm 7: Money: 372.05438980156214, Goods: 2, Land: 0, Labour: 0, Capital: 0, Goods Price: 24.099727178221322
Firm 8: Money: 411.7753282779034, Goods: 3, Land: 0, Labour: 0, Capital: 0, Goods Price: 9.09821172073078
Firm 9: Money: 764.1194952616297, Goods: 4, Land: 0, Labour: 0, Capital: 0, Goods Price: 8.729472823383878
Firm 10: Money: 486.2774617011931, Goods: 2, Land: 0, Labour: 0, Capital: 0, Goods Price: 23.727611232243373
Self.nfirms:  10
[0, 1, 2, 3, 4, 5, 6, 7, 8, 9]
^^^
[0, 1, 2, 3, 5, 6, 7, 8, 9]
^^^
sold
[0, 1, 2, 3, 5, 6, 7, 8]
^^^
sold
[0, 2, 3, 5, 6, 7, 8]
^^^
sold
[0, 2, 3, 6, 7, 8]
^^^
[0, 2, 3, 6, 7]
^^^
[2, 3, 6, 7]
^^^
[2, 3, 7]
^^^
sold
[3, 7]
^^^
[7]
^^^
sold
---
__
[0, 1, 2, 3, 4, 5, 6, 7, 8, 9]
[0, 1, 2, 3, 4, 5, 6, 7, 9]
[0, 1, 2, 3, 4, 5, 6, 7]
[0, 1, 2, 3, 5, 6, 7]
[0, 1, 2, 5, 6, 7]
[1, 2, 5, 6, 7]
[1, 2, 6, 7]
[1, 2, 6]
[1, 6]
[1]
producing
producing
producing
producing
producing
producing
producing
producing
producing
producing
Day 14:
Household 1: Income: -5.530535113656259, Goods: 3, Land: 2686, Labour: 5290, Capital: 5739
Household 2: Income: 78.99346506422044, Goods: 12, Land: 7747, Labour: 7406, Capital: 6489
Household 3: Income: 266.7173541535726, Goods: 12, Land: 9325, Labour: 3126, Capital: 3186
Household 4: Income: 8.035752873306855, Goods: 7, Land: 4233, Labour: 8670, Capital: 1635
Household 5: Income: 57.251591023462574, Goods: 10, Land: 6266, Labour: 9767, Capital: 4056
Household 6: Income: 43.47879717047556, Goods: 11, Land: 4235, Labour: 4275, Capital: 1777
Household 7: Income: 31.559720517225067, Goods: 8, Land: 3455, Labour: 3100, Capital: 7598
Household 8: Income: 132.56047422531478, Goods: 12, Land: 9919, Labour: 6764, Capital: 9391
Household 9: Income: 59.21318132214187, Goods: 7, Land: 1495, Labour: 8449, Capital: 2672
Household 10: Income: 51.330524650952725, Goods: 11, Land: 8500, Labour: 9415, Capital: 7399
Firm 1: Money: 806.5785115204324, Goods: 7, Land: 0, Labour: 0, Capital: 0, Goods Price: 43.10192830186962
Firm 2: Money: 815.7656220141397, Goods: 6, Land: 0, Labour: 0, Capital: 0, Goods Price: 32.09712479546552
Firm 3: Money: 43.17481504016216, Goods: 6, Land: 0, Labour: 0, Capital: 0, Goods Price: 37.98893979992586
Firm 4: Money: 141.27264923885437, Goods: 6, Land: 0, Labour: 0, Capital: 0, Goods Price: 49.42062596490497
Firm 5: Money: 821.268738083905, Goods: 6, Land: 0, Labour: 0, Capital: 0, Goods Price: 29.48749235952126
Firm 6: Money: 767.2894005775943, Goods: 5, Land: 0, Labour: 0, Capital: 0, Goods Price: 0.43292125251868807
Firm 7: Money: 372.4507232635045, Goods: 2, Land: 0, Labour: 0, Capital: 0, Goods Price: 31.332167704355054
Firm 8: Money: 416.7722927036755, Goods: 3, Land: 0, Labour: 0, Capital: 0, Goods Price: 9.09821172073078
Firm 9: Money: 750.5940826601566, Goods: 4, Land: 0, Labour: 0, Capital: 0, Goods Price: 26.233711292735062
Firm 10: Money: 508.2798841029917, Goods: 2, Land: 0, Labour: 0, Capital: 0, Goods Price: 6.341449680623664
Self.nfirms:  10
[0, 1, 2, 3, 4, 5, 6, 7, 8, 9]
^^^
sold
[0, 1, 2, 3, 4, 5, 6, 7, 8]
^^^
[0, 1, 2, 4, 5, 6, 7, 8]
^^^
sold
[0, 1, 2, 4, 5, 6, 7]
^^^
sold
[0, 1, 2, 5, 6, 7]
^^^
[1, 2, 5, 6, 7]
^^^
sold
[1, 2, 5, 6]
^^^
sold
[1, 2, 6]
^^^
sold
[1, 6]
^^^
sold
[1]
^^^
sold
---
__
[0, 1, 2, 3, 4, 5, 6, 7, 8, 9]
[0, 1, 2, 3, 4, 5, 6, 8, 9]
[1, 2, 3, 4, 5, 6, 8, 9]
[1, 2, 3, 4, 5, 6, 9]
[1, 2, 4, 5, 6, 9]
[1, 2, 4, 6, 9]
[1, 2, 4, 9]
[1, 2, 9]
[2, 9]
[2]
producing
producing
producing
producing
producing
producing
producing
producing
producing
producing
Day 15:
Household 1: Income: -2.1708904380418614, Goods: 3, Land: 2685, Labour: 5289, Capital: 5738
Household 2: Income: 57.37541665974727, Goods: 13, Land: 7746, Labour: 7405, Capital: 6488
Household 3: Income: 277.8553005119211, Goods: 13, Land: 9324, Labour: 3125, Capital: 3185
Household 4: Income: 3.193187298644813, Goods: 7, Land: 4232, Labour: 8669, Capital: 1634
Household 5: Income: 93.05843898564196, Goods: 11, Land: 6265, Labour: 9766, Capital: 4055
Household 6: Income: 69.94070276327062, Goods: 12, Land: 4234, Labour: 4274, Capital: 1776
Household 7: Income: 21.78261597771411, Goods: 9, Land: 3454, Labour: 3099, Capital: 7597
Household 8: Income: 169.42531646715113, Goods: 13, Land: 9918, Labour: 6763, Capital: 9390
Household 9: Income: 53.10038267619542, Goods: 8, Land: 1494, Labour: 8448, Capital: 2671
Household 10: Income: 14.56818493500452, Goods: 12, Land: 8499, Labour: 9414, Capital: 7398
Firm 1: Money: 781.6585610319256, Goods: 8, Land: 0, Labour: 0, Capital: 0, Goods Price: 33.81226126879567
Firm 2: Money: 807.7530105648367, Goods: 6, Land: 0, Labour: 0, Capital: 0, Goods Price: 41.386791828539465
Firm 3: Money: 44.03739083996217, Goods: 6, Land: 0, Labour: 0, Capital: 0, Goods Price: 40.069545650858686
Firm 4: Money: 153.66779503940614, Goods: 6, Land: 0, Labour: 0, Capital: 0, Goods Price: 42.21127020987468
Firm 5: Money: 814.6437843717836, Goods: 6, Land: 0, Labour: 0, Capital: 0, Goods Price: 36.69684811455154
Firm 6: Money: 769.0896982350515, Goods: 5, Land: 0, Labour: 0, Capital: 0, Goods Price: 0.43292125251868807
Firm 7: Money: 375.5859071346782, Goods: 3, Land: 0, Labour: 0, Capital: 0, Goods Price: 6.131336997412615
Firm 8: Money: 399.5332897148018, Goods: 3, Land: 0, Labour: 0, Capital: 0, Goods Price: 32.79954198620398
Firm 9: Money: 755.8581945534405, Goods: 4, Land: 0, Labour: 0, Capital: 0, Goods Price: 25.269343756960385
Firm 10: Money: 507.10075776929733, Goods: 2, Land: 0, Labour: 0, Capital: 0, Goods Price: 6.341449680623664
Self.nfirms:  10
[0, 1, 2, 3, 4, 5, 6, 7, 8, 9]
^^^
sold
[0, 1, 2, 3, 4, 6, 7, 8, 9]
^^^
sold
[0, 2, 3, 4, 6, 7, 8, 9]
^^^
[0, 2, 3, 4, 6, 7, 8]
^^^
sold
[0, 3, 4, 6, 7, 8]
^^^
sold
[0, 3, 4, 6, 8]
^^^
[0, 3, 4, 8]
^^^
[0, 4, 8]
^^^
sold
[0, 4]
^^^
sold
[0]
^^^
---
__
[0, 1, 2, 3, 4, 5, 6, 7, 8, 9]
[0, 1, 2, 3, 4, 5, 6, 8, 9]
[0, 1, 2, 3, 4, 5, 6, 9]
[0, 1, 2, 3, 4, 6, 9]
[0, 1, 2, 3, 4, 6]
[0, 1, 2, 3, 4]
[0, 1, 2, 4]
[1, 2, 4]
[1, 2]
[2]
producing
producing
producing
producing
producing
producing
producing
producing
producing
producing
Day 16:
Household 1: Income: 16.33976695013736, Goods: 3, Land: 2684, Labour: 5288, Capital: 5737
Household 2: Income: 41.79693634038024, Goods: 14, Land: 7745, Labour: 7404, Capital: 6487
Household 3: Income: 267.19763079920904, Goods: 14, Land: 9323, Labour: 3124, Capital: 3184
Household 4: Income: 30.261201363206617, Goods: 7, Land: 4231, Labour: 8668, Capital: 1633
Household 5: Income: 109.09087087824685, Goods: 12, Land: 6264, Labour: 9765, Capital: 4054
Household 6: Income: 87.69884835939048, Goods: 13, Land: 4233, Labour: 4273, Capital: 1775
Household 7: Income: 51.33577342495458, Goods: 9, Land: 3453, Labour: 3098, Capital: 7596
Household 8: Income: 178.8193471208155, Goods: 14, Land: 9917, Labour: 6762, Capital: 9389
Household 9: Income: 43.00004974149698, Goods: 9, Land: 1493, Labour: 8447, Capital: 2670
Household 10: Income: 36.23730907615169, Goods: 12, Land: 8498, Labour: 9413, Capital: 7397
Firm 1: Money: 784.2418768974557, Goods: 8, Land: 0, Labour: 0, Capital: 0, Goods Price: 35.96032484485077
Firm 2: Money: 768.7076499810805, Goods: 7, Land: 0, Labour: 0, Capital: 0, Goods Price: 41.386791828539465
Firm 3: Money: 18.505251321121442, Goods: 7, Land: 0, Labour: 0, Capital: 0, Goods Price: 32.83710512472495
Firm 4: Money: 173.32754239558133, Goods: 6, Land: 0, Labour: 0, Capital: 0, Goods Price: 26.79955716503823
Firm 5: Money: 820.7230993780823, Goods: 6, Land: 0, Labour: 0, Capital: 0, Goods Price: 32.91921337622873
Firm 6: Money: 753.7669206715606, Goods: 5, Land: 0, Labour: 0, Capital: 0, Goods Price: 19.393438762680113
Firm 7: Money: 361.68873499423887, Goods: 3, Land: 0, Labour: 0, Capital: 0, Goods Price: 25.819840836714757
Firm 8: Money: 401.71698693802585, Goods: 3, Land: 0, Labour: 0, Capital: 0, Goods Price: 35.61280918875211
Firm 9: Money: 734.1890704122934, Goods: 5, Land: 0, Labour: 0, Capital: 0, Goods Price: 30.009733964176593
Firm 10: Money: 488.4121780490034, Goods: 3, Land: 0, Labour: 0, Capital: 0, Goods Price: 21.670384725303155
Self.nfirms:  10
[0, 1, 2, 3, 4, 5, 6, 7, 8, 9]
^^^
sold
[0, 1, 2, 3, 5, 6, 7, 8, 9]
^^^
sold
[0, 1, 2, 3, 5, 6, 7, 9]
^^^
[1, 2, 3, 5, 6, 7, 9]
^^^
sold
[1, 2, 3, 5, 6, 9]
^^^
[1, 2, 5, 6, 9]
^^^
[1, 2, 5, 9]
^^^
[1, 2, 5]
^^^
sold
[1, 5]
^^^
sold
[5]
^^^
sold
---
__
[0, 1, 2, 3, 4, 5, 6, 7, 8, 9]
[0, 1, 3, 4, 5, 6, 7, 8, 9]
[0, 1, 3, 4, 5, 6, 8, 9]
[0, 3, 4, 5, 6, 8, 9]
[0, 4, 5, 6, 8, 9]
[0, 4, 6, 8, 9]
[0, 4, 6, 8]
[0, 6, 8]
[0, 6]
[6]
producing
producing
producing
producing
producing
producing
producing
producing
producing
producing
Day 17:
Household 1: Income: 34.850424338316586, Goods: 3, Land: 2683, Labour: 5287, Capital: 5736
Household 2: Income: 46.45601582964824, Goods: 15, Land: 7744, Labour: 7403, Capital: 6486
Household 3: Income: 261.6143709082366, Goods: 15, Land: 9322, Labour: 3123, Capital: 3183
Household 4: Income: 57.32921542776842, Goods: 7, Land: 4230, Labour: 8667, Capital: 1632
Household 5: Income: 127.8838093994834, Goods: 13, Land: 6263, Labour: 9764, Capital: 4053
Household 6: Income: 80.62852357238405, Goods: 14, Land: 4232, Labour: 4272, Capital: 1774
Household 7: Income: 21.58898241927033, Goods: 10, Land: 3452, Labour: 3097, Capital: 7595
Household 8: Income: 171.2097396265983, Goods: 15, Land: 9916, Labour: 6761, Capital: 9388
Household 9: Income: 41.66619100951067, Goods: 10, Land: 1492, Labour: 8446, Capital: 2669
Household 10: Income: 13.721140803853656, Goods: 13, Land: 8497, Labour: 9412, Capital: 7396
Firm 1: Money: 791.4964407972343, Goods: 8, Land: 0, Labour: 0, Capital: 0, Goods Price: 35.96032484485077
Firm 2: Money: 731.7195159042644, Goods: 8, Land: 0, Labour: 0, Capital: 0, Goods Price: 39.32956532159925
Firm 3: Money: 19.92917192980854, Goods: 7, Land: 0, Labour: 0, Capital: 0, Goods Price: 34.55721878321838
Firm 4: Money: 180.55206651142797, Goods: 6, Land: 0, Labour: 0, Capital: 0, Goods Price: 26.79955716503823
Firm 5: Money: 796.3217766060427, Goods: 7, Land: 0, Labour: 0, Capital: 0, Goods Price: 27.767378701027823
Firm 6: Money: 752.1632750959621, Goods: 5, Land: 0, Labour: 0, Capital: 0, Goods Price: 23.169461434121647
Firm 7: Money: 371.4842550429337, Goods: 3, Land: 0, Labour: 0, Capital: 0, Goods Price: 30.21592938919691
Firm 8: Money: 441.1289922536437, Goods: 3, Land: 0, Labour: 0, Capital: 0, Goods Price: 9.09821172073078
Firm 9: Money: 739.0913726191458, Goods: 5, Land: 0, Labour: 0, Capital: 0, Goods Price: 29.40717611483343
Firm 10: Money: 486.22176499689897, Goods: 3, Land: 0, Labour: 0, Capital: 0, Goods Price: 23.36741361269315
Self.nfirms:  10
[0, 1, 2, 3, 4, 5, 6, 7, 8, 9]
^^^
[0, 1, 2, 3, 4, 5, 7, 8, 9]
^^^
sold
[0, 1, 2, 3, 4, 5, 8, 9]
^^^
[0, 1, 2, 3, 4, 5, 8]
^^^
sold
[0, 1, 3, 4, 5, 8]
^^^
sold
[0, 3, 4, 5, 8]
^^^
sold
[0, 3, 4, 5]
^^^
sold
[0, 4, 5]
^^^
sold
[0, 5]
^^^
[5]
^^^
sold
---
__
[0, 1, 2, 3, 4, 5, 6, 7, 8, 9]
[0, 1, 2, 3, 5, 6, 7, 8, 9]
[0, 2, 3, 5, 6, 7, 8, 9]
[0, 2, 3, 5, 6, 7, 8]
[0, 2, 3, 5, 6, 7]
[0, 2, 5, 6, 7]
[0, 2, 5, 7]
[2, 5, 7]
[2, 7]
[7]
producing
producing
producing
producing
producing
producing
producing
producing
producing
producing
Day 18:
Household 1: Income: 0.7075447801501893, Goods: 4, Land: 2682, Labour: 5286, Capital: 5735
Household 2: Income: 64.51017093379048, Goods: 16, Land: 7743, Labour: 7402, Capital: 6485
Household 3: Income: 251.80438626279226, Goods: 16, Land: 9321, Labour: 3122, Capital: 3182
Household 4: Income: 18.30672186128634, Goods: 8, Land: 4229, Labour: 8666, Capital: 1631
Household 5: Income: 140.9493665687701, Goods: 14, Land: 6262, Labour: 9763, Capital: 4052
Household 6: Income: 71.0522117199948, Goods: 15, Land: 4231, Labour: 4271, Capital: 1773
Household 7: Income: 51.1421398665108, Goods: 10, Land: 3451, Labour: 3096, Capital: 7594
Household 8: Income: 187.61647438402008, Goods: 16, Land: 9915, Labour: 6760, Capital: 9387
Household 9: Income: 38.24334104419631, Goods: 11, Land: 1491, Labour: 8445, Capital: 2668
Household 10: Income: 49.145505205111505, Goods: 13, Land: 8496, Labour: 9411, Capital: 7395
Firm 1: Money: 800.7564183005476, Goods: 8, Land: 0, Labour: 0, Capital: 0, Goods Price: 33.81226126879567
Firm 2: Money: 692.6741553205082, Goods: 9, Land: 0, Labour: 0, Capital: 0, Goods Price: 41.386791828539465
Firm 3: Money: 15.021160846248797, Goods: 7, Land: 0, Labour: 0, Capital: 0, Goods Price: 42.72933000714207
Firm 4: Money: 164.8722333522647, Goods: 6, Land: 0, Labour: 0, Capital: 0, Goods Price: 46.60735876235683
Firm 5: Money: 792.8982509793199, Goods: 7, Land: 0, Labour: 0, Capital: 0, Goods Price: 32.91921337622873
Firm 6: Money: 757.0058406706243, Goods: 6, Land: 0, Labour: 0, Capital: 0, Goods Price: 0.43292125251868807
Firm 7: Money: 390.0719521965928, Goods: 3, Land: 0, Labour: 0, Capital: 0, Goods Price: 25.819840836714757
Firm 8: Money: 445.7538772410297, Goods: 3, Land: 0, Labour: 0, Capital: 0, Goods Price: 9.09821172073078
Firm 9: Money: 746.7278044007131, Goods: 5, Land: 0, Labour: 0, Capital: 0, Goods Price: 29.046978495283202
Firm 10: Money: 487.7974891579606, Goods: 3, Land: 0, Labour: 0, Capital: 0, Goods Price: 21.670384725303155
Self.nfirms:  10
[0, 1, 2, 3, 4, 5, 6, 7, 8, 9]
^^^
sold
[0, 1, 2, 3, 4, 5, 6, 8, 9]
^^^
[0, 1, 2, 3, 4, 5, 6, 9]
^^^
sold
[0, 2, 3, 4, 5, 6, 9]
^^^
sold
[0, 2, 3, 4, 6, 9]
^^^
sold
[0, 3, 4, 6, 9]
^^^
[0, 4, 6, 9]
^^^
[0, 4, 9]
^^^
sold
[0, 4]
^^^
[4]
^^^
sold
---
__
[0, 1, 2, 3, 4, 5, 6, 7, 8, 9]
[0, 1, 2, 3, 4, 5, 6, 7, 9]
[0, 2, 3, 4, 5, 6, 7, 9]
[2, 3, 4, 5, 6, 7, 9]
[3, 4, 5, 6, 7, 9]
[4, 5, 6, 7, 9]
[4, 5, 6, 9]
[4, 6, 9]
[4, 9]
[4]
producing
producing
producing
producing
producing
producing
producing
producing
producing
producing
Day 19:
Household 1: Income: 4.067189455764587, Goods: 4, Land: 2681, Labour: 5285, Capital: 5734
Household 2: Income: 56.45940363955048, Goods: 17, Land: 7742, Labour: 7401, Capital: 6484
Household 3: Income: 263.87483079362823, Goods: 17, Land: 9320, Labour: 3121, Capital: 3181
Household 4: Income: 36.81737924946557, Goods: 8, Land: 4228, Labour: 8665, Capital: 1630
Household 5: Income: 166.0572813217437, Goods: 15, Land: 6261, Labour: 9762, Capital: 4051
Household 6: Income: 82.49538108437764, Goods: 16, Land: 4230, Labour: 4270, Capital: 1772
Household 7: Income: 50.400178855017884, Goods: 11, Land: 3450, Labour: 3095, Capital: 7593
Household 8: Income: 193.67999889840974, Goods: 17, Land: 9914, Labour: 6759, Capital: 9386
Household 9: Income: 56.82660666231496, Goods: 11, Land: 1490, Labour: 8444, Capital: 2667
Household 10: Income: 53.98857554592392, Goods: 14, Land: 8495, Labour: 9410, Capital: 7394
Firm 1: Money: 796.3574757121614, Goods: 8, Land: 0, Labour: 0, Capital: 0, Goods Price: 42.74173068231939
Firm 2: Money: 661.1983481113324, Goods: 10, Land: 0, Labour: 0, Capital: 0, Goods Price: 33.81723845395895
Firm 3: Money: -19.800645705665886, Goods: 8, Land: 0, Labour: 0, Capital: 0, Goods Price: 42.126772157798904
Firm 4: Money: 146.36157596408546, Goods: 7, Land: 0, Labour: 0, Capital: 0, Goods Price: 26.79955716503823
Firm 5: Money: 787.3629853623883, Goods: 7, Land: 0, Labour: 0, Capital: 0, Goods Price: 37.659603583444934
Firm 6: Money: 740.8099883536946, Goods: 6, Land: 0, Labour: 0, Capital: 0, Goods Price: 18.429071226905435
Firm 7: Money: 389.7852807320185, Goods: 3, Land: 0, Labour: 0, Capital: 0, Goods Price: 31.332167704355054
Firm 8: Money: 441.0661570341286, Goods: 3, Land: 0, Labour: 0, Capital: 0, Goods Price: 26.68333977522839
Firm 9: Money: 754.7785716949531, Goods: 5, Land: 0, Labour: 0, Capital: 0, Goods Price: 26.233711292735062
Firm 10: Money: 504.4704823271393, Goods: 3, Land: 0, Labour: 0, Capital: 0, Goods Price: 6.341449680623664
Self.nfirms:  10
[0, 1, 2, 3, 4, 5, 6, 7, 8, 9]
^^^
sold
[0, 1, 2, 3, 4, 6, 7, 8, 9]
^^^
[1, 2, 3, 4, 6, 7, 8, 9]
^^^
sold
[1, 2, 3, 6, 7, 8, 9]
^^^
sold
[1, 2, 3, 6, 8, 9]
^^^
[1, 2, 6, 8, 9]
^^^
sold
[2, 6, 8, 9]
^^^
sold
[2, 8, 9]
^^^
sold
[8, 9]
^^^
[8]
^^^
sold
---
__
[0, 1, 2, 3, 4, 5, 6, 7, 8, 9]
[0, 1, 2, 3, 4, 5, 7, 8, 9]
[0, 1, 2, 3, 4, 5, 8, 9]
[0, 1, 3, 4, 5, 8, 9]
[1, 3, 4, 5, 8, 9]
[1, 3, 4, 5, 8]
[1, 3, 5, 8]
[1, 3, 5]
[1, 3]
[3]
producing
producing
producing
producing
producing
producing
producing
producing
producing
producing
Day 20:
Household 1: Income: 4.456052456119044, Goods: 4, Land: 2680, Labour: 5284, Capital: 5733
Household 2: Income: 39.47525119257885, Goods: 18, Land: 7741, Labour: 7400, Capital: 6483
Household 3: Income: 259.63834400338004, Goods: 18, Land: 9319, Labour: 3120, Capital: 3180
Household 4: Income: 26.134393735032276, Goods: 9, Land: 4227, Labour: 8664, Capital: 1629
Household 5: Income: 175.18843686392833, Goods: 16, Land: 6260, Labour: 9761, Capital: 4050
Household 6: Income: 111.71404871727982, Goods: 17, Land: 4229, Labour: 4269, Capital: 1771
Household 7: Income: 65.43673570823344, Goods: 12, Land: 3449, Labour: 3094, Capital: 7592
Household 8: Income: 179.22207289750295, Goods: 18, Land: 9913, Labour: 6758, Capital: 9385
Household 9: Income: 49.79090816621759, Goods: 12, Land: 1489, Labour: 8443, Capital: 2666
Household 10: Income: 41.58350218672463, Goods: 15, Land: 8494, Labour: 9409, Capital: 7393
Firm 1: Money: 801.0888551537467, Goods: 8, Land: 0, Labour: 0, Capital: 0, Goods Price: 42.74173068231939
Firm 2: Money: 661.4425858970443, Goods: 10, Land: 0, Labour: 0, Capital: 0, Goods Price: 39.32956532159925
Firm 3: Money: -12.398713207428901, Goods: 8, Land: 0, Labour: 0, Capital: 0, Goods Price: 37.98893979992586
Firm 4: Money: 142.73825349721002, Goods: 7, Land: 0, Labour: 0, Capital: 0, Goods Price: 42.21127020987468
Firm 5: Money: 795.3700928664008, Goods: 7, Land: 0, Labour: 0, Capital: 0, Goods Price: 29.91544227708292
Firm 6: Money: 738.5634310875797, Goods: 6, Land: 0, Labour: 0, Capital: 0, Goods Price: 23.169461434121647
Firm 7: Money: 393.51938592394094, Goods: 3, Land: 0, Labour: 0, Capital: 0, Goods Price: 33.38939421129528
Firm 8: Money: 448.10185553022586, Goods: 3, Land: 0, Labour: 0, Capital: 0, Goods Price: 26.68333977522839
Firm 9: Money: 754.3897086945987, Goods: 6, Land: 0, Labour: 0, Capital: 0, Goods Price: 8.729472823383878
Firm 10: Money: 491.6018437221171, Goods: 3, Land: 0, Labour: 0, Capital: 0, Goods Price: 20.554146410145005
Self.nfirms:  10
[0, 1, 2, 3, 4, 5, 6, 7, 8, 9]
^^^
sold
[0, 1, 2, 3, 4, 5, 6, 8, 9]
^^^
sold
[0, 1, 3, 4, 5, 6, 8, 9]
^^^
sold
[0, 1, 3, 4, 5, 8, 9]
^^^
[0, 3, 4, 5, 8, 9]
^^^
[3, 4, 5, 8, 9]
^^^
sold
[3, 4, 5, 9]
^^^
sold
[3, 4, 9]
^^^
[3, 4]
^^^
[4]
^^^
sold
---
__
[0, 1, 2, 3, 4, 5, 6, 7, 8, 9]
[1, 2, 3, 4, 5, 6, 7, 8, 9]
[1, 2, 3, 4, 5, 6, 8, 9]
[1, 2, 3, 4, 5, 8, 9]
[1, 3, 4, 5, 8, 9]
[1, 3, 4, 5, 9]
[1, 3, 4, 5]
[1, 4, 5]
[1, 4]
[1]
producing
producing
producing
producing
producing
producing
producing
producing
producing
producing
Day 21:
Household 1: Income: 5.45419001974009, Goods: 4, Land: 2679, Labour: 5283, Capital: 5732
Household 2: Income: 75.34714695423683, Goods: 18, Land: 7740, Labour: 7399, Capital: 6482
Household 3: Income: 276.45585524431857, Goods: 19, Land: 9318, Labour: 3119, Capital: 3179
Household 4: Income: 32.60583994926663, Goods: 10, Land: 4226, Labour: 8663, Capital: 1628
Household 5: Income: 170.49094364660277, Goods: 17, Land: 6259, Labour: 9760, Capital: 4049
Household 6: Income: 102.00291994486429, Goods: 18, Land: 4228, Labour: 4268, Capital: 1770
Household 7: Income: 61.977662094122095, Goods: 13, Land: 3448, Labour: 3093, Capital: 7591
Household 8: Income: 170.73941625214547, Goods: 19, Land: 9912, Labour: 6757, Capital: 9384
Household 9: Income: 16.11530286943436, Goods: 13, Land: 1488, Labour: 8442, Capital: 2665
Household 10: Income: -4.296380414617366, Goods: 16, Land: 8493, Labour: 9408, Capital: 7392
Firm 1: Money: 816.1261460280537, Goods: 8, Land: 0, Labour: 0, Capital: 0, Goods Price: 35.532374927289105
Firm 2: Money: 668.3153888655547, Goods: 10, Land: 0, Labour: 0, Capital: 0, Goods Price: 38.2133270064411
Firm 3: Money: 6.019924249255713, Goods: 8, Land: 0, Labour: 0, Capital: 0, Goods Price: 25.237521068615287
Firm 4: Money: 124.2275961090308, Goods: 8, Land: 0, Labour: 0, Capital: 0, Goods Price: 26.79955716503823
Firm 5: Money: 762.0393006808375, Goods: 8, Land: 0, Labour: 0, Capital: 0, Goods Price: 36.69684811455154
Firm 6: Money: 750.9494889110981, Goods: 6, Land: 0, Labour: 0, Capital: 0, Goods Price: 13.277236551704526
Firm 7: Money: 425.88303266770623, Goods: 3, Land: 0, Labour: 0, Capital: 0, Goods Price: 6.131336997412615
Firm 8: Money: 470.3118685721095, Goods: 3, Land: 0, Labour: 0, Capital: 0, Goods Price: 9.09821172073078
Firm 9: Money: 748.9220840091645, Goods: 6, Land: 0, Labour: 0, Capital: 0, Goods Price: 25.269343756960385
Firm 10: Money: 487.3693184395078, Goods: 3, Land: 0, Labour: 0, Capital: 0, Goods Price: 23.727611232243373
Self.nfirms:  10
[0, 1, 2, 3, 4, 5, 6, 7, 8, 9]
^^^
[0, 1, 2, 3, 4, 5, 6, 7, 8]
^^^
sold
[0, 1, 2, 3, 4, 5, 6, 8]
^^^
[1, 2, 3, 4, 5, 6, 8]
^^^
[1, 2, 3, 4, 5, 8]
^^^
[1, 2, 3, 4, 5]
^^^
sold
[1, 2, 3, 4]
^^^
[1, 2, 4]
^^^
sold
[1, 2]
^^^
sold
[2]
^^^
sold
---
__
[0, 1, 2, 3, 4, 5, 6, 7, 8, 9]
[0, 1, 2, 3, 4, 5, 7, 8, 9]
[0, 1, 2, 3, 4, 7, 8, 9]
[0, 1, 2, 3, 4, 8, 9]
[0, 1, 2, 3, 8, 9]
[0, 2, 3, 8, 9]
[0, 2, 3, 8]
[0, 2, 8]
[0, 2]
[2]
producing
producing
producing
producing
producing
producing
producing
producing
producing
producing
Day 22:
Household 1: Income: 8.813834695354487, Goods: 4, Land: 2678, Labour: 5282, Capital: 5731
Household 2: Income: 85.75879815281331, Goods: 19, Land: 7739, Labour: 7398, Capital: 6481
Household 3: Income: 287.0279557303639, Goods: 20, Land: 9317, Labour: 3118, Capital: 3178
Household 4: Income: 23.11551715537263, Goods: 11, Land: 4225, Labour: 8662, Capital: 1627
Household 5: Income: 159.3349315375435, Goods: 18, Land: 6258, Labour: 9759, Capital: 4048
Household 6: Income: 121.79470828197785, Goods: 19, Land: 4227, Labour: 4267, Capital: 1769
Household 7: Income: 64.07482176384364, Goods: 14, Land: 3447, Labour: 3092, Capital: 7590
Household 8: Income: 164.5599532356007, Goods: 20, Land: 9911, Labour: 6756, Capital: 9383
Household 9: Income: 45.87099642011675, Goods: 13, Land: 1487, Labour: 8441, Capital: 2664
Household 10: Income: 17.372743726529805, Goods: 16, Land: 8492, Labour: 9407, Capital: 7391
Firm 1: Money: 785.0899933285714, Goods: 9, Land: 0, Labour: 0, Capital: 0, Goods Price: 39.92846347977125
Firm 2: Money: 672.6120909826099, Goods: 10, Land: 0, Labour: 0, Capital: 0, Goods Price: 32.09712479546552
Firm 3: Money: -21.232328928078452, Goods: 9, Land: 0, Labour: 0, Capital: 0, Goods Price: 34.55721878321838
Firm 4: Money: 128.47563042036953, Goods: 8, Land: 0, Labour: 0, Capital: 0, Goods Price: 26.79955716503823
Firm 5: Money: 761.9301674401022, Goods: 8, Land: 0, Labour: 0, Capital: 0, Goods Price: 36.69684811455154
Firm 6: Money: 737.7959045113734, Goods: 7, Land: 0, Labour: 0, Capital: 0, Goods Price: 18.429071226905435
Firm 7: Money: 414.8738105619406, Goods: 3, Land: 0, Labour: 0, Capital: 0, Goods Price: 31.332167704355054
Firm 8: Money: 449.8994007611375, Goods: 3, Land: 0, Labour: 0, Capital: 0, Goods Price: 35.973006808302344
Firm 9: Money: 755.2539400500906, Goods: 6, Land: 0, Labour: 0, Capital: 0, Goods Price: 30.009733964176593
Firm 10: Money: 504.6341752647993, Goods: 3, Land: 0, Labour: 0, Capital: 0, Goods Price: 6.341449680623664
Self.nfirms:  10
[0, 1, 2, 3, 4, 5, 6, 7, 8, 9]
^^^
sold
[0, 1, 2, 3, 5, 6, 7, 8, 9]
^^^
[0, 1, 2, 3, 5, 7, 8, 9]
^^^
sold
[0, 1, 3, 5, 7, 8, 9]
^^^
sold
[0, 1, 3, 5, 8, 9]
^^^
sold
[0, 3, 5, 8, 9]
^^^
[0, 3, 5, 8]
^^^
sold
[0, 3, 8]
^^^
[0, 8]
^^^
[8]
^^^
sold
---
__
[0, 1, 2, 3, 4, 5, 6, 7, 8, 9]
[1, 2, 3, 4, 5, 6, 7, 8, 9]
[1, 2, 3, 4, 5, 7, 8, 9]
[2, 3, 4, 5, 7, 8, 9]
[3, 4, 5, 7, 8, 9]
[3, 4, 5, 7, 8]
[3, 4, 7, 8]
[3, 4, 8]
[3, 8]
[8]
producing
producing
producing
producing
producing
producing
producing
producing
producing
producing
Day 23:
Household 1: Income: 9.202697695708945, Goods: 4, Land: 2677, Labour: 5281, Capital: 5730
Household 2: Income: 89.36969890298943, Goods: 20, Land: 7738, Labour: 7397, Capital: 6480
Household 3: Income: 300.1034225884646, Goods: 21, Land: 9316, Labour: 3117, Capital: 3177
Household 4: Income: 24.113654718993672, Goods: 11, Land: 4224, Labour: 8661, Capital: 1626
Household 5: Income: 142.07130414962228, Goods: 19, Land: 6257, Labour: 9758, Capital: 4047
Household 6: Income: 120.35104358844545, Goods: 20, Land: 4226, Labour: 4266, Capital: 1768
Household 7: Income: 86.78289043209207, Goods: 15, Land: 3446, Labour: 3091, Capital: 7589
Household 8: Income: 184.50143086897958, Goods: 21, Land: 9910, Labour: 6755, Capital: 9382
Household 9: Income: 27.05934357093421, Goods: 14, Land: 1486, Labour: 8440, Capital: 2663
Household 10: Income: 14.237559855356057, Goods: 16, Land: 8491, Labour: 9406, Capital: 7390
Firm 1: Money: 750.8803758069907, Goods: 10, Land: 0, Labour: 0, Capital: 0, Goods Price: 43.10192830186962
Firm 2: Money: 669.1925431033792, Goods: 10, Land: 0, Labour: 0, Capital: 0, Goods Price: 33.81723845395895
Firm 3: Money: -18.99683121941189, Goods: 9, Land: 0, Labour: 0, Capital: 0, Goods Price: 37.98893979992586
Firm 4: Money: 87.34390423232358, Goods: 9, Land: 0, Labour: 0, Capital: 0, Goods Price: 49.42062596490497
Firm 5: Money: 731.412642457087, Goods: 9, Land: 0, Labour: 0, Capital: 0, Goods Price: 33.8835809120034
Firm 6: Money: 736.8298541489177, Goods: 7, Land: 0, Labour: 0, Capital: 0, Goods Price: 20.50967707783826
Firm 7: Money: 448.276786476457, Goods: 3, Land: 0, Labour: 0, Capital: 0, Goods Price: 6.131336997412615
Firm 8: Money: 481.3990808360951, Goods: 3, Land: 0, Labour: 0, Capital: 0, Goods Price: 9.09821172073078
Firm 9: Money: 781.7717012825751, Goods: 6, Land: 0, Labour: 0, Capital: 0, Goods Price: 8.729472823383878
Firm 10: Money: 501.1539415964324, Goods: 3, Land: 0, Labour: 0, Capital: 0, Goods Price: 14.437944199169422
Self.nfirms:  10
[0, 1, 2, 3, 4, 5, 6, 7, 8, 9]
^^^
[0, 1, 2, 4, 5, 6, 7, 8, 9]
^^^
sold
[0, 1, 2, 4, 5, 6, 8, 9]
^^^
[0, 1, 2, 4, 5, 6, 8]
^^^
sold
[0, 1, 2, 4, 6, 8]
^^^
sold
[0, 2, 4, 6, 8]
^^^
sold
[0, 4, 6, 8]
^^^
sold
[0, 4, 6]
^^^
[4, 6]
^^^
sold
[6]
^^^
sold
---
__
[0, 1, 2, 3, 4, 5, 6, 7, 8, 9]
[0, 1, 3, 4, 5, 6, 7, 8, 9]
[0, 1, 3, 4, 5, 7, 8, 9]
[0, 1, 4, 5, 7, 8, 9]
[0, 1, 4, 5, 8, 9]
[1, 4, 5, 8, 9]
[1, 4, 5, 8]
[1, 4, 5]
[1, 4]
[1]
producing
producing
producing
producing
producing
producing
producing
producing
producing
producing
Day 24:
Household 1: Income: 27.135253158440012, Goods: 4, Land: 2676, Labour: 5280, Capital: 5729
Household 2: Income: 98.98427295576812, Goods: 21, Land: 7737, Labour: 7396, Capital: 6479
Household 3: Income: 304.11012704401185, Goods: 22, Land: 9315, Labour: 3116, Capital: 3176
Household 4: Income: 7.809979895834917, Goods: 12, Land: 4223, Labour: 8660, Capital: 1625
Household 5: Income: 143.3630181635602, Goods: 20, Land: 6256, Labour: 9757, Capital: 4046
Household 6: Income: 146.8129491812405, Goods: 21, Land: 4225, Labour: 4265, Capital: 1767
Household 7: Income: 63.39134995023275, Goods: 16, Land: 3445, Labour: 3090, Capital: 7588
Household 8: Income: 203.27683143750477, Goods: 22, Land: 9909, Labour: 6754, Capital: 9381
Household 9: Income: 37.369735704790706, Goods: 15, Land: 1485, Labour: 8439, Capital: 2662
Household 10: Income: 15.2356974189771, Goods: 16, Land: 8490, Labour: 9405, Capital: 7389
Firm 1: Money: 757.3512303207507, Goods: 10, Land: 0, Labour: 0, Capital: 0, Goods Price: 42.74173068231939
Firm 2: Money: 669.7788988369323, Goods: 10, Land: 0, Labour: 0, Capital: 0, Goods Price: 32.09712479546552
Firm 3: Money: -36.92938668214296, Goods: 10, Land: 0, Labour: 0, Capital: 0, Goods Price: 25.237521068615287
Firm 4: Money: 53.42153379930791, Goods: 10, Land: 0, Labour: 0, Capital: 0, Goods Price: 42.21127020987468
Firm 5: Money: 729.6215946053967, Goods: 9, Land: 0, Labour: 0, Capital: 0, Goods Price: 34.99981922716155
Firm 6: Money: 761.1177211404057, Goods: 7, Land: 0, Labour: 0, Capital: 0, Goods Price: 0.43292125251868807
Firm 7: Money: 429.2977836145555, Goods: 3, Land: 0, Labour: 0, Capital: 0, Goods Price: 30.21592938919691
Firm 8: Money: 487.86140811269456, Goods: 3, Land: 0, Labour: 0, Capital: 0, Goods Price: 9.09821172073078
Firm 9: Money: 776.304076597141, Goods: 6, Land: 0, Labour: 0, Capital: 0, Goods Price: 25.269343756960385
Firm 10: Money: 491.7429698370302, Goods: 3, Land: 0, Labour: 0, Capital: 0, Goods Price: 23.727611232243373
Self.nfirms:  10
[0, 1, 2, 3, 4, 5, 6, 7, 8, 9]
^^^
sold
[0, 2, 3, 4, 5, 6, 7, 8, 9]
^^^
sold
[0, 2, 3, 4, 6, 7, 8, 9]
^^^
sold
[0, 2, 3, 4, 6, 7, 9]
^^^
[0, 2, 3, 4, 7, 9]
^^^
sold
[0, 2, 3, 4, 9]
^^^
sold
[0, 3, 4, 9]
^^^
sold
[0, 3, 9]
^^^
[0, 9]
^^^
[9]
^^^
---
__
[0, 1, 2, 3, 4, 5, 6, 7, 8, 9]
[0, 1, 3, 4, 5, 6, 7, 8, 9]
[0, 1, 3, 4, 6, 7, 8, 9]
[0, 1, 3, 4, 6, 8, 9]
[0, 1, 3, 4, 6, 8]
[0, 3, 4, 6, 8]
[0, 4, 6, 8]
[4, 6, 8]
[4, 8]
[8]
producing
producing
producing
producing
producing
producing
producing
producing
producing
producing
Day 25:
Household 1: Income: 20.350085262697995, Goods: 5, Land: 2675, Labour: 5279, Capital: 5728
Household 2: Income: 92.47772339036167, Goods: 22, Land: 7736, Labour: 7395, Capital: 6478
Household 3: Income: 298.64143179258906, Goods: 23, Land: 9314, Labour: 3115, Capital: 3175
Household 4: Income: 24.1271462377732, Goods: 12, Land: 4222, Labour: 8659, Capital: 1624
Household 5: Income: 156.4285753328469, Goods: 21, Land: 6255, Labour: 9756, Capital: 4045
Household 6: Income: 140.16179628489166, Goods: 22, Land: 4224, Labour: 4264, Capital: 1766
Household 7: Income: 57.43224919343871, Goods: 17, Land: 3444, Labour: 3089, Capital: 7587
Household 8: Income: 192.5689647450817, Goods: 23, Land: 9908, Labour: 6753, Capital: 9380
Household 9: Income: 38.1165407856945, Goods: 16, Land: 1484, Labour: 8438, Capital: 2661
Household 10: Income: 50.66006182023496, Goods: 16, Land: 8489, Labour: 9404, Capital: 7388
Firm 1: Money: 771.0120791758596, Goods: 10, Land: 0, Labour: 0, Capital: 0, Goods Price: 33.81226126879567
Firm 2: Money: 688.9739906990286, Goods: 10, Land: 0, Labour: 0, Capital: 0, Goods Price: 18.658597586721417
Firm 3: Money: -48.18060567579789, Goods: 10, Land: 0, Labour: 0, Capital: 0, Goods Price: 42.72933000714207
Firm 4: Money: 60.07268669565674, Goods: 10, Land: 0, Labour: 0, Capital: 0, Goods Price: 42.21127020987468
Firm 5: Money: 700.0684371581563, Goods: 10, Land: 0, Labour: 0, Capital: 0, Goods Price: 32.91921337622873
Firm 6: Money: 750.6497532294745, Goods: 7, Land: 0, Labour: 0, Capital: 0, Goods Price: 19.393438762680113
Firm 7: Money: 458.60803140940584, Goods: 3, Land: 0, Labour: 0, Capital: 0, Goods Price: 6.131336997412615
Firm 8: Money: 465.6114980125091, Goods: 3, Land: 0, Labour: 0, Capital: 0, Goods Price: 35.973006808302344
Firm 9: Money: 755.5977079248873, Goods: 7, Land: 0, Labour: 0, Capital: 0, Goods Price: 29.046978495283202
Firm 10: Money: 493.67889161764214, Goods: 3, Land: 0, Labour: 0, Capital: 0, Goods Price: 21.670384725303155
Self.nfirms:  10
[0, 1, 2, 3, 4, 5, 6, 7, 8, 9]
^^^
sold
[0, 1, 2, 3, 4, 6, 7, 8, 9]
^^^
[0, 1, 2, 4, 6, 7, 8, 9]
^^^
sold
[0, 1, 2, 6, 7, 8, 9]
^^^
sold
[0, 2, 6, 7, 8, 9]
^^^
[0, 2, 6, 7, 8]
^^^
sold
[0, 6, 7, 8]
^^^
sold
[0, 6, 8]
^^^
[6, 8]
^^^
sold
[8]
^^^
sold
---
__
[0, 1, 2, 3, 4, 5, 6, 7, 8, 9]
[0, 1, 2, 4, 5, 6, 7, 8, 9]
[0, 1, 4, 5, 6, 7, 8, 9]
[0, 1, 4, 5, 6, 7, 8]
[1, 4, 5, 6, 7, 8]
[1, 4, 5, 6, 7]
[4, 5, 6, 7]
[4, 5, 7]
[4, 5]
[4]
producing
producing
producing
producing
producing
producing
producing
producing
producing
producing
Day 26:
Household 1: Income: -1.2622787084106522, Goods: 6, Land: 2674, Labour: 5278, Capital: 5727
Household 2: Income: 125.3213918859446, Goods: 23, Land: 7735, Labour: 7394, Capital: 6477
Household 3: Income: 287.0948990574909, Goods: 24, Land: 9313, Labour: 3114, Capital: 3174
Household 4: Income: 18.754861130031557, Goods: 13, Land: 4221, Labour: 8658, Capital: 1623
Household 5: Income: 158.61831442451506, Goods: 22, Land: 6254, Labour: 9755, Capital: 4044
Household 6: Income: 121.48429481382966, Goods: 23, Land: 4223, Labour: 4263, Capital: 1765
Household 7: Income: 47.5563582360836, Goods: 18, Land: 3443, Labour: 3088, Capital: 7586
Household 8: Income: 178.64149921661962, Goods: 24, Land: 9907, Labour: 6752, Capital: 9379
Household 9: Income: 42.3361947259459, Goods: 17, Land: 1483, Labour: 8437, Capital: 2660
Household 10: Income: 46.48030543188545, Goods: 17, Land: 8488, Labour: 9403, Capital: 7387
Firm 1: Money: 773.1148084004376, Goods: 10, Land: 0, Labour: 0, Capital: 0, Goods Price: 38.96409594399658
Firm 2: Money: 675.1758259326613, Goods: 10, Land: 0, Labour: 0, Capital: 0, Goods Price: 38.2133270064411
Firm 3: Money: -26.165485017466224, Goods: 10, Land: 0, Labour: 0, Capital: 0, Goods Price: 25.237521068615287
Firm 4: Money: 65.92076879230551, Goods: 10, Land: 0, Labour: 0, Capital: 0, Goods Price: 40.49115655138125
Firm 5: Money: 697.8786980664879, Goods: 10, Land: 0, Labour: 0, Capital: 0, Goods Price: 34.99981922716155
Firm 6: Money: 755.3662801572632, Goods: 7, Land: 0, Labour: 0, Capital: 0, Goods Price: 23.169461434121647
Firm 7: Money: 437.5133853327719, Goods: 3, Land: 0, Labour: 0, Capital: 0, Goods Price: 33.38939421129528
Firm 8: Money: 496.54550179167006, Goods: 3, Land: 0, Labour: 0, Capital: 0, Goods Price: 9.09821172073078
Firm 9: Money: 770.0832978419346, Goods: 7, Land: 0, Labour: 0, Capital: 0, Goods Price: 21.83762274025291
Firm 10: Money: 496.59812358043087, Goods: 3, Land: 0, Labour: 0, Capital: 0, Goods Price: 23.36741361269315
Self.nfirms:  10
[0, 1, 2, 3, 4, 5, 6, 7, 8, 9]
^^^
sold
[0, 1, 2, 3, 5, 6, 7, 8, 9]
^^^
sold
[0, 1, 2, 3, 6, 7, 8, 9]
^^^
sold
[0, 1, 3, 6, 7, 8, 9]
^^^
sold
[0, 1, 3, 6, 8, 9]
^^^
[1, 3, 6, 8, 9]
^^^
sold
[3, 6, 8, 9]
^^^
sold
[3, 6, 9]
^^^
[3, 9]
^^^
sold
[3]
^^^
---
__
[0, 1, 2, 3, 4, 5, 6, 7, 8, 9]
[0, 1, 2, 3, 4, 5, 6, 7, 8]
[0, 1, 2, 3, 5, 6, 7, 8]
[1, 2, 3, 5, 6, 7, 8]
[1, 3, 5, 6, 7, 8]
[3, 5, 6, 7, 8]
[5, 6, 7, 8]
[5, 6, 8]
[5, 6]
[6]
producing
producing
producing
producing
producing
producing
producing
producing
producing
producing
Day 27:
Household 1: Income: 5.521656807243529, Goods: 6, Land: 2673, Labour: 5277, Capital: 5726
Household 2: Income: 137.1044038600444, Goods: 24, Land: 7734, Labour: 7393, Capital: 6476
Household 3: Income: 298.87809649976185, Goods: 25, Land: 9312, Labour: 3113, Capital: 3173
Household 4: Income: 35.07202747196984, Goods: 13, Land: 4220, Labour: 8657, Capital: 1622
Household 5: Income: 145.94582342356625, Goods: 23, Land: 6253, Labour: 9754, Capital: 4043
Household 6: Income: 127.52084289083255, Goods: 24, Land: 4222, Labour: 4262, Capital: 1764
Household 7: Income: 34.24968507764201, Goods: 19, Land: 3442, Labour: 3087, Capital: 7585
Household 8: Income: 168.54841755539587, Goods: 25, Land: 9906, Labour: 6751, Capital: 9378
Household 9: Income: 26.164799042866775, Goods: 18, Land: 1482, Labour: 8436, Capital: 2659
Household 10: Income: 12.87613100666131, Goods: 18, Land: 8487, Labour: 9402, Capital: 7386
Firm 1: Money: 800.9331848736286, Goods: 10, Land: 0, Labour: 0, Capital: 0, Goods Price: 15.676246295943141
Firm 2: Money: 693.5967974274405, Goods: 10, Land: 0, Labour: 0, Capital: 0, Goods Price: 18.658597586721417
Firm 3: Money: -32.67631380390495, Goods: 10, Land: 0, Labour: 0, Capital: 0, Goods Price: 37.98893979992586
Firm 4: Money: 68.77968995674279, Goods: 10, Land: 0, Labour: 0, Capital: 0, Goods Price: 49.42062596490497
Firm 5: Money: 698.2000609719306, Goods: 10, Land: 0, Labour: 0, Capital: 0, Goods Price: 33.8835809120034
Firm 6: Money: 747.3645304327392, Goods: 8, Land: 0, Labour: 0, Capital: 0, Goods Price: 13.277236551704526
Firm 7: Money: 444.7962672427782, Goods: 3, Land: 0, Labour: 0, Capital: 0, Goods Price: 31.332167704355054
Firm 8: Money: 503.00782906826953, Goods: 3, Land: 0, Labour: 0, Capital: 0, Goods Price: 9.09821172073078
Firm 9: Money: 775.3207979336263, Goods: 7, Land: 0, Labour: 0, Capital: 0, Goods Price: 21.83762274025291
Firm 10: Money: 475.85231735319684, Goods: 4, Land: 0, Labour: 0, Capital: 0, Goods Price: 23.727611232243373
Self.nfirms:  10
[0, 1, 2, 3, 4, 5, 6, 7, 8, 9]
^^^
[1, 2, 3, 4, 5, 6, 7, 8, 9]
^^^
sold
[1, 3, 4, 5, 6, 7, 8, 9]
^^^
sold
[1, 4, 5, 6, 7, 8, 9]
^^^
sold
[1, 4, 5, 6, 7, 9]
^^^
sold
[1, 5, 6, 7, 9]
^^^
[1, 5, 7, 9]
^^^
sold
[1, 7, 9]
^^^
sold
[1, 9]
^^^
sold
[9]
^^^
---
__
[0, 1, 2, 3, 4, 5, 6, 7, 8, 9]
[0, 1, 2, 3, 5, 6, 7, 8, 9]
[0, 2, 3, 5, 6, 7, 8, 9]
[0, 2, 3, 5, 7, 8, 9]
[0, 3, 5, 7, 8, 9]
[3, 5, 7, 8, 9]
[5, 7, 8, 9]
[5, 7, 9]
[5, 9]
[9]
producing
producing
producing
producing
producing
producing
producing
producing
producing
producing
Day 28:
Household 1: Income: 24.03231419542275, Goods: 6, Land: 2672, Labour: 5276, Capital: 5725
Household 2: Income: 139.3928708700421, Goods: 25, Land: 7733, Labour: 7392, Capital: 6475
Household 3: Income: 281.86124130340386, Goods: 26, Land: 9311, Labour: 3112, Capital: 3172
Household 4: Income: 20.901398875728233, Goods: 14, Land: 4219, Labour: 8656, Capital: 1621
Household 5: Income: 157.84579237568695, Goods: 24, Land: 6252, Labour: 9753, Capital: 4042
Household 6: Income: 123.9970051018448, Goods: 25, Land: 4221, Labour: 4261, Capital: 1763
Household 7: Income: 31.11450120646826, Goods: 19, Land: 3441, Labour: 3086, Capital: 7584
Household 8: Income: 202.65649775712512, Goods: 26, Land: 9905, Labour: 6750, Capital: 9377
Household 9: Income: 30.136194026054657, Goods: 19, Land: 1481, Labour: 8435, Capital: 2658
Household 10: Income: 16.235775682275708, Goods: 18, Land: 8486, Labour: 9401, Capital: 7385
Firm 1: Money: 783.3926644939189, Goods: 10, Land: 0, Labour: 0, Capital: 0, Goods Price: 41.0447017949294
Firm 2: Money: 671.5722875498956, Goods: 10, Land: 0, Labour: 0, Capital: 0, Goods Price: 41.386791828539465
Firm 3: Money: -16.66079493223043, Goods: 10, Land: 0, Labour: 0, Capital: 0, Goods Price: 25.237521068615287
Firm 4: Money: 50.26903256856356, Goods: 11, Land: 0, Labour: 0, Capital: 0, Goods Price: 26.79955716503823
Firm 5: Money: 699.7857200478882, Goods: 10, Land: 0, Labour: 0, Capital: 0, Goods Price: 33.8835809120034
Firm 6: Money: 730.4333112946916, Goods: 9, Land: 0, Labour: 0, Capital: 0, Goods Price: 22.206705965228252
Firm 7: Money: 476.1605090869694, Goods: 3, Land: 0, Labour: 0, Capital: 0, Goods Price: 6.131336997412615
Firm 8: Money: 489.3618438321779, Goods: 3, Land: 0, Labour: 0, Capital: 0, Goods Price: 26.68333977522839
Firm 9: Money: 761.8237850164027, Goods: 8, Land: 0, Labour: 0, Capital: 0, Goods Price: 21.83762274025291
Firm 10: Money: 492.7450947401023, Goods: 4, Land: 0, Labour: 0, Capital: 0, Goods Price: 6.341449680623664
Self.nfirms:  10
[0, 1, 2, 3, 4, 5, 6, 7, 8, 9]
^^^
sold
[0, 1, 2, 3, 4, 5, 6, 8, 9]
^^^
[0, 1, 2, 3, 4, 5, 6, 9]
^^^
[0, 1, 2, 4, 5, 6, 9]
^^^
sold
[0, 1, 2, 5, 6, 9]
^^^
[0, 1, 2, 5, 6]
^^^
[0, 1, 2, 5]
^^^
[1, 2, 5]
^^^
sold
[1, 5]
^^^
sold
[5]
^^^
sold
---
__
[0, 1, 2, 3, 4, 5, 6, 7, 8, 9]
[0, 1, 2, 3, 4, 5, 6, 7, 8]
[0, 2, 3, 4, 5, 6, 7, 8]
[0, 2, 3, 4, 5, 6, 8]
[0, 2, 3, 4, 6, 8]
[0, 2, 3, 4, 8]
[0, 2, 3, 4]
[0, 2, 3]
[2, 3]
[2]
producing
producing
producing
producing
producing
producing
producing
producing
producing
producing
Day 29:
Household 1: Income: 25.030451759043792, Goods: 6, Land: 2671, Labour: 5275, Capital: 5724
Household 2: Income: 156.53025362278473, Goods: 26, Land: 7732, Labour: 7391, Capital: 6474
Household 3: Income: 314.022266020665, Goods: 27, Land: 9310, Labour: 3111, Capital: 3171
Household 4: Income: 24.26104355134263, Goods: 14, Land: 4218, Labour: 8655, Capital: 1620
Household 5: Income: 138.7869371386604, Goods: 25, Land: 6251, Labour: 9752, Capital: 4041
Household 6: Income: 119.98136598525511, Goods: 26, Land: 4220, Labour: 4260, Capital: 1762
Household 7: Income: 30.887238404035678, Goods: 20, Land: 3440, Labour: 3085, Capital: 7583
Household 8: Income: 198.8713247848113, Goods: 27, Land: 9904, Labour: 6749, Capital: 9376
Household 9: Income: 54.53751679809422, Goods: 19, Land: 1480, Labour: 8434, Capital: 2657
Household 10: Income: 26.84847509341973, Goods: 19, Land: 8485, Labour: 9400, Capital: 7384
Firm 1: Money: 790.8903919554172, Goods: 10, Land: 0, Labour: 0, Capital: 0, Goods Price: 38.96409594399658
Firm 2: Money: 635.7003917882378, Goods: 11, Land: 0, Labour: 0, Capital: 0, Goods Price: 38.2133270064411
Firm 3: Money: -30.04581413468328, Goods: 10, Land: 0, Labour: 0, Capital: 0, Goods Price: 41.766574538248676
Firm 4: Money: 62.05742314652454, Goods: 11, Land: 0, Labour: 0, Capital: 0, Goods Price: 26.79955716503823
Firm 5: Money: 675.3843972758485, Goods: 11, Land: 0, Labour: 0, Capital: 0, Goods Price: 27.767378701027823
Firm 6: Money: 733.7108536218119, Goods: 9, Land: 0, Labour: 0, Capital: 0, Goods Price: 22.56690358477848
Firm 7: Money: 470.6636138488442, Goods: 3, Land: 0, Labour: 0, Capital: 0, Goods Price: 25.819840836714757
Firm 8: Money: 488.36370626855677, Goods: 4, Land: 0, Labour: 0, Capital: 0, Goods Price: 9.09821172073078
Firm 9: Money: 758.8891738841709, Goods: 8, Land: 0, Labour: 0, Capital: 0, Goods Price: 30.009733964176593
Firm 10: Money: 491.68603427959135, Goods: 4, Land: 0, Labour: 0, Capital: 0, Goods Price: 6.341449680623664
Self.nfirms:  10
[0, 1, 2, 3, 4, 5, 6, 7, 8, 9]
^^^
sold
[0, 1, 2, 3, 4, 5, 7, 8, 9]
^^^
sold
[0, 2, 3, 4, 5, 7, 8, 9]
^^^
sold
[0, 2, 3, 4, 5, 7, 8]
^^^
sold
[0, 2, 3, 4, 5, 8]
^^^
[0, 2, 3, 5, 8]
^^^
[2, 3, 5, 8]
^^^
sold
[2, 3, 8]
^^^
[2, 8]
^^^
sold
[8]
^^^
sold
---
__
[0, 1, 2, 3, 4, 5, 6, 7, 8, 9]
[0, 2, 3, 4, 5, 6, 7, 8, 9]
[0, 2, 3, 4, 5, 6, 7, 9]
[0, 3, 4, 5, 6, 7, 9]
[0, 3, 4, 5, 7, 9]
[0, 3, 4, 5, 7]
[0, 3, 5, 7]
[0, 5, 7]
[0, 5]
[0]
producing
producing
producing
producing
producing
producing
producing
producing
producing
producing
Day 30:
Household 1: Income: 23.838481748904755, Goods: 7, Land: 2670, Labour: 5274, Capital: 5723
Household 2: Income: 152.81539317370502, Goods: 27, Land: 7731, Labour: 7390, Capital: 6473
Household 3: Income: 296.78102361779173, Goods: 28, Land: 9309, Labour: 3110, Capital: 3170
Household 4: Income: 40.57820989328091, Goods: 14, Land: 4217, Labour: 8654, Capital: 1619
Household 5: Income: 127.49722895738398, Goods: 26, Land: 6250, Labour: 9751, Capital: 4040
Household 6: Income: 100.1559176041287, Goods: 27, Land: 4219, Labour: 4259, Capital: 1761
Household 7: Income: 22.16981571411764, Goods: 21, Land: 3439, Labour: 3084, Capital: 7582
Household 8: Income: 210.90340509191375, Goods: 28, Land: 9903, Labour: 6748, Capital: 9375
Household 9: Income: 57.95981993253596, Goods: 20, Land: 1479, Labour: 8433, Capital: 2656
Household 10: Income: 44.067719865050506, Goods: 20, Land: 8484, Labour: 9399, Capital: 7383
Firm 1: Money: 784.1064564397631, Goods: 11, Land: 0, Labour: 0, Capital: 0, Goods Price: 15.676246295943141
Firm 2: Money: 653.5556869872204, Goods: 11, Land: 0, Labour: 0, Capital: 0, Goods Price: 18.658597586721417
Firm 3: Money: -25.341350878202633, Goods: 10, Land: 0, Labour: 0, Capital: 0, Goods Price: 42.72933000714207
Firm 4: Money: 73.84581372448551, Goods: 11, Land: 0, Labour: 0, Capital: 0, Goods Price: 26.79955716503823
Firm 5: Money: 666.3576764404253, Goods: 11, Land: 0, Labour: 0, Capital: 0, Goods Price: 37.05704573410177
Firm 6: Money: 734.9847541133914, Goods: 9, Land: 0, Labour: 0, Capital: 0, Goods Price: 22.206705965228252
Firm 7: Money: 471.37311482624483, Goods: 3, Land: 0, Labour: 0, Capital: 0, Goods Price: 30.21592938919691
Firm 8: Money: 476.09416305166303, Goods: 4, Land: 0, Labour: 0, Capital: 0, Goods Price: 28.403453433721822
Firm 9: Money: 767.1079141774043, Goods: 8, Land: 0, Labour: 0, Capital: 0, Goods Price: 27.349949607893212
Firm 10: Money: 488.20580061122445, Goods: 4, Land: 0, Labour: 0, Capital: 0, Goods Price: 14.437944199169422
Self.nfirms:  10
[0, 1, 2, 3, 4, 5, 6, 7, 8, 9]
^^^
sold
[0, 1, 2, 3, 4, 5, 6, 8, 9]
^^^
[1, 2, 3, 4, 5, 6, 8, 9]
^^^
sold
[1, 2, 3, 4, 5, 6, 8]
^^^
sold
[1, 2, 3, 4, 5, 6]
^^^
sold
[2, 3, 4, 5, 6]
^^^
sold
[2, 3, 4, 6]
^^^
sold
[3, 4, 6]
^^^
[4, 6]
^^^
[4]
^^^
sold
---
__
[0, 1, 2, 3, 4, 5, 6, 7, 8, 9]
[0, 1, 2, 3, 5, 6, 7, 8, 9]
[0, 1, 2, 5, 6, 7, 8, 9]
[0, 1, 2, 5, 6, 7, 8]
[0, 1, 2, 5, 6, 8]
[1, 2, 5, 6, 8]
[2, 5, 6, 8]
[5, 6, 8]
[6, 8]
[8]
producing
producing
producing
producing
producing
producing
producing
producing
producing
producing
Day 31:
Household 1: Income: 30.622417264558933, Goods: 7, Land: 2669, Labour: 5273, Capital: 5722
Household 2: Income: 157.17991615643865, Goods: 28, Land: 7730, Labour: 7389, Capital: 6472
Household 3: Income: 302.54890010427454, Goods: 29, Land: 9308, Labour: 3109, Capital: 3169
Household 4: Income: 24.894672849296395, Goods: 15, Land: 4216, Labour: 8653, Capital: 1618
Household 5: Income: 118.8566587698719, Goods: 27, Land: 6249, Labour: 9750, Capital: 4039
Household 6: Income: 105.70839494994362, Goods: 28, Land: 4218, Labour: 4258, Capital: 1760
Household 7: Income: 19.03463184294389, Goods: 21, Land: 3438, Labour: 3083, Capital: 7581
Household 8: Income: 227.31013984933554, Goods: 29, Land: 9902, Labour: 6747, Capital: 9374
Household 9: Income: 68.8800888164459, Goods: 21, Land: 1478, Labour: 8432, Capital: 2655
Household 10: Income: 6.698311376680887, Goods: 21, Land: 8483, Labour: 9398, Capital: 7382
Firm 1: Money: 791.9343915590398, Goods: 11, Land: 0, Labour: 0, Capital: 0, Goods Price: 15.676246295943141
Firm 2: Money: 629.1280585246653, Goods: 11, Land: 0, Labour: 0, Capital: 0, Goods Price: 41.386791828539465
Firm 3: Money: -12.5059443450527, Goods: 10, Land: 0, Labour: 0, Capital: 0, Goods Price: 32.83710512472495
Firm 4: Money: 58.165980565322236, Goods: 11, Land: 0, Labour: 0, Capital: 0, Goods Price: 46.60735876235683
Firm 5: Money: 674.1901760126566, Goods: 11, Land: 0, Labour: 0, Capital: 0, Goods Price: 29.48749235952126
Firm 6: Money: 740.3195229474521, Goods: 9, Land: 0, Labour: 0, Capital: 0, Goods Price: 20.50967707783826
Firm 7: Money: 474.5082986974185, Goods: 4, Land: 0, Labour: 0, Capital: 0, Goods Price: 6.131336997412615
Firm 8: Money: 475.0960254880419, Goods: 5, Land: 0, Labour: 0, Capital: 0, Goods Price: 9.09821172073078
Firm 9: Money: 790.5938116152194, Goods: 8, Land: 0, Labour: 0, Capital: 0, Goods Price: 8.729472823383878
Firm 10: Money: 483.8925920478795, Goods: 4, Land: 0, Labour: 0, Capital: 0, Goods Price: 23.36741361269315
Self.nfirms:  10
[0, 1, 2, 3, 4, 5, 6, 7, 8, 9]
^^^
sold
[0, 2, 3, 4, 5, 6, 7, 8, 9]
^^^
[0, 2, 3, 4, 5, 6, 7, 8]
^^^
sold
[0, 2, 3, 5, 6, 7, 8]
^^^
[2, 3, 5, 6, 7, 8]
^^^
[2, 5, 6, 7, 8]
^^^
sold
[2, 5, 6, 8]
^^^
sold
[2, 6, 8]
^^^
sold
[6, 8]
^^^
sold
[6]
^^^
---
__
[0, 1, 2, 3, 4, 5, 6, 7, 8, 9]
[0, 1, 3, 4, 5, 6, 7, 8, 9]
[0, 1, 3, 5, 6, 7, 8, 9]
[1, 3, 5, 6, 7, 8, 9]
[1, 3, 5, 6, 7, 9]
[1, 3, 5, 7, 9]
[1, 5, 7, 9]
[5, 7, 9]
[5, 7]
[5]
producing
producing
producing
producing
producing
producing
producing
producing
producing
producing
Day 32:
Household 1: Income: 33.0440381952796, Goods: 8, Land: 2668, Labour: 5272, Capital: 5721
Household 2: Income: 157.2146930447346, Goods: 29, Land: 7729, Labour: 7388, Capital: 6471
Household 3: Income: 283.74508253059673, Goods: 30, Land: 9307, Labour: 3108, Capital: 3168
Household 4: Income: 0.8909409550547371, Goods: 16, Land: 4215, Labour: 8652, Capital: 1617
Household 5: Income: 132.61171490107543, Goods: 28, Land: 6248, Labour: 9749, Capital: 4038
Household 6: Income: 100.63047313626184, Goods: 29, Land: 4217, Labour: 4257, Capital: 1759
Household 7: Income: 49.10641700665151, Goods: 21, Land: 3437, Labour: 3082, Capital: 7580
Household 8: Income: 245.78320066211566, Goods: 30, Land: 9901, Labour: 6746, Capital: 9373
Household 9: Income: 62.26996790603892, Goods: 22, Land: 1477, Labour: 8431, Capital: 2654
Household 10: Income: -0.9984686777078666, Goods: 22, Land: 8482, Labour: 9397, Capital: 7381
Firm 1: Money: 776.4744770302631, Goods: 11, Land: 0, Labour: 0, Capital: 0, Goods Price: 38.96409594399658
Firm 2: Money: 651.094574279929, Goods: 11, Land: 0, Labour: 0, Capital: 0, Goods Price: 18.658597586721417
Firm 3: Money: -16.128392652752613, Goods: 10, Land: 0, Labour: 0, Capital: 0, Goods Price: 42.126772157798904
Firm 4: Money: 62.414014876660964, Goods: 11, Land: 0, Labour: 0, Capital: 0, Goods Price: 46.60735876235683
Firm 5: Money: 648.0687395821237, Goods: 12, Land: 0, Labour: 0, Capital: 0, Goods Price: 29.48749235952126
Firm 6: Money: 748.6665189620627, Goods: 9, Land: 0, Labour: 0, Capital: 0, Goods Price: 13.277236551704526
Firm 7: Money: 461.8020477042629, Goods: 4, Land: 0, Labour: 0, Capital: 0, Goods Price: 33.02919659174505
Firm 8: Money: 487.9934333356384, Goods: 5, Land: 0, Labour: 0, Capital: 0, Goods Price: 9.09821172073078
Firm 9: Money: 776.8387554840158, Goods: 8, Land: 0, Labour: 0, Capital: 0, Goods Price: 27.349949607893212
Firm 10: Money: 505.53481683012785, Goods: 4, Land: 0, Labour: 0, Capital: 0, Goods Price: 6.341449680623664
Self.nfirms:  10
[0, 1, 2, 3, 4, 5, 6, 7, 8, 9]
^^^
sold
[0, 1, 2, 3, 4, 6, 7, 8, 9]
^^^
[0, 1, 2, 4, 6, 7, 8, 9]
^^^
sold
[0, 2, 4, 6, 7, 8, 9]
^^^
sold
[0, 4, 6, 7, 8, 9]
^^^
sold
[0, 4, 6, 7, 9]
^^^
sold
[0, 4, 6, 9]
^^^
sold
[0, 6, 9]
^^^
[0, 9]
^^^
[0]
^^^
---
__
[0, 1, 2, 3, 4, 5, 6, 7, 8, 9]
[0, 1, 2, 4, 5, 6, 7, 8, 9]
[0, 1, 4, 5, 6, 7, 8, 9]
[0, 1, 5, 6, 7, 8, 9]
[0, 1, 5, 6, 7, 9]
[0, 1, 6, 7, 9]
[0, 1, 6, 9]
[0, 1, 6]
[0, 1]
[1]
producing
producing
producing
producing
producing
producing
producing
producing
producing
producing
Day 33:
Household 1: Income: 29.480964588168405, Goods: 9, Land: 2667, Labour: 5271, Capital: 5720
Household 2: Income: 185.01250579493075, Goods: 30, Land: 7728, Labour: 7387, Capital: 6470
Household 3: Income: 279.0048243088496, Goods: 31, Land: 9306, Labour: 3107, Capital: 3167
Household 4: Income: 1.8890785186757828, Goods: 16, Land: 4214, Labour: 8651, Capital: 1616
Household 5: Income: 125.59389521117342, Goods: 29, Land: 6247, Labour: 9748, Capital: 4037
Household 6: Income: 102.89187167905847, Goods: 30, Land: 4216, Labour: 4256, Capital: 1758
Household 7: Income: 27.469299024254205, Goods: 22, Land: 3436, Labour: 3081, Capital: 7579
Household 8: Income: 224.08257946569663, Goods: 31, Land: 9900, Labour: 6745, Capital: 9372
Household 9: Income: 64.89031332498172, Goods: 23, Land: 1476, Labour: 8430, Capital: 2653
Household 10: Income: 34.425895723549985, Goods: 22, Land: 8481, Labour: 9396, Capital: 7380
Firm 1: Money: 745.4383243307808, Goods: 12, Land: 0, Labour: 0, Capital: 0, Goods Price: 39.92846347977125
Firm 2: Money: 656.8511389332812, Goods: 11, Land: 0, Labour: 0, Capital: 0, Goods Price: 18.658597586721417
Firm 3: Money: -12.901174065935173, Goods: 10, Land: 0, Labour: 0, Capital: 0, Goods Price: 42.72933000714207
Firm 4: Money: 86.34978491213488, Goods: 11, Land: 0, Labour: 0, Capital: 0, Goods Price: 26.79955716503823
Firm 5: Money: 641.8816031779512, Goods: 12, Land: 0, Labour: 0, Capital: 0, Goods Price: 34.99981922716155
Firm 6: Money: 751.1575164697376, Goods: 9, Land: 0, Labour: 0, Capital: 0, Goods Price: 14.997350210197961
Firm 7: Money: 484.9231257189636, Goods: 4, Land: 0, Labour: 0, Capital: 0, Goods Price: 24.099727178221322
Firm 8: Money: 494.45576061223784, Goods: 5, Land: 0, Labour: 0, Capital: 0, Goods Price: 9.09821172073078
Firm 9: Money: 756.1323868117621, Goods: 9, Land: 0, Labour: 0, Capital: 0, Goods Price: 29.046978495283202
Firm 10: Money: 488.02735055217994, Goods: 4, Land: 0, Labour: 0, Capital: 0, Goods Price: 23.727611232243373
Self.nfirms:  10
[0, 1, 2, 3, 4, 5, 6, 7, 8, 9]
^^^
sold
[0, 1, 2, 3, 4, 5, 6, 8, 9]
^^^
sold
[0, 1, 2, 3, 4, 5, 6, 9]
^^^
[1, 2, 3, 4, 5, 6, 9]
^^^
[1, 2, 3, 4, 5, 6]
^^^
sold
[1, 3, 4, 5, 6]
^^^
[1, 4, 5, 6]
^^^
[1, 4, 5]
^^^
sold
[1, 5]
^^^
sold
[1]
^^^
sold
---
__
[0, 1, 2, 3, 4, 5, 6, 7, 8, 9]
[0, 1, 2, 4, 5, 6, 7, 8, 9]
[0, 1, 2, 4, 5, 6, 8, 9]
[1, 2, 4, 5, 6, 8, 9]
[1, 4, 5, 6, 8, 9]
[1, 5, 6, 8, 9]
[1, 6, 8, 9]
[6, 8, 9]
[6, 8]
[8]
producing
producing
producing
producing
producing
producing
producing
producing
producing
producing
Day 34:
Household 1: Income: -1.2995127686065873, Goods: 10, Land: 2666, Labour: 5270, Capital: 5719
Household 2: Income: 192.96440009104643, Goods: 31, Land: 7727, Labour: 7386, Capital: 6469
Household 3: Income: 301.37913174973517, Goods: 32, Land: 9305, Labour: 3106, Capital: 3166
Household 4: Income: 2.27794151903024, Goods: 16, Land: 4213, Labour: 8650, Capital: 1615
Household 5: Income: 127.03500403844441, Goods: 30, Land: 6246, Labour: 9747, Capital: 4036
Household 6: Income: 107.44207147432542, Goods: 31, Land: 4215, Labour: 4255, Capital: 1757
Household 7: Income: 32.08441100121581, Goods: 23, Land: 3435, Labour: 3080, Capital: 7578
Household 8: Income: 230.330719444913, Goods: 32, Land: 9899, Labour: 6744, Capital: 9371
Household 9: Income: 60.71056330951492, Goods: 24, Land: 1475, Labour: 8429, Capital: 2652
Household 10: Income: 52.31987033049089, Goods: 22, Land: 8480, Labour: 9395, Capital: 7379
Firm 1: Money: 718.7982601837807, Goods: 13, Land: 0, Labour: 0, Capital: 0, Goods Price: 35.532374927289105
Firm 2: Money: 641.5931116306166, Goods: 11, Land: 0, Labour: 0, Capital: 0, Goods Price: 32.09712479546552
Firm 3: Money: -44.54951579575149, Goods: 11, Land: 0, Labour: 0, Capital: 0, Goods Price: 38.953307335700536
Firm 4: Money: 91.53557495765632, Goods: 11, Land: 0, Labour: 0, Capital: 0, Goods Price: 26.79955716503823
Firm 5: Money: 642.4862545585371, Goods: 12, Land: 0, Labour: 0, Capital: 0, Goods Price: 36.69684811455154
Firm 6: Money: 744.2200266074743, Goods: 9, Land: 0, Labour: 0, Capital: 0, Goods Price: 23.169461434121647
Firm 7: Money: 483.4820168916926, Goods: 4, Land: 0, Labour: 0, Capital: 0, Goods Price: 31.332167704355054
Firm 8: Money: 507.3531684598343, Goods: 5, Land: 0, Labour: 0, Capital: 0, Goods Price: 9.09821172073078
Firm 9: Money: 787.5221387318037, Goods: 9, Land: 0, Labour: 0, Capital: 0, Goods Price: 8.729472823383878
Firm 10: Money: 489.3714086766791, Goods: 4, Land: 0, Labour: 0, Capital: 0, Goods Price: 23.727611232243373
Self.nfirms:  10
[0, 1, 2, 3, 4, 5, 6, 7, 8, 9]
^^^
sold
[0, 1, 2, 3, 4, 5, 6, 8, 9]
^^^
[0, 1, 2, 4, 5, 6, 8, 9]
^^^
sold
[0, 1, 2, 4, 6, 8, 9]
^^^
sold
[0, 2, 4, 6, 8, 9]
^^^
sold
[0, 2, 4, 8, 9]
^^^
[2, 4, 8, 9]
^^^
sold
[2, 4, 8]
^^^
sold
[4, 8]
^^^
sold
[8]
^^^
sold
---
__
[0, 1, 2, 3, 4, 5, 6, 7, 8, 9]
[0, 1, 3, 4, 5, 6, 7, 8, 9]
[0, 3, 4, 5, 6, 7, 8, 9]
[0, 3, 4, 6, 7, 8, 9]
[0, 3, 4, 6, 8, 9]
[3, 4, 6, 8, 9]
[3, 4, 6, 8]
[3, 6, 8]
[3, 6]
[6]
producing
producing
producing
producing
producing
producing
producing
producing
producing
producing
Day 35:
Household 1: Income: -0.9106497682521302, Goods: 10, Land: 2665, Labour: 5269, Capital: 5718
Household 2: Income: 195.43266147218128, Goods: 32, Land: 7726, Labour: 7385, Capital: 6468
Household 3: Income: 295.5516591882648, Goods: 33, Land: 9304, Labour: 3105, Capital: 3165
Household 4: Income: 20.210496981761306, Goods: 16, Land: 4212, Labour: 8649, Capital: 1614
Household 5: Income: 153.5643725020777, Goods: 31, Land: 6245, Labour: 9746, Capital: 4035
Household 6: Income: 113.5265983841053, Goods: 32, Land: 4214, Labour: 4254, Capital: 1756
Household 7: Income: 12.694741016794545, Goods: 24, Land: 3434, Labour: 3079, Capital: 7577
Household 8: Income: 226.5173993308601, Goods: 33, Land: 9898, Labour: 6743, Capital: 9370
Household 9: Income: 62.44865051032346, Goods: 25, Land: 1474, Labour: 8428, Capital: 2651
Household 10: Income: 37.46644570029148, Goods: 23, Land: 8479, Labour: 9394, Capital: 7378
Firm 1: Money: 717.8164601412778, Goods: 13, Land: 0, Labour: 0, Capital: 0, Goods Price: 41.0447017949294
Firm 2: Money: 653.2121387454403, Goods: 11, Land: 0, Labour: 0, Capital: 0, Goods Price: 18.658597586721417
Firm 3: Money: -26.63187365411958, Goods: 11, Land: 0, Labour: 0, Capital: 0, Goods Price: 25.237521068615287
Firm 4: Money: 75.97580767167645, Goods: 11, Land: 0, Labour: 0, Capital: 0, Goods Price: 46.60735876235683
Firm 5: Money: 618.0849317864975, Goods: 13, Land: 0, Labour: 0, Capital: 0, Goods Price: 27.767378701027823
Firm 6: Money: 747.6766150174691, Goods: 9, Land: 0, Labour: 0, Capital: 0, Goods Price: 22.206705965228252
Firm 7: Money: 459.35914354898364, Goods: 5, Land: 0, Labour: 0, Capital: 0, Goods Price: 33.38939421129528
Firm 8: Money: 511.9780534472205, Goods: 5, Land: 0, Labour: 0, Capital: 0, Goods Price: 9.09821172073078
Firm 9: Money: 794.2250016743229, Goods: 9, Land: 0, Labour: 0, Capital: 0, Goods Price: 8.729472823383878
Firm 10: Money: 498.8583913952566, Goods: 4, Land: 0, Labour: 0, Capital: 0, Goods Price: 16.158057857662854
Self.nfirms:  10
[0, 1, 2, 3, 4, 5, 6, 7, 8, 9]
^^^
sold
[0, 1, 2, 3, 4, 6, 7, 8, 9]
^^^
sold
[0, 2, 3, 4, 6, 7, 8, 9]
^^^
sold
[0, 3, 4, 6, 7, 8, 9]
^^^
sold
[0, 3, 4, 6, 7, 8]
^^^
[3, 4, 6, 7, 8]
^^^
sold
[3, 6, 7, 8]
^^^
[6, 7, 8]
^^^
sold
[6, 8]
^^^
sold
[6]
^^^
sold
---
__
[0, 1, 2, 3, 4, 5, 6, 7, 8, 9]
[0, 1, 2, 3, 4, 6, 7, 8, 9]
[0, 1, 2, 3, 4, 6, 8, 9]
[0, 1, 2, 3, 4, 8, 9]
[0, 1, 2, 3, 4, 8]
[0, 1, 2, 4, 8]
[1, 2, 4, 8]
[2, 4, 8]
[2, 4]
[4]
producing
producing
producing
producing
producing
producing
producing
producing
producing
producing
Day 36:
Household 1: Income: 15.406516573686154, Goods: 10, Land: 2664, Labour: 5268, Capital: 5717
Household 2: Income: 219.95508446580322, Goods: 33, Land: 7725, Labour: 7384, Capital: 6467
Household 3: Income: 301.14849441171555, Goods: 34, Land: 9303, Labour: 3104, Capital: 3164
Household 4: Income: 23.570141657375704, Goods: 16, Land: 4211, Labour: 8648, Capital: 1613
Household 5: Income: 156.11569406479597, Goods: 32, Land: 6244, Labour: 9745, Capital: 4034
Household 6: Income: 108.04201390270175, Goods: 33, Land: 4213, Labour: 4253, Capital: 1755
Household 7: Income: 37.430896273531644, Goods: 25, Land: 3433, Labour: 3078, Capital: 7576
Household 8: Income: 246.229350604423, Goods: 34, Land: 9897, Labour: 6742, Capital: 9369
Household 9: Income: 41.900531218770595, Goods: 26, Land: 1473, Labour: 8427, Capital: 2650
Household 10: Income: 15.058988518036106, Goods: 24, Land: 8478, Labour: 9393, Capital: 7377
Firm 1: Money: 723.0137975341164, Goods: 13, Land: 0, Labour: 0, Capital: 0, Goods Price: 43.10192830186962
Firm 2: Money: 651.3926386515197, Goods: 11, Land: 0, Labour: 0, Capital: 0, Goods Price: 18.658597586721417
Firm 3: Money: -57.315847848161226, Goods: 12, Land: 0, Labour: 0, Capital: 0, Goods Price: 37.98893979992586
Firm 4: Money: 42.05343723866078, Goods: 12, Land: 0, Labour: 0, Capital: 0, Goods Price: 42.21127020987468
Firm 5: Money: 610.9730015493587, Goods: 13, Land: 0, Labour: 0, Capital: 0, Goods Price: 33.8835809120034
Firm 6: Money: 750.6082652665197, Goods: 9, Land: 0, Labour: 0, Capital: 0, Goods Price: 20.50967707783826
Firm 7: Money: 467.92148637610785, Goods: 5, Land: 0, Labour: 0, Capital: 0, Goods Price: 33.02919659174505
Firm 8: Money: 516.9750178729928, Goods: 5, Land: 0, Labour: 0, Capital: 0, Goods Price: 9.09821172073078
Firm 9: Money: 788.3959213528974, Goods: 9, Land: 0, Labour: 0, Capital: 0, Goods Price: 20.11750908175948
Firm 10: Money: 508.1816154075815, Goods: 4, Land: 0, Labour: 0, Capital: 0, Goods Price: 6.341449680623664
Self.nfirms:  10
[0, 1, 2, 3, 4, 5, 6, 7, 8, 9]
^^^
[0, 1, 2, 4, 5, 6, 7, 8, 9]
^^^
[0, 1, 2, 4, 5, 7, 8, 9]
^^^
[0, 1, 2, 4, 5, 7, 8]
^^^
sold
[0, 1, 4, 5, 7, 8]
^^^
sold
[0, 1, 5, 7, 8]
^^^
sold
[0, 1, 7, 8]
^^^
sold
[0, 1, 7]
^^^
[1, 7]
^^^
sold
[1]
^^^
sold
---
__
[0, 1, 2, 3, 4, 5, 6, 7, 8, 9]
[0, 1, 2, 3, 4, 5, 6, 7, 9]
[0, 1, 2, 3, 4, 6, 7, 9]
[0, 1, 2, 3, 4, 7, 9]
[0, 1, 2, 3, 4, 9]
[0, 1, 3, 4, 9]
[1, 3, 4, 9]
[1, 4, 9]
[4, 9]
[4]
producing
producing
producing
producing
producing
producing
producing
producing
producing
producing
Day 37:
Household 1: Income: 18.766161249300552, Goods: 10, Land: 2663, Labour: 5267, Capital: 5716
Household 2: Income: 220.5465225884109, Goods: 34, Land: 7724, Labour: 7383, Capital: 6466
Household 3: Income: 314.0434973221568, Goods: 35, Land: 9302, Labour: 3103, Capital: 3163
Household 4: Income: 20.434957786201956, Goods: 16, Land: 4210, Labour: 8647, Capital: 1612
Household 5: Income: 158.09054594154512, Goods: 33, Land: 6243, Labour: 9744, Capital: 4033
Household 6: Income: 132.05735627165697, Goods: 34, Land: 4212, Labour: 4252, Capital: 1754
Household 7: Income: 50.584480673256344, Goods: 25, Land: 3432, Labour: 3077, Capital: 7575
Household 8: Income: 265.0945794132819, Goods: 35, Land: 9896, Labour: 6741, Capital: 9368
Household 9: Income: 41.28358274230179, Goods: 27, Land: 1472, Labour: 8426, Capital: 2649
Household 10: Income: 41.89525836316672, Goods: 25, Land: 8477, Labour: 9392, Capital: 7376
Firm 1: Money: 688.2016221631926, Goods: 14, Land: 0, Labour: 0, Capital: 0, Goods Price: 43.704486151212784
Firm 2: Money: 634.534563563545, Goods: 11, Land: 0, Labour: 0, Capital: 0, Goods Price: 33.81723845395895
Firm 3: Money: -92.13765440007592, Goods: 13, Land: 0, Labour: 0, Capital: 0, Goods Price: 42.126772157798904
Firm 4: Money: 9.85118046413854, Goods: 13, Land: 0, Labour: 0, Capital: 0, Goods Price: 40.49115655138125
Firm 5: Money: 613.2746818173346, Goods: 13, Land: 0, Labour: 0, Capital: 0, Goods Price: 33.8835809120034
Firm 6: Money: 754.4891687749096, Goods: 9, Land: 0, Labour: 0, Capital: 0, Goods Price: 18.429071226905435
Firm 7: Money: 500.98275710768905, Goods: 5, Land: 0, Labour: 0, Capital: 0, Goods Price: 6.131336997412615
Firm 8: Money: 496.9227476815711, Goods: 5, Land: 0, Labour: 0, Capital: 0, Goods Price: 35.61280918875211
Firm 9: Money: 785.3431593110894, Goods: 9, Land: 0, Labour: 0, Capital: 0, Goods Price: 27.349949607893212
Firm 10: Money: 512.7978762577602, Goods: 4, Land: 0, Labour: 0, Capital: 0, Goods Price: 6.341449680623664
Self.nfirms:  10
[0, 1, 2, 3, 4, 5, 6, 7, 8, 9]
^^^
sold
[0, 1, 2, 3, 4, 5, 6, 8, 9]
^^^
[0, 1, 2, 4, 5, 6, 8, 9]
^^^
sold
[0, 1, 2, 4, 5, 6, 8]
^^^
sold
[0, 1, 4, 5, 6, 8]
^^^
sold
[0, 1, 4, 6, 8]
^^^
[0, 1, 4, 8]
^^^
sold
[0, 4, 8]
^^^
sold
[0, 8]
^^^
[8]
^^^
sold
---
__
[0, 1, 2, 3, 4, 5, 6, 7, 8, 9]
[0, 1, 2, 3, 5, 6, 7, 8, 9]
[0, 2, 3, 5, 6, 7, 8, 9]
[0, 2, 3, 5, 6, 7, 8]
[2, 3, 5, 6, 7, 8]
[2, 3, 5, 7, 8]
[3, 5, 7, 8]
[3, 7, 8]
[7, 8]
[7]
producing
producing
producing
producing
producing
producing
producing
producing
producing
producing
Day 38:
Household 1: Income: 15.630977378126804, Goods: 10, Land: 2662, Labour: 5266, Capital: 5715
Household 2: Income: 255.8367543078337, Goods: 35, Land: 7723, Labour: 7382, Capital: 6465
Household 3: Income: 318.1165442357485, Goods: 36, Land: 9301, Labour: 3102, Capital: 3162
Household 4: Income: 23.794602461816353, Goods: 16, Land: 4209, Labour: 8646, Capital: 1611
Household 5: Income: 171.2039195801916, Goods: 34, Land: 6242, Labour: 9743, Capital: 4032
Household 6: Income: 113.50732587739799, Goods: 35, Land: 4211, Labour: 4251, Capital: 1753
Household 7: Income: 39.72749524125787, Goods: 26, Land: 3431, Labour: 3076, Capital: 7574
Household 8: Income: 297.73586762327653, Goods: 36, Land: 9895, Labour: 6740, Capital: 9367
Household 9: Income: 31.920636900932514, Goods: 28, Land: 1471, Labour: 8425, Capital: 2648
Household 10: Income: 34.0425855474619, Goods: 26, Land: 8476, Labour: 9391, Capital: 7375
Firm 1: Money: 654.3522022611622, Goods: 15, Land: 0, Labour: 0, Capital: 0, Goods Price: 42.74173068231939
Firm 2: Money: 627.3228024751676, Goods: 11, Land: 0, Labour: 0, Capital: 0, Goods Price: 39.32956532159925
Firm 3: Money: -126.95946095199062, Goods: 14, Land: 0, Labour: 0, Capital: 0, Goods Price: 42.126772157798904
Firm 4: Money: 10.38613114951179, Goods: 13, Land: 0, Labour: 0, Capital: 0, Goods Price: 46.60735876235683
Firm 5: Money: 613.2433213269461, Goods: 13, Land: 0, Labour: 0, Capital: 0, Goods Price: 32.91921337622873
Firm 6: Money: 763.8521146162786, Goods: 9, Land: 0, Labour: 0, Capital: 0, Goods Price: 13.277236551704526
Firm 7: Money: 507.1461682449378, Goods: 5, Land: 0, Labour: 0, Capital: 0, Goods Price: 6.131336997412615
Firm 8: Money: 517.0295112841981, Goods: 5, Land: 0, Labour: 0, Capital: 0, Goods Price: 28.403453433721822
Firm 9: Money: 787.5487956081118, Goods: 9, Land: 0, Labour: 0, Capital: 0, Goods Price: 30.009733964176593
Firm 10: Money: 511.61874992406575, Goods: 4, Land: 0, Labour: 0, Capital: 0, Goods Price: 6.341449680623664
Self.nfirms:  10
[0, 1, 2, 3, 4, 5, 6, 7, 8, 9]
^^^
[0, 1, 2, 3, 4, 5, 6, 7, 9]
^^^
sold
[0, 1, 3, 4, 5, 6, 7, 9]
^^^
sold
[0, 1, 3, 5, 6, 7, 9]
^^^
sold
[0, 1, 3, 6, 7, 9]
^^^
[0, 1, 3, 7, 9]
^^^
sold
[0, 3, 7, 9]
^^^
[3, 7, 9]
^^^
[7, 9]
^^^
[7]
^^^
sold
---
__
[0, 1, 2, 3, 4, 5, 6, 7, 8, 9]
[1, 2, 3, 4, 5, 6, 7, 8, 9]
[1, 2, 3, 5, 6, 7, 8, 9]
[2, 3, 5, 6, 7, 8, 9]
[2, 3, 5, 6, 7, 8]
[2, 5, 6, 7, 8]
[5, 6, 7, 8]
[5, 6, 7]
[5, 6]
[6]
producing
producing
producing
producing
producing
producing
producing
producing
producing
producing
Day 39:
Household 1: Income: 4.963415648478112, Goods: 11, Land: 2661, Labour: 5265, Capital: 5714
Household 2: Income: 270.362095316561, Goods: 36, Land: 7722, Labour: 7381, Capital: 6464
Household 3: Income: 330.8328387012983, Goods: 37, Land: 9300, Labour: 3101, Capital: 3161
Household 4: Income: 50.862616526378154, Goods: 16, Land: 4208, Labour: 8645, Capital: 1610
Household 5: Income: 161.5098455668509, Goods: 35, Land: 6241, Labour: 9742, Capital: 4031
Household 6: Income: 95.40211223433302, Goods: 36, Land: 4210, Labour: 4250, Capital: 1752
Household 7: Income: 58.238152629437096, Goods: 26, Land: 3430, Labour: 3075, Capital: 7573
Household 8: Income: 330.37715583327116, Goods: 37, Land: 9894, Labour: 6739, Capital: 9366
Household 9: Income: 56.32195967297207, Goods: 28, Land: 1470, Labour: 8424, Capital: 2647
Household 10: Income: 30.907401676288146, Goods: 26, Land: 8475, Labour: 9390, Capital: 7374
Firm 1: Money: 627.2841881966003, Goods: 16, Land: 0, Labour: 0, Capital: 0, Goods Price: 35.96032484485077
Firm 2: Money: 588.6376395109613, Goods: 12, Land: 0, Labour: 0, Capital: 0, Goods Price: 41.02659420898924
Firm 3: Money: -161.78126750390533, Goods: 15, Land: 0, Labour: 0, Capital: 0, Goods Price: 42.126772157798904
Firm 4: Money: -8.12452623866743, Goods: 14, Land: 0, Labour: 0, Capital: 0, Goods Price: 26.79955716503823
Firm 5: Money: 620.123465050625, Goods: 13, Land: 0, Labour: 0, Capital: 0, Goods Price: 27.767378701027823
Firm 6: Money: 758.7920511859882, Goods: 9, Land: 0, Labour: 0, Capital: 0, Goods Price: 20.50967707783826
Firm 7: Money: 521.3377768461147, Goods: 5, Land: 0, Labour: 0, Capital: 0, Goods Price: 6.131336997412615
Firm 8: Money: 517.258307719102, Goods: 5, Land: 0, Labour: 0, Capital: 0, Goods Price: 32.79954198620398
Firm 9: Money: 813.1288011064137, Goods: 9, Land: 0, Labour: 0, Capital: 0, Goods Price: 8.729472823383878
Firm 10: Money: 500.62301541333215, Goods: 4, Land: 0, Labour: 0, Capital: 0, Goods Price: 16.158057857662854
Self.nfirms:  10
[0, 1, 2, 3, 4, 5, 6, 7, 8, 9]
^^^
sold
[0, 1, 2, 3, 4, 6, 7, 8, 9]
^^^
[1, 2, 3, 4, 6, 7, 8, 9]
^^^
[1, 2, 3, 4, 6, 7, 8]
^^^
sold
[1, 2, 3, 4, 6, 8]
^^^
sold
[1, 2, 3, 6, 8]
^^^
sold
[1, 3, 6, 8]
^^^
sold
[1, 3, 6]
^^^
[1, 6]
^^^
sold
[6]
^^^
---
__
[0, 1, 2, 3, 4, 5, 6, 7, 8, 9]
[0, 1, 2, 4, 5, 6, 7, 8, 9]
[1, 2, 4, 5, 6, 7, 8, 9]
[1, 2, 4, 5, 6, 7, 9]
[1, 2, 4, 5, 6, 7]
[1, 2, 5, 6, 7]
[1, 2, 5, 6]
[1, 2, 6]
[2, 6]
[2]
producing
producing
producing
producing
producing
producing
producing
producing
producing
producing
Day 40:
Household 1: Income: 22.895971111209178, Goods: 11, Land: 2660, Labour: 5264, Capital: 5713
Household 2: Income: 298.3700207499682, Goods: 37, Land: 7721, Labour: 7380, Capital: 6463
Household 3: Income: 325.0053661398279, Goods: 38, Land: 9299, Labour: 3100, Capital: 3160
Household 4: Income: 42.76115195349584, Goods: 17, Land: 4207, Labour: 8644, Capital: 1609
Household 5: Income: 151.09035672749243, Goods: 36, Land: 6240, Labour: 9741, Capital: 4030
Household 6: Income: 95.71612433781503, Goods: 37, Land: 4209, Labour: 4249, Capital: 1751
Household 7: Income: 32.307082400058086, Goods: 27, Land: 3429, Labour: 3074, Capital: 7572
Household 8: Income: 313.4778813059799, Goods: 38, Land: 9893, Labour: 6738, Capital: 9365
Household 9: Income: 55.45992387426483, Goods: 29, Land: 1469, Labour: 8423, Capital: 2646
Household 10: Income: 47.40843562791241, Goods: 27, Land: 8474, Labour: 9389, Capital: 7373
Firm 1: Money: 628.7331711722452, Goods: 16, Land: 0, Labour: 0, Capital: 0, Goods Price: 39.92846347977125
Firm 2: Money: 601.6035599193438, Goods: 12, Land: 0, Labour: 0, Capital: 0, Goods Price: 33.81723845395895
Firm 3: Money: -141.74798214754117, Goods: 15, Land: 0, Labour: 0, Capital: 0, Goods Price: 25.237521068615287
Firm 4: Money: -3.8764919273286935, Goods: 14, Land: 0, Labour: 0, Capital: 0, Goods Price: 26.79955716503823
Firm 5: Money: 585.8299173961683, Goods: 14, Land: 0, Labour: 0, Capital: 0, Goods Price: 37.659603583444934
Firm 6: Money: 761.3061334647665, Goods: 9, Land: 0, Labour: 0, Capital: 0, Goods Price: 22.206705965228252
Firm 7: Money: 502.3003572764211, Goods: 5, Land: 0, Labour: 0, Capital: 0, Goods Price: 31.332167704355054
Firm 8: Money: 529.8368372066772, Goods: 5, Land: 0, Labour: 0, Capital: 0, Goods Price: 26.68333977522839
Firm 9: Money: 803.5233440631065, Goods: 9, Land: 0, Labour: 0, Capital: 0, Goods Price: 29.40717611483343
Firm 10: Money: 515.05588444055, Goods: 4, Land: 0, Labour: 0, Capital: 0, Goods Price: 6.341449680623664
Self.nfirms:  10
[0, 1, 2, 3, 4, 5, 6, 7, 8, 9]
^^^
[0, 1, 2, 3, 4, 5, 6, 7, 8]
^^^
sold
[0, 1, 2, 3, 4, 6, 7, 8]
^^^
sold
[0, 1, 2, 3, 6, 7, 8]
^^^
sold
[0, 2, 3, 6, 7, 8]
^^^
sold
[0, 2, 3, 6, 7]
^^^
[0, 2, 6, 7]
^^^
sold
[0, 2, 6]
^^^
sold
[0, 6]
^^^
[0]
^^^
---
__
[0, 1, 2, 3, 4, 5, 6, 7, 8, 9]
[1, 2, 3, 4, 5, 6, 7, 8, 9]
[1, 3, 4, 5, 6, 7, 8, 9]
[1, 3, 5, 6, 7, 8, 9]
[1, 3, 6, 7, 8, 9]
[3, 6, 7, 8, 9]
[3, 6, 7, 9]
[3, 6, 7]
[6, 7]
[6]
producing
producing
producing
producing
producing
producing
producing
producing
producing
producing
Day 41:
Household 1: Income: 18.05340553654714, Goods: 11, Land: 2659, Labour: 5263, Capital: 5712
Household 2: Income: 292.58081970101676, Goods: 38, Land: 7720, Labour: 7379, Capital: 6462
Household 3: Income: 335.69368401568306, Goods: 39, Land: 9298, Labour: 3099, Capital: 3159
Household 4: Income: 18.33552077983905, Goods: 18, Land: 4206, Labour: 8643, Capital: 1608
Household 5: Income: 138.9715891495398, Goods: 37, Land: 6239, Labour: 9740, Capital: 4029
Household 6: Income: 97.49751072314596, Goods: 38, Land: 4208, Labour: 4248, Capital: 1750
Household 7: Income: 41.25991080819583, Goods: 28, Land: 3428, Labour: 3073, Capital: 7571
Household 8: Income: 323.0534430817648, Goods: 39, Land: 9892, Labour: 6737, Capital: 9364
Household 9: Income: 54.90931785584047, Goods: 30, Land: 1468, Labour: 8422, Capital: 2645
Household 10: Income: 20.469032337386608, Goods: 28, Land: 8473, Labour: 9388, Capital: 7372
Firm 1: Money: 634.5223722211966, Goods: 16, Land: 0, Labour: 0, Capital: 0, Goods Price: 39.92846347977125
Firm 2: Money: 602.8806155031145, Goods: 12, Land: 0, Labour: 0, Capital: 0, Goods Price: 33.81723845395895
Firm 3: Money: -176.56978869945587, Goods: 16, Land: 0, Labour: 0, Capital: 0, Goods Price: 42.126772157798904
Firm 4: Money: -5.77970073571073, Goods: 14, Land: 0, Labour: 0, Capital: 0, Goods Price: 40.49115655138125
Firm 5: Money: 586.6835396243264, Goods: 14, Land: 0, Labour: 0, Capital: 0, Goods Price: 36.69684811455154
Firm 6: Money: 791.5724677767064, Goods: 9, Land: 0, Labour: 0, Capital: 0, Goods Price: 0.43292125251868807
Firm 7: Money: 509.92913126449736, Goods: 5, Land: 0, Labour: 0, Capital: 0, Goods Price: 31.332167704355054
Firm 8: Money: 551.4811739527643, Goods: 5, Land: 0, Labour: 0, Capital: 0, Goods Price: 9.09821172073078
Firm 9: Money: 811.8408549053054, Goods: 9, Land: 0, Labour: 0, Capital: 0, Goods Price: 25.269343756960385
Firm 10: Money: 519.6721452907287, Goods: 4, Land: 0, Labour: 0, Capital: 0, Goods Price: 6.341449680623664
Self.nfirms:  10
[0, 1, 2, 3, 4, 5, 6, 7, 8, 9]
^^^
sold
[0, 1, 2, 3, 4, 6, 7, 8, 9]
^^^
sold
[0, 1, 3, 4, 6, 7, 8, 9]
^^^
[0, 1, 3, 4, 6, 7, 8]
^^^
[0, 1, 4, 6, 7, 8]
^^^
[0, 1, 4, 7, 8]
^^^
[1, 4, 7, 8]
^^^
sold
[1, 4, 7]
^^^
sold
[4, 7]
^^^
sold
[4]
^^^
---
__
[0, 1, 2, 3, 4, 5, 6, 7, 8, 9]
[0, 1, 2, 3, 4, 5, 6, 8, 9]
[1, 2, 3, 4, 5, 6, 8, 9]
[1, 2, 3, 4, 6, 8, 9]
[1, 2, 3, 4, 8, 9]
[1, 2, 3, 8, 9]
[2, 3, 8, 9]
[2, 3, 9]
[2, 3]
[3]
producing
producing
producing
producing
producing
producing
producing
producing
producing
producing
Day 42:
Household 1: Income: 34.37057187848542, Goods: 11, Land: 2658, Labour: 5262, Capital: 5711
Household 2: Income: 317.1032426946387, Goods: 39, Land: 7719, Labour: 7378, Capital: 6461
Household 3: Income: 353.7787084082636, Goods: 40, Land: 9297, Labour: 3098, Capital: 3158
Household 4: Income: 15.07439975562524, Goods: 19, Land: 4205, Labour: 8642, Capital: 1607
Household 5: Income: 113.4915991852358, Goods: 38, Land: 6238, Labour: 9739, Capital: 4028
Household 6: Income: 66.73034882887447, Goods: 39, Land: 4207, Labour: 4247, Capital: 1749
Household 7: Income: 5.025676509288931, Goods: 29, Land: 3427, Labour: 3072, Capital: 7570
Household 8: Income: 320.0050800588224, Goods: 40, Land: 9891, Labour: 6736, Capital: 9363
Household 9: Income: 44.80898492114203, Goods: 31, Land: 1467, Labour: 8421, Capital: 2644
Household 10: Income: 55.28120770831045, Goods: 28, Land: 8472, Labour: 9387, Capital: 7371
Firm 1: Money: 599.7101968502728, Goods: 17, Land: 0, Labour: 0, Capital: 0, Goods Price: 43.704486151212784
Firm 2: Money: 623.7958210237043, Goods: 12, Land: 0, Labour: 0, Capital: 0, Goods Price: 18.658597586721417
Firm 3: Money: -161.61290294100786, Goods: 16, Land: 0, Labour: 0, Capital: 0, Goods Price: 32.83710512472495
Firm 4: Money: 19.700289228593263, Goods: 14, Land: 0, Labour: 0, Capital: 0, Goods Price: 26.79955716503823
Firm 5: Money: 591.7984870948504, Goods: 14, Land: 0, Labour: 0, Capital: 0, Goods Price: 33.8835809120034
Firm 6: Money: 785.5005884182575, Goods: 9, Land: 0, Labour: 0, Capital: 0, Goods Price: 14.997350210197961
Firm 7: Money: 512.9774942874398, Goods: 5, Land: 0, Labour: 0, Capital: 0, Goods Price: 33.38939421129528
Firm 8: Money: 556.4781383785365, Goods: 5, Land: 0, Labour: 0, Capital: 0, Goods Price: 9.09821172073078
Firm 9: Money: 811.4519919049509, Goods: 10, Land: 0, Labour: 0, Capital: 0, Goods Price: 8.729472823383878
Firm 10: Money: 501.5871208981482, Goods: 4, Land: 0, Labour: 0, Capital: 0, Goods Price: 23.36741361269315
Self.nfirms:  10
[0, 1, 2, 3, 4, 5, 6, 7, 8, 9]
^^^
[0, 1, 2, 4, 5, 6, 7, 8, 9]
^^^
sold
[0, 1, 2, 4, 5, 6, 8, 9]
^^^
[1, 2, 4, 5, 6, 8, 9]
^^^
sold
[1, 2, 5, 6, 8, 9]
^^^
sold
[1, 2, 5, 6, 9]
^^^
sold
[1, 2, 6, 9]
^^^
sold
[1, 6, 9]
^^^
sold
[6, 9]
^^^
sold
[6]
^^^
---
__
[0, 1, 2, 3, 4, 5, 6, 7, 8, 9]
[1, 2, 3, 4, 5, 6, 7, 8, 9]
[1, 2, 3, 4, 5, 6, 7, 8]
[1, 3, 4, 5, 6, 7, 8]
[1, 3, 5, 6, 7, 8]
[1, 3, 6, 7, 8]
[1, 3, 6, 8]
[1, 3, 6]
[1, 6]
[1]
producing
producing
producing
producing
producing
producing
producing
producing
producing
producing
Day 43:
Household 1: Income: 17.154296459858923, Goods: 12, Land: 2657, Labour: 5261, Capital: 5710
Household 2: Income: 314.41128021841877, Goods: 40, Land: 7718, Labour: 7377, Capital: 6460
Household 3: Income: 344.64236163403433, Goods: 41, Land: 9296, Labour: 3097, Capital: 3157
Household 4: Income: 31.391566097563523, Goods: 19, Land: 4204, Labour: 8641, Capital: 1606
Household 5: Income: 98.81158439432164, Goods: 39, Land: 6237, Labour: 9738, Capital: 4027
Household 6: Income: 76.19194285412915, Goods: 40, Land: 4206, Labour: 4246, Capital: 1748
Household 7: Income: 35.09746167299655, Goods: 29, Land: 3426, Labour: 3071, Capital: 7569
Household 8: Income: 356.5597234843915, Goods: 41, Land: 9890, Labour: 6735, Capital: 9362
Household 9: Income: 26.570197202981166, Goods: 32, Land: 1466, Labour: 8420, Capital: 2643
Household 10: Income: 62.23025093999476, Goods: 29, Land: 8471, Labour: 9386, Capital: 7370
Firm 1: Money: 612.2785221767657, Goods: 17, Land: 0, Labour: 0, Capital: 0, Goods Price: 38.96409594399658
Firm 2: Money: 607.4786546817661, Goods: 13, Land: 0, Labour: 0, Capital: 0, Goods Price: 18.658597586721417
Firm 3: Money: -168.5619461726922, Goods: 16, Land: 0, Labour: 0, Capital: 0, Goods Price: 42.72933000714207
Firm 4: Money: -21.791634579002924, Goods: 15, Land: 0, Labour: 0, Capital: 0, Goods Price: 49.7808235844552
Firm 5: Money: 597.2398797692939, Goods: 14, Land: 0, Labour: 0, Capital: 0, Goods Price: 27.767378701027823
Firm 6: Money: 788.4808111498476, Goods: 9, Land: 0, Labour: 0, Capital: 0, Goods Price: 20.50967707783826
Firm 7: Money: 526.3383793608831, Goods: 5, Land: 0, Labour: 0, Capital: 0, Goods Price: 25.819840836714757
Firm 8: Money: 560.4172811969427, Goods: 5, Land: 0, Labour: 0, Capital: 0, Goods Price: 9.09821172073078
Firm 9: Money: 797.8373491755709, Goods: 10, Land: 0, Labour: 0, Capital: 0, Goods Price: 29.046978495283202
Firm 10: Money: 504.27908337436804, Goods: 4, Land: 0, Labour: 0, Capital: 0, Goods Price: 20.554146410145005
Self.nfirms:  10
[0, 1, 2, 3, 4, 5, 6, 7, 8, 9]
^^^
sold
[0, 1, 3, 4, 5, 6, 7, 8, 9]
^^^
sold
[0, 3, 4, 5, 6, 7, 8, 9]
^^^
sold
[0, 3, 5, 6, 7, 8, 9]
^^^
[3, 5, 6, 7, 8, 9]
^^^
[3, 5, 6, 7, 9]
^^^
[3, 5, 6, 7]
^^^
sold
[3, 5, 6]
^^^
sold
[5, 6]
^^^
[5]
^^^
sold
---
__
[0, 1, 2, 3, 4, 5, 6, 7, 8, 9]
[0, 1, 2, 3, 4, 5, 6, 8, 9]
[0, 1, 2, 3, 4, 5, 8, 9]
[1, 2, 3, 4, 5, 8, 9]
[1, 2, 4, 5, 8, 9]
[2, 4, 5, 8, 9]
[2, 4, 5, 8]
[2, 4, 8]
[4, 8]
[4]
producing
producing
producing
producing
producing
producing
producing
producing
producing
producing
Day 44:
Household 1: Income: 18.152434023479966, Goods: 12, Land: 2656, Labour: 5260, Capital: 5709
Household 2: Income: 296.1226354108954, Goods: 41, Land: 7717, Labour: 7376, Capital: 6459
Household 3: Income: 339.79460540088746, Goods: 42, Land: 9295, Labour: 3096, Capital: 3156
Household 4: Income: 32.472598314128234, Goods: 20, Land: 4203, Labour: 8640, Capital: 1605
Household 5: Income: 116.39275602229829, Goods: 40, Land: 6236, Labour: 9737, Capital: 4026
Household 6: Income: 102.65384844692421, Goods: 41, Land: 4205, Labour: 4245, Capital: 1747
Household 7: Income: 29.837593351612956, Goods: 30, Land: 3425, Labour: 3070, Capital: 7568
Household 8: Income: 357.0366853997095, Goods: 42, Land: 9889, Labour: 6734, Capital: 9361
Household 9: Income: 41.40340351261612, Goods: 32, Land: 1465, Labour: 8419, Capital: 2642
Household 10: Income: 43.24348420889427, Goods: 30, Land: 8470, Labour: 9385, Capital: 7369
Firm 1: Money: 621.0714943248628, Goods: 17, Land: 0, Labour: 0, Capital: 0, Goods Price: 35.96032484485077
Firm 2: Money: 583.6167025150078, Goods: 13, Land: 0, Labour: 0, Capital: 0, Goods Price: 41.386791828539465
Firm 3: Money: -162.75812754922825, Goods: 16, Land: 0, Labour: 0, Capital: 0, Goods Price: 40.069545650858686
Firm 4: Money: -2.4336906264614235, Goods: 15, Land: 0, Labour: 0, Capital: 0, Goods Price: 42.21127020987468
Firm 5: Money: 588.9333139628343, Goods: 14, Land: 0, Labour: 0, Capital: 0, Goods Price: 37.659603583444934
Firm 6: Money: 771.5495920118, Goods: 10, Land: 0, Labour: 0, Capital: 0, Goods Price: 22.206705965228252
Firm 7: Money: 533.2841484224425, Goods: 5, Land: 0, Labour: 0, Capital: 0, Goods Price: 24.099727178221322
Firm 8: Money: 566.8796084735424, Goods: 5, Land: 0, Labour: 0, Capital: 0, Goods Price: 9.09821172073078
Firm 9: Money: 780.9086152416401, Goods: 11, Land: 0, Labour: 0, Capital: 0, Goods Price: 25.269343756960385
Firm 10: Money: 508.8953442245468, Goods: 4, Land: 0, Labour: 0, Capital: 0, Goods Price: 20.554146410145005
Self.nfirms:  10
[0, 1, 2, 3, 4, 5, 6, 7, 8, 9]
^^^
[0, 1, 2, 4, 5, 6, 7, 8, 9]
^^^
sold
[0, 1, 2, 4, 5, 6, 7, 9]
^^^
sold
[0, 1, 2, 4, 5, 6, 9]
^^^
sold
[0, 1, 4, 5, 6, 9]
^^^
sold
[0, 1, 4, 5, 9]
^^^
sold
[0, 1, 5, 9]
^^^
[0, 1, 5]
^^^
[1, 5]
^^^
sold
[5]
^^^
sold
---
__
[0, 1, 2, 3, 4, 5, 6, 7, 8, 9]
[0, 1, 2, 3, 4, 5, 6, 7, 9]
[0, 1, 2, 3, 4, 5, 7, 9]
[0, 1, 2, 3, 5, 7, 9]
[0, 1, 2, 3, 7, 9]
[1, 2, 3, 7, 9]
[1, 2, 3, 7]
[1, 2, 3]
[2, 3]
[3]
producing
producing
producing
producing
producing
producing
producing
producing
producing
producing
Day 45:
Household 1: Income: 19.15057158710101, Goods: 12, Land: 2655, Labour: 5259, Capital: 5708
Household 2: Income: 296.2439401372236, Goods: 42, Land: 7716, Labour: 7375, Capital: 6458
Household 3: Income: 375.8689853337229, Goods: 43, Land: 9294, Labour: 3095, Capital: 3155
Household 4: Income: 50.4051537768593, Goods: 20, Land: 4202, Labour: 8639, Capital: 1604
Household 5: Income: 101.86404637693191, Goods: 41, Land: 6235, Labour: 9736, Capital: 4025
Household 6: Income: 76.3538551270067, Goods: 42, Land: 4204, Labour: 4244, Capital: 1746
Household 7: Income: 23.66706982267019, Goods: 31, Land: 3424, Labour: 3069, Capital: 7567
Household 8: Income: 371.3075070817725, Goods: 43, Land: 9888, Labour: 6733, Capital: 9360
Household 9: Income: 32.037972467130295, Goods: 33, Land: 1464, Labour: 8418, Capital: 2641
Household 10: Income: 32.735106626242484, Goods: 31, Land: 8469, Labour: 9384, Capital: 7368
Firm 1: Money: 586.8618768032821, Goods: 18, Land: 0, Labour: 0, Capital: 0, Goods Price: 43.10192830186962
Firm 2: Money: 612.101461410178, Goods: 13, Land: 0, Labour: 0, Capital: 0, Goods Price: 18.658597586721417
Firm 3: Money: -144.09632653082423, Goods: 16, Land: 0, Labour: 0, Capital: 0, Goods Price: 25.237521068615287
Firm 4: Money: -43.56541681450738, Goods: 16, Land: 0, Labour: 0, Capital: 0, Goods Price: 49.42062596490497
Firm 5: Money: 590.6616230113124, Goods: 14, Land: 0, Labour: 0, Capital: 0, Goods Price: 37.659603583444934
Firm 6: Money: 782.9700589329987, Goods: 10, Land: 0, Labour: 0, Capital: 0, Goods Price: 14.997350210197961
Firm 7: Money: 531.1572974261916, Goods: 5, Land: 0, Labour: 0, Capital: 0, Goods Price: 31.332167704355054
Firm 8: Money: 570.9388171651319, Goods: 5, Land: 0, Labour: 0, Capital: 0, Goods Price: 9.09821172073078
Firm 9: Money: 791.619405853791, Goods: 11, Land: 0, Labour: 0, Capital: 0, Goods Price: 20.11750908175948
Firm 10: Money: 508.77403949821854, Goods: 4, Land: 0, Labour: 0, Capital: 0, Goods Price: 20.554146410145005
Self.nfirms:  10
[0, 1, 2, 3, 4, 5, 6, 7, 8, 9]
^^^
[0, 1, 2, 3, 5, 6, 7, 8, 9]
^^^
[0, 1, 2, 3, 5, 6, 7, 8]
^^^
sold
[0, 1, 2, 3, 6, 7, 8]
^^^
[0, 1, 2, 3, 6, 7]
^^^
sold
[0, 2, 3, 6, 7]
^^^
sold
[0, 3, 6, 7]
^^^
[3, 6, 7]
^^^
sold
[3, 6]
^^^
[6]
^^^
---
__
[0, 1, 2, 3, 4, 5, 6, 7, 8, 9]
[1, 2, 3, 4, 5, 6, 7, 8, 9]
[1, 2, 3, 4, 5, 6, 7, 8]
[1, 3, 4, 5, 6, 7, 8]
[1, 3, 4, 6, 7, 8]
[1, 4, 6, 7, 8]
[4, 6, 7, 8]
[4, 7, 8]
[4, 7]
[4]
producing
producing
producing
producing
producing
producing
producing
producing
producing
producing
Day 46:
Household 1: Income: 21.572192517821673, Goods: 13, Land: 2654, Labour: 5258, Capital: 5707
Household 2: Income: 294.8064042173391, Goods: 43, Land: 7715, Labour: 7374, Capital: 6457
Household 3: Income: 392.6864965746614, Goods: 44, Land: 9293, Labour: 3094, Capital: 3154
Household 4: Income: 59.25875485917356, Goods: 21, Land: 4201, Labour: 8638, Capital: 1603
Household 5: Income: 81.70850965589942, Goods: 42, Land: 6234, Labour: 9735, Capital: 4024
Household 6: Income: 73.05746021551367, Goods: 43, Land: 4203, Labour: 4243, Capital: 1745
Household 7: Income: 40.59580375660115, Goods: 31, Land: 3423, Labour: 3068, Capital: 7566
Household 8: Income: 379.4738026814257, Goods: 44, Land: 9887, Labour: 6732, Capital: 9359
Household 9: Income: 43.49411166129045, Goods: 33, Land: 1463, Labour: 8417, Capital: 2640
Household 10: Income: 14.988508577476113, Goods: 32, Land: 8468, Labour: 9383, Capital: 7367
Firm 1: Money: 559.7938627387202, Goods: 19, Land: 0, Labour: 0, Capital: 0, Goods Price: 35.96032484485077
Firm 2: Money: 611.3397829236236, Goods: 13, Land: 0, Labour: 0, Capital: 0, Goods Price: 18.658597586721417
Firm 3: Money: -153.26113238769358, Goods: 16, Land: 0, Labour: 0, Capital: 0, Goods Price: 40.069545650858686
Firm 4: Money: -9.155957436679659, Goods: 16, Land: 0, Labour: 0, Capital: 0, Goods Price: 26.79955716503823
Firm 5: Money: 557.3308308257491, Goods: 15, Land: 0, Labour: 0, Capital: 0, Goods Price: 36.69684811455154
Firm 6: Money: 787.0665199797467, Goods: 10, Land: 0, Labour: 0, Capital: 0, Goods Price: 19.393438762680113
Firm 7: Money: 543.2916795204281, Goods: 5, Land: 0, Labour: 0, Capital: 0, Goods Price: 33.38939421129528
Firm 8: Money: 564.5309832997376, Goods: 5, Land: 0, Labour: 0, Capital: 0, Goods Price: 28.403453433721822
Firm 9: Money: 790.647249662916, Goods: 11, Land: 0, Labour: 0, Capital: 0, Goods Price: 25.269343756960385
Firm 10: Money: 513.8311812486829, Goods: 4, Land: 0, Labour: 0, Capital: 0, Goods Price: 14.437944199169422
Self.nfirms:  10
[0, 1, 2, 3, 4, 5, 6, 7, 8, 9]
^^^
sold
[0, 1, 2, 3, 4, 5, 6, 8, 9]
^^^
sold
[0, 1, 2, 3, 5, 6, 8, 9]
^^^
sold
[0, 1, 2, 3, 6, 8, 9]
^^^
[0, 1, 2, 3, 6, 8]
^^^
sold
[0, 1, 3, 6, 8]
^^^
[0, 1, 6, 8]
^^^
sold
[0, 6, 8]
^^^
sold
[0, 6]
^^^
[0]
^^^
---
__
[0, 1, 2, 3, 4, 5, 6, 7, 8, 9]
[0, 2, 3, 4, 5, 6, 7, 8, 9]
[0, 3, 4, 5, 6, 7, 8, 9]
[0, 3, 4, 5, 6, 7, 9]
[0, 3, 4, 5, 6, 9]
[0, 3, 4, 6, 9]
[3, 4, 6, 9]
[4, 6, 9]
[6, 9]
[9]
producing
producing
producing
producing
producing
producing
producing
producing
producing
producing
Day 47:
Household 1: Income: 16.894246445823047, Goods: 14, Land: 2653, Labour: 5257, Capital: 5706
Household 2: Income: 288.87612099730023, Goods: 44, Land: 7714, Labour: 7373, Capital: 6456
Household 3: Income: 387.10064355204514, Goods: 45, Land: 9292, Labour: 3093, Capital: 3153
Household 4: Income: 31.646637677454795, Goods: 22, Land: 4200, Labour: 8637, Capital: 1602
Household 5: Income: 67.17543043136537, Goods: 43, Land: 6233, Labour: 9734, Capital: 4023
Household 6: Income: 56.013617045319265, Goods: 44, Land: 4202, Labour: 4242, Capital: 1744
Household 7: Income: 26.61392213239923, Goods: 32, Land: 3422, Labour: 3067, Capital: 7565
Household 8: Income: 410.6887136285562, Goods: 45, Land: 9886, Labour: 6731, Capital: 9358
Household 9: Income: 50.301212507620946, Goods: 34, Land: 1462, Labour: 8416, Capital: 2639
Household 10: Income: 15.986646141097157, Goods: 32, Land: 8467, Labour: 9382, Capital: 7366
Firm 1: Money: 528.757710039238, Goods: 20, Land: 0, Labour: 0, Capital: 0, Goods Price: 39.92846347977125
Firm 2: Money: 612.6168385073944, Goods: 13, Land: 0, Labour: 0, Capital: 0, Goods Price: 18.658597586721417
Firm 3: Money: -134.2272519309035, Goods: 16, Land: 0, Labour: 0, Capital: 0, Goods Price: 25.237521068615287
Firm 4: Money: -20.348833278135643, Goods: 16, Land: 0, Labour: 0, Capital: 0, Goods Price: 49.7808235844552
Firm 5: Money: 566.1511669985374, Goods: 15, Land: 0, Labour: 0, Capital: 0, Goods Price: 27.767378701027823
Firm 6: Money: 799.9551581314591, Goods: 10, Land: 0, Labour: 0, Capital: 0, Goods Price: 14.997350210197961
Firm 7: Money: 548.8775325430444, Goods: 5, Land: 0, Labour: 0, Capital: 0, Goods Price: 33.02919659174505
Firm 8: Money: 590.2985522893283, Goods: 5, Land: 0, Labour: 0, Capital: 0, Goods Price: 9.09821172073078
Firm 9: Money: 818.2593668446348, Goods: 11, Land: 0, Labour: 0, Capital: 0, Goods Price: 8.729472823383878
Firm 10: Money: 505.4196143888548, Goods: 4, Land: 0, Labour: 0, Capital: 0, Goods Price: 21.670384725303155
Self.nfirms:  10
[0, 1, 2, 3, 4, 5, 6, 7, 8, 9]
^^^
[0, 1, 2, 4, 5, 6, 7, 8, 9]
^^^
[1, 2, 4, 5, 6, 7, 8, 9]
^^^
sold
[1, 2, 5, 6, 7, 8, 9]
^^^
[1, 2, 5, 7, 8, 9]
^^^
sold
[1, 2, 5, 8, 9]
^^^
sold
[1, 2, 8, 9]
^^^
[1, 2, 8]
^^^
sold
[1, 2]
^^^
sold
[1]
^^^
sold
---
__
[0, 1, 2, 3, 4, 5, 6, 7, 8, 9]
[0, 1, 2, 3, 5, 6, 7, 8, 9]
[0, 1, 2, 3, 5, 6, 7, 8]
[0, 1, 3, 5, 6, 7, 8]
[1, 3, 5, 6, 7, 8]
[1, 3, 5, 6, 7]
[1, 5, 6, 7]
[1, 6, 7]
[6, 7]
[7]
producing
producing
producing
producing
producing
producing
producing
producing
producing
producing
Day 48:
Household 1: Income: 6.431274760947381, Goods: 15, Land: 2652, Labour: 5256, Capital: 5705
Household 2: Income: 280.5168661296804, Goods: 45, Land: 7713, Labour: 7372, Capital: 6455
Household 3: Income: 384.54383772335746, Goods: 46, Land: 9291, Labour: 3092, Capital: 3152
Household 4: Income: 44.81910633079898, Goods: 23, Land: 4199, Labour: 8636, Capital: 1601
Household 5: Income: 71.04588171155451, Goods: 44, Land: 6232, Labour: 9733, Capital: 4022
Household 6: Income: 74.12982092480729, Goods: 45, Land: 4201, Labour: 4241, Capital: 1743
Household 7: Income: 43.542656066330196, Goods: 32, Land: 3421, Labour: 3066, Capital: 7564
Household 8: Income: 424.43393045055916, Goods: 46, Land: 9885, Labour: 6730, Capital: 9357
Household 9: Income: 35.054348661765644, Goods: 35, Land: 1461, Labour: 8415, Capital: 2638
Household 10: Income: 33.88062074803807, Goods: 32, Land: 8466, Labour: 9381, Capital: 7365
Firm 1: Money: 537.5772939889271, Goods: 20, Land: 0, Labour: 0, Capital: 0, Goods Price: 35.96032484485077
Firm 2: Money: 581.1410312982185, Goods: 14, Land: 0, Labour: 0, Capital: 0, Goods Price: 33.81723845395895
Firm 3: Money: -147.9724687529066, Goods: 16, Land: 0, Labour: 0, Capital: 0, Goods Price: 42.126772157798904
Firm 4: Money: -11.989578410515826, Goods: 16, Land: 0, Labour: 0, Capital: 0, Goods Price: 46.60735876235683
Firm 5: Money: 559.5233778529896, Goods: 15, Land: 0, Labour: 0, Capital: 0, Goods Price: 36.69684811455154
Firm 6: Money: 795.4207868542059, Goods: 10, Land: 0, Labour: 0, Capital: 0, Goods Price: 23.169461434121647
Firm 7: Money: 526.8118857072758, Goods: 6, Land: 0, Labour: 0, Capital: 0, Goods Price: 31.332167704355054
Firm 8: Money: 603.195960136925, Goods: 5, Land: 0, Labour: 0, Capital: 0, Goods Price: 9.09821172073078
Firm 9: Money: 812.7917421592007, Goods: 11, Land: 0, Labour: 0, Capital: 0, Goods Price: 25.269343756960385
Firm 10: Money: 512.158670750274, Goods: 4, Land: 0, Labour: 0, Capital: 0, Goods Price: 14.437944199169422
Self.nfirms:  10
[0, 1, 2, 3, 4, 5, 6, 7, 8, 9]
^^^
sold
[0, 1, 3, 4, 5, 6, 7, 8, 9]
^^^
[0, 1, 3, 5, 6, 7, 8, 9]
^^^
[1, 3, 5, 6, 7, 8, 9]
^^^
sold
[1, 3, 5, 6, 7, 9]
^^^
[1, 5, 6, 7, 9]
^^^
sold
[5, 6, 7, 9]
^^^
sold
[6, 7, 9]
^^^
sold
[6, 9]
^^^
[9]
^^^
---
__
[0, 1, 2, 3, 4, 5, 6, 7, 8, 9]
[0, 1, 2, 3, 4, 5, 6, 7, 8]
[0, 1, 2, 3, 4, 5, 6, 8]
[0, 2, 3, 4, 5, 6, 8]
[2, 3, 4, 5, 6, 8]
[2, 3, 4, 5, 8]
[3, 4, 5, 8]
[3, 4, 5]
[3, 4]
[4]
producing
producing
producing
producing
producing
producing
producing
producing
producing
producing
Day 49:
Household 1: Income: 20.368116998688873, Goods: 15, Land: 2651, Labour: 5255, Capital: 5704
Household 2: Income: 266.19267153231334, Goods: 46, Land: 7712, Labour: 7371, Capital: 6454
Household 3: Income: 372.59422374658004, Goods: 47, Land: 9290, Labour: 3091, Capital: 3151
Household 4: Income: 33.13529249066404, Goods: 24, Land: 4198, Labour: 8635, Capital: 1600
Household 5: Income: 36.17322239875324, Goods: 45, Land: 6231, Labour: 9732, Capital: 4021
Household 6: Income: 69.20258252869269, Goods: 46, Land: 4200, Labour: 4240, Capital: 1742
Household 7: Income: 45.980913410170444, Goods: 33, Land: 3420, Labour: 3065, Capital: 7563
Household 8: Income: 416.75741028712105, Goods: 47, Land: 9884, Labour: 6729, Capital: 9356
Household 9: Income: 38.476651796207385, Goods: 36, Land: 1460, Labour: 8414, Capital: 2637
Household 10: Income: 32.43554068201631, Goods: 33, Land: 8465, Labour: 9380, Capital: 7364
Firm 1: Money: 534.5645121241504, Goods: 20, Land: 0, Labour: 0, Capital: 0, Goods Price: 43.704486151212784
Firm 2: Money: 597.0033565297291, Goods: 14, Land: 0, Labour: 0, Capital: 0, Goods Price: 18.658597586721417
Firm 3: Money: -136.20105950377942, Goods: 16, Land: 0, Labour: 0, Capital: 0, Goods Price: 34.55721878321838
Firm 4: Money: 19.60661376476375, Goods: 16, Land: 0, Labour: 0, Capital: 0, Goods Price: 26.79955716503823
Firm 5: Money: 578.2425182642794, Goods: 15, Land: 0, Labour: 0, Capital: 0, Goods Price: 17.302898166729754
Firm 6: Money: 780.1865966035484, Goods: 11, Land: 0, Labour: 0, Capital: 0, Goods Price: 20.50967707783826
Firm 7: Money: 538.9462678015124, Goods: 6, Land: 0, Labour: 0, Capital: 0, Goods Price: 33.38939421129528
Firm 8: Money: 586.5303283675491, Goods: 5, Land: 0, Labour: 0, Capital: 0, Goods Price: 32.79954198620398
Firm 9: Money: 820.0863536690202, Goods: 11, Land: 0, Labour: 0, Capital: 0, Goods Price: 29.046978495283202
Firm 10: Money: 516.7749316004528, Goods: 4, Land: 0, Labour: 0, Capital: 0, Goods Price: 14.437944199169422
Self.nfirms:  10
[0, 1, 2, 3, 4, 5, 6, 7, 8, 9]
^^^
sold
[0, 1, 2, 3, 4, 5, 6, 7, 8]
^^^
[0, 1, 2, 3, 5, 6, 7, 8]
^^^
sold
[0, 2, 3, 5, 6, 7, 8]
^^^
sold
[0, 2, 3, 6, 7, 8]
^^^
[0, 2, 3, 7, 8]
^^^
[2, 3, 7, 8]
^^^
sold
[2, 3, 7]
^^^
[2, 7]
^^^
sold
[7]
^^^
sold
---
__
[0, 1, 2, 3, 4, 5, 6, 7, 8, 9]
[0, 1, 2, 3, 4, 5, 6, 7, 8]
[0, 1, 2, 3, 4, 5, 7, 8]
[0, 1, 2, 3, 5, 7, 8]
[0, 2, 3, 5, 7, 8]
[0, 2, 3, 5, 7]
[0, 2, 3, 5]
[2, 3, 5]
[2, 3]
[3]
producing
producing
producing
producing
producing
producing
producing
producing
producing
producing
Day 50:
Household 1: Income: -4.840797867775296, Goods: 16, Land: 2650, Labour: 5254, Capital: 5703
Household 2: Income: 280.4344459156289, Goods: 47, Land: 7711, Labour: 7370, Capital: 6453
Household 3: Income: 363.9520636730589, Goods: 48, Land: 9289, Labour: 3090, Capital: 3150
Household 4: Income: 22.087803162067885, Goods: 25, Land: 4197, Labour: 8634, Capital: 1599
Household 5: Income: 61.98892854300561, Goods: 45, Land: 6230, Labour: 9731, Capital: 4020
Household 6: Income: 70.20548105900015, Goods: 47, Land: 4199, Labour: 4239, Capital: 1741
Household 7: Income: 28.835449843754944, Goods: 34, Land: 3419, Labour: 3064, Capital: 7562
Household 8: Income: 440.69001494823596, Goods: 48, Land: 9883, Labour: 6728, Capital: 9355
Household 9: Income: 33.69426848465015, Goods: 37, Land: 1459, Labour: 8413, Capital: 2636
Household 10: Income: 24.067512483822796, Goods: 34, Land: 8464, Labour: 9379, Capital: 7363
Firm 1: Money: 500.35489460256974, Goods: 21, Land: 0, Labour: 0, Capital: 0, Goods Price: 43.10192830186962
Firm 2: Money: 602.7599211830814, Goods: 14, Land: 0, Labour: 0, Capital: 0, Goods Price: 18.658597586721417
Firm 3: Money: -134.92992933088755, Goods: 16, Land: 0, Labour: 0, Capital: 0, Goods Price: 38.953307335700536
Firm 4: Money: 15.98329129788828, Goods: 16, Land: 0, Labour: 0, Capital: 0, Goods Price: 42.21127020987468
Firm 5: Money: 567.931654421902, Goods: 15, Land: 0, Labour: 0, Capital: 0, Goods Price: 29.91544227708292
Firm 6: Money: 784.4395795503243, Goods: 11, Land: 0, Labour: 0, Capital: 0, Goods Price: 18.429071226905435
Firm 7: Money: 571.429980418461, Goods: 6, Land: 0, Labour: 0, Capital: 0, Goods Price: 6.131336997412615
Firm 8: Money: 598.3114978999874, Goods: 5, Land: 0, Labour: 0, Capital: 0, Goods Price: 33.91578030136212
Firm 9: Money: 824.0651795368983, Goods: 11, Land: 0, Labour: 0, Capital: 0, Goods Price: 29.046978495283202
Firm 10: Money: 515.5958052667582, Goods: 4, Land: 0, Labour: 0, Capital: 0, Goods Price: 14.437944199169422
Self.nfirms:  10
[0, 1, 2, 3, 4, 5, 6, 7, 8, 9]
^^^
sold
[0, 1, 2, 3, 4, 5, 6, 7, 9]
^^^
sold
[0, 1, 2, 3, 5, 6, 7, 9]
^^^
[0, 1, 2, 5, 6, 7, 9]
^^^
[1, 2, 5, 6, 7, 9]
^^^
sold
[1, 2, 6, 7, 9]
^^^
sold
[1, 2, 6, 9]
^^^
sold
[1, 6, 9]
^^^
[1, 6]
^^^
[1]
^^^
sold
---
__
[0, 1, 2, 3, 4, 5, 6, 7, 8, 9]
[0, 1, 2, 4, 5, 6, 7, 8, 9]
[0, 1, 2, 4, 5, 7, 8, 9]
[0, 2, 4, 5, 7, 8, 9]
[2, 4, 5, 7, 8, 9]
[2, 5, 7, 8, 9]
[2, 7, 8, 9]
[2, 7, 8]
[2, 7]
[2]
producing
producing
producing
producing
producing
producing
producing
producing
producing
producing
Day 51:
Household 1: Income: -3.8426603041542506, Goods: 16, Land: 2649, Labour: 5253, Capital: 5702
Household 2: Income: 278.9969099957444, Goods: 48, Land: 7710, Labour: 7369, Capital: 6452
Household 3: Income: 388.01659387177426, Goods: 49, Land: 9288, Labour: 3089, Capital: 3149
Household 4: Income: 25.447447837682283, Goods: 25, Land: 4196, Labour: 8633, Capital: 1598
Household 5: Income: 45.520150161892474, Goods: 46, Land: 6229, Labour: 9730, Capital: 4019
Household 6: Income: 63.55432816265132, Goods: 48, Land: 4198, Labour: 4238, Capital: 1740
Household 7: Income: 25.700265972581196, Goods: 34, Land: 3418, Labour: 3063, Capital: 7561
Household 8: Income: 472.92922681110764, Goods: 49, Land: 9882, Labour: 6727, Capital: 9354
Household 9: Income: 46.08526646943947, Goods: 38, Land: 1458, Labour: 8412, Capital: 2635
Household 10: Income: 58.361060138279484, Goods: 34, Land: 8463, Labour: 9378, Capital: 7362
Firm 1: Money: 466.1452770809891, Goods: 22, Land: 0, Labour: 0, Capital: 0, Goods Price: 43.10192830186962
Firm 2: Money: 588.5597154877829, Goods: 14, Land: 0, Labour: 0, Capital: 0, Goods Price: 32.09712479546552
Firm 3: Money: -133.91342009727506, Goods: 16, Land: 0, Labour: 0, Capital: 0, Goods Price: 41.766574538248676
Firm 4: Money: 22.634444194237105, Goods: 16, Land: 0, Labour: 0, Capital: 0, Goods Price: 42.21127020987468
Firm 5: Money: 533.6381067674453, Goods: 16, Land: 0, Labour: 0, Capital: 0, Goods Price: 37.659603583444934
Firm 6: Money: 787.6863231807179, Goods: 11, Land: 0, Labour: 0, Capital: 0, Goods Price: 19.393438762680113
Firm 7: Money: 576.5355699483437, Goods: 6, Land: 0, Labour: 0, Capital: 0, Goods Price: 6.131336997412615
Firm 8: Money: 597.3133603363665, Goods: 6, Land: 0, Labour: 0, Capital: 0, Goods Price: 9.09821172073078
Firm 9: Money: 805.0558397520344, Goods: 12, Land: 0, Labour: 0, Capital: 0, Goods Price: 27.349949607893212
Firm 10: Money: 522.6332393247928, Goods: 4, Land: 0, Labour: 0, Capital: 0, Goods Price: 6.341449680623664
Self.nfirms:  10
[0, 1, 2, 3, 4, 5, 6, 7, 8, 9]
^^^
[1, 2, 3, 4, 5, 6, 7, 8, 9]
^^^
[1, 2, 3, 4, 5, 7, 8, 9]
^^^
sold
[1, 3, 4, 5, 7, 8, 9]
^^^
sold
[1, 3, 4, 5, 8, 9]
^^^
[1, 3, 4, 5, 8]
^^^
sold
[1, 3, 4, 5]
^^^
sold
[1, 3, 5]
^^^
sold
[1, 3]
^^^
sold
[3]
^^^
---
__
[0, 1, 2, 3, 4, 5, 6, 7, 8, 9]
[0, 1, 2, 3, 4, 5, 6, 7, 9]
[0, 1, 2, 3, 4, 5, 6, 9]
[0, 2, 3, 4, 5, 6, 9]
[2, 3, 4, 5, 6, 9]
[2, 3, 5, 6, 9]
[2, 3, 5, 9]
[2, 3, 9]
[3, 9]
[9]
producing
producing
producing
producing
producing
producing
producing
producing
producing
producing
Day 52:
Household 1: Income: 14.089895158576816, Goods: 16, Land: 2648, Labour: 5252, Capital: 5701
Household 2: Income: 264.1208468671158, Goods: 49, Land: 7709, Labour: 7368, Capital: 6451
Household 3: Income: 411.3491835388205, Goods: 50, Land: 9287, Labour: 3088, Capital: 3148
Household 4: Income: 52.515461902244084, Goods: 25, Land: 4195, Labour: 8632, Capital: 1597
Household 5: Income: 24.40406841792568, Goods: 47, Land: 6228, Labour: 9729, Capital: 4018
Household 6: Income: 36.60175335756641, Goods: 49, Land: 4197, Labour: 4237, Capital: 1739
Household 7: Income: 8.66953669018983, Goods: 35, Land: 3417, Labour: 3062, Capital: 7560
Household 8: Income: 470.80677483372205, Goods: 50, Land: 9881, Labour: 6726, Capital: 9353
Household 9: Income: 65.20951522186772, Goods: 39, Land: 1457, Labour: 8411, Capital: 2634
Household 10: Income: 48.302772971897376, Goods: 35, Land: 8462, Labour: 9377, Capital: 7361
Firm 1: Money: 478.70400214857335, Goods: 22, Land: 0, Labour: 0, Capital: 0, Goods Price: 35.96032484485077
Firm 2: Money: 578.8685675877047, Goods: 14, Land: 0, Labour: 0, Capital: 0, Goods Price: 41.02659420898924
Firm 3: Money: -111.71714790226761, Goods: 16, Land: 0, Labour: 0, Capital: 0, Goods Price: 25.237521068615287
Firm 4: Money: 4.123786806057883, Goods: 17, Land: 0, Labour: 0, Capital: 0, Goods Price: 26.79955716503823
Firm 5: Money: 509.23678399540563, Goods: 17, Land: 0, Labour: 0, Capital: 0, Goods Price: 27.767378701027823
Firm 6: Money: 788.9209445423783, Goods: 11, Land: 0, Labour: 0, Capital: 0, Goods Price: 19.393438762680113
Firm 7: Money: 590.7271785495205, Goods: 6, Land: 0, Labour: 0, Capital: 0, Goods Price: 6.131336997412615
Firm 8: Money: 610.2107681839632, Goods: 6, Land: 0, Labour: 0, Capital: 0, Goods Price: 9.09821172073078
Firm 9: Money: 807.17829172942, Goods: 12, Land: 0, Labour: 0, Capital: 0, Goods Price: 29.40717611483343
Firm 10: Money: 514.7340604917506, Goods: 4, Land: 0, Labour: 0, Capital: 0, Goods Price: 16.158057857662854
Self.nfirms:  10
[0, 1, 2, 3, 4, 5, 6, 7, 8, 9]
^^^
[0, 1, 2, 3, 4, 5, 6, 7, 8]
^^^
sold
[0, 1, 3, 4, 5, 6, 7, 8]
^^^
sold
[0, 1, 3, 4, 5, 6, 8]
^^^
[0, 1, 4, 5, 6, 8]
^^^
[0, 1, 5, 6, 8]
^^^
[0, 1, 5, 8]
^^^
[1, 5, 8]
^^^
sold
[1, 8]
^^^
sold
[8]
^^^
sold
---
__
[0, 1, 2, 3, 4, 5, 6, 7, 8, 9]
[0, 1, 2, 4, 5, 6, 7, 8, 9]
[0, 1, 2, 4, 5, 6, 7, 9]
[0, 1, 2, 4, 5, 7, 9]
[0, 1, 4, 5, 7, 9]
[0, 1, 4, 5, 7]
[0, 1, 4, 5]
[0, 4, 5]
[0, 4]
[0]
producing
producing
producing
producing
producing
producing
producing
producing
producing
producing
Day 53:
Household 1: Income: 32.02245062130788, Goods: 16, Land: 2647, Labour: 5251, Capital: 5700
Household 2: Income: 268.3343054666351, Goods: 50, Land: 7708, Labour: 7367, Capital: 6450
Household 3: Income: 428.8376908999316, Goods: 51, Land: 9286, Labour: 3087, Capital: 3147
Household 4: Income: 44.81868184785533, Goods: 26, Land: 4194, Labour: 8631, Capital: 1596
Household 5: Income: 46.46971525369437, Goods: 47, Land: 6227, Labour: 9728, Capital: 4017
Household 6: Income: 22.58255466983791, Goods: 50, Land: 4196, Labour: 4236, Capital: 1738
Household 7: Income: 21.823121089914537, Goods: 35, Land: 3416, Labour: 3061, Capital: 7559
Household 8: Income: 497.06619121734184, Goods: 51, Land: 9880, Labour: 6725, Capital: 9352
Household 9: Income: 75.03578351372393, Goods: 40, Land: 1456, Labour: 8410, Capital: 2633
Household 10: Income: 56.07635170182693, Goods: 36, Land: 8461, Labour: 9376, Capital: 7360
Firm 1: Money: 488.1066296244072, Goods: 22, Land: 0, Labour: 0, Capital: 0, Goods Price: 33.81226126879567
Firm 2: Money: 540.1834046234984, Goods: 15, Land: 0, Labour: 0, Capital: 0, Goods Price: 41.02659420898924
Firm 3: Money: -108.45304776190366, Goods: 16, Land: 0, Labour: 0, Capital: 0, Goods Price: 25.237521068615287
Firm 4: Money: -37.3681370015383, Goods: 18, Land: 0, Labour: 0, Capital: 0, Goods Price: 49.7808235844552
Firm 5: Money: 478.71925901239047, Goods: 18, Land: 0, Labour: 0, Capital: 0, Goods Price: 33.8835809120034
Firm 6: Money: 790.99986756663, Goods: 11, Land: 0, Labour: 0, Capital: 0, Goods Price: 18.429071226905435
Firm 7: Money: 579.7179564437552, Goods: 6, Land: 0, Labour: 0, Capital: 0, Goods Price: 31.332167704355054
Firm 8: Money: 603.8029343185689, Goods: 6, Land: 0, Labour: 0, Capital: 0, Goods Price: 28.403453433721822
Firm 9: Money: 811.8132339717688, Goods: 12, Land: 0, Labour: 0, Capital: 0, Goods Price: 30.009733964176593
Firm 10: Money: 526.4680980127865, Goods: 4, Land: 0, Labour: 0, Capital: 0, Goods Price: 6.341449680623664
Self.nfirms:  10
[0, 1, 2, 3, 4, 5, 6, 7, 8, 9]
^^^
[0, 1, 2, 4, 5, 6, 7, 8, 9]
^^^
sold
[0, 1, 2, 5, 6, 7, 8, 9]
^^^
sold
[0, 1, 5, 6, 7, 8, 9]
^^^
sold
[0, 1, 5, 6, 7, 8]
^^^
sold
[0, 5, 6, 7, 8]
^^^
sold
[0, 5, 6, 8]
^^^
sold
[0, 5, 6]
^^^
[0, 6]
^^^
[6]
^^^
---
__
[0, 1, 2, 3, 4, 5, 6, 7, 8, 9]
[0, 1, 2, 3, 5, 6, 7, 8, 9]
[0, 1, 2, 3, 5, 6, 7, 9]
[1, 2, 3, 5, 6, 7, 9]
[1, 2, 5, 6, 7, 9]
[2, 5, 6, 7, 9]
[2, 5, 6, 9]
[5, 6, 9]
[5, 6]
[5]
producing
producing
producing
producing
producing
producing
producing
producing
producing
producing
Day 54:
Household 1: Income: 48.339616963246165, Goods: 16, Land: 2646, Labour: 5250, Capital: 5699
Household 2: Income: 267.12629590656655, Goods: 51, Land: 7707, Labour: 7366, Capital: 6449
Household 3: Income: 419.77266376891004, Goods: 52, Land: 9285, Labour: 3086, Capital: 3146
Household 4: Income: 29.550450186377738, Goods: 27, Land: 4193, Labour: 8630, Capital: 1595
Household 5: Income: 75.75584575743474, Goods: 48, Land: 6226, Labour: 9727, Capital: 4016
Household 6: Income: 48.70399110037091, Goods: 50, Land: 4195, Labour: 4235, Capital: 1737
Household 7: Income: 40.33377847809376, Goods: 35, Land: 3415, Labour: 3060, Capital: 7558
Household 8: Income: 494.0178281943994, Goods: 52, Land: 9879, Labour: 6724, Capital: 9351
Household 9: Income: 64.67369082867835, Goods: 41, Land: 1455, Labour: 8409, Capital: 2632
Household 10: Income: 29.91419942058933, Goods: 37, Land: 8460, Labour: 9375, Capital: 7359
Firm 1: Money: 485.7256344130422, Goods: 22, Land: 0, Labour: 0, Capital: 0, Goods Price: 41.0447017949294
Firm 2: Money: 523.8662382815602, Goods: 16, Land: 0, Labour: 0, Capital: 0, Goods Price: 18.658597586721417
Firm 3: Money: -126.3856032246347, Goods: 17, Land: 0, Labour: 0, Capital: 0, Goods Price: 25.237521068615287
Firm 4: Money: -55.87879438971753, Goods: 19, Land: 0, Labour: 0, Capital: 0, Goods Price: 26.79955716503823
Firm 5: Money: 482.1196195387094, Goods: 18, Land: 0, Labour: 0, Capital: 0, Goods Price: 29.48749235952126
Firm 6: Money: 792.2078771266983, Goods: 11, Land: 0, Labour: 0, Capital: 0, Goods Price: 19.393438762680113
Firm 7: Money: 582.7663194666975, Goods: 6, Land: 0, Labour: 0, Capital: 0, Goods Price: 33.38939421129528
Firm 8: Money: 618.4204558246588, Goods: 6, Land: 0, Labour: 0, Capital: 0, Goods Price: 26.68333977522839
Firm 9: Money: 820.0522236026793, Goods: 12, Land: 0, Labour: 0, Capital: 0, Goods Price: 29.046978495283202
Firm 10: Money: 525.974713848072, Goods: 4, Land: 0, Labour: 0, Capital: 0, Goods Price: 6.341449680623664
Self.nfirms:  10
[0, 1, 2, 3, 4, 5, 6, 7, 8, 9]
^^^
[0, 1, 2, 3, 4, 5, 7, 8, 9]
^^^
sold
[0, 1, 2, 3, 4, 5, 8, 9]
^^^
sold
[0, 1, 3, 4, 5, 8, 9]
^^^
[1, 3, 4, 5, 8, 9]
^^^
sold
[1, 3, 4, 8, 9]
^^^
sold
[1, 3, 4, 9]
^^^
sold
[3, 4, 9]
^^^
[4, 9]
^^^
[4]
^^^
---
__
[0, 1, 2, 3, 4, 5, 6, 7, 8, 9]
[0, 2, 3, 4, 5, 6, 7, 8, 9]
[0, 2, 3, 5, 6, 7, 8, 9]
[0, 2, 3, 5, 6, 8, 9]
[0, 2, 3, 5, 6, 8]
[0, 2, 3, 5, 8]
[2, 3, 5, 8]
[2, 3, 5]
[2, 5]
[5]
producing
producing
producing
producing
producing
producing
producing
producing
producing
producing
Day 55:
Household 1: Income: 23.961977257101832, Goods: 17, Land: 2645, Labour: 5249, Capital: 5698
Household 2: Income: 279.50088612811874, Goods: 52, Land: 7706, Labour: 7365, Capital: 6448
Household 3: Income: 418.961616773499, Goods: 53, Land: 9284, Labour: 3085, Capital: 3145
Household 4: Income: -1.5413602789830327, Goods: 28, Land: 4192, Labour: 8629, Capital: 1594
Household 5: Income: 78.221377836269, Goods: 49, Land: 6225, Labour: 9726, Capital: 4015
Household 6: Income: 19.01889956896891, Goods: 51, Land: 4194, Labour: 4234, Capital: 1736
Household 7: Income: 34.57721382474163, Goods: 36, Land: 3414, Labour: 3059, Capital: 7557
Household 8: Income: 502.9081941131319, Goods: 53, Land: 9878, Labour: 6723, Capital: 9350
Household 9: Income: 54.8338397482881, Goods: 42, Land: 1454, Labour: 8408, Capital: 2631
Household 10: Income: 56.75046926571994, Goods: 38, Land: 8459, Labour: 9374, Capital: 7358
Firm 1: Money: 490.32041395653766, Goods: 22, Land: 0, Labour: 0, Capital: 0, Goods Price: 43.704486151212784
Firm 2: Money: 529.6228029349124, Goods: 16, Land: 0, Labour: 0, Capital: 0, Goods Price: 18.658597586721417
Firm 3: Money: -137.95352766651416, Goods: 17, Land: 0, Labour: 0, Capital: 0, Goods Price: 40.069545650858686
Firm 4: Money: -63.898205409075146, Goods: 19, Land: 0, Labour: 0, Capital: 0, Goods Price: 46.60735876235683
Firm 5: Money: 496.60589399947685, Goods: 18, Land: 0, Labour: 0, Capital: 0, Goods Price: 17.302898166729754
Firm 6: Money: 797.7185211676576, Goods: 11, Land: 0, Labour: 0, Capital: 0, Goods Price: 14.997350210197961
Firm 7: Money: 596.9579280678743, Goods: 6, Land: 0, Labour: 0, Capital: 0, Goods Price: 33.38939421129528
Firm 8: Money: 631.3178636722553, Goods: 6, Land: 0, Labour: 0, Capital: 0, Goods Price: 26.68333977522839
Firm 9: Money: 845.6072293662704, Goods: 12, Land: 0, Labour: 0, Capital: 0, Goods Price: 8.729472823383878
Firm 10: Money: 513.5650107661813, Goods: 4, Land: 0, Labour: 0, Capital: 0, Goods Price: 23.36741361269315
Self.nfirms:  10
[0, 1, 2, 3, 4, 5, 6, 7, 8, 9]
^^^
sold
[0, 1, 2, 3, 4, 5, 7, 8, 9]
^^^
[0, 1, 2, 3, 4, 7, 8, 9]
^^^
sold
[0, 1, 3, 4, 7, 8, 9]
^^^
[1, 3, 4, 7, 8, 9]
^^^
sold
[1, 3, 4, 8, 9]
^^^
sold
[1, 3, 8, 9]
^^^
[1, 8, 9]
^^^
[1, 8]
^^^
sold
[8]
^^^
sold
---
__
[0, 1, 2, 3, 4, 5, 6, 7, 8, 9]
[0, 1, 2, 3, 4, 5, 6, 7, 8]
[0, 2, 3, 4, 5, 6, 7, 8]
[2, 3, 4, 5, 6, 7, 8]
[2, 3, 5, 6, 7, 8]
[3, 5, 6, 7, 8]
[3, 5, 6, 8]
[3, 6, 8]
[3, 6]
[3]
producing
producing
producing
producing
producing
producing
producing
producing
producing
producing
Day 56:
Household 1: Income: 37.89881949484332, Goods: 17, Land: 2644, Labour: 5248, Capital: 5697
Household 2: Income: 286.9568087837102, Goods: 53, Land: 7705, Labour: 7364, Capital: 6447
Household 3: Income: 448.7346183479999, Goods: 54, Land: 9283, Labour: 3084, Capital: 3144
Household 4: Income: 16.969297109196187, Goods: 28, Land: 4191, Labour: 8628, Capital: 1593
Household 5: Income: 88.85367556352357, Goods: 50, Land: 6224, Labour: 9725, Capital: 4014
Household 6: Income: 32.5159124861924, Goods: 51, Land: 4193, Labour: 4233, Capital: 1735
Household 7: Income: 19.226333629449254, Goods: 37, Land: 3413, Labour: 3058, Capital: 7556
Household 8: Income: 499.5071272732351, Goods: 54, Land: 9877, Labour: 6722, Capital: 9349
Household 9: Income: 46.597066967094506, Goods: 43, Land: 1453, Labour: 8407, Capital: 2630
Household 10: Income: 35.10824448347164, Goods: 39, Land: 8458, Labour: 9373, Capital: 7357
Firm 1: Money: 459.2842612570554, Goods: 23, Land: 0, Labour: 0, Capital: 0, Goods Price: 39.92846347977125
Firm 2: Money: 505.76085076815406, Goods: 16, Land: 0, Labour: 0, Capital: 0, Goods Price: 41.386791828539465
Firm 3: Money: -172.4151365988786, Goods: 18, Land: 0, Labour: 0, Capital: 0, Goods Price: 41.766574538248676
Firm 4: Money: -39.962435373601224, Goods: 19, Land: 0, Labour: 0, Capital: 0, Goods Price: 26.79955716503823
Firm 5: Money: 498.9075742674528, Goods: 18, Land: 0, Labour: 0, Capital: 0, Goods Price: 17.302898166729754
Firm 6: Money: 801.9324677672523, Goods: 11, Land: 0, Labour: 0, Capital: 0, Goods Price: 13.277236551704526
Firm 7: Money: 600.093111939048, Goods: 7, Land: 0, Labour: 0, Capital: 0, Goods Price: 6.131336997412615
Firm 8: Money: 629.0823875718936, Goods: 6, Land: 0, Labour: 0, Capital: 0, Goods Price: 33.91578030136212
Firm 9: Money: 836.7988238069104, Goods: 12, Land: 0, Labour: 0, Capital: 0, Goods Price: 21.83762274025291
Firm 10: Money: 535.2072355484295, Goods: 4, Land: 0, Labour: 0, Capital: 0, Goods Price: 6.341449680623664
Self.nfirms:  10
[0, 1, 2, 3, 4, 5, 6, 7, 8, 9]
^^^
[0, 1, 2, 3, 4, 5, 6, 7, 8]
^^^
sold
[0, 1, 3, 4, 5, 6, 7, 8]
^^^
sold
[0, 3, 4, 5, 6, 7, 8]
^^^
[0, 3, 4, 5, 7, 8]
^^^
[3, 4, 5, 7, 8]
^^^
sold
[3, 5, 7, 8]
^^^
[5, 7, 8]
^^^
sold
[7, 8]
^^^
sold
[7]
^^^
sold
---
__
[0, 1, 2, 3, 4, 5, 6, 7, 8, 9]
[0, 1, 2, 3, 4, 5, 6, 7, 9]
[0, 1, 3, 4, 5, 6, 7, 9]
[0, 1, 3, 4, 6, 7, 9]
[0, 1, 3, 4, 6, 9]
[1, 3, 4, 6, 9]
[1, 3, 4, 6]
[3, 4, 6]
[4, 6]
[4]
producing
producing
producing
producing
producing
producing
producing
producing
producing
producing
Day 57:
Household 1: Income: 51.835661732584825, Goods: 17, Land: 2643, Labour: 5247, Capital: 5696
Household 2: Income: 314.75462153390635, Goods: 54, Land: 7704, Labour: 7363, Capital: 6446
Household 3: Income: 453.4886616801243, Goods: 55, Land: 9282, Labour: 3083, Capital: 3143
Household 4: Income: 34.90185257192725, Goods: 28, Land: 4190, Labour: 8627, Capital: 1592
Household 5: Income: 74.46604808924461, Goods: 51, Land: 6223, Labour: 9724, Capital: 4013
Household 6: Income: 26.57262458299005, Goods: 52, Land: 4192, Labour: 4232, Capital: 1734
Household 7: Income: 37.736991017628476, Goods: 37, Land: 3412, Labour: 3057, Capital: 7555
Household 8: Income: 482.96805036549404, Goods: 55, Land: 9876, Labour: 6721, Capital: 9348
Household 9: Income: 45.8403452705625, Goods: 44, Land: 1452, Labour: 8406, Capital: 2629
Household 10: Income: 40.36898609540677, Goods: 40, Land: 8457, Labour: 9372, Capital: 7356
Firm 1: Money: 464.70138286762074, Goods: 23, Land: 0, Labour: 0, Capital: 0, Goods Price: 39.92846347977125
Firm 2: Money: 489.44368442621584, Goods: 17, Land: 0, Labour: 0, Capital: 0, Goods Price: 18.658597586721417
Firm 3: Money: -152.74204886206465, Goods: 18, Land: 0, Labour: 0, Capital: 0, Goods Price: 25.237521068615287
Firm 4: Money: -35.71440106226249, Goods: 19, Land: 0, Labour: 0, Capital: 0, Goods Price: 26.79955716503823
Firm 5: Money: 500.635883315931, Goods: 18, Land: 0, Labour: 0, Capital: 0, Goods Price: 17.302898166729754
Firm 6: Money: 804.4234652749273, Goods: 11, Land: 0, Labour: 0, Capital: 0, Goods Price: 14.997350210197961
Firm 7: Money: 589.0838898332826, Goods: 7, Land: 0, Labour: 0, Capital: 0, Goods Price: 31.332167704355054
Firm 8: Money: 601.5696525402512, Goods: 7, Land: 0, Labour: 0, Capital: 0, Goods Price: 35.61280918875211
Firm 9: Money: 815.7322575151064, Goods: 13, Land: 0, Labour: 0, Capital: 0, Goods Price: 29.40717611483343
Firm 10: Money: 526.9894363035553, Goods: 4, Land: 0, Labour: 0, Capital: 0, Goods Price: 14.437944199169422
Self.nfirms:  10
[0, 1, 2, 3, 4, 5, 6, 7, 8, 9]
^^^
[0, 1, 2, 3, 4, 5, 7, 8, 9]
^^^
sold
[0, 2, 3, 4, 5, 7, 8, 9]
^^^
sold
[0, 2, 3, 4, 5, 7, 9]
^^^
[0, 2, 3, 4, 5, 7]
^^^
sold
[0, 2, 3, 4, 5]
^^^
[0, 2, 3, 4]
^^^
sold
[0, 3, 4]
^^^
sold
[0, 3]
^^^
[3]
^^^
---
__
[0, 1, 2, 3, 4, 5, 6, 7, 8, 9]
[1, 2, 3, 4, 5, 6, 7, 8, 9]
[1, 2, 4, 5, 6, 7, 8, 9]
[1, 2, 5, 6, 7, 8, 9]
[1, 2, 6, 7, 8, 9]
[1, 2, 6, 7, 9]
[1, 2, 6, 9]
[1, 6, 9]
[1, 6]
[6]
producing
producing
producing
producing
producing
producing
producing
producing
producing
producing
Day 58:
Household 1: Income: 27.266413474106038, Goods: 18, Land: 2642, Labour: 5246, Capital: 5695
Household 2: Income: 333.8965337545282, Goods: 55, Land: 7703, Labour: 7362, Capital: 6445
Household 3: Income: 477.5531918788397, Goods: 56, Land: 9281, Labour: 3082, Capital: 3142
Household 4: Income: 26.70616986713366, Goods: 29, Land: 4189, Labour: 8626, Capital: 1591
Household 5: Income: 85.52219522095089, Goods: 52, Land: 6222, Labour: 9723, Capital: 4012
Household 6: Income: 40.069637500213545, Goods: 52, Land: 4191, Labour: 4231, Capital: 1733
Household 7: Income: 16.6613975859591, Goods: 38, Land: 3411, Labour: 3056, Capital: 7554
Household 8: Income: 494.02041434427304, Goods: 56, Land: 9875, Labour: 6720, Capital: 9347
Household 9: Income: 21.809463761438572, Goods: 45, Land: 1451, Labour: 8405, Capital: 2628
Household 10: Income: 7.471375334075574, Goods: 41, Land: 8456, Labour: 9371, Capital: 7355
Firm 1: Money: 472.52931798689735, Goods: 23, Land: 0, Labour: 0, Capital: 0, Goods Price: 39.92846347977125
Firm 2: Money: 474.52928134469016, Goods: 17, Land: 0, Labour: 0, Capital: 0, Goods Price: 39.32956532159925
Firm 3: Money: -160.4973177014563, Goods: 18, Land: 0, Labour: 0, Capital: 0, Goods Price: 41.766574538248676
Firm 4: Money: -31.586432624107168, Goods: 19, Land: 0, Labour: 0, Capital: 0, Goods Price: 26.79955716503823
Firm 5: Money: 486.6715761946342, Goods: 18, Land: 0, Labour: 0, Capital: 0, Goods Price: 37.05704573410177
Firm 6: Money: 821.1602713284498, Goods: 11, Land: 0, Labour: 0, Capital: 0, Goods Price: 0.43292125251868807
Firm 7: Money: 610.507938960593, Goods: 7, Land: 0, Labour: 0, Capital: 0, Goods Price: 24.099727178221322
Firm 8: Money: 600.5715149766303, Goods: 8, Land: 0, Labour: 0, Capital: 0, Goods Price: 9.09821172073078
Firm 9: Money: 828.1672315429926, Goods: 13, Land: 0, Labour: 0, Capital: 0, Goods Price: 21.83762274025291
Firm 10: Money: 534.0268703615899, Goods: 4, Land: 0, Labour: 0, Capital: 0, Goods Price: 6.341449680623664
Self.nfirms:  10
[0, 1, 2, 3, 4, 5, 6, 7, 8, 9]
^^^
[0, 1, 2, 4, 5, 6, 7, 8, 9]
^^^
sold
[0, 1, 2, 4, 6, 7, 8, 9]
^^^
sold
[0, 2, 4, 6, 7, 8, 9]
^^^
sold
[0, 4, 6, 7, 8, 9]
^^^
[0, 4, 6, 7, 9]
^^^
sold
[0, 6, 7, 9]
^^^
[6, 7, 9]
^^^
[6, 7]
^^^
sold
[6]
^^^
---
__
[0, 1, 2, 3, 4, 5, 6, 7, 8, 9]
[0, 1, 2, 4, 5, 6, 7, 8, 9]
[1, 2, 4, 5, 6, 7, 8, 9]
[2, 4, 5, 6, 7, 8, 9]
[2, 4, 6, 7, 8, 9]
[2, 4, 7, 8, 9]
[2, 4, 7, 8]
[2, 4, 8]
[2, 4]
[4]
producing
producing
producing
producing
producing
producing
producing
producing
producing
producing
Day 59:
Household 1: Income: 37.80116533649205, Goods: 19, Land: 2641, Labour: 5245, Capital: 5694
Household 2: Income: 318.02058852670496, Goods: 56, Land: 7702, Labour: 7361, Capital: 6444
Household 3: Income: 498.44159756831317, Goods: 57, Land: 9280, Labour: 3081, Capital: 3141
Household 4: Income: 44.63872532986473, Goods: 29, Land: 4188, Labour: 8625, Capital: 1590
Household 5: Income: 120.1982264363291, Goods: 53, Land: 6221, Labour: 9722, Capital: 4011
Household 6: Income: 18.147351563845444, Goods: 53, Land: 4190, Labour: 4230, Capital: 1732
Household 7: Income: 29.8149819856838, Goods: 38, Land: 3410, Labour: 3055, Capital: 7553
Household 8: Income: 508.29123602633604, Goods: 57, Land: 9874, Labour: 6719, Capital: 9346
Household 9: Income: 33.26560295559872, Goods: 45, Land: 1450, Labour: 8404, Capital: 2627
Household 10: Income: 8.469512897696621, Goods: 41, Land: 8455, Labour: 9370, Capital: 7354
Firm 1: Money: 475.1450542137504, Goods: 23, Land: 0, Labour: 0, Capital: 0, Goods Price: 43.10192830186962
Firm 2: Money: 435.8441183804841, Goods: 18, Land: 0, Labour: 0, Capital: 0, Goods Price: 41.02659420898924
Firm 3: Money: -178.42987316418734, Goods: 19, Land: 0, Labour: 0, Capital: 0, Goods Price: 25.237521068615287
Firm 4: Money: -50.097090012286394, Goods: 20, Land: 0, Labour: 0, Capital: 0, Goods Price: 26.79955716503823
Firm 5: Money: 490.45711175005255, Goods: 18, Land: 0, Labour: 0, Capital: 0, Goods Price: 34.99981922716155
Firm 6: Money: 804.9644190115201, Goods: 11, Land: 0, Labour: 0, Capital: 0, Goods Price: 18.429071226905435
Firm 7: Money: 609.4973262795, Goods: 7, Land: 0, Labour: 0, Capital: 0, Goods Price: 30.21592938919691
Firm 8: Money: 599.5733774130093, Goods: 9, Land: 0, Labour: 0, Capital: 0, Goods Price: 9.09821172073078
Firm 9: Money: 832.4669759005016, Goods: 13, Land: 0, Labour: 0, Capital: 0, Goods Price: 21.83762274025291
Firm 10: Money: 530.5466366932228, Goods: 4, Land: 0, Labour: 0, Capital: 0, Goods Price: 14.437944199169422
Self.nfirms:  10
[0, 1, 2, 3, 4, 5, 6, 7, 8, 9]
^^^
[0, 1, 2, 4, 5, 6, 7, 8, 9]
^^^
[1, 2, 4, 5, 6, 7, 8, 9]
^^^
[1, 2, 4, 6, 7, 8, 9]
^^^
[1, 2, 4, 7, 8, 9]
^^^
sold
[1, 4, 7, 8, 9]
^^^
sold
[1, 4, 7, 9]
^^^
[1, 4, 7]
^^^
sold
[4, 7]
^^^
sold
[7]
^^^
sold
---
__
[0, 1, 2, 3, 4, 5, 6, 7, 8, 9]
[0, 1, 2, 3, 4, 5, 7, 8, 9]
[0, 1, 3, 4, 5, 7, 8, 9]
[1, 3, 4, 5, 7, 8, 9]
[1, 3, 4, 5, 8, 9]
[1, 3, 4, 5, 8]
[3, 4, 5, 8]
[3, 5, 8]
[3, 5]
[3]
producing
producing
producing
producing
producing
producing
producing
producing
producing
producing
Day 60:
Household 1: Income: 4.366933499178097, Goods: 20, Land: 2640, Labour: 5244, Capital: 5693
Household 2: Income: 350.3439455228096, Goods: 57, Land: 7701, Labour: 7360, Capital: 6443
Household 3: Income: 504.75767699686054, Goods: 58, Land: 9279, Labour: 3080, Capital: 3140
Household 4: Income: 55.1157116336204, Goods: 30, Land: 4187, Labour: 8624, Capital: 1589
Household 5: Income: 125.60987723149623, Goods: 54, Land: 6220, Labour: 9721, Capital: 4010
Household 6: Income: 27.86921494686267, Goods: 53, Land: 4189, Labour: 4229, Capital: 1731
Household 7: Income: 60.498956179725454, Goods: 38, Land: 3409, Labour: 3054, Capital: 7552
Household 8: Income: 498.1981543651122, Goods: 58, Land: 9873, Labour: 6718, Capital: 9345
Household 9: Income: 45.65660094038804, Goods: 46, Land: 1449, Labour: 8403, Capital: 2626
Household 10: Income: 30.138637038843793, Goods: 41, Land: 8454, Labour: 9369, Capital: 7353
Firm 1: Money: 442.99266319911004, Goods: 24, Land: 0, Labour: 0, Capital: 0, Goods Price: 41.0447017949294
Firm 2: Money: 406.0884248298016, Goods: 19, Land: 0, Labour: 0, Capital: 0, Goods Price: 32.09712479546552
Firm 3: Money: -187.91719175513393, Goods: 19, Land: 0, Labour: 0, Capital: 0, Goods Price: 37.98893979992586
Firm 4: Money: -58.11650103164401, Goods: 20, Land: 0, Labour: 0, Capital: 0, Goods Price: 46.60735876235683
Firm 5: Money: 494.7466132904158, Goods: 18, Land: 0, Labour: 0, Capital: 0, Goods Price: 29.91544227708292
Firm 6: Money: 812.607251194396, Goods: 11, Land: 0, Labour: 0, Capital: 0, Goods Price: 14.997350210197961
Firm 7: Money: 639.373250370147, Goods: 7, Land: 0, Labour: 0, Capital: 0, Goods Price: 6.131336997412615
Firm 8: Money: 578.0557443707602, Goods: 9, Land: 0, Labour: 0, Capital: 0, Goods Price: 35.61280918875211
Firm 9: Money: 810.7978517593544, Goods: 14, Land: 0, Labour: 0, Capital: 0, Goods Price: 30.009733964176593
Firm 10: Money: 525.8732305103276, Goods: 4, Land: 0, Labour: 0, Capital: 0, Goods Price: 23.727611232243373
Self.nfirms:  10
[0, 1, 2, 3, 4, 5, 6, 7, 8, 9]
^^^
[0, 1, 2, 3, 4, 5, 6, 7, 8]
^^^
sold
[0, 1, 2, 3, 4, 5, 7, 8]
^^^
sold
[0, 1, 3, 4, 5, 7, 8]
^^^
sold
[0, 1, 3, 4, 5, 7]
^^^
sold
[0, 1, 4, 5, 7]
^^^
sold
[0, 1, 4, 5]
^^^
sold
[0, 4, 5]
^^^
[0, 4]
^^^
sold
[0]
^^^
---
__
[0, 1, 2, 3, 4, 5, 6, 7, 8, 9]
[1, 2, 3, 4, 5, 6, 7, 8, 9]
[1, 2, 3, 4, 5, 7, 8, 9]
[1, 2, 3, 4, 5, 7, 8]
[1, 2, 3, 4, 5, 7]
[1, 3, 4, 5, 7]
[1, 4, 5, 7]
[1, 5, 7]
[5, 7]
[7]
producing
producing
producing
producing
producing
producing
producing
producing
producing
producing
Day 61:
Household 1: Income: 7.726578174792494, Goods: 20, Land: 2639, Labour: 5243, Capital: 5692
Household 2: Income: 377.83324323974966, Goods: 58, Land: 7700, Labour: 7359, Capital: 6442
Household 3: Income: 515.3865806311214, Goods: 59, Land: 9278, Labour: 3079, Capital: 3139
Household 4: Income: 23.84548233839446, Goods: 31, Land: 4186, Labour: 8623, Capital: 1588
Household 5: Income: 112.48159699733151, Goods: 55, Land: 6219, Labour: 9720, Capital: 4009
Household 6: Income: 55.12146812419684, Goods: 53, Land: 4188, Labour: 4228, Capital: 1730
Household 7: Income: 46.4244605013529, Goods: 39, Land: 3408, Labour: 3053, Capital: 7551
Household 8: Income: 528.8536593012141, Goods: 59, Land: 9872, Labour: 6717, Capital: 9344
Household 9: Income: 47.91331585766375, Goods: 47, Land: 1448, Labour: 8402, Capital: 2625
Household 10: Income: 31.136774602464836, Goods: 41, Land: 8453, Labour: 9368, Capital: 7352
Firm 1: Money: 418.0727127106033, Goods: 25, Land: 0, Labour: 0, Capital: 0, Goods Price: 33.81226126879567
Firm 2: Money: 395.4595211955408, Goods: 19, Land: 0, Labour: 0, Capital: 0, Goods Price: 41.02659420898924
Firm 3: Money: -215.16944493246805, Goods: 20, Land: 0, Labour: 0, Capital: 0, Goods Price: 34.55721878321838
Firm 4: Money: -99.6084248392402, Goods: 21, Land: 0, Labour: 0, Capital: 0, Goods Price: 49.7808235844552
Firm 5: Money: 492.36413373145285, Goods: 18, Land: 0, Labour: 0, Capital: 0, Goods Price: 33.8835809120034
Firm 6: Money: 810.2900856661655, Goods: 11, Land: 0, Labour: 0, Capital: 0, Goods Price: 18.429071226905435
Firm 7: Money: 645.5366615073958, Goods: 7, Land: 0, Labour: 0, Capital: 0, Goods Price: 6.131336997412615
Firm 8: Money: 609.1952268261678, Goods: 9, Land: 0, Labour: 0, Capital: 0, Goods Price: 9.09821172073078
Firm 9: Money: 819.0165920525878, Goods: 14, Land: 0, Labour: 0, Capital: 0, Goods Price: 27.349949607893212
Firm 10: Money: 545.1768214059441, Goods: 4, Land: 0, Labour: 0, Capital: 0, Goods Price: 6.341449680623664
Self.nfirms:  10
[0, 1, 2, 3, 4, 5, 6, 7, 8, 9]
^^^
sold
[0, 1, 2, 3, 4, 6, 7, 8, 9]
^^^
[1, 2, 3, 4, 6, 7, 8, 9]
^^^
sold
[1, 2, 3, 4, 6, 7, 9]
^^^
sold
[2, 3, 4, 6, 7, 9]
^^^
[2, 4, 6, 7, 9]
^^^
[2, 4, 6, 7]
^^^
sold
[2, 6, 7]
^^^
[2, 7]
^^^
sold
[2]
^^^
sold
---
__
[0, 1, 2, 3, 4, 5, 6, 7, 8, 9]
[0, 1, 2, 3, 4, 5, 6, 7, 9]
[0, 2, 3, 4, 5, 6, 7, 9]
[2, 3, 4, 5, 6, 7, 9]
[2, 3, 4, 5, 6, 9]
[2, 3, 5, 6, 9]
[2, 3, 6, 9]
[2, 3, 6]
[2, 3]
[3]
producing
producing
producing
producing
producing
producing
producing
producing
producing
producing
Day 62:
Household 1: Income: 25.65913363752356, Goods: 20, Land: 2638, Labour: 5242, Capital: 5691
Household 2: Income: 400.82574072967964, Goods: 59, Land: 7699, Labour: 7358, Capital: 6441
Household 3: Income: 527.2604535139585, Goods: 60, Land: 9277, Labour: 3078, Capital: 3138
Household 4: Income: 16.86771437622229, Goods: 32, Land: 4185, Labour: 8622, Capital: 1587
Household 5: Income: 110.67248339493061, Goods: 56, Land: 6218, Labour: 9719, Capital: 4008
Household 6: Income: 82.10368521647021, Goods: 54, Land: 4187, Labour: 4227, Capital: 1729
Household 7: Income: 63.35319443528386, Goods: 39, Land: 3407, Labour: 3052, Capital: 7550
Household 8: Income: 532.8219995330279, Goods: 60, Land: 9871, Labour: 6716, Capital: 9343
Household 9: Income: 19.40723650384703, Goods: 48, Land: 1447, Labour: 8401, Capital: 2624
Household 10: Income: 65.94894997338866, Goods: 41, Land: 8452, Labour: 9367, Capital: 7351
Firm 1: Money: 383.2605373396795, Goods: 26, Land: 0, Labour: 0, Capital: 0, Goods Price: 43.704486151212784
Firm 2: Money: 403.9459325343418, Goods: 19, Land: 0, Labour: 0, Capital: 0, Goods Price: 33.81723845395895
Firm 3: Money: -233.1020003951991, Goods: 21, Land: 0, Labour: 0, Capital: 0, Goods Price: 25.237521068615287
Firm 4: Money: -137.92688382473804, Goods: 22, Land: 0, Labour: 0, Capital: 0, Goods Price: 46.60735876235683
Firm 5: Money: 488.395793499639, Goods: 18, Land: 0, Labour: 0, Capital: 0, Goods Price: 37.05704573410177
Firm 6: Money: 808.6848280236858, Goods: 11, Land: 0, Labour: 0, Capital: 0, Goods Price: 22.206705965228252
Firm 7: Money: 627.9646047885296, Goods: 7, Land: 0, Labour: 0, Capital: 0, Goods Price: 31.332167704355054
Firm 8: Money: 613.2544355177573, Goods: 9, Land: 0, Labour: 0, Capital: 0, Goods Price: 9.09821172073078
Firm 9: Money: 825.9626185568266, Goods: 14, Land: 0, Labour: 0, Capital: 0, Goods Price: 25.269343756960385
Firm 10: Money: 541.696587737577, Goods: 4, Land: 0, Labour: 0, Capital: 0, Goods Price: 14.437944199169422
Self.nfirms:  10
[0, 1, 2, 3, 4, 5, 6, 7, 8, 9]
^^^
sold
[0, 1, 2, 3, 4, 6, 7, 8, 9]
^^^
sold
[0, 2, 3, 4, 6, 7, 8, 9]
^^^
sold
[0, 2, 3, 6, 7, 8, 9]
^^^
[0, 2, 3, 6, 7, 8]
^^^
sold
[0, 3, 6, 7, 8]
^^^
[0, 3, 6, 7]
^^^
sold
[0, 3, 6]
^^^
[3, 6]
^^^
[6]
^^^
sold
---
__
[0, 1, 2, 3, 4, 5, 6, 7, 8, 9]
[0, 1, 2, 3, 4, 5, 6, 7, 8]
[0, 1, 2, 3, 4, 5, 7, 8]
[0, 1, 3, 4, 5, 7, 8]
[0, 1, 3, 4, 5, 8]
[0, 1, 3, 5, 8]
[1, 3, 5, 8]
[1, 5, 8]
[1, 5]
[1]
producing
producing
producing
producing
producing
producing
producing
producing
producing
producing
Day 63:
Household 1: Income: 6.921022651643898, Goods: 21, Land: 2637, Labour: 5241, Capital: 5690
Household 2: Income: 427.8093652473456, Goods: 60, Land: 7698, Labour: 7357, Capital: 6440
Household 3: Income: 521.7570082770194, Goods: 61, Land: 9276, Labour: 3077, Capital: 3137
Household 4: Income: 13.73253050504854, Goods: 32, Land: 4184, Labour: 8621, Capital: 1586
Household 5: Income: 120.54391479421221, Goods: 57, Land: 6217, Labour: 9718, Capital: 4007
Household 6: Income: 74.71097898440571, Goods: 55, Land: 4186, Labour: 4226, Capital: 1728
Household 7: Income: 39.359096104081374, Goods: 40, Land: 3406, Labour: 3051, Capital: 7549
Household 8: Income: 542.2110530015289, Goods: 61, Land: 9870, Labour: 6715, Capital: 9342
Household 9: Income: 44.327186992353745, Goods: 48, Land: 1446, Labour: 8400, Capital: 2623
Household 10: Income: 51.26646481118772, Goods: 42, Land: 8451, Labour: 9366, Capital: 7350
Firm 1: Money: 399.2634191163062, Goods: 26, Land: 0, Labour: 0, Capital: 0, Goods Price: 33.81226126879567
Firm 2: Money: 394.55687906584075, Goods: 19, Land: 0, Labour: 0, Capital: 0, Goods Price: 41.386791828539465
Firm 3: Money: -246.76403289756527, Goods: 21, Land: 0, Labour: 0, Capital: 0, Goods Price: 42.72933000714207
Firm 4: Money: -126.13849324677707, Goods: 22, Land: 0, Labour: 0, Capital: 0, Goods Price: 46.60735876235683
Firm 5: Money: 489.7782104700472, Goods: 18, Land: 0, Labour: 0, Capital: 0, Goods Price: 34.99981922716155
Firm 6: Money: 834.096352683066, Goods: 11, Land: 0, Labour: 0, Capital: 0, Goods Price: 0.43292125251868807
Firm 7: Money: 631.0997886597033, Goods: 8, Land: 0, Labour: 0, Capital: 0, Goods Price: 6.131336997412615
Firm 8: Money: 599.6372458973326, Goods: 9, Land: 0, Labour: 0, Capital: 0, Goods Price: 35.61280918875211
Firm 9: Money: 809.0338846228957, Goods: 15, Land: 0, Labour: 0, Capital: 0, Goods Price: 25.269343756960385
Firm 10: Money: 539.8551693527554, Goods: 4, Land: 0, Labour: 0, Capital: 0, Goods Price: 16.158057857662854
Self.nfirms:  10
[0, 1, 2, 3, 4, 5, 6, 7, 8, 9]
^^^
sold
[0, 1, 2, 3, 4, 5, 6, 7, 8]
^^^
sold
[0, 1, 2, 3, 4, 5, 7, 8]
^^^
[0, 1, 2, 4, 5, 7, 8]
^^^
sold
[0, 2, 4, 5, 7, 8]
^^^
[0, 2, 4, 5, 7]
^^^
sold
[0, 2, 4, 7]
^^^
sold
[0, 4, 7]
^^^
sold
[0, 7]
^^^
sold
[0]
^^^
---
__
[0, 1, 2, 3, 4, 5, 6, 7, 8, 9]
[0, 1, 2, 3, 4, 6, 7, 8, 9]
[0, 1, 2, 3, 4, 6, 7, 9]
[0, 2, 3, 4, 6, 7, 9]
[0, 2, 3, 4, 6, 9]
[0, 2, 4, 6, 9]
[0, 4, 6, 9]
[0, 4, 9]
[4, 9]
[9]
producing
producing
producing
producing
producing
producing
producing
producing
producing
producing
Day 64:
Household 1: Income: 3.785838780470147, Goods: 21, Land: 2636, Labour: 5240, Capital: 5689
Household 2: Income: 421.17402487996, Goods: 61, Land: 7697, Labour: 7356, Capital: 6439
Household 3: Income: 528.0412650172217, Goods: 62, Land: 9275, Labour: 3076, Capital: 3136
Household 4: Income: 14.121393505402999, Goods: 32, Land: 4183, Labour: 8620, Capital: 1585
Household 5: Income: 142.274762431711, Goods: 58, Land: 6216, Labour: 9717, Capital: 4006
Household 6: Income: 104.13975930051895, Goods: 56, Land: 4185, Labour: 4225, Capital: 1727
Household 7: Income: 37.21271592670678, Goods: 41, Land: 3405, Labour: 3050, Capital: 7548
Household 8: Income: 549.8045357352366, Goods: 62, Land: 9869, Labour: 6714, Capital: 9341
Household 9: Income: 52.328936716877536, Goods: 48, Land: 1445, Labour: 8399, Capital: 2622
Household 10: Income: 56.109535152000134, Goods: 43, Land: 8450, Labour: 9365, Capital: 7349
Firm 1: Money: 398.6421112662429, Goods: 26, Land: 0, Labour: 0, Capital: 0, Goods Price: 38.96409594399658
Firm 2: Money: 393.7952005792863, Goods: 19, Land: 0, Labour: 0, Capital: 0, Goods Price: 41.386791828539465
Firm 3: Money: -278.41237462738155, Goods: 22, Land: 0, Labour: 0, Capital: 0, Goods Price: 38.953307335700536
Firm 4: Money: -160.0608636797927, Goods: 23, Land: 0, Labour: 0, Capital: 0, Goods Price: 42.21127020987468
Firm 5: Money: 487.7028281566727, Goods: 18, Land: 0, Labour: 0, Capital: 0, Goods Price: 37.659603583444934
Firm 6: Money: 823.0523350413372, Goods: 11, Land: 0, Labour: 0, Capital: 0, Goods Price: 13.277236551704526
Firm 7: Money: 638.7285626477794, Goods: 8, Land: 0, Labour: 0, Capital: 0, Goods Price: 6.131336997412615
Firm 8: Money: 603.5763887157386, Goods: 9, Land: 0, Labour: 0, Capital: 0, Goods Price: 35.61280918875211
Firm 9: Money: 829.8734999139813, Goods: 15, Land: 0, Labour: 0, Capital: 0, Goods Price: 8.729472823383878
Firm 10: Money: 521.1665896324616, Goods: 5, Land: 0, Labour: 0, Capital: 0, Goods Price: 21.670384725303155
Self.nfirms:  10
[0, 1, 2, 3, 4, 5, 6, 7, 8, 9]
^^^
[0, 1, 2, 4, 5, 6, 7, 8, 9]
^^^
sold
[0, 1, 2, 4, 5, 6, 7, 8]
^^^
sold
[0, 2, 4, 5, 6, 7, 8]
^^^
sold
[0, 2, 4, 5, 6, 7]
^^^
sold
[0, 2, 4, 6, 7]
^^^
sold
[0, 4, 6, 7]
^^^
sold
[0, 4, 6]
^^^
sold
[0, 4]
^^^
[4]
^^^
sold
---
__
[0, 1, 2, 3, 4, 5, 6, 7, 8, 9]
[0, 1, 2, 3, 4, 5, 6, 8, 9]
[0, 1, 2, 3, 5, 6, 8, 9]
[1, 2, 3, 5, 6, 8, 9]
[1, 2, 3, 5, 8, 9]
[1, 2, 3, 5, 8]
[2, 3, 5, 8]
[2, 3, 8]
[3, 8]
[8]
producing
producing
producing
producing
producing
producing
producing
producing
producing
producing
Day 65:
Household 1: Income: 20.10300512240843, Goods: 21, Land: 2635, Labour: 5239, Capital: 5688
Household 2: Income: 428.5722394647287, Goods: 62, Land: 7696, Labour: 7355, Capital: 6438
Household 3: Income: 530.9309302263543, Goods: 63, Land: 9274, Labour: 3075, Capital: 3135
Household 4: Income: 14.510256505757457, Goods: 32, Land: 4182, Labour: 8619, Capital: 1584
Household 5: Income: 123.32453826864719, Goods: 59, Land: 6215, Labour: 9716, Capital: 4005
Household 6: Income: 100.66044142385435, Goods: 57, Land: 4184, Labour: 4224, Capital: 1726
Household 7: Income: 32.26303455302328, Goods: 42, Land: 3404, Labour: 3049, Capital: 7547
Household 8: Income: 553.2461206716619, Goods: 63, Land: 9868, Labour: 6713, Capital: 9340
Household 9: Income: 39.35995553069607, Goods: 49, Land: 1444, Labour: 8398, Capital: 2621
Household 10: Income: 55.800770817611635, Goods: 44, Land: 8449, Labour: 9364, Capital: 7348
Firm 1: Money: 408.3244727665814, Goods: 26, Land: 0, Labour: 0, Capital: 0, Goods Price: 33.81226126879567
Firm 2: Money: 377.4780342373481, Goods: 20, Land: 0, Labour: 0, Capital: 0, Goods Price: 18.658597586721417
Firm 3: Money: -274.9850518850579, Goods: 22, Land: 0, Labour: 0, Capital: 0, Goods Price: 41.766574538248676
Firm 4: Money: -163.50244861621792, Goods: 23, Land: 0, Labour: 0, Capital: 0, Goods Price: 49.7808235844552
Firm 5: Money: 487.59369491593736, Goods: 18, Land: 0, Labour: 0, Capital: 0, Goods Price: 37.659603583444934
Firm 6: Money: 817.9922716110467, Goods: 11, Land: 0, Labour: 0, Capital: 0, Goods Price: 20.50967707783826
Firm 7: Money: 622.1752426796511, Goods: 9, Land: 0, Labour: 0, Capital: 0, Goods Price: 25.819840836714757
Firm 8: Money: 634.1501948753495, Goods: 9, Land: 0, Labour: 0, Capital: 0, Goods Price: 9.09821172073078
Firm 9: Money: 835.4324558509313, Goods: 15, Land: 0, Labour: 0, Capital: 0, Goods Price: 8.729472823383878
Firm 10: Money: 523.6268860721187, Goods: 5, Land: 0, Labour: 0, Capital: 0, Goods Price: 20.554146410145005
Self.nfirms:  10
[0, 1, 2, 3, 4, 5, 6, 7, 8, 9]
^^^
sold
[0, 1, 2, 3, 5, 6, 7, 8, 9]
^^^
sold
[0, 1, 2, 3, 5, 6, 8, 9]
^^^
sold
[0, 2, 3, 5, 6, 8, 9]
^^^
[0, 2, 5, 6, 8, 9]
^^^
[0, 2, 5, 6, 8]
^^^
sold
[0, 2, 6, 8]
^^^
sold
[0, 2, 6]
^^^
sold
[0, 6]
^^^
[6]
^^^
---
__
[0, 1, 2, 3, 4, 5, 6, 7, 8, 9]
[0, 1, 2, 3, 4, 5, 6, 8, 9]
[0, 2, 3, 4, 5, 6, 8, 9]
[0, 2, 3, 4, 6, 8, 9]
[0, 2, 3, 4, 8, 9]
[0, 2, 4, 8, 9]
[0, 2, 4, 9]
[2, 4, 9]
[2, 9]
[2]
producing
producing
producing
producing
producing
producing
producing
producing
producing
producing
Day 66:
Household 1: Income: 38.0355605851395, Goods: 21, Land: 2634, Labour: 5238, Capital: 5687
Household 2: Income: 426.8049168799619, Goods: 63, Land: 7695, Labour: 7354, Capital: 6437
Household 3: Income: 530.642984293993, Goods: 64, Land: 9273, Labour: 3074, Capital: 3134
Household 4: Income: 15.5083940693785, Goods: 32, Land: 4181, Labour: 8618, Capital: 1583
Household 5: Income: 100.26734315077964, Goods: 60, Land: 6214, Labour: 9715, Capital: 4004
Household 6: Income: 119.84004073063389, Goods: 58, Land: 4183, Labour: 4223, Capital: 1725
Household 7: Income: 26.506469899671146, Goods: 43, Land: 3403, Labour: 3048, Capital: 7546
Household 8: Income: 565.0867145491661, Goods: 64, Land: 9867, Labour: 6712, Capital: 9339
Household 9: Income: 43.471757627054615, Goods: 50, Land: 1443, Labour: 8397, Capital: 2620
Household 10: Income: 36.97181323791147, Goods: 45, Land: 8448, Labour: 9363, Capital: 7347
Firm 1: Money: 411.33573854967324, Goods: 26, Land: 0, Labour: 0, Capital: 0, Goods Price: 35.532374927289105
Firm 2: Money: 383.2345988907003, Goods: 20, Land: 0, Labour: 0, Capital: 0, Goods Price: 18.658597586721417
Firm 3: Money: -254.62622197926385, Goods: 22, Land: 0, Labour: 0, Capital: 0, Goods Price: 25.237521068615287
Firm 4: Money: -204.99437242381413, Goods: 24, Land: 0, Labour: 0, Capital: 0, Goods Price: 49.7808235844552
Firm 5: Money: 487.88164084829873, Goods: 18, Land: 0, Labour: 0, Capital: 0, Goods Price: 36.69684811455154
Firm 6: Money: 802.7580813603893, Goods: 12, Land: 0, Labour: 0, Capital: 0, Goods Price: 20.50967707783826
Firm 7: Money: 623.9425652644177, Goods: 9, Land: 0, Labour: 0, Capital: 0, Goods Price: 30.21592938919691
Firm 8: Money: 640.6125221519492, Goods: 9, Land: 0, Labour: 0, Capital: 0, Goods Price: 9.09821172073078
Firm 9: Money: 831.3206537545727, Goods: 15, Land: 0, Labour: 0, Capital: 0, Goods Price: 20.11750908175948
Firm 10: Money: 542.4558436518188, Goods: 5, Land: 0, Labour: 0, Capital: 0, Goods Price: 6.341449680623664
Self.nfirms:  10
[0, 1, 2, 3, 4, 5, 6, 7, 8, 9]
^^^
[1, 2, 3, 4, 5, 6, 7, 8, 9]
^^^
[1, 2, 4, 5, 6, 7, 8, 9]
^^^
sold
[1, 2, 4, 5, 6, 8, 9]
^^^
sold
[1, 2, 4, 5, 6, 9]
^^^
[1, 2, 4, 5, 9]
^^^
sold
[1, 2, 4, 9]
^^^
[1, 2, 4]
^^^
sold
[2, 4]
^^^
[2]
^^^
sold
---
__
[0, 1, 2, 3, 4, 5, 6, 7, 8, 9]
[0, 1, 2, 3, 4, 5, 7, 8, 9]
[0, 1, 2, 4, 5, 7, 8, 9]
[1, 2, 4, 5, 7, 8, 9]
[1, 2, 4, 7, 8, 9]
[2, 4, 7, 8, 9]
[2, 4, 7, 9]
[4, 7, 9]
[7, 9]
[7]
producing
producing
producing
producing
producing
producing
producing
producing
producing
producing
Day 67:
Household 1: Income: -0.24064040782169283, Goods: 22, Land: 2633, Labour: 5237, Capital: 5686
Household 2: Income: 440.4345022329435, Goods: 64, Land: 7694, Labour: 7353, Capital: 6436
Household 3: Income: 555.6980668657998, Goods: 65, Land: 9272, Labour: 3073, Capital: 3133
Household 4: Income: 18.868038744992898, Goods: 32, Land: 4180, Labour: 8617, Capital: 1582
Household 5: Income: 62.22121901587999, Goods: 61, Land: 6213, Labour: 9714, Capital: 4003
Household 6: Income: 110.90237592712552, Goods: 59, Land: 4182, Labour: 4222, Capital: 1724
Household 7: Income: 28.92809083039181, Goods: 44, Land: 3402, Labour: 3047, Capital: 7545
Household 8: Income: 561.5882036117733, Goods: 65, Land: 9866, Labour: 6711, Capital: 9338
Household 9: Income: 63.726823126284046, Goods: 51, Land: 1442, Labour: 8396, Capital: 2619
Household 10: Income: 36.56720638376822, Goods: 46, Land: 8447, Labour: 9362, Capital: 7346
Firm 1: Money: 411.6710294387764, Goods: 26, Land: 0, Labour: 0, Capital: 0, Goods Price: 39.92846347977125
Firm 2: Money: 388.9911635440525, Goods: 20, Land: 0, Labour: 0, Capital: 0, Goods Price: 18.658597586721417
Firm 3: Money: -280.15836149810457, Goods: 23, Land: 0, Labour: 0, Capital: 0, Goods Price: 32.83710512472495
Firm 4: Money: -192.8457842263029, Goods: 24, Land: 0, Labour: 0, Capital: 0, Goods Price: 49.42062596490497
Firm 5: Money: 496.8193056518071, Goods: 18, Land: 0, Labour: 0, Capital: 0, Goods Price: 29.48749235952126
Firm 6: Money: 804.9304584562325, Goods: 12, Land: 0, Labour: 0, Capital: 0, Goods Price: 20.50967707783826
Firm 7: Money: 662.2187662573788, Goods: 9, Land: 0, Labour: 0, Capital: 0, Goods Price: 6.131336997412615
Firm 8: Money: 626.6351349119742, Goods: 9, Land: 0, Labour: 0, Capital: 0, Goods Price: 35.973006808302344
Firm 9: Money: 825.7281732296648, Goods: 15, Land: 0, Labour: 0, Capital: 0, Goods Price: 30.009733964176593
Firm 10: Money: 544.3732729958156, Goods: 5, Land: 0, Labour: 0, Capital: 0, Goods Price: 6.341449680623664
Self.nfirms:  10
[0, 1, 2, 3, 4, 5, 6, 7, 8, 9]
^^^
sold
[0, 1, 2, 3, 4, 5, 6, 7, 8]
^^^
sold
[0, 2, 3, 4, 5, 6, 7, 8]
^^^
sold
[0, 2, 3, 4, 6, 7, 8]
^^^
sold
[0, 3, 4, 6, 7, 8]
^^^
[0, 4, 6, 7, 8]
^^^
sold
[0, 4, 6, 7]
^^^
sold
[0, 4, 6]
^^^
sold
[0, 6]
^^^
[0]
^^^
---
__
[0, 1, 2, 3, 4, 5, 6, 7, 8, 9]
[0, 1, 2, 3, 4, 5, 6, 7, 8]
[0, 1, 2, 3, 4, 5, 7, 8]
[0, 1, 3, 4, 5, 7, 8]
[1, 3, 4, 5, 7, 8]
[1, 3, 5, 7, 8]
[1, 3, 7, 8]
[1, 3, 7]
[1, 7]
[7]
producing
producing
producing
producing
producing
producing
producing
producing
producing
producing
Day 68:
Household 1: Income: 0.7574971557993528, Goods: 22, Land: 2632, Labour: 5236, Capital: 5685
Household 2: Income: 425.13694656111437, Goods: 65, Land: 7693, Labour: 7352, Capital: 6435
Household 3: Income: 570.538814471955, Goods: 66, Land: 9271, Labour: 3072, Capital: 3132
Household 4: Income: 15.73285487381915, Goods: 32, Land: 4179, Labour: 8616, Capital: 1581
Household 5: Income: 51.36996044905787, Goods: 62, Land: 6212, Labour: 9713, Capital: 4002
Household 6: Income: 118.15188216033043, Goods: 60, Land: 4181, Labour: 4221, Capital: 1723
Household 7: Income: 45.24525717233009, Goods: 44, Land: 3401, Labour: 3046, Capital: 7544
Household 8: Income: 594.229491821768, Goods: 66, Land: 9865, Labour: 6710, Capital: 9337
Household 9: Income: 59.70141531162652, Goods: 52, Land: 1441, Labour: 8395, Capital: 2618
Household 10: Income: 33.11062212054554, Goods: 47, Land: 8446, Labour: 9361, Capital: 7345
Firm 1: Money: 386.75107895026963, Goods: 27, Land: 0, Labour: 0, Capital: 0, Goods Price: 33.81226126879567
Firm 2: Money: 372.67399720211426, Goods: 21, Land: 0, Labour: 0, Capital: 0, Goods Price: 18.658597586721417
Firm 3: Money: -285.61825209501785, Goods: 23, Land: 0, Labour: 0, Capital: 0, Goods Price: 42.126772157798904
Firm 4: Money: -211.35644161448212, Goods: 25, Land: 0, Labour: 0, Capital: 0, Goods Price: 26.79955716503823
Firm 5: Money: 495.823577625644, Goods: 18, Land: 0, Labour: 0, Capital: 0, Goods Price: 29.48749235952126
Firm 6: Money: 806.871169515513, Goods: 12, Land: 0, Labour: 0, Capital: 0, Goods Price: 22.206705965228252
Firm 7: Money: 667.4444216604448, Goods: 9, Land: 0, Labour: 0, Capital: 0, Goods Price: 6.131336997412615
Firm 8: Money: 658.506894425318, Goods: 9, Land: 0, Labour: 0, Capital: 0, Goods Price: 9.09821172073078
Firm 9: Money: 833.0044073916819, Goods: 15, Land: 0, Labour: 0, Capital: 0, Goods Price: 30.009733964176593
Firm 10: Money: 528.9814499325997, Goods: 5, Land: 0, Labour: 0, Capital: 0, Goods Price: 20.554146410145005
Self.nfirms:  10
[0, 1, 2, 3, 4, 5, 6, 7, 8, 9]
^^^
[0, 1, 2, 4, 5, 6, 7, 8, 9]
^^^
[0, 1, 2, 4, 5, 7, 8, 9]
^^^
sold
[0, 1, 2, 4, 5, 7, 8]
^^^
sold
[0, 1, 2, 4, 5, 8]
^^^
sold
[0, 1, 2, 4, 5]
^^^
sold
[0, 1, 2, 5]
^^^
sold
[0, 1, 2]
^^^
sold
[0, 1]
^^^
sold
[0]
^^^
---
__
[0, 1, 2, 3, 4, 5, 6, 7, 8, 9]
[0, 1, 2, 3, 5, 6, 7, 8, 9]
[0, 1, 3, 5, 6, 7, 8, 9]
[0, 1, 3, 5, 6, 7, 8]
[0, 1, 3, 6, 7, 8]
[0, 1, 6, 7, 8]
[0, 1, 6, 8]
[0, 1, 8]
[0, 1]
[0]
producing
producing
producing
producing
producing
producing
producing
producing
producing
producing
Day 69:
Household 1: Income: 1.14636015615381, Goods: 22, Land: 2631, Labour: 5235, Capital: 5684
Household 2: Income: 422.9297901573696, Goods: 66, Land: 7692, Labour: 7351, Capital: 6434
Household 3: Income: 552.8385163873603, Goods: 67, Land: 9270, Labour: 3071, Capital: 3131
Household 4: Income: 42.80086893838095, Goods: 32, Land: 4178, Labour: 8615, Capital: 1580
Household 5: Income: 58.252198867828746, Goods: 63, Land: 6211, Labour: 9712, Capital: 4001
Household 6: Income: 142.16722452928565, Goods: 61, Land: 4180, Labour: 4220, Capital: 1722
Household 7: Income: 36.210239316740235, Goods: 45, Land: 3400, Labour: 3045, Capital: 7543
Household 8: Income: 609.8747070003569, Goods: 67, Land: 9864, Labour: 6709, Capital: 9336
Household 9: Income: 66.16849058212289, Goods: 53, Land: 1440, Labour: 8394, Capital: 2617
Household 10: Income: 43.409278117433544, Goods: 48, Land: 8445, Labour: 9360, Capital: 7344
Firm 1: Money: 359.6830648857079, Goods: 28, Land: 0, Labour: 0, Capital: 0, Goods Price: 35.96032484485077
Firm 2: Money: 356.3815984099362, Goods: 21, Land: 0, Labour: 0, Capital: 0, Goods Price: 33.81723845395895
Firm 3: Money: -282.956709803997, Goods: 23, Land: 0, Labour: 0, Capital: 0, Goods Price: 42.72933000714207
Firm 4: Money: -217.8235168849785, Goods: 25, Land: 0, Labour: 0, Capital: 0, Goods Price: 40.49115655138125
Firm 5: Money: 487.2582962249004, Goods: 18, Land: 0, Labour: 0, Capital: 0, Goods Price: 37.05704573410177
Firm 6: Money: 811.7633597423128, Goods: 12, Land: 0, Labour: 0, Capital: 0, Goods Price: 18.429071226905435
Firm 7: Money: 645.3787748246763, Goods: 10, Land: 0, Labour: 0, Capital: 0, Goods Price: 31.332167704355054
Firm 8: Money: 641.2678914364444, Goods: 9, Land: 0, Labour: 0, Capital: 0, Goods Price: 32.79954198620398
Firm 9: Money: 859.5221686241664, Goods: 15, Land: 0, Labour: 0, Capital: 0, Goods Price: 8.729472823383878
Firm 10: Money: 530.7844435802303, Goods: 5, Land: 0, Labour: 0, Capital: 0, Goods Price: 23.36741361269315
Self.nfirms:  10
[0, 1, 2, 3, 4, 5, 6, 7, 8, 9]
^^^
sold
[0, 1, 2, 3, 4, 6, 7, 8, 9]
^^^
sold
[0, 2, 3, 4, 6, 7, 8, 9]
^^^
[0, 2, 4, 6, 7, 8, 9]
^^^
[2, 4, 6, 7, 8, 9]
^^^
sold
[2, 4, 6, 7, 9]
^^^
sold
[4, 6, 7, 9]
^^^
[4, 7, 9]
^^^
[4, 7]
^^^
sold
[4]
^^^
sold
---
__
[0, 1, 2, 3, 4, 5, 6, 7, 8, 9]
[0, 1, 2, 3, 5, 6, 7, 8, 9]
[1, 2, 3, 5, 6, 7, 8, 9]
[1, 2, 3, 5, 6, 7, 9]
[1, 3, 5, 6, 7, 9]
[1, 3, 5, 6, 7]
[1, 3, 5, 7]
[1, 5, 7]
[1, 7]
[7]
producing
producing
producing
producing
producing
producing
producing
producing
producing
producing
Day 70:
Household 1: Income: 19.078915618884878, Goods: 22, Land: 2630, Labour: 5234, Capital: 5683
Household 2: Income: 421.1087277433387, Goods: 67, Land: 7691, Labour: 7350, Capital: 6433
Household 3: Income: 577.1354735901814, Goods: 68, Land: 9269, Labour: 3070, Capital: 3130
Household 4: Income: -4.532463964292389, Goods: 33, Land: 4177, Labour: 8614, Capital: 1579
Household 5: Income: 57.36931420972299, Goods: 64, Land: 6210, Labour: 9711, Capital: 4000
Household 6: Income: 130.29111223244897, Goods: 62, Land: 4179, Labour: 4219, Capital: 1721
Household 7: Income: 18.463641267973863, Goods: 46, Land: 3399, Labour: 3044, Capital: 7542
Household 8: Income: 594.2902880149136, Goods: 68, Land: 9863, Labour: 6708, Capital: 9335
Household 9: Income: 38.17757023355727, Goods: 54, Land: 1439, Labour: 8393, Capital: 2616
Household 10: Income: 40.105950095199404, Goods: 49, Land: 8444, Labour: 9359, Capital: 7343
Firm 1: Money: 361.5041272997388, Goods: 28, Land: 0, Labour: 0, Capital: 0, Goods Price: 39.92846347977125
Firm 2: Money: 349.8759270191789, Goods: 21, Land: 0, Labour: 0, Capital: 0, Goods Price: 41.02659420898924
Firm 3: Money: -256.6911162352285, Goods: 23, Land: 0, Labour: 0, Capital: 0, Goods Price: 25.237521068615287
Firm 4: Money: -200.00394906048015, Goods: 25, Land: 0, Labour: 0, Capital: 0, Goods Price: 26.79955716503823
Firm 5: Money: 488.95741864353306, Goods: 18, Land: 0, Labour: 0, Capital: 0, Goods Price: 37.659603583444934
Firm 6: Money: 818.149815779174, Goods: 12, Land: 0, Labour: 0, Capital: 0, Goods Price: 13.277236551704526
Firm 7: Money: 684.7712141327955, Goods: 10, Land: 0, Labour: 0, Capital: 0, Goods Price: 6.131336997412615
Firm 8: Money: 658.5613878365233, Goods: 9, Land: 0, Labour: 0, Capital: 0, Goods Price: 28.403453433721822
Firm 9: Money: 840.5128288393025, Goods: 16, Land: 0, Labour: 0, Capital: 0, Goods Price: 27.349949607893212
Firm 10: Money: 529.9308617959657, Goods: 5, Land: 0, Labour: 0, Capital: 0, Goods Price: 23.727611232243373
Self.nfirms:  10
[0, 1, 2, 3, 4, 5, 6, 7, 8, 9]
^^^
sold
[0, 1, 2, 3, 4, 5, 6, 7, 8]
^^^
[0, 1, 2, 4, 5, 6, 7, 8]
^^^
[0, 1, 2, 4, 5, 6, 7]
^^^
[1, 2, 4, 5, 6, 7]
^^^
sold
[2, 4, 5, 6, 7]
^^^
sold
[2, 5, 6, 7]
^^^
[2, 5, 7]
^^^
sold
[5, 7]
^^^
sold
[7]
^^^
sold
---
__
[0, 1, 2, 3, 4, 5, 6, 7, 8, 9]
[0, 1, 2, 3, 4, 5, 6, 7, 9]
[0, 2, 3, 4, 5, 6, 7, 9]
[0, 2, 3, 4, 5, 6, 7]
[2, 3, 4, 5, 6, 7]
[2, 3, 4, 5, 7]
[2, 3, 4, 5]
[2, 4, 5]
[4, 5]
[4]
producing
producing
producing
producing
producing
producing
producing
producing
producing
producing
Day 71:
Household 1: Income: 16.521458532872263, Goods: 23, Land: 2629, Labour: 5233, Capital: 5682
Household 2: Income: 433.28417607129603, Goods: 68, Land: 7690, Labour: 7349, Capital: 6432
Household 3: Income: 583.4515530187288, Goods: 69, Land: 9268, Labour: 3069, Capital: 3129
Household 4: Income: -1.1728192886779913, Goods: 33, Land: 4176, Labour: 8613, Capital: 1578
Household 5: Income: 48.728744022210904, Goods: 65, Land: 6209, Labour: 9710, Capital: 3999
Household 6: Income: 139.29453503277, Goods: 63, Land: 4178, Labour: 4218, Capital: 1720
Household 7: Income: 48.535426431681486, Goods: 46, Land: 3398, Labour: 3043, Capital: 7541
Household 8: Income: 611.5396897274917, Goods: 69, Land: 9862, Labour: 6707, Capital: 9334
Household 9: Income: 63.709709752398, Goods: 54, Land: 1438, Labour: 8392, Capital: 2615
Household 10: Income: 3.672946595732122, Goods: 50, Land: 8443, Labour: 9358, Capital: 7342
Firm 1: Money: 331.43234213603125, Goods: 29, Land: 0, Labour: 0, Capital: 0, Goods Price: 38.96409594399658
Firm 2: Money: 314.0040312575209, Goods: 22, Land: 0, Labour: 0, Capital: 0, Goods Price: 38.2133270064411
Firm 3: Money: -261.0266001509742, Goods: 23, Land: 0, Labour: 0, Capital: 0, Goods Price: 32.83710512472495
Firm 4: Money: -217.79942543437568, Goods: 25, Land: 0, Labour: 0, Capital: 0, Goods Price: 49.7808235844552
Firm 5: Money: 508.31839603408514, Goods: 18, Land: 0, Labour: 0, Capital: 0, Goods Price: 17.302898166729754
Firm 6: Money: 819.4099248522707, Goods: 12, Land: 0, Labour: 0, Capital: 0, Goods Price: 20.50967707783826
Firm 7: Money: 692.3999881208716, Goods: 10, Land: 0, Labour: 0, Capital: 0, Goods Price: 6.131336997412615
Firm 8: Money: 655.291174899899, Goods: 9, Land: 0, Labour: 0, Capital: 0, Goods Price: 35.61280918875211
Firm 9: Money: 850.8905763602485, Goods: 16, Land: 0, Labour: 0, Capital: 0, Goods Price: 21.83762274025291
Firm 10: Money: 526.5712171203512, Goods: 6, Land: 0, Labour: 0, Capital: 0, Goods Price: 6.341449680623664
Self.nfirms:  10
[0, 1, 2, 3, 4, 5, 6, 7, 8, 9]
^^^
sold
[0, 1, 2, 3, 4, 5, 7, 8, 9]
^^^
sold
[0, 1, 3, 4, 5, 7, 8, 9]
^^^
[0, 1, 3, 4, 5, 7, 8]
^^^
sold
[0, 1, 3, 4, 7, 8]
^^^
[1, 3, 4, 7, 8]
^^^
sold
[3, 4, 7, 8]
^^^
sold
[3, 4, 8]
^^^
sold
[3, 4]
^^^
sold
[3]
^^^
---
__
[0, 1, 2, 3, 4, 5, 6, 7, 8, 9]
[0, 1, 2, 3, 4, 5, 6, 7, 8]
[0, 1, 2, 3, 5, 6, 7, 8]
[0, 1, 2, 3, 6, 7, 8]
[0, 1, 2, 3, 7, 8]
[0, 1, 2, 3, 8]
[0, 1, 2, 8]
[0, 2, 8]
[2, 8]
[2]
producing
producing
producing
producing
producing
producing
producing
producing
producing
producing
Day 72:
Household 1: Income: 13.386274661698515, Goods: 23, Land: 2628, Labour: 5232, Capital: 5681
Household 2: Income: 439.2491308914749, Goods: 69, Land: 7689, Labour: 7348, Capital: 6431
Household 3: Income: 569.6647000854919, Goods: 70, Land: 9267, Labour: 3068, Capital: 3128
Household 4: Income: 25.895194775883816, Goods: 33, Land: 4175, Labour: 8612, Capital: 1577
Household 5: Income: 37.877485455388786, Goods: 66, Land: 6208, Labour: 9709, Capital: 3998
Household 6: Income: 111.69004935230083, Goods: 64, Land: 4177, Labour: 4217, Capital: 1719
Household 7: Income: 63.567339598271545, Goods: 47, Land: 3397, Labour: 3042, Capital: 7540
Household 8: Income: 648.4045319693279, Goods: 70, Land: 9861, Labour: 6706, Capital: 9333
Household 9: Income: 69.79654785441284, Goods: 55, Land: 1437, Labour: 8391, Capital: 2614
Household 10: Income: 25.342070736879293, Goods: 50, Land: 8442, Labour: 9357, Capital: 7341
Firm 1: Money: 341.69067713495593, Goods: 29, Land: 0, Labour: 0, Capital: 0, Goods Price: 35.96032484485077
Firm 2: Money: 309.1311322146854, Goods: 22, Land: 0, Labour: 0, Capital: 0, Goods Price: 41.386791828539465
Firm 3: Money: -257.1968237148136, Goods: 23, Land: 0, Labour: 0, Capital: 0, Goods Price: 32.83710512472495
Firm 4: Money: -236.3100828225549, Goods: 26, Land: 0, Labour: 0, Capital: 0, Goods Price: 26.79955716503823
Firm 5: Money: 493.2864828674951, Goods: 18, Land: 0, Labour: 0, Capital: 0, Goods Price: 32.91921337622873
Firm 6: Money: 829.1333628860795, Goods: 12, Land: 0, Labour: 0, Capital: 0, Goods Price: 14.997350210197961
Firm 7: Money: 695.5351719920453, Goods: 11, Land: 0, Labour: 0, Capital: 0, Goods Price: 6.131336997412615
Firm 8: Money: 630.5917070708048, Goods: 10, Land: 0, Labour: 0, Capital: 0, Goods Price: 32.79954198620398
Firm 9: Money: 847.9559652280167, Goods: 16, Land: 0, Labour: 0, Capital: 0, Goods Price: 30.009733964176593
Firm 10: Money: 508.36612685458726, Goods: 6, Land: 0, Labour: 0, Capital: 0, Goods Price: 23.36741361269315
Self.nfirms:  10
[0, 1, 2, 3, 4, 5, 6, 7, 8, 9]
^^^
sold
[0, 1, 3, 4, 5, 6, 7, 8, 9]
^^^
sold
[0, 1, 3, 4, 5, 6, 8, 9]
^^^
sold
[0, 1, 3, 4, 5, 8, 9]
^^^
sold
[0, 3, 4, 5, 8, 9]
^^^
[3, 4, 5, 8, 9]
^^^
sold
[3, 5, 8, 9]
^^^
sold
[3, 5, 9]
^^^
sold
[3, 9]
^^^
[3]
^^^
---
__
[0, 1, 2, 3, 4, 5, 6, 7, 8, 9]
[0, 1, 2, 3, 4, 5, 6, 7, 8]
[0, 1, 2, 3, 4, 6, 7, 8]
[1, 2, 3, 4, 6, 7, 8]
[1, 3, 4, 6, 7, 8]
[1, 3, 4, 6, 8]
[1, 3, 4, 8]
[1, 3, 8]
[3, 8]
[8]
producing
producing
producing
producing
producing
producing
producing
producing
producing
producing
Day 73:
Household 1: Income: 20.170210177352693, Goods: 23, Land: 2627, Labour: 5231, Capital: 5680
Household 2: Income: 423.63308743358687, Goods: 70, Land: 7688, Labour: 7347, Capital: 6430
Household 3: Income: 589.0233149025253, Goods: 71, Land: 9266, Labour: 3067, Capital: 3127
Household 4: Income: 15.836907609501708, Goods: 34, Land: 4174, Labour: 8611, Capital: 1576
Household 5: Income: 27.06379002708764, Goods: 67, Land: 6207, Labour: 9708, Capital: 3997
Household 6: Income: 104.61972456529442, Goods: 65, Land: 4176, Labour: 4216, Capital: 1718
Household 7: Income: 65.89241696741476, Goods: 48, Land: 3396, Labour: 3041, Capital: 7539
Household 8: Income: 658.6346793896375, Goods: 71, Land: 9860, Labour: 6705, Capital: 9332
Household 9: Income: 40.930270881045885, Goods: 56, Land: 1436, Labour: 8390, Capital: 2613
Household 10: Income: 22.206886865705545, Goods: 50, Land: 8441, Labour: 9356, Capital: 7340
Firm 1: Money: 369.2293195836423, Goods: 29, Land: 0, Labour: 0, Capital: 0, Goods Price: 15.676246295943141
Firm 2: Money: 310.7683854180064, Goods: 22, Land: 0, Labour: 0, Capital: 0, Goods Price: 41.02659420898924
Firm 3: Money: -254.71508149876036, Goods: 23, Land: 0, Labour: 0, Capital: 0, Goods Price: 34.55721878321838
Firm 4: Money: -254.82074021073413, Goods: 27, Land: 0, Labour: 0, Capital: 0, Goods Price: 26.79955716503823
Firm 5: Money: 463.7333254202547, Goods: 19, Land: 0, Labour: 0, Capital: 0, Goods Price: 32.91921337622873
Firm 6: Money: 825.8518298220743, Goods: 12, Land: 0, Labour: 0, Capital: 0, Goods Price: 19.393438762680113
Firm 7: Money: 709.7267805932222, Goods: 11, Land: 0, Labour: 0, Capital: 0, Goods Price: 6.131336997412615
Firm 8: Money: 658.9179223236641, Goods: 10, Land: 0, Labour: 0, Capital: 0, Goods Price: 9.09821172073078
Firm 9: Money: 854.11747901431, Goods: 16, Land: 0, Labour: 0, Capital: 0, Goods Price: 29.40717611483343
Firm 10: Money: 516.2365358075998, Goods: 6, Land: 0, Labour: 0, Capital: 0, Goods Price: 14.437944199169422
Self.nfirms:  10
[0, 1, 2, 3, 4, 5, 6, 7, 8, 9]
^^^
[0, 1, 2, 3, 4, 5, 6, 7, 8]
^^^
[0, 1, 2, 4, 5, 6, 7, 8]
^^^
sold
[0, 1, 2, 5, 6, 7, 8]
^^^
sold
[0, 2, 5, 6, 7, 8]
^^^
sold
[0, 2, 6, 7, 8]
^^^
sold
[0, 6, 7, 8]
^^^
sold
[0, 6, 8]
^^^
[6, 8]
^^^
sold
[6]
^^^
sold
---
__
[0, 1, 2, 3, 4, 5, 6, 7, 8, 9]
[0, 1, 2, 3, 4, 5, 6, 7, 9]
[0, 1, 2, 3, 4, 5, 6, 7]
[0, 1, 3, 4, 5, 6, 7]
[0, 1, 3, 5, 6, 7]
[0, 1, 3, 5, 7]
[1, 3, 5, 7]
[1, 3, 7]
[1, 7]
[7]
producing
producing
producing
producing
producing
producing
producing
producing
producing
producing
Day 74:
Household 1: Income: 36.487376519290976, Goods: 23, Land: 2626, Labour: 5230, Capital: 5679
Household 2: Income: 438.9911001320606, Goods: 71, Land: 7687, Labour: 7346, Capital: 6429
Household 3: Income: 583.9076427149755, Goods: 72, Land: 9265, Labour: 3066, Capital: 3126
Household 4: Income: 31.329869227593214, Goods: 35, Land: 4173, Labour: 8610, Capital: 1575
Household 5: Income: 33.872072685731894, Goods: 68, Land: 6206, Labour: 9707, Capital: 3996
Household 6: Income: 97.15367460758326, Goods: 66, Land: 4175, Labour: 4215, Capital: 1717
Household 7: Income: 52.62750945845494, Goods: 49, Land: 3395, Labour: 3040, Capital: 7538
Household 8: Income: 665.6490832867696, Goods: 72, Land: 9859, Labour: 6704, Capital: 9331
Household 9: Income: 40.11503986552673, Goods: 57, Land: 1435, Labour: 8389, Capital: 2612
Household 10: Income: 11.670986130102325, Goods: 51, Land: 8440, Labour: 9355, Capital: 7339
Firm 1: Money: 356.5104262213551, Goods: 29, Land: 0, Labour: 0, Capital: 0, Goods Price: 33.81226126879567
Firm 2: Money: 294.4512190760682, Goods: 23, Land: 0, Labour: 0, Capital: 0, Goods Price: 18.658597586721417
Firm 3: Money: -254.58785833143764, Goods: 23, Land: 0, Labour: 0, Capital: 0, Goods Price: 38.953307335700536
Firm 4: Money: -247.5962160948875, Goods: 27, Land: 0, Labour: 0, Capital: 0, Goods Price: 26.79955716503823
Firm 5: Money: 466.0622869828685, Goods: 19, Land: 0, Labour: 0, Capital: 0, Goods Price: 29.91544227708292
Firm 6: Money: 824.850742095819, Goods: 12, Land: 0, Labour: 0, Capital: 0, Goods Price: 22.56690358477848
Firm 7: Money: 697.0205296000667, Goods: 11, Land: 0, Labour: 0, Capital: 0, Goods Price: 33.02919659174505
Firm 8: Money: 652.5100884582698, Goods: 10, Land: 0, Labour: 0, Capital: 0, Goods Price: 28.403453433721822
Firm 9: Money: 862.8775684637694, Goods: 16, Land: 0, Labour: 0, Capital: 0, Goods Price: 27.349949607893212
Firm 10: Money: 523.1539039924511, Goods: 6, Land: 0, Labour: 0, Capital: 0, Goods Price: 6.341449680623664
Self.nfirms:  10
[0, 1, 2, 3, 4, 5, 6, 7, 8, 9]
^^^
sold
[0, 2, 3, 4, 5, 6, 7, 8, 9]
^^^
[2, 3, 4, 5, 6, 7, 8, 9]
^^^
sold
[2, 3, 4, 5, 6, 8, 9]
^^^
[2, 3, 4, 5, 8, 9]
^^^
sold
[2, 3, 4, 5, 9]
^^^
sold
[2, 3, 5, 9]
^^^
[2, 3, 5]
^^^
[2, 5]
^^^
sold
[2]
^^^
sold
---
__
[0, 1, 2, 3, 4, 5, 6, 7, 8, 9]
[0, 1, 2, 3, 4, 5, 6, 8, 9]
[0, 1, 2, 3, 4, 5, 6, 8]
[0, 1, 2, 3, 4, 5, 6]
[0, 1, 3, 4, 5, 6]
[0, 1, 3, 4, 5]
[0, 1, 3, 5]
[0, 1, 3]
[1, 3]
[3]
producing
producing
producing
producing
producing
producing
producing
producing
producing
producing
Day 75:
Household 1: Income: 46.444026456228826, Goods: 24, Land: 2625, Labour: 5229, Capital: 5678
Household 2: Income: 427.8087083651756, Goods: 72, Land: 7686, Labour: 7345, Capital: 6428
Household 3: Income: 587.6803638090015, Goods: 73, Land: 9264, Labour: 3065, Capital: 3125
Household 4: Income: 27.58020760954767, Goods: 36, Land: 4172, Labour: 8609, Capital: 1574
Household 5: Income: 28.685891967856172, Goods: 69, Land: 6205, Labour: 9706, Capital: 3995
Household 6: Income: 92.77783787144334, Goods: 67, Land: 4174, Labour: 4214, Capital: 1716
Household 7: Income: 15.671362697740392, Goods: 50, Land: 3394, Labour: 3039, Capital: 7537
Household 8: Income: 674.104189869971, Goods: 73, Land: 9858, Labour: 6703, Capital: 9330
Household 9: Income: 34.29771719854774, Goods: 58, Land: 1434, Labour: 8388, Capital: 2611
Household 10: Income: 30.181643518281547, Goods: 51, Land: 8439, Labour: 9354, Capital: 7338
Firm 1: Money: 322.30080869977445, Goods: 30, Land: 0, Labour: 0, Capital: 0, Goods Price: 43.10192830186962
Firm 2: Money: 273.36027803757116, Goods: 23, Land: 0, Labour: 0, Capital: 0, Goods Price: 41.02659420898924
Firm 3: Money: -237.60797192398843, Goods: 23, Land: 0, Labour: 0, Capital: 0, Goods Price: 25.237521068615287
Firm 4: Money: -235.80782551692653, Goods: 27, Land: 0, Labour: 0, Capital: 0, Goods Price: 26.79955716503823
Firm 5: Money: 465.2674115731531, Goods: 19, Land: 0, Labour: 0, Capital: 0, Goods Price: 29.91544227708292
Firm 6: Money: 831.6619468645878, Goods: 12, Land: 0, Labour: 0, Capital: 0, Goods Price: 19.393438762680113
Firm 7: Money: 718.4214939562739, Goods: 11, Land: 0, Labour: 0, Capital: 0, Goods Price: 25.819840836714757
Firm 8: Money: 676.8122945970331, Goods: 10, Land: 0, Labour: 0, Capital: 0, Goods Price: 9.09821172073078
Firm 9: Money: 874.9754296432089, Goods: 16, Land: 0, Labour: 0, Capital: 0, Goods Price: 20.11750908175948
Firm 10: Money: 512.4412297979505, Goods: 6, Land: 0, Labour: 0, Capital: 0, Goods Price: 21.670384725303155
Self.nfirms:  10
[0, 1, 2, 3, 4, 5, 6, 7, 8, 9]
^^^
sold
[0, 2, 3, 4, 5, 6, 7, 8, 9]
^^^
[0, 2, 3, 4, 5, 6, 7, 9]
^^^
sold
[0, 2, 3, 4, 5, 6, 9]
^^^
sold
[0, 2, 3, 5, 6, 9]
^^^
sold
[0, 3, 5, 6, 9]
^^^
[0, 5, 6, 9]
^^^
[5, 6, 9]
^^^
sold
[6, 9]
^^^
[6]
^^^
---
__
[0, 1, 2, 3, 4, 5, 6, 7, 8, 9]
[0, 1, 3, 4, 5, 6, 7, 8, 9]
[0, 1, 3, 4, 5, 7, 8, 9]
[0, 3, 4, 5, 7, 8, 9]
[0, 3, 5, 7, 8, 9]
[0, 3, 5, 8, 9]
[0, 3, 5, 8]
[0, 3, 8]
[0, 3]
[3]
producing
producing
producing
producing
producing
producing
producing
producing
producing
producing
Day 76:
Household 1: Income: 11.302412915426581, Goods: 25, Land: 2624, Labour: 5228, Capital: 5677
Household 2: Income: 429.41148080353867, Goods: 73, Land: 7685, Labour: 7344, Capital: 6427
Household 3: Income: 603.0086261614749, Goods: 74, Land: 9263, Labour: 3064, Capital: 3124
Household 4: Income: 31.343381103636766, Goods: 37, Land: 4171, Labour: 8608, Capital: 1573
Household 5: Income: 34.109218891588995, Goods: 70, Land: 6204, Labour: 9705, Capital: 3994
Household 6: Income: 100.07155112441457, Goods: 68, Land: 4173, Labour: 4213, Capital: 1715
Household 7: Income: 45.22452014498086, Goods: 50, Land: 3393, Labour: 3038, Capital: 7536
Household 8: Income: 689.841602739188, Goods: 74, Land: 9857, Labour: 6702, Capital: 9329
Household 9: Income: 59.829856717388466, Goods: 58, Land: 1433, Labour: 8387, Capital: 2610
Household 10: Income: 31.17978108190259, Goods: 51, Land: 8438, Labour: 9353, Capital: 7337
Firm 1: Money: 295.2327946352127, Goods: 31, Land: 0, Labour: 0, Capital: 0, Goods Price: 35.96032484485077
Firm 2: Money: 241.8844708283953, Goods: 24, Land: 0, Labour: 0, Capital: 0, Goods Price: 33.81723845395895
Firm 3: Money: -263.14011144282915, Goods: 24, Land: 0, Labour: 0, Capital: 0, Goods Price: 32.83710512472495
Firm 4: Money: -247.00070135838254, Goods: 27, Land: 0, Labour: 0, Capital: 0, Goods Price: 49.7808235844552
Firm 5: Money: 461.46876506429186, Goods: 19, Land: 0, Labour: 0, Capital: 0, Goods Price: 32.91921337622873
Firm 6: Money: 852.7948414705925, Goods: 12, Land: 0, Labour: 0, Capital: 0, Goods Price: 0.43292125251868807
Firm 7: Money: 720.5379410767099, Goods: 11, Land: 0, Labour: 0, Capital: 0, Goods Price: 31.332167704355054
Firm 8: Money: 680.8715032886226, Goods: 10, Land: 0, Labour: 0, Capital: 0, Goods Price: 9.09821172073078
Firm 9: Money: 873.7246480855392, Goods: 16, Land: 0, Labour: 0, Capital: 0, Goods Price: 26.233711292735062
Firm 10: Money: 515.3604617607393, Goods: 6, Land: 0, Labour: 0, Capital: 0, Goods Price: 23.36741361269315
Self.nfirms:  10
[0, 1, 2, 3, 4, 5, 6, 7, 8, 9]
^^^
sold
[0, 1, 3, 4, 5, 6, 7, 8, 9]
^^^
sold
[0, 1, 3, 4, 5, 6, 8, 9]
^^^
sold
[0, 1, 3, 5, 6, 8, 9]
^^^
sold
[0, 1, 3, 6, 8, 9]
^^^
sold
[0, 3, 6, 8, 9]
^^^
[3, 6, 8, 9]
^^^
[3, 6, 8]
^^^
sold
[3, 8]
^^^
[8]
^^^
sold
---
__
[0, 1, 2, 3, 4, 5, 6, 7, 8, 9]
[0, 1, 2, 3, 4, 5, 6, 7, 8]
[0, 1, 2, 3, 5, 6, 7, 8]
[0, 1, 3, 5, 6, 7, 8]
[0, 3, 5, 6, 7, 8]
[0, 3, 5, 6, 7]
[0, 3, 6, 7]
[0, 3, 6]
[0, 3]
[3]
producing
producing
producing
producing
producing
producing
producing
producing
producing
producing
Day 77:
Household 1: Income: 6.459847340764537, Goods: 25, Land: 2623, Labour: 5227, Capital: 5676
Household 2: Income: 442.15277500379915, Goods: 74, Land: 7684, Labour: 7343, Capital: 6426
Household 3: Income: 597.9750622254289, Goods: 75, Land: 9262, Labour: 3063, Capital: 3123
Household 4: Income: 34.70302577925116, Goods: 37, Land: 4170, Labour: 8607, Capital: 1572
Household 5: Income: 22.277826995532877, Goods: 71, Land: 6203, Labour: 9704, Capital: 3993
Household 6: Income: 79.18072759780371, Goods: 69, Land: 4172, Labour: 4212, Capital: 1714
Household 7: Income: 64.50198671247247, Goods: 51, Land: 3392, Labour: 3037, Capital: 7535
Household 8: Income: 704.8447379867793, Goods: 75, Land: 9856, Labour: 6701, Capital: 9328
Household 9: Income: 76.1973434297096, Goods: 59, Land: 1432, Labour: 8386, Capital: 2609
Household 10: Income: 32.17791864552363, Goods: 51, Land: 8437, Labour: 9352, Capital: 7336
Firm 1: Money: 261.0231771136321, Goods: 32, Land: 0, Labour: 0, Capital: 0, Goods Price: 43.10192830186962
Firm 2: Money: 236.35462435097264, Goods: 24, Land: 0, Labour: 0, Capital: 0, Goods Price: 38.2133270064411
Firm 3: Money: -261.5961249609586, Goods: 24, Land: 0, Labour: 0, Capital: 0, Goods Price: 34.55721878321838
Firm 4: Money: -217.36828204261676, Goods: 27, Land: 0, Labour: 0, Capital: 0, Goods Price: 26.79955716503823
Firm 5: Money: 437.0674422922522, Goods: 20, Land: 0, Labour: 0, Capital: 0, Goods Price: 27.767378701027823
Firm 6: Money: 855.2886744116939, Goods: 12, Land: 0, Labour: 0, Capital: 0, Goods Price: 0.43292125251868807
Firm 7: Money: 696.7752653535512, Goods: 12, Land: 0, Labour: 0, Capital: 0, Goods Price: 33.02919659174505
Firm 8: Money: 687.9072017847201, Goods: 10, Land: 0, Labour: 0, Capital: 0, Goods Price: 9.09821172073078
Firm 9: Money: 879.9265157130059, Goods: 16, Land: 0, Labour: 0, Capital: 0, Goods Price: 25.269343756960385
Firm 10: Money: 531.2072993591142, Goods: 6, Land: 0, Labour: 0, Capital: 0, Goods Price: 6.341449680623664
Self.nfirms:  10
[0, 1, 2, 3, 4, 5, 6, 7, 8, 9]
^^^
sold
[0, 1, 3, 4, 5, 6, 7, 8, 9]
^^^
[0, 1, 3, 4, 5, 6, 7, 8]
^^^
sold
[0, 1, 3, 4, 5, 6, 7]
^^^
sold
[0, 1, 3, 4, 5, 6]
^^^
[1, 3, 4, 5, 6]
^^^
sold
[1, 3, 4, 6]
^^^
[1, 3, 6]
^^^
[1, 6]
^^^
sold
[6]
^^^
---
__
[0, 1, 2, 3, 4, 5, 6, 7, 8, 9]
[0, 1, 3, 4, 5, 6, 7, 8, 9]
[0, 1, 3, 4, 5, 6, 7, 9]
[1, 3, 4, 5, 6, 7, 9]
[1, 3, 4, 5, 7, 9]
[1, 3, 5, 7, 9]
[3, 5, 7, 9]
[3, 5, 7]
[5, 7]
[7]
producing
producing
producing
producing
producing
producing
producing
producing
producing
producing
Day 78:
Household 1: Income: 9.819492016378934, Goods: 25, Land: 2622, Labour: 5226, Capital: 5675
Household 2: Income: 451.6348827079926, Goods: 75, Land: 7683, Labour: 7342, Capital: 6425
Household 3: Income: 591.1797681279689, Goods: 76, Land: 9261, Labour: 3062, Capital: 3122
Household 4: Income: -2.25312098146338, Goods: 38, Land: 4169, Labour: 8606, Capital: 1571
Household 5: Income: 59.26596107234899, Goods: 71, Land: 6202, Labour: 9703, Capital: 3992
Household 6: Income: 80.18362612811117, Goods: 70, Land: 4171, Labour: 4211, Capital: 1713
Household 7: Income: 51.131672680263236, Goods: 52, Land: 3391, Labour: 3036, Capital: 7534
Household 8: Income: 736.3552094499728, Goods: 76, Land: 9855, Labour: 6700, Capital: 9327
Household 9: Income: 101.74874832670999, Goods: 60, Land: 1431, Labour: 8385, Capital: 2608
Household 10: Income: 15.147189363132266, Goods: 52, Land: 8436, Labour: 9351, Capital: 7335
Firm 1: Money: 236.10322662512533, Goods: 33, Land: 0, Labour: 0, Capital: 0, Goods Price: 33.81226126879567
Firm 2: Money: 199.36649027415655, Goods: 25, Land: 0, Labour: 0, Capital: 0, Goods Price: 39.32956532159925
Firm 3: Money: -260.3249947880667, Goods: 24, Land: 0, Labour: 0, Capital: 0, Goods Price: 38.953307335700536
Firm 4: Money: -220.9916045094922, Goods: 27, Land: 0, Labour: 0, Capital: 0, Goods Price: 42.21127020987468
Firm 5: Money: 427.1029657226462, Goods: 20, Land: 0, Labour: 0, Capital: 0, Goods Price: 37.05704573410177
Firm 6: Money: 837.7260008651526, Goods: 12, Land: 0, Labour: 0, Capital: 0, Goods Price: 22.206705965228252
Firm 7: Money: 737.8647335490605, Goods: 12, Land: 0, Labour: 0, Capital: 0, Goods Price: 6.131336997412615
Firm 8: Money: 700.8046096323168, Goods: 10, Land: 0, Labour: 0, Capital: 0, Goods Price: 9.09821172073078
Firm 9: Money: 885.1640158046978, Goods: 16, Land: 0, Labour: 0, Capital: 0, Goods Price: 25.269343756960385
Firm 10: Money: 530.0281730254197, Goods: 6, Land: 0, Labour: 0, Capital: 0, Goods Price: 6.341449680623664
Self.nfirms:  10
[0, 1, 2, 3, 4, 5, 6, 7, 8, 9]
^^^
sold
[0, 1, 2, 3, 5, 6, 7, 8, 9]
^^^
[0, 1, 2, 5, 6, 7, 8, 9]
^^^
[0, 1, 2, 5, 6, 7, 8]
^^^
sold
[0, 1, 2, 5, 6, 8]
^^^
sold
[0, 1, 2, 5, 6]
^^^
sold
[0, 2, 5, 6]
^^^
sold
[0, 2, 6]
^^^
sold
[0, 6]
^^^
[0]
^^^
---
__
[0, 1, 2, 3, 4, 5, 6, 7, 8, 9]
[1, 2, 3, 4, 5, 6, 7, 8, 9]
[1, 2, 3, 4, 5, 6, 7, 8]
[1, 3, 4, 5, 6, 7, 8]
[3, 4, 5, 6, 7, 8]
[4, 5, 6, 7, 8]
[4, 5, 6, 8]
[5, 6, 8]
[6, 8]
[6]
producing
producing
producing
producing
producing
producing
producing
producing
producing
producing
Day 79:
Household 1: Income: -0.2387951500031713, Goods: 26, Land: 2621, Labour: 5225, Capital: 5674
Household 2: Income: 451.6565808652876, Goods: 76, Land: 7682, Labour: 7341, Capital: 6424
Household 3: Income: 595.8699812570579, Goods: 77, Land: 9260, Labour: 3061, Capital: 3121
Household 4: Income: 16.257536406715843, Goods: 38, Land: 4168, Labour: 8605, Capital: 1570
Household 5: Income: 71.63389081210646, Goods: 72, Land: 6201, Labour: 9702, Capital: 3991
Household 6: Income: 57.94058012717316, Goods: 71, Land: 4170, Labour: 4210, Capital: 1712
Household 7: Income: 34.97406911652706, Goods: 53, Land: 3390, Labour: 3035, Capital: 7533
Household 8: Income: 736.3133633235201, Goods: 77, Land: 9854, Labour: 6699, Capital: 9326
Household 9: Income: 118.63486275549828, Goods: 61, Land: 1430, Labour: 8384, Capital: 2607
Household 10: Income: 12.012005491958519, Goods: 52, Land: 8435, Labour: 9350, Capital: 7334
Firm 1: Money: 240.954671939894, Goods: 33, Land: 0, Labour: 0, Capital: 0, Goods Price: 33.81226126879567
Firm 2: Money: 163.49459451249857, Goods: 26, Land: 0, Labour: 0, Capital: 0, Goods Price: 38.2133270064411
Firm 3: Money: -258.9364061160682, Goods: 24, Land: 0, Labour: 0, Capital: 0, Goods Price: 41.766574538248676
Firm 4: Money: -193.79150088669476, Goods: 27, Land: 0, Labour: 0, Capital: 0, Goods Price: 26.79955716503823
Firm 5: Money: 432.9691071289974, Goods: 20, Land: 0, Labour: 0, Capital: 0, Goods Price: 32.91921337622873
Firm 6: Money: 822.4918106144952, Goods: 13, Land: 0, Labour: 0, Capital: 0, Goods Price: 20.50967707783826
Firm 7: Money: 752.0563421502374, Goods: 12, Land: 0, Labour: 0, Capital: 0, Goods Price: 6.131336997412615
Firm 8: Money: 707.8403081284142, Goods: 10, Land: 0, Labour: 0, Capital: 0, Goods Price: 9.09821172073078
Firm 9: Money: 885.2058619311505, Goods: 16, Land: 0, Labour: 0, Capital: 0, Goods Price: 29.40717611483343
Firm 10: Money: 519.7181806836662, Goods: 6, Land: 0, Labour: 0, Capital: 0, Goods Price: 16.158057857662854
Self.nfirms:  10
[0, 1, 2, 3, 4, 5, 6, 7, 8, 9]
^^^
sold
[0, 1, 2, 3, 4, 6, 7, 8, 9]
^^^
sold
[0, 1, 2, 3, 4, 6, 7, 9]
^^^
[0, 1, 2, 3, 4, 6, 7]
^^^
sold
[0, 1, 2, 3, 4, 6]
^^^
sold
[0, 1, 3, 4, 6]
^^^
sold
[0, 3, 4, 6]
^^^
[0, 4, 6]
^^^
sold
[0, 6]
^^^
[0]
^^^
---
__
[0, 1, 2, 3, 4, 5, 6, 7, 8, 9]
[0, 1, 2, 3, 4, 5, 6, 7, 8]
[0, 1, 2, 3, 4, 6, 7, 8]
[1, 2, 3, 4, 6, 7, 8]
[1, 2, 3, 4, 6, 7]
[1, 2, 3, 4, 6]
[1, 2, 3, 6]
[2, 3, 6]
[2, 3]
[3]
producing
producing
producing
producing
producing
producing
producing
producing
producing
producing
Day 80:
Household 1: Income: 18.27186223817605, Goods: 26, Land: 2620, Labour: 5224, Capital: 5673
Household 2: Income: 435.0653812633288, Goods: 77, Land: 7681, Labour: 7340, Capital: 6423
Household 3: Income: 601.4532422787138, Goods: 78, Land: 9259, Labour: 3060, Capital: 3120
Household 4: Income: -1.1461142957621084, Goods: 39, Land: 4167, Labour: 8604, Capital: 1569
Household 5: Income: 55.58433269568285, Goods: 73, Land: 6200, Labour: 9701, Capital: 3990
Household 6: Income: 61.64695810202572, Goods: 72, Land: 4169, Labour: 4209, Capital: 1711
Household 7: Income: 24.915781950144954, Goods: 54, Land: 3389, Labour: 3034, Capital: 7532
Household 8: Income: 754.1742351059662, Goods: 78, Land: 9853, Labour: 6698, Capital: 9325
Household 9: Income: 117.30100402351196, Goods: 62, Land: 1429, Labour: 8383, Capital: 2606
Household 10: Income: 8.87682162078477, Goods: 52, Land: 8434, Labour: 9349, Capital: 7333
Firm 1: Money: 237.4542059557715, Goods: 33, Land: 0, Labour: 0, Capital: 0, Goods Price: 43.10192830186962
Firm 2: Money: 166.7569251400402, Goods: 26, Land: 0, Labour: 0, Capital: 0, Goods Price: 33.81723845395895
Firm 3: Money: -293.39801504843274, Goods: 25, Land: 0, Labour: 0, Capital: 0, Goods Price: 41.766574538248676
Firm 4: Money: -186.56697677084813, Goods: 27, Land: 0, Labour: 0, Capital: 0, Goods Price: 26.79955716503823
Firm 5: Money: 437.4461322676662, Goods: 20, Land: 0, Labour: 0, Capital: 0, Goods Price: 27.767378701027823
Firm 6: Money: 824.7226044181302, Goods: 13, Land: 0, Labour: 0, Capital: 0, Goods Price: 19.393438762680113
Firm 7: Money: 766.2479507514142, Goods: 12, Land: 0, Labour: 0, Capital: 0, Goods Price: 6.131336997412615
Firm 8: Money: 706.8421705647933, Goods: 11, Land: 0, Labour: 0, Capital: 0, Goods Price: 9.09821172073078
Firm 9: Money: 912.5864281651193, Goods: 16, Land: 0, Labour: 0, Capital: 0, Goods Price: 8.729472823383878
Firm 10: Money: 518.8221146662048, Goods: 6, Land: 0, Labour: 0, Capital: 0, Goods Price: 21.670384725303155
Self.nfirms:  10
[0, 1, 2, 3, 4, 5, 6, 7, 8, 9]
^^^
sold
[0, 1, 2, 3, 4, 5, 6, 7, 9]
^^^
[0, 1, 2, 4, 5, 6, 7, 9]
^^^
[1, 2, 4, 5, 6, 7, 9]
^^^
sold
[1, 2, 4, 5, 6, 9]
^^^
sold
[1, 2, 4, 6, 9]
^^^
sold
[1, 2, 6, 9]
^^^
sold
[2, 6, 9]
^^^
sold
[2, 9]
^^^
sold
[9]
^^^
---
__
[0, 1, 2, 3, 4, 5, 6, 7, 8, 9]
[0, 1, 2, 4, 5, 6, 7, 8, 9]
[0, 1, 2, 4, 5, 6, 8, 9]
[0, 1, 2, 4, 5, 6, 8]
[0, 1, 2, 4, 5, 8]
[0, 1, 2, 4, 5]
[0, 1, 2, 4]
[0, 2, 4]
[0, 2]
[0]
producing
producing
producing
producing
producing
producing
producing
producing
producing
producing
Day 81:
Household 1: Income: 22.88697421513765, Goods: 27, Land: 2619, Labour: 5223, Capital: 5672
Household 2: Income: 463.073306696736, Goods: 78, Land: 7680, Labour: 7339, Capital: 6422
Household 3: Income: 579.323398580412, Goods: 79, Land: 9258, Labour: 3059, Capital: 3119
Household 4: Income: 15.171052046176175, Goods: 39, Land: 4166, Labour: 8603, Capital: 1568
Household 5: Income: 62.92590646255192, Goods: 74, Land: 6199, Labour: 9700, Capital: 3989
Household 6: Income: 67.7314850118056, Goods: 73, Land: 4168, Labour: 4208, Capital: 1710
Household 7: Income: 25.23273100747514, Goods: 55, Land: 3388, Labour: 3033, Capital: 7531
Household 8: Income: 740.6914652491303, Goods: 79, Land: 9852, Labour: 6697, Capital: 9324
Household 9: Income: 117.09796203832683, Goods: 63, Land: 1428, Labour: 8382, Capital: 2605
Household 10: Income: 9.874959184405814, Goods: 52, Land: 8433, Labour: 9348, Capital: 7332
Firm 1: Money: 245.47911609263855, Goods: 33, Land: 0, Labour: 0, Capital: 0, Goods Price: 39.92846347977125
Firm 2: Money: 150.4397587981019, Goods: 27, Land: 0, Labour: 0, Capital: 0, Goods Price: 18.658597586721417
Firm 3: Money: -281.32451136772846, Goods: 25, Land: 0, Labour: 0, Capital: 0, Goods Price: 32.83710512472495
Firm 4: Money: -179.3424526550015, Goods: 27, Land: 0, Labour: 0, Capital: 0, Goods Price: 26.79955716503823
Firm 5: Money: 430.1045585007971, Goods: 20, Land: 0, Labour: 0, Capital: 0, Goods Price: 34.99981922716155
Firm 6: Money: 824.4031701566834, Goods: 13, Land: 0, Labour: 0, Capital: 0, Goods Price: 22.206705965228252
Firm 7: Money: 745.1533046747803, Goods: 12, Land: 0, Labour: 0, Capital: 0, Goods Price: 33.38939421129528
Firm 8: Money: 719.73957841239, Goods: 11, Land: 0, Labour: 0, Capital: 0, Goods Price: 9.09821172073078
Firm 9: Money: 902.7494201740622, Goods: 16, Land: 0, Labour: 0, Capital: 0, Goods Price: 25.269343756960385
Firm 10: Money: 505.6458618135513, Goods: 7, Land: 0, Labour: 0, Capital: 0, Goods Price: 16.158057857662854
Self.nfirms:  10
[0, 1, 2, 3, 4, 5, 6, 7, 8, 9]
^^^
sold
[0, 2, 3, 4, 5, 6, 7, 8, 9]
^^^
sold
[0, 2, 3, 4, 6, 7, 8, 9]
^^^
sold
[0, 2, 3, 4, 6, 8, 9]
^^^
[0, 2, 4, 6, 8, 9]
^^^
sold
[0, 2, 4, 6, 9]
^^^
sold
[0, 4, 6, 9]
^^^
[0, 4, 6]
^^^
sold
[0, 6]
^^^
[6]
^^^
---
__
[0, 1, 2, 3, 4, 5, 6, 7, 8, 9]
[0, 1, 3, 4, 5, 6, 7, 8, 9]
[0, 1, 3, 4, 5, 6, 7, 8]
[0, 1, 3, 4, 5, 6, 7]
[0, 1, 3, 4, 5, 7]
[0, 1, 3, 5, 7]
[0, 1, 3, 7]
[0, 1, 3]
[0, 3]
[3]
producing
producing
producing
producing
producing
producing
producing
producing
producing
producing
Day 82:
Household 1: Income: 18.04440864047561, Goods: 27, Land: 2618, Labour: 5222, Capital: 5671
Household 2: Income: 475.00586316232756, Goods: 79, Land: 7679, Labour: 7338, Capital: 6421
Household 3: Income: 577.8974094985253, Goods: 80, Land: 9257, Labour: 3058, Capital: 3118
Household 4: Income: 33.6817094343554, Goods: 39, Land: 4165, Labour: 8602, Capital: 1567
Household 5: Income: 52.02104120584403, Goods: 75, Land: 6198, Labour: 9699, Capital: 3988
Household 6: Income: 64.40326741196748, Goods: 74, Land: 4167, Labour: 4207, Capital: 1709
Household 7: Income: 10.79986198025713, Goods: 56, Land: 3387, Labour: 3032, Capital: 7530
Household 8: Income: 748.8979379444286, Goods: 80, Land: 9851, Labour: 6696, Capital: 9323
Household 9: Income: 114.33694642225275, Goods: 64, Land: 1427, Labour: 8381, Capital: 2604
Household 10: Income: 30.272961427644873, Goods: 53, Land: 8432, Labour: 9347, Capital: 7331
Firm 1: Money: 250.33056140740723, Goods: 33, Land: 0, Labour: 0, Capital: 0, Goods Price: 39.92846347977125
Firm 2: Money: 128.9886201400546, Goods: 27, Land: 0, Labour: 0, Capital: 0, Goods Price: 41.386791828539465
Firm 3: Money: -315.786120300093, Goods: 26, Land: 0, Labour: 0, Capital: 0, Goods Price: 41.766574538248676
Firm 4: Money: -197.85311004318072, Goods: 28, Land: 0, Labour: 0, Capital: 0, Goods Price: 26.79955716503823
Firm 5: Money: 426.6498987347983, Goods: 20, Land: 0, Labour: 0, Capital: 0, Goods Price: 37.659603583444934
Firm 6: Money: 848.3493319652362, Goods: 13, Land: 0, Labour: 0, Capital: 0, Goods Price: 0.43292125251868807
Firm 7: Money: 760.2343034067169, Goods: 12, Land: 0, Labour: 0, Capital: 0, Goods Price: 24.099727178221322
Firm 8: Money: 713.3317445469957, Goods: 11, Land: 0, Labour: 0, Capital: 0, Goods Price: 28.403453433721822
Firm 9: Money: 907.3716772656485, Goods: 16, Land: 0, Labour: 0, Capital: 0, Goods Price: 27.349949607893212
Firm 10: Money: 520.0787308407691, Goods: 7, Land: 0, Labour: 0, Capital: 0, Goods Price: 6.341449680623664
Self.nfirms:  10
[0, 1, 2, 3, 4, 5, 6, 7, 8, 9]
^^^
sold
[0, 1, 2, 3, 4, 6, 7, 8, 9]
^^^
sold
[0, 1, 2, 3, 4, 6, 8, 9]
^^^
[0, 1, 2, 4, 6, 8, 9]
^^^
sold
[0, 1, 2, 6, 8, 9]
^^^
sold
[0, 2, 6, 8, 9]
^^^
[0, 2, 6, 8]
^^^
sold
[0, 6, 8]
^^^
[6, 8]
^^^
sold
[6]
^^^
---
__
[0, 1, 2, 3, 4, 5, 6, 7, 8, 9]
[0, 1, 2, 4, 5, 6, 7, 8, 9]
[0, 1, 2, 5, 6, 7, 8, 9]
[0, 1, 2, 5, 6, 7, 8]
[0, 2, 5, 6, 7, 8]
[0, 2, 6, 7, 8]
[2, 6, 7, 8]
[6, 7, 8]
[6, 7]
[6]
producing
producing
producing
producing
producing
producing
producing
producing
producing
producing
Day 83:
Household 1: Income: 21.404053316090007, Goods: 27, Land: 2617, Labour: 5221, Capital: 5670
Household 2: Income: 502.2850481960566, Goods: 80, Land: 7678, Labour: 7337, Capital: 6420
Household 3: Income: 578.1280912826311, Goods: 81, Land: 9256, Labour: 3057, Capital: 3117
Household 4: Income: 18.413477772877805, Goods: 40, Land: 4164, Labour: 8601, Capital: 1566
Household 5: Income: 51.09757262384429, Goods: 76, Land: 6197, Labour: 9698, Capital: 3987
Household 6: Income: 75.863657547272, Goods: 75, Land: 4166, Labour: 4206, Capital: 1708
Household 7: Income: 27.728595914188094, Goods: 56, Land: 3386, Labour: 3031, Capital: 7529
Household 8: Income: 743.0003364328369, Goods: 81, Land: 9850, Labour: 6695, Capital: 9322
Household 9: Income: 129.8016071403814, Goods: 65, Land: 1426, Labour: 8380, Capital: 2603
Household 10: Income: 0.972051025125718, Goods: 54, Land: 8431, Labour: 9346, Capital: 7330
Firm 1: Money: 216.48114150537677, Goods: 34, Land: 0, Labour: 0, Capital: 0, Goods Price: 42.74173068231939
Firm 2: Money: 129.91208872205436, Goods: 27, Land: 0, Labour: 0, Capital: 0, Goods Price: 39.32956532159925
Firm 3: Money: -333.71867576282403, Goods: 27, Land: 0, Labour: 0, Capital: 0, Goods Price: 25.237521068615287
Firm 4: Money: -201.47643251005616, Goods: 28, Land: 0, Labour: 0, Capital: 0, Goods Price: 42.21127020987468
Firm 5: Money: 429.75111186970776, Goods: 20, Land: 0, Labour: 0, Capital: 0, Goods Price: 33.8835809120034
Firm 6: Money: 830.4264607991446, Goods: 13, Land: 0, Labour: 0, Capital: 0, Goods Price: 22.56690358477848
Firm 7: Money: 767.863077394793, Goods: 12, Land: 0, Labour: 0, Capital: 0, Goods Price: 24.099727178221322
Firm 8: Money: 745.5343941075834, Goods: 11, Land: 0, Labour: 0, Capital: 0, Goods Price: 9.09821172073078
Firm 9: Money: 913.6319616009072, Goods: 16, Land: 0, Labour: 0, Capital: 0, Goods Price: 25.269343756960385
Firm 10: Money: 519.9574261144408, Goods: 7, Land: 0, Labour: 0, Capital: 0, Goods Price: 6.341449680623664
Self.nfirms:  10
[0, 1, 2, 3, 4, 5, 6, 7, 8, 9]
^^^
sold
[0, 1, 2, 3, 4, 5, 6, 8, 9]
^^^
sold
[0, 1, 2, 3, 4, 6, 8, 9]
^^^
sold
[0, 2, 3, 4, 6, 8, 9]
^^^
[2, 3, 4, 6, 8, 9]
^^^
[2, 3, 4, 6, 8]
^^^
[2, 4, 6, 8]
^^^
[2, 4, 8]
^^^
sold
[2, 4]
^^^
sold
[4]
^^^
---
__
[0, 1, 2, 3, 4, 5, 6, 7, 8, 9]
[0, 1, 2, 3, 4, 5, 7, 8, 9]
[1, 2, 3, 4, 5, 7, 8, 9]
[1, 2, 3, 4, 5, 8, 9]
[2, 3, 4, 5, 8, 9]
[2, 3, 4, 5, 8]
[2, 3, 4, 5]
[2, 3, 5]
[2, 3]
[3]
producing
producing
producing
producing
producing
producing
producing
producing
producing
producing
Day 84:
Household 1: Income: 18.26886944491626, Goods: 27, Land: 2616, Labour: 5220, Capital: 5669
Household 2: Income: 498.01191564013936, Goods: 81, Land: 7677, Labour: 7336, Capital: 6419
Household 3: Income: 616.9592332555736, Goods: 82, Land: 9255, Labour: 3056, Capital: 3116
Household 4: Income: 19.411615336498848, Goods: 40, Land: 4163, Labour: 8600, Capital: 1565
Household 5: Income: 37.53920262750809, Goods: 77, Land: 6196, Labour: 9697, Capital: 3986
Household 6: Income: 99.8789999162272, Goods: 76, Land: 4165, Labour: 4205, Capital: 1707
Household 7: Income: 40.8821803139128, Goods: 56, Land: 3385, Labour: 3030, Capital: 7528
Household 8: Income: 758.2853539918756, Goods: 82, Land: 9849, Labour: 6694, Capital: 9321
Household 9: Income: 102.9925566739547, Goods: 66, Land: 1425, Labour: 8379, Capital: 2602
Household 10: Income: 36.39641542638357, Goods: 54, Land: 8430, Labour: 9345, Capital: 7329
Firm 1: Money: 184.3287504907363, Goods: 35, Land: 0, Labour: 0, Capital: 0, Goods Price: 41.0447017949294
Firm 2: Money: 136.7014711734654, Goods: 27, Land: 0, Labour: 0, Capital: 0, Goods Price: 33.81723845395895
Firm 3: Money: -369.1430401640818, Goods: 28, Land: 0, Labour: 0, Capital: 0, Goods Price: 42.72933000714207
Firm 4: Money: -196.89739768712545, Goods: 28, Land: 0, Labour: 0, Capital: 0, Goods Price: 49.42062596490497
Firm 5: Money: 396.0601220645942, Goods: 21, Land: 0, Labour: 0, Capital: 0, Goods Price: 37.05704573410177
Firm 6: Money: 835.6788486454947, Goods: 13, Land: 0, Labour: 0, Capital: 0, Goods Price: 18.429071226905435
Firm 7: Money: 770.9982612659667, Goods: 13, Land: 0, Labour: 0, Capital: 0, Goods Price: 6.131336997412615
Firm 8: Money: 751.996721384183, Goods: 11, Land: 0, Labour: 0, Capital: 0, Goods Price: 9.09821172073078
Firm 9: Money: 917.9050941568244, Goods: 16, Land: 0, Labour: 0, Capital: 0, Goods Price: 26.233711292735062
Firm 10: Money: 510.8018711353839, Goods: 7, Land: 0, Labour: 0, Capital: 0, Goods Price: 14.437944199169422
Self.nfirms:  10
[0, 1, 2, 3, 4, 5, 6, 7, 8, 9]
^^^
sold
[0, 1, 2, 3, 4, 5, 6, 8, 9]
^^^
[0, 1, 2, 4, 5, 6, 8, 9]
^^^
sold
[0, 1, 2, 4, 6, 8, 9]
^^^
sold
[0, 1, 2, 4, 6, 9]
^^^
sold
[0, 1, 4, 6, 9]
^^^
[0, 1, 4, 9]
^^^
[0, 1, 4]
^^^
[1, 4]
^^^
sold
[1]
^^^
sold
---
__
[0, 1, 2, 3, 4, 5, 6, 7, 8, 9]
[0, 1, 2, 3, 5, 6, 7, 8, 9]
[0, 1, 3, 5, 6, 7, 8, 9]
[0, 1, 3, 5, 6, 7, 8]
[0, 1, 3, 5, 6, 8]
[1, 3, 5, 6, 8]
[1, 3, 5, 8]
[1, 5, 8]
[5, 8]
[8]
producing
producing
producing
producing
producing
producing
producing
producing
producing
producing
Day 85:
Household 1: Income: 25.052804960570437, Goods: 27, Land: 2615, Labour: 5219, Capital: 5668
Household 2: Income: 472.6438079271824, Goods: 82, Land: 7676, Labour: 7335, Capital: 6418
Household 3: Income: 641.2561904583947, Goods: 83, Land: 9254, Labour: 3055, Capital: 3115
Household 4: Income: 29.888601640254528, Goods: 41, Land: 4162, Labour: 8599, Capital: 1564
Household 5: Income: 47.15037032715844, Goods: 78, Land: 6195, Labour: 9696, Capital: 3985
Household 6: Income: 129.30778023234043, Goods: 77, Land: 4164, Labour: 4204, Capital: 1706
Household 7: Income: 57.81091424784376, Goods: 56, Land: 3384, Labour: 3029, Capital: 7527
Household 8: Income: 747.5898879746298, Goods: 83, Land: 9848, Labour: 6693, Capital: 9320
Household 9: Income: 92.53202611970602, Goods: 67, Land: 1424, Labour: 8378, Capital: 2601
Household 10: Income: 2.523688239470019, Goods: 55, Land: 8429, Labour: 9344, Capital: 7328
Firm 1: Money: 177.54481497508212, Goods: 36, Land: 0, Labour: 0, Capital: 0, Goods Price: 15.676246295943141
Firm 2: Money: 135.24868007178725, Goods: 27, Land: 0, Labour: 0, Capital: 0, Goods Price: 41.02659420898924
Firm 3: Money: -356.10678101448417, Goods: 28, Land: 0, Labour: 0, Capital: 0, Goods Price: 32.83710512472495
Firm 4: Money: -184.50225188657367, Goods: 28, Land: 0, Labour: 0, Capital: 0, Goods Price: 42.21127020987468
Firm 5: Money: 405.503405789589, Goods: 21, Land: 0, Labour: 0, Capital: 0, Goods Price: 29.91544227708292
Firm 6: Money: 834.8328641562224, Goods: 13, Land: 0, Labour: 0, Capital: 0, Goods Price: 20.50967707783826
Firm 7: Money: 754.5424428622584, Goods: 13, Land: 0, Labour: 0, Capital: 0, Goods Price: 30.21592938919691
Firm 8: Money: 729.7468112839975, Goods: 11, Land: 0, Labour: 0, Capital: 0, Goods Price: 35.973006808302344
Firm 9: Money: 900.9763602228935, Goods: 17, Land: 0, Labour: 0, Capital: 0, Goods Price: 25.269343756960385
Firm 10: Money: 523.5146265041084, Goods: 7, Land: 0, Labour: 0, Capital: 0, Goods Price: 6.341449680623664
Self.nfirms:  10
[0, 1, 2, 3, 4, 5, 6, 7, 8, 9]
^^^
sold
[0, 1, 2, 4, 5, 6, 7, 8, 9]
^^^
sold
[0, 1, 2, 4, 5, 6, 7, 9]
^^^
sold
[0, 1, 2, 4, 5, 6, 9]
^^^
sold
[0, 1, 2, 5, 6, 9]
^^^
[1, 2, 5, 6, 9]
^^^
[1, 2, 5, 6]
^^^
[1, 2, 5]
^^^
sold
[1, 2]
^^^
sold
[1]
^^^
sold
---
__
[0, 1, 2, 3, 4, 5, 6, 7, 8, 9]
[0, 1, 2, 3, 4, 5, 6, 7, 9]
[0, 1, 2, 3, 4, 5, 6, 9]
[0, 1, 2, 3, 4, 6, 9]
[0, 1, 2, 3, 4, 9]
[0, 1, 2, 4, 9]
[0, 1, 2, 9]
[1, 2, 9]
[2, 9]
[2]
producing
producing
producing
producing
producing
producing
producing
producing
producing
producing
Day 86:
Household 1: Income: 31.836740476224616, Goods: 27, Land: 2614, Labour: 5218, Capital: 5667
Household 2: Income: 457.3462522553533, Goods: 83, Land: 7675, Labour: 7334, Capital: 6417
Household 3: Income: 658.11817103164, Goods: 84, Land: 9253, Labour: 3054, Capital: 3114
Household 4: Income: 33.92530766007319, Goods: 42, Land: 4161, Labour: 8598, Capital: 1563
Household 5: Income: 35.94430747045666, Goods: 79, Land: 6194, Labour: 9695, Capital: 3984
Household 6: Income: 141.15739740035536, Goods: 78, Land: 4163, Labour: 4203, Capital: 1705
Household 7: Income: 31.879844018464752, Goods: 57, Land: 3383, Labour: 3028, Capital: 7526
Household 8: Income: 742.6014562159406, Goods: 84, Land: 9847, Labour: 6692, Capital: 9319
Household 9: Income: 79.34256227411208, Goods: 68, Land: 1423, Labour: 8377, Capital: 2600
Household 10: Income: 18.840854581408305, Goods: 55, Land: 8428, Labour: 9343, Capital: 7327
Firm 1: Money: 184.65672890234035, Goods: 36, Land: 0, Labour: 0, Capital: 0, Goods Price: 15.676246295943141
Firm 2: Money: 163.37324134740717, Goods: 27, Land: 0, Labour: 0, Capital: 0, Goods Price: 18.658597586721417
Firm 3: Money: -342.2666070135026, Goods: 28, Land: 0, Labour: 0, Capital: 0, Goods Price: 25.237521068615287
Firm 4: Money: -203.0129092747529, Goods: 29, Land: 0, Labour: 0, Capital: 0, Goods Price: 26.79955716503823
Firm 5: Money: 398.61286671138504, Goods: 21, Land: 0, Labour: 0, Capital: 0, Goods Price: 36.69684811455154
Firm 6: Money: 836.0674855178829, Goods: 13, Land: 0, Labour: 0, Capital: 0, Goods Price: 20.50967707783826
Firm 7: Money: 764.0441209446233, Goods: 13, Land: 0, Labour: 0, Capital: 0, Goods Price: 25.819840836714757
Firm 8: Money: 744.0334427428436, Goods: 11, Land: 0, Labour: 0, Capital: 0, Goods Price: 26.68333977522839
Firm 9: Money: 879.9097939310896, Goods: 18, Land: 0, Labour: 0, Capital: 0, Goods Price: 29.40717611483343
Firm 10: Money: 510.64598789908604, Goods: 7, Land: 0, Labour: 0, Capital: 0, Goods Price: 20.554146410145005
Self.nfirms:  10
[0, 1, 2, 3, 4, 5, 6, 7, 8, 9]
^^^
[1, 2, 3, 4, 5, 6, 7, 8, 9]
^^^
sold
[1, 2, 3, 4, 5, 7, 8, 9]
^^^
sold
[1, 2, 3, 4, 7, 8, 9]
^^^
[1, 2, 4, 7, 8, 9]
^^^
[1, 2, 7, 8, 9]
^^^
sold
[1, 2, 8, 9]
^^^
sold
[1, 2, 9]
^^^
sold
[2, 9]
^^^
sold
[9]
^^^
---
__
[0, 1, 2, 3, 4, 5, 6, 7, 8, 9]
[0, 1, 2, 3, 4, 6, 7, 8, 9]
[1, 2, 3, 4, 6, 7, 8, 9]
[1, 2, 4, 6, 7, 8, 9]
[1, 4, 6, 7, 8, 9]
[1, 4, 6, 7, 9]
[1, 4, 6, 7]
[1, 4, 6]
[1, 6]
[6]
producing
producing
producing
producing
producing
producing
producing
producing
producing
producing
Day 87:
Household 1: Income: 28.158795609089275, Goods: 28, Land: 2613, Labour: 5217, Capital: 5666
Household 2: Income: 451.9915943924679, Goods: 84, Land: 7674, Labour: 7333, Capital: 6416
Household 3: Income: 673.9955252328596, Goods: 85, Land: 9252, Labour: 3053, Capital: 3113
Household 4: Income: 34.28698163166218, Goods: 43, Land: 4160, Labour: 8597, Capital: 1562
Household 5: Income: 54.95364725532044, Goods: 79, Land: 6193, Labour: 9694, Capital: 3983
Household 6: Income: 125.83366788865439, Goods: 79, Land: 4162, Labour: 4202, Capital: 1704
Household 7: Income: 44.83579502074747, Goods: 58, Land: 3382, Labour: 3027, Capital: 7525
Household 8: Income: 767.1491505516791, Goods: 85, Land: 9846, Labour: 6691, Capital: 9318
Household 9: Income: 78.98841987044925, Goods: 69, Land: 1422, Labour: 8376, Capital: 2599
Household 10: Income: 22.200499257022702, Goods: 55, Land: 8427, Labour: 9342, Capital: 7326
Firm 1: Money: 169.2240956682014, Goods: 36, Land: 0, Labour: 0, Capital: 0, Goods Price: 35.96032484485077
Firm 2: Money: 138.82554701166856, Goods: 27, Land: 0, Labour: 0, Capital: 0, Goods Price: 41.386791828539465
Firm 3: Money: -346.2442411145715, Goods: 28, Land: 0, Labour: 0, Capital: 0, Goods Price: 37.98893979992586
Firm 4: Money: -221.52356666293213, Goods: 30, Land: 0, Labour: 0, Capital: 0, Goods Price: 26.79955716503823
Firm 5: Money: 374.2115439393454, Goods: 22, Land: 0, Labour: 0, Capital: 0, Goods Price: 27.767378701027823
Firm 6: Money: 844.0736453266246, Goods: 13, Land: 0, Labour: 0, Capital: 0, Goods Price: 14.997350210197961
Firm 7: Money: 767.850177599715, Goods: 13, Land: 0, Labour: 0, Capital: 0, Goods Price: 30.21592938919691
Firm 8: Money: 741.5663006059194, Goods: 11, Land: 0, Labour: 0, Capital: 0, Goods Price: 35.61280918875211
Firm 9: Money: 887.2045205297215, Goods: 18, Land: 0, Labour: 0, Capital: 0, Goods Price: 27.349949607893212
Firm 10: Money: 529.4749454787861, Goods: 7, Land: 0, Labour: 0, Capital: 0, Goods Price: 6.341449680623664
Self.nfirms:  10
[0, 1, 2, 3, 4, 5, 6, 7, 8, 9]
^^^
[0, 1, 2, 3, 4, 5, 7, 8, 9]
^^^
sold
[0, 1, 3, 4, 5, 7, 8, 9]
^^^
sold
[0, 1, 3, 4, 7, 8, 9]
^^^
sold
[0, 1, 3, 4, 7, 8]
^^^
[1, 3, 4, 7, 8]
^^^
sold
[3, 4, 7, 8]
^^^
[4, 7, 8]
^^^
sold
[4, 8]
^^^
sold
[4]
^^^
sold
---
__
[0, 1, 2, 3, 4, 5, 6, 7, 8, 9]
[0, 1, 2, 3, 4, 5, 6, 7, 8]
[0, 2, 3, 4, 5, 6, 7, 8]
[0, 2, 3, 4, 5, 7, 8]
[0, 3, 4, 5, 7, 8]
[0, 3, 5, 7, 8]
[0, 3, 5, 7]
[0, 3, 5]
[0, 3]
[0]
producing
producing
producing
producing
producing
producing
producing
producing
producing
producing
Day 88:
Household 1: Income: 14.284798732912748, Goods: 29, Land: 2612, Labour: 5216, Capital: 5665
Household 2: Income: 487.07171342867963, Goods: 85, Land: 7673, Labour: 7332, Capital: 6415
Household 3: Income: 676.5376747858934, Goods: 86, Land: 9251, Labour: 3052, Capital: 3112
Household 4: Income: 4.59425859901059, Goods: 44, Land: 4159, Labour: 8596, Capital: 1561
Household 5: Income: 38.050217486949464, Goods: 80, Land: 6192, Labour: 9693, Capital: 3982
Household 6: Income: 106.03579493736709, Goods: 80, Land: 4161, Labour: 4201, Capital: 1703
Household 7: Income: 29.587027230879475, Goods: 59, Land: 3381, Labour: 3026, Capital: 7524
Household 8: Income: 775.3037700227665, Goods: 86, Land: 9845, Labour: 6690, Capital: 9317
Household 9: Income: 71.83650398454203, Goods: 70, Land: 1421, Labour: 8375, Capital: 2598
Household 10: Income: 14.924577677590545, Goods: 56, Land: 8426, Labour: 9341, Capital: 7325
Firm 1: Money: 166.93393752595125, Goods: 36, Land: 0, Labour: 0, Capital: 0, Goods Price: 43.10192830186962
Firm 2: Money: 167.31030590683872, Goods: 27, Land: 0, Labour: 0, Capital: 0, Goods Price: 18.658597586721417
Firm 3: Money: -344.35465712752034, Goods: 28, Land: 0, Labour: 0, Capital: 0, Goods Price: 41.766574538248676
Firm 4: Money: -234.1068441444041, Goods: 30, Land: 0, Labour: 0, Capital: 0, Goods Price: 46.60735876235683
Firm 5: Money: 374.8495497102198, Goods: 22, Land: 0, Labour: 0, Capital: 0, Goods Price: 32.91921337622873
Firm 6: Money: 839.4750213310137, Goods: 13, Land: 0, Labour: 0, Capital: 0, Goods Price: 20.50967707783826
Firm 7: Money: 777.35185568208, Goods: 13, Land: 0, Labour: 0, Capital: 0, Goods Price: 25.819840836714757
Firm 8: Money: 755.1206550068292, Goods: 11, Land: 0, Labour: 0, Capital: 0, Goods Price: 26.68333977522839
Firm 9: Money: 916.8972435623731, Goods: 18, Land: 0, Labour: 0, Capital: 0, Goods Price: 8.729472823383878
Firm 10: Money: 529.3536407524577, Goods: 7, Land: 0, Labour: 0, Capital: 0, Goods Price: 6.341449680623664
Self.nfirms:  10
[0, 1, 2, 3, 4, 5, 6, 7, 8, 9]
^^^
[0, 1, 2, 4, 5, 6, 7, 8, 9]
^^^
[1, 2, 4, 5, 6, 7, 8, 9]
^^^
sold
[2, 4, 5, 6, 7, 8, 9]
^^^
sold
[2, 4, 5, 6, 8, 9]
^^^
sold
[4, 5, 6, 8, 9]
^^^
[4, 5, 6, 8]
^^^
[5, 6, 8]
^^^
sold
[5, 6]
^^^
[5]
^^^
sold
---
__
[0, 1, 2, 3, 4, 5, 6, 7, 8, 9]
[0, 1, 2, 3, 4, 5, 6, 7, 9]
[0, 1, 2, 3, 5, 6, 7, 9]
[0, 1, 2, 3, 6, 7, 9]
[0, 1, 2, 6, 7, 9]
[0, 2, 6, 7, 9]
[0, 2, 7, 9]
[2, 7, 9]
[7, 9]
[9]
producing
producing
producing
producing
producing
producing
producing
producing
producing
producing
Day 89:
Household 1: Income: 32.79545612109197, Goods: 29, Land: 2611, Labour: 5215, Capital: 5664
Household 2: Income: 478.1090475576298, Goods: 86, Land: 7672, Labour: 7331, Capital: 6414
Household 3: Income: 707.5678827563532, Goods: 87, Land: 9250, Labour: 3051, Capital: 3111
Household 4: Income: 22.526814061741657, Goods: 44, Land: 4158, Labour: 8595, Capital: 1560
Household 5: Income: 63.86592363120184, Goods: 80, Land: 6191, Labour: 9692, Capital: 3981
Household 6: Income: 96.88572812305624, Goods: 81, Land: 4160, Labour: 4200, Capital: 1702
Household 7: Income: 24.44203016952002, Goods: 60, Land: 3380, Labour: 3025, Capital: 7523
Household 8: Income: 773.5271678134759, Goods: 87, Land: 9844, Labour: 6689, Capital: 9316
Household 9: Income: 93.92710037285289, Goods: 71, Land: 1420, Labour: 8374, Capital: 2597
Household 10: Income: 11.789393806416797, Goods: 56, Land: 8425, Labour: 9340, Capital: 7324
Firm 1: Money: 175.89660339700103, Goods: 36, Land: 0, Labour: 0, Capital: 0, Goods Price: 39.92846347977125
Firm 2: Money: 159.62834335144677, Goods: 27, Land: 0, Labour: 0, Capital: 0, Goods Price: 32.09712479546552
Firm 3: Money: -362.2872125902514, Goods: 29, Land: 0, Labour: 0, Capital: 0, Goods Price: 25.237521068615287
Firm 4: Money: -252.61750153258333, Goods: 31, Land: 0, Labour: 0, Capital: 0, Goods Price: 26.79955716503823
Firm 5: Money: 341.5187575246565, Goods: 23, Land: 0, Labour: 0, Capital: 0, Goods Price: 36.69684811455154
Firm 6: Money: 848.6250881453246, Goods: 13, Land: 0, Labour: 0, Capital: 0, Goods Price: 14.997350210197961
Firm 7: Money: 780.4870395532537, Goods: 14, Land: 0, Labour: 0, Capital: 0, Goods Price: 6.131336997412615
Firm 8: Money: 751.8273572991014, Goods: 11, Land: 0, Labour: 0, Capital: 0, Goods Price: 33.91578030136212
Firm 9: Money: 907.6336067908137, Goods: 18, Land: 0, Labour: 0, Capital: 0, Goods Price: 25.269343756960385
Firm 10: Money: 510.908418740327, Goods: 7, Land: 0, Labour: 0, Capital: 0, Goods Price: 23.727611232243373
Self.nfirms:  10
[0, 1, 2, 3, 4, 5, 6, 7, 8, 9]
^^^
sold
[0, 2, 3, 4, 5, 6, 7, 8, 9]
^^^
sold
[0, 2, 3, 5, 6, 7, 8, 9]
^^^
sold
[0, 2, 3, 6, 7, 8, 9]
^^^
[0, 2, 3, 6, 7, 8]
^^^
sold
[0, 3, 6, 7, 8]
^^^
[3, 6, 7, 8]
^^^
sold
[3, 6, 7]
^^^
[6, 7]
^^^
sold
[6]
^^^
---
__
[0, 1, 2, 3, 4, 5, 6, 7, 8, 9]
[0, 1, 2, 3, 4, 5, 6, 7, 9]
[0, 1, 2, 3, 4, 5, 6, 7]
[0, 1, 3, 4, 5, 6, 7]
[0, 1, 3, 4, 5, 6]
[0, 1, 3, 4, 5]
[0, 1, 3, 5]
[0, 1, 3]
[0, 3]
[3]
producing
producing
producing
producing
producing
producing
producing
producing
producing
producing
Day 90:
Household 1: Income: 15.215753379788524, Goods: 30, Land: 2610, Labour: 5214, Capital: 5663
Household 2: Income: 497.2509597782517, Goods: 87, Land: 7671, Labour: 7330, Capital: 6413
Household 3: Income: 718.8246941085573, Goods: 88, Land: 9249, Labour: 3050, Capital: 3110
Household 4: Income: 27.78755567367679, Goods: 45, Land: 4157, Labour: 8594, Capital: 1559
Household 5: Income: 62.302081288975955, Goods: 81, Land: 6190, Labour: 9691, Capital: 3980
Household 6: Income: 68.3168749068124, Goods: 82, Land: 4159, Labour: 4199, Capital: 1701
Household 7: Income: 41.37076410345099, Goods: 60, Land: 3379, Labour: 3024, Capital: 7522
Household 8: Income: 786.1415678886779, Goods: 88, Land: 9843, Labour: 6688, Capital: 9315
Household 9: Income: 73.12783422894867, Goods: 72, Land: 1419, Labour: 8373, Capital: 2596
Household 10: Income: 12.78753137003784, Goods: 56, Land: 8424, Labour: 9339, Capital: 7323
Firm 1: Money: 183.15116729677982, Goods: 36, Land: 0, Labour: 0, Capital: 0, Goods Price: 39.92846347977125
Firm 2: Money: 178.82343521354298, Goods: 27, Land: 0, Labour: 0, Capital: 0, Goods Price: 18.658597586721417
Firm 3: Money: -359.1431783230708, Goods: 29, Land: 0, Labour: 0, Capital: 0, Goods Price: 25.237521068615287
Firm 4: Money: -293.7492277206293, Goods: 32, Land: 0, Labour: 0, Capital: 0, Goods Price: 49.42062596490497
Firm 5: Money: 343.4602401730822, Goods: 23, Land: 0, Labour: 0, Capital: 0, Goods Price: 37.05704573410177
Firm 6: Money: 850.7974652411679, Goods: 13, Land: 0, Labour: 0, Capital: 0, Goods Price: 14.997350210197961
Firm 7: Money: 776.7102579736218, Goods: 14, Land: 0, Labour: 0, Capital: 0, Goods Price: 24.099727178221322
Firm 8: Money: 780.7041345713224, Goods: 11, Land: 0, Labour: 0, Capital: 0, Goods Price: 9.09821172073078
Firm 9: Money: 890.7048728568828, Goods: 19, Land: 0, Labour: 0, Capital: 0, Goods Price: 25.269343756960385
Firm 10: Money: 512.472261082553, Goods: 7, Land: 0, Labour: 0, Capital: 0, Goods Price: 21.670384725303155
Self.nfirms:  10
[0, 1, 2, 3, 4, 5, 6, 7, 8, 9]
^^^
sold
[0, 1, 2, 3, 4, 6, 7, 8, 9]
^^^
sold
[0, 1, 2, 3, 4, 6, 7, 9]
^^^
sold
[0, 1, 2, 3, 6, 7, 9]
^^^
sold
[0, 2, 3, 6, 7, 9]
^^^
[2, 3, 6, 7, 9]
^^^
sold
[3, 6, 7, 9]
^^^
[3, 7, 9]
^^^
[7, 9]
^^^
[7]
^^^
sold
---
__
[0, 1, 2, 3, 4, 5, 6, 7, 8, 9]
[0, 1, 2, 3, 4, 6, 7, 8, 9]
[0, 1, 2, 3, 4, 6, 7, 8]
[1, 2, 3, 4, 6, 7, 8]
[1, 2, 3, 6, 7, 8]
[1, 2, 3, 6, 8]
[1, 3, 6, 8]
[3, 6, 8]
[3, 6]
[6]
producing
producing
producing
producing
producing
producing
producing
producing
producing
producing
Day 91:
Household 1: Income: 16.213890943409567, Goods: 30, Land: 2609, Labour: 5213, Capital: 5662
Household 2: Income: 502.92906070452693, Goods: 88, Land: 7670, Labour: 7329, Capital: 6412
Household 3: Income: 739.8975585839022, Goods: 89, Land: 9248, Labour: 3049, Capital: 3109
Household 4: Income: 0.17543849195802474, Goods: 46, Land: 4156, Labour: 8593, Capital: 1558
Household 5: Income: 62.605396225852964, Goods: 82, Land: 6189, Labour: 9690, Capital: 3979
Household 6: Income: 30.255859205434835, Goods: 83, Land: 4158, Labour: 4198, Capital: 1700
Household 7: Income: 43.79238503417165, Goods: 61, Land: 3378, Labour: 3023, Capital: 7521
Household 8: Income: 803.453921053993, Goods: 89, Land: 9842, Labour: 6687, Capital: 9314
Household 9: Income: 59.18369689869648, Goods: 73, Land: 1418, Labour: 8372, Capital: 2595
Household 10: Income: 47.081079024494514, Goods: 56, Land: 8423, Labour: 9338, Capital: 7322
Firm 1: Money: 197.09530462703196, Goods: 36, Land: 0, Labour: 0, Capital: 0, Goods Price: 33.81226126879567
Firm 2: Money: 162.50626887160468, Goods: 28, Land: 0, Labour: 0, Capital: 0, Goods Price: 18.658597586721417
Firm 3: Money: -372.20265297609376, Goods: 29, Land: 0, Labour: 0, Capital: 0, Goods Price: 42.126772157798904
Firm 4: Money: -287.09807482428045, Goods: 32, Land: 0, Labour: 0, Capital: 0, Goods Price: 49.42062596490497
Firm 5: Money: 309.1666925186255, Goods: 24, Land: 0, Labour: 0, Capital: 0, Goods Price: 37.659603583444934
Firm 6: Money: 852.9698423370111, Goods: 13, Land: 0, Labour: 0, Capital: 0, Goods Price: 14.997350210197961
Firm 7: Money: 774.7034728505542, Goods: 14, Land: 0, Labour: 0, Capital: 0, Goods Price: 31.332167704355054
Firm 8: Money: 793.601542418919, Goods: 11, Land: 0, Labour: 0, Capital: 0, Goods Price: 9.09821172073078
Firm 9: Money: 918.3169900386016, Goods: 19, Land: 0, Labour: 0, Capital: 0, Goods Price: 8.729472823383878
Firm 10: Money: 512.4093730640167, Goods: 7, Land: 0, Labour: 0, Capital: 0, Goods Price: 20.554146410145005
Self.nfirms:  10
[0, 1, 2, 3, 4, 5, 6, 7, 8, 9]
^^^
[0, 1, 2, 3, 4, 5, 7, 8, 9]
^^^
sold
[0, 1, 2, 3, 4, 5, 7, 9]
^^^
[0, 1, 2, 4, 5, 7, 9]
^^^
sold
[0, 1, 2, 5, 7, 9]
^^^
sold
[0, 1, 2, 5, 9]
^^^
sold
[0, 1, 5, 9]
^^^
[0, 1, 9]
^^^
sold
[0, 9]
^^^
[9]
^^^
---
__
[0, 1, 2, 3, 4, 5, 6, 7, 8, 9]
[0, 1, 2, 4, 5, 6, 7, 8, 9]
[0, 1, 2, 4, 5, 6, 8, 9]
[0, 1, 2, 4, 6, 8, 9]
[0, 1, 4, 6, 8, 9]
[0, 4, 6, 8, 9]
[0, 4, 6, 8]
[0, 4, 6]
[0, 6]
[0]
producing
producing
producing
producing
producing
producing
producing
producing
producing
producing
Day 92:
Household 1: Income: 34.72454833158879, Goods: 30, Land: 2608, Labour: 5212, Capital: 5661
Household 2: Income: 494.42292326108077, Goods: 89, Land: 7669, Labour: 7328, Capital: 6411
Household 3: Income: 767.6262368034307, Goods: 90, Land: 9247, Labour: 3048, Capital: 3108
Household 4: Income: 0.5643014923124818, Goods: 46, Land: 4155, Labour: 8592, Capital: 1557
Household 5: Income: 47.502514377438416, Goods: 83, Land: 6188, Labour: 9689, Capital: 3978
Household 6: Income: 50.55923848204692, Goods: 83, Land: 4157, Labour: 4197, Capital: 1699
Household 7: Income: 52.287756972898734, Goods: 62, Land: 3377, Labour: 3022, Capital: 7520
Household 8: Income: 804.1648663308324, Goods: 90, Land: 9841, Labour: 6686, Capital: 9313
Household 9: Income: 65.98306714861303, Goods: 74, Land: 1417, Labour: 8371, Capital: 2594
Household 10: Income: 14.18346826316332, Goods: 57, Land: 8422, Labour: 9337, Capital: 7321
Firm 1: Money: 193.22275920452338, Goods: 36, Land: 0, Labour: 0, Capital: 0, Goods Price: 43.10192830186962
Firm 2: Money: 123.82110590739859, Goods: 29, Land: 0, Labour: 0, Capital: 0, Goods Price: 41.02659420898924
Firm 3: Money: -363.8629647436741, Goods: 29, Land: 0, Labour: 0, Capital: 0, Goods Price: 37.98893979992586
Firm 4: Money: -305.6087322124596, Goods: 33, Land: 0, Labour: 0, Capital: 0, Goods Price: 26.79955716503823
Firm 5: Money: 312.1478397803516, Goods: 24, Land: 0, Labour: 0, Capital: 0, Goods Price: 33.8835809120034
Firm 6: Money: 848.6921368310313, Goods: 13, Land: 0, Labour: 0, Capital: 0, Goods Price: 20.50967707783826
Firm 7: Money: 796.1275219778647, Goods: 14, Land: 0, Labour: 0, Capital: 0, Goods Price: 24.099727178221322
Firm 8: Money: 781.3319992020255, Goods: 11, Land: 0, Labour: 0, Capital: 0, Goods Price: 28.403453433721822
Firm 9: Money: 917.9281270382471, Goods: 20, Land: 0, Labour: 0, Capital: 0, Goods Price: 8.729472823383878
Firm 10: Money: 531.2383306437167, Goods: 7, Land: 0, Labour: 0, Capital: 0, Goods Price: 6.341449680623664
Self.nfirms:  10
[0, 1, 2, 3, 4, 5, 6, 7, 8, 9]
^^^
sold
[0, 1, 2, 3, 4, 5, 6, 7, 9]
^^^
sold
[0, 1, 2, 3, 4, 6, 7, 9]
^^^
sold
[0, 1, 3, 4, 6, 7, 9]
^^^
[0, 1, 3, 4, 6, 7]
^^^
sold
[0, 1, 3, 4, 7]
^^^
[1, 3, 4, 7]
^^^
[1, 4, 7]
^^^
sold
[1, 7]
^^^
sold
[1]
^^^
sold
---
__
[0, 1, 2, 3, 4, 5, 6, 7, 8, 9]
[0, 1, 2, 3, 4, 5, 6, 7, 9]
[0, 1, 2, 3, 4, 5, 7, 9]
[0, 1, 2, 3, 4, 5, 7]
[0, 1, 2, 3, 4, 5]
[1, 2, 3, 4, 5]
[2, 3, 4, 5]
[2, 3, 5]
[2, 3]
[3]
producing
producing
producing
producing
producing
producing
producing
producing
producing
producing
Day 93:
Household 1: Income: 20.742666707386874, Goods: 31, Land: 2607, Labour: 5211, Capital: 5660
Household 2: Income: 473.6550451279918, Goods: 90, Land: 7668, Labour: 7327, Capital: 6410
Household 3: Income: 763.6492574429132, Goods: 91, Land: 9246, Labour: 3047, Capital: 3107
Household 4: Income: 0.9531644926669389, Goods: 46, Land: 4154, Labour: 8591, Capital: 1556
Household 5: Income: 35.76681548242517, Goods: 84, Land: 6187, Labour: 9688, Capital: 3977
Household 6: Income: 52.23577488356937, Goods: 84, Land: 4156, Labour: 4196, Capital: 1698
Household 7: Income: 76.41172319930182, Goods: 63, Land: 3376, Labour: 3021, Capital: 7519
Household 8: Income: 800.0456759195811, Goods: 91, Land: 9840, Labour: 6685, Capital: 9312
Household 9: Income: 70.9390885038267, Goods: 75, Land: 1416, Labour: 8370, Capital: 2593
Household 10: Income: 3.0723788661963516, Goods: 58, Land: 8421, Labour: 9336, Capital: 7320
Firm 1: Money: 202.09197100398168, Goods: 36, Land: 0, Labour: 0, Capital: 0, Goods Price: 38.96409594399658
Firm 2: Money: 145.05534460472592, Goods: 29, Land: 0, Labour: 0, Capital: 0, Goods Price: 18.658597586721417
Firm 3: Money: -363.79894122700046, Goods: 29, Land: 0, Labour: 0, Capital: 0, Goods Price: 42.126772157798904
Firm 4: Money: -309.2320546793351, Goods: 33, Land: 0, Labour: 0, Capital: 0, Goods Price: 42.21127020987468
Firm 5: Money: 319.9923510398052, Goods: 24, Land: 0, Labour: 0, Capital: 0, Goods Price: 27.767378701027823
Firm 6: Money: 854.0194863123578, Goods: 13, Land: 0, Labour: 0, Capital: 0, Goods Price: 19.393438762680113
Firm 7: Money: 799.2627058490384, Goods: 15, Land: 0, Labour: 0, Capital: 0, Goods Price: 6.131336997412615
Firm 8: Money: 779.8788810259745, Goods: 11, Land: 0, Labour: 0, Capital: 0, Goods Price: 33.91578030136212
Firm 9: Money: 923.4870829751972, Goods: 20, Land: 0, Labour: 0, Capital: 0, Goods Price: 8.729472823383878
Firm 10: Money: 518.828627561826, Goods: 7, Land: 0, Labour: 0, Capital: 0, Goods Price: 23.36741361269315
Self.nfirms:  10
[0, 1, 2, 3, 4, 5, 6, 7, 8, 9]
^^^
sold
[0, 2, 3, 4, 5, 6, 7, 8, 9]
^^^
sold
[0, 2, 3, 4, 5, 6, 7, 9]
^^^
sold
[0, 2, 3, 4, 5, 6, 9]
^^^
[0, 2, 3, 4, 5, 6]
^^^
[2, 3, 4, 5, 6]
^^^
[2, 3, 4, 5]
^^^
[2, 3, 5]
^^^
sold
[2, 3]
^^^
sold
[3]
^^^
---
__
[0, 1, 2, 3, 4, 5, 6, 7, 8, 9]
[0, 1, 2, 3, 5, 6, 7, 8, 9]
[0, 1, 3, 5, 6, 7, 8, 9]
[0, 3, 5, 6, 7, 8, 9]
[0, 3, 5, 6, 7, 9]
[3, 5, 6, 7, 9]
[3, 6, 7, 9]
[3, 7, 9]
[3, 7]
[7]
producing
producing
producing
producing
producing
producing
producing
producing
producing
producing
Day 94:
Household 1: Income: 17.607482836213126, Goods: 31, Land: 2606, Labour: 5210, Capital: 5659
Household 2: Income: 452.52448417123605, Goods: 91, Land: 7667, Labour: 7326, Capital: 6409
Household 3: Income: 779.3462586927335, Goods: 92, Land: 9245, Labour: 3046, Capital: 3106
Household 4: Income: 17.270330834605222, Goods: 46, Land: 4153, Labour: 8590, Capital: 1555
Household 5: Income: 51.00100573308269, Goods: 84, Land: 6186, Labour: 9687, Capital: 3976
Household 6: Income: 68.04556404327901, Goods: 85, Land: 4155, Labour: 4195, Capital: 1697
Household 7: Income: 83.89114965125188, Goods: 64, Land: 3375, Labour: 3020, Capital: 7518
Household 8: Income: 822.3311174531879, Goods: 92, Land: 9839, Labour: 6684, Capital: 9311
Household 9: Income: 77.52997589066565, Goods: 76, Land: 1415, Labour: 8369, Capital: 2592
Household 10: Income: 38.49674326745421, Goods: 58, Land: 8420, Labour: 9335, Capital: 7319
Firm 1: Money: 177.17202051547494, Goods: 37, Land: 0, Labour: 0, Capital: 0, Goods Price: 33.81226126879567
Firm 2: Money: 150.81190925807803, Goods: 29, Land: 0, Labour: 0, Capital: 0, Goods Price: 18.658597586721417
Firm 3: Money: -360.1996432017969, Goods: 29, Land: 0, Labour: 0, Capital: 0, Goods Price: 42.72933000714207
Firm 4: Money: -350.7239784869313, Goods: 34, Land: 0, Labour: 0, Capital: 0, Goods Price: 49.7808235844552
Firm 5: Money: 290.4391935925648, Goods: 25, Land: 0, Labour: 0, Capital: 0, Goods Price: 32.91921337622873
Firm 6: Money: 857.1143591633681, Goods: 13, Land: 0, Labour: 0, Capital: 0, Goods Price: 20.50967707783826
Firm 7: Money: 806.8914798371145, Goods: 15, Land: 0, Labour: 0, Capital: 0, Goods Price: 6.131336997412615
Firm 8: Money: 759.5755017493625, Goods: 12, Land: 0, Labour: 0, Capital: 0, Goods Price: 28.403453433721822
Firm 9: Money: 910.2825888633552, Goods: 20, Land: 0, Labour: 0, Capital: 0, Goods Price: 26.233711292735062
Firm 10: Money: 517.6495012281315, Goods: 7, Land: 0, Labour: 0, Capital: 0, Goods Price: 23.36741361269315
Self.nfirms:  10
[0, 1, 2, 3, 4, 5, 6, 7, 8, 9]
^^^
sold
[0, 1, 2, 3, 5, 6, 7, 8, 9]
^^^
[0, 1, 2, 3, 5, 6, 7, 8]
^^^
[1, 2, 3, 5, 6, 7, 8]
^^^
[1, 2, 5, 6, 7, 8]
^^^
sold
[1, 2, 5, 6, 8]
^^^
sold
[2, 5, 6, 8]
^^^
sold
[2, 6, 8]
^^^
sold
[6, 8]
^^^
[8]
^^^
sold
---
__
[0, 1, 2, 3, 4, 5, 6, 7, 8, 9]
[1, 2, 3, 4, 5, 6, 7, 8, 9]
[1, 3, 4, 5, 6, 7, 8, 9]
[1, 3, 4, 5, 6, 7, 9]
[1, 3, 5, 6, 7, 9]
[1, 3, 5, 6, 7]
[1, 3, 5, 7]
[1, 3, 5]
[3, 5]
[5]
producing
producing
producing
producing
producing
producing
producing
producing
producing
producing
Day 95:
Household 1: Income: 35.5400382989442, Goods: 31, Land: 2605, Labour: 5209, Capital: 5658
Household 2: Income: 423.739871787824, Goods: 92, Land: 7666, Labour: 7325, Capital: 6408
Household 3: Income: 801.1514367336066, Goods: 93, Land: 9244, Labour: 3045, Capital: 3105
Household 4: Income: 44.338344899167026, Goods: 46, Land: 4152, Labour: 8589, Capital: 1554
Household 5: Income: 47.37268767082995, Goods: 85, Land: 6185, Labour: 9686, Capital: 3975
Household 6: Income: 52.42436962312192, Goods: 86, Land: 4154, Labour: 4194, Capital: 1696
Household 7: Income: 89.15189126318703, Goods: 65, Land: 3374, Labour: 3019, Capital: 7517
Household 8: Income: 817.453708589863, Goods: 93, Land: 9838, Labour: 6683, Capital: 9310
Household 9: Income: 69.54081366799993, Goods: 77, Land: 1414, Labour: 8368, Capital: 2591
Household 10: Income: 34.3169868791047, Goods: 59, Land: 8419, Labour: 9334, Capital: 7318
Firm 1: Money: 182.27852083919862, Goods: 37, Land: 0, Labour: 0, Capital: 0, Goods Price: 35.96032484485077
Firm 2: Money: 156.56847391143015, Goods: 29, Land: 0, Labour: 0, Capital: 0, Goods Price: 18.658597586721417
Firm 3: Money: -339.5637999960896, Goods: 29, Land: 0, Labour: 0, Capital: 0, Goods Price: 25.237521068615287
Firm 4: Money: -345.17799082185957, Goods: 34, Land: 0, Labour: 0, Capital: 0, Goods Price: 49.42062596490497
Firm 5: Money: 286.19222799395635, Goods: 25, Land: 0, Labour: 0, Capital: 0, Goods Price: 37.05704573410177
Firm 6: Money: 858.6656859732531, Goods: 13, Land: 0, Labour: 0, Capital: 0, Goods Price: 23.169461434121647
Firm 7: Money: 801.3945845989894, Goods: 15, Land: 0, Labour: 0, Capital: 0, Goods Price: 25.819840836714757
Firm 8: Money: 733.75979560511, Goods: 13, Land: 0, Labour: 0, Capital: 0, Goods Price: 33.91578030136212
Firm 9: Money: 892.3894873936496, Goods: 21, Land: 0, Labour: 0, Capital: 0, Goods Price: 26.233711292735062
Firm 10: Money: 525.519910181144, Goods: 7, Land: 0, Labour: 0, Capital: 0, Goods Price: 14.437944199169422
Self.nfirms:  10
[0, 1, 2, 3, 4, 5, 6, 7, 8, 9]
^^^
[0, 1, 2, 4, 5, 6, 7, 8, 9]
^^^
sold
[0, 1, 2, 4, 6, 7, 8, 9]
^^^
sold
[0, 2, 4, 6, 7, 8, 9]
^^^
sold
[0, 2, 4, 6, 7, 9]
^^^
[0, 2, 4, 7, 9]
^^^
sold
[0, 2, 4, 9]
^^^
[2, 4, 9]
^^^
[2, 9]
^^^
sold
[9]
^^^
sold
---
__
[0, 1, 2, 3, 4, 5, 6, 7, 8, 9]
[0, 1, 2, 3, 4, 5, 6, 7, 9]
[0, 1, 2, 3, 4, 5, 6, 9]
[0, 1, 2, 3, 4, 5, 6]
[1, 2, 3, 4, 5, 6]
[1, 3, 4, 5, 6]
[1, 4, 5, 6]
[4, 5, 6]
[5, 6]
[6]
producing
producing
producing
producing
producing
producing
producing
producing
producing
producing
Day 96:
Household 1: Income: 54.05069568712342, Goods: 31, Land: 2604, Labour: 5208, Capital: 5657
Household 2: Income: 403.9038877205591, Goods: 93, Land: 7665, Labour: 7324, Capital: 6407
Household 3: Income: 805.7855164881639, Goods: 94, Land: 9243, Labour: 3044, Capital: 3104
Household 4: Income: 31.5259717925928, Goods: 47, Land: 4151, Labour: 8588, Capital: 1553
Household 5: Income: 73.18839381508232, Goods: 85, Land: 6184, Labour: 9685, Capital: 3974
Household 6: Income: 46.26777263280297, Goods: 87, Land: 4153, Labour: 4193, Capital: 1695
Household 7: Income: 89.39665756078635, Goods: 66, Land: 3373, Labour: 3018, Capital: 7516
Household 8: Income: 817.1229250871856, Goods: 94, Land: 9837, Labour: 6682, Capital: 9309
Household 9: Income: 76.86654223079758, Goods: 78, Land: 1413, Labour: 8367, Capital: 2590
Household 10: Income: 34.11418368266821, Goods: 60, Land: 8418, Labour: 9333, Capital: 7317
Firm 1: Money: 157.35857035069188, Goods: 38, Land: 0, Labour: 0, Capital: 0, Goods Price: 33.81226126879567
Firm 2: Money: 157.8455294952009, Goods: 29, Land: 0, Labour: 0, Capital: 0, Goods Price: 18.658597586721417
Firm 3: Money: -336.419765728909, Goods: 29, Land: 0, Labour: 0, Capital: 0, Goods Price: 25.237521068615287
Firm 4: Money: -363.6886482100387, Goods: 35, Land: 0, Labour: 0, Capital: 0, Goods Price: 26.79955716503823
Firm 5: Money: 294.02472756618755, Goods: 25, Land: 0, Labour: 0, Capital: 0, Goods Price: 29.48749235952126
Firm 6: Money: 863.676330006355, Goods: 13, Land: 0, Labour: 0, Capital: 0, Goods Price: 19.393438762680113
Firm 7: Money: 808.376837445136, Goods: 15, Land: 0, Labour: 0, Capital: 0, Goods Price: 33.02919659174505
Firm 8: Money: 740.2221228817093, Goods: 13, Land: 0, Labour: 0, Capital: 0, Goods Price: 33.91578030136212
Firm 9: Money: 892.5922905900861, Goods: 21, Land: 0, Labour: 0, Capital: 0, Goods Price: 30.009733964176593
Firm 10: Money: 520.8465039982489, Goods: 7, Land: 0, Labour: 0, Capital: 0, Goods Price: 23.727611232243373
Self.nfirms:  10
[0, 1, 2, 3, 4, 5, 6, 7, 8, 9]
^^^
sold
[0, 1, 3, 4, 5, 6, 7, 8, 9]
^^^
sold
[0, 1, 3, 4, 6, 7, 8, 9]
^^^
sold
[0, 1, 3, 4, 6, 7, 9]
^^^
[1, 3, 4, 6, 7, 9]
^^^
[1, 3, 4, 6, 7]
^^^
[1, 4, 6, 7]
^^^
sold
[1, 4, 7]
^^^
sold
[4, 7]
^^^
sold
[4]
^^^
---
__
[0, 1, 2, 3, 4, 5, 6, 7, 8, 9]
[0, 2, 3, 4, 5, 6, 7, 8, 9]
[0, 2, 3, 4, 5, 6, 7, 9]
[0, 2, 3, 5, 6, 7, 9]
[0, 2, 3, 5, 6, 9]
[0, 2, 3, 5, 6]
[0, 2, 5, 6]
[0, 5, 6]
[0, 5]
[5]
producing
producing
producing
producing
producing
producing
producing
producing
producing
producing
Day 97:
Household 1: Income: 32.36582769218745, Goods: 32, Land: 2603, Labour: 5207, Capital: 5656
Household 2: Income: 402.2189729214697, Goods: 94, Land: 7664, Labour: 7323, Capital: 6406
Household 3: Income: 796.7478671275552, Goods: 95, Land: 9242, Labour: 3043, Capital: 3103
Household 4: Income: 34.885616468207196, Goods: 47, Land: 4150, Labour: 8587, Capital: 1552
Household 5: Income: 74.5231091471154, Goods: 86, Land: 6183, Labour: 9684, Capital: 3973
Household 6: Income: 48.798693354583776, Goods: 88, Land: 4152, Labour: 4192, Capital: 1694
Household 7: Income: 103.46884687822723, Goods: 67, Land: 3372, Labour: 3017, Capital: 7515
Household 8: Income: 811.5944684998027, Goods: 95, Land: 9836, Labour: 6681, Capital: 9308
Household 9: Income: 82.44909037387706, Goods: 79, Land: 1412, Labour: 8366, Capital: 2589
Household 10: Income: 43.56429197617911, Goods: 61, Land: 8417, Labour: 9332, Capital: 7316
Firm 1: Money: 152.19772490986009, Goods: 38, Land: 0, Labour: 0, Capital: 0, Goods Price: 43.704486151212784
Firm 2: Money: 150.16356693980896, Goods: 29, Land: 0, Labour: 0, Capital: 0, Goods Price: 32.09712479546552
Firm 3: Money: -342.93059451534776, Goods: 29, Land: 0, Labour: 0, Capital: 0, Goods Price: 37.98893979992586
Firm 4: Money: -367.3119706769142, Goods: 35, Land: 0, Labour: 0, Capital: 0, Goods Price: 42.21127020987468
Firm 5: Money: 288.77534689619796, Goods: 25, Land: 0, Labour: 0, Capital: 0, Goods Price: 34.99981922716155
Firm 6: Money: 863.3568957449081, Goods: 13, Land: 0, Labour: 0, Capital: 0, Goods Price: 22.206705965228252
Firm 7: Money: 815.6454138136618, Goods: 15, Land: 0, Labour: 0, Capital: 0, Goods Price: 33.38939421129528
Firm 8: Money: 715.522655052615, Goods: 14, Land: 0, Labour: 0, Capital: 0, Goods Price: 32.79954198620398
Firm 9: Money: 918.172296088388, Goods: 21, Land: 0, Labour: 0, Capital: 0, Goods Price: 8.729472823383878
Firm 10: Money: 542.8489264000473, Goods: 7, Land: 0, Labour: 0, Capital: 0, Goods Price: 6.341449680623664
Self.nfirms:  10
[0, 1, 2, 3, 4, 5, 6, 7, 8, 9]
^^^
sold
[0, 1, 2, 3, 4, 5, 6, 7, 9]
^^^
sold
[0, 1, 2, 3, 5, 6, 7, 9]
^^^
[0, 1, 2, 3, 5, 6, 7]
^^^
sold
[0, 2, 3, 5, 6, 7]
^^^
sold
[0, 3, 5, 6, 7]
^^^
[0, 5, 6, 7]
^^^
sold
[0, 5, 6]
^^^
sold
[0, 5]
^^^
sold
[0]
^^^
---
__
[0, 1, 2, 3, 4, 5, 6, 7, 8, 9]
[0, 1, 2, 3, 4, 6, 7, 8, 9]
[0, 1, 2, 3, 4, 7, 8, 9]
[0, 1, 2, 3, 4, 7, 8]
[0, 1, 2, 3, 4, 7]
[0, 1, 2, 4, 7]
[0, 1, 4, 7]
[0, 1, 7]
[0, 7]
[0]
producing
producing
producing
producing
producing
producing
producing
producing
producing
producing
Day 98:
Household 1: Income: 0.21321416376733282, Goods: 33, Land: 2602, Labour: 5206, Capital: 5655
Household 2: Income: 375.73554843709377, Goods: 95, Land: 7663, Labour: 7322, Capital: 6405
Household 3: Income: 801.8386105089019, Goods: 96, Land: 9241, Labour: 3042, Capital: 3102
Household 4: Income: 41.35706268244155, Goods: 48, Land: 4149, Labour: 8586, Capital: 1551
Household 5: Income: 62.075005352681835, Goods: 87, Land: 6182, Labour: 9683, Capital: 3972
Household 6: Income: 54.3511707003987, Goods: 89, Land: 4151, Labour: 4191, Capital: 1693
Household 7: Income: 89.76133892532422, Goods: 68, Land: 3371, Labour: 3016, Capital: 7514
Household 8: Income: 812.5894902123879, Goods: 96, Land: 9835, Labour: 6680, Capital: 9307
Household 9: Income: 88.94891561299582, Goods: 80, Land: 1411, Labour: 8365, Capital: 2588
Household 10: Income: 6.247947595914336, Goods: 62, Land: 8416, Labour: 9331, Capital: 7315
Firm 1: Money: 158.94968142770486, Goods: 38, Land: 0, Labour: 0, Capital: 0, Goods Price: 42.74173068231939
Firm 2: Money: 146.63046456008712, Goods: 29, Land: 0, Labour: 0, Capital: 0, Goods Price: 41.386791828539465
Firm 3: Money: -326.34939934787656, Goods: 29, Land: 0, Labour: 0, Capital: 0, Goods Price: 25.237521068615287
Firm 4: Money: -347.77228919392235, Goods: 35, Land: 0, Labour: 0, Capital: 0, Goods Price: 26.79955716503823
Firm 5: Money: 294.87207580674715, Goods: 25, Land: 0, Labour: 0, Capital: 0, Goods Price: 29.48749235952126
Firm 6: Money: 869.8079028941266, Goods: 13, Land: 0, Labour: 0, Capital: 0, Goods Price: 19.393438762680113
Firm 7: Money: 831.8942489217791, Goods: 15, Land: 0, Labour: 0, Capital: 0, Goods Price: 31.332167704355054
Firm 8: Money: 743.2831940096778, Goods: 14, Land: 0, Labour: 0, Capital: 0, Goods Price: 9.09821172073078
Firm 9: Money: 917.8565060781546, Goods: 21, Land: 0, Labour: 0, Capital: 0, Goods Price: 20.11750908175948
Firm 10: Money: 544.7663557440441, Goods: 7, Land: 0, Labour: 0, Capital: 0, Goods Price: 6.341449680623664
Self.nfirms:  10
[0, 1, 2, 3, 4, 5, 6, 7, 8, 9]
^^^
sold
[0, 1, 2, 3, 4, 6, 7, 8, 9]
^^^
sold
[0, 1, 2, 3, 4, 6, 8, 9]
^^^
sold
[0, 1, 3, 4, 6, 8, 9]
^^^
[0, 1, 4, 6, 8, 9]
^^^
[0, 1, 4, 6, 8]
^^^
sold
[0, 1, 4, 6]
^^^
sold
[0, 4, 6]
^^^
[0, 6]
^^^
[6]
^^^
---
__
[0, 1, 2, 3, 4, 5, 6, 7, 8, 9]
[0, 1, 2, 3, 4, 5, 6, 7, 9]
[0, 1, 2, 3, 4, 5, 7, 9]
[1, 2, 3, 4, 5, 7, 9]
[1, 2, 3, 4, 5, 9]
[1, 3, 4, 5, 9]
[1, 3, 4, 5]
[3, 4, 5]
[3, 4]
[4]
producing
producing
producing
producing
producing
producing
producing
producing
producing
producing
Day 99:
Household 1: Income: 1.2113517273883785, Goods: 33, Land: 2601, Labour: 5205, Capital: 5654
Household 2: Income: 371.4942385695216, Goods: 96, Land: 7662, Labour: 7321, Capital: 6404
Household 3: Income: 809.7227758004642, Goods: 97, Land: 9240, Labour: 3041, Capital: 3101
Household 4: Income: 0.25724167083391736, Goods: 49, Land: 4148, Labour: 8585, Capital: 1550
Household 5: Income: 53.841604222310316, Goods: 88, Land: 6181, Labour: 9682, Capital: 3971
Household 6: Income: 68.07128602740458, Goods: 90, Land: 4150, Labour: 4190, Capital: 1692
Household 7: Income: 106.54976770814825, Goods: 69, Land: 3370, Labour: 3015, Capital: 7513
Household 8: Income: 815.5006146763684, Goods: 97, Land: 9834, Labour: 6679, Capital: 9306
Household 9: Income: 94.8157326807554, Goods: 81, Land: 1410, Labour: 8364, Capital: 2587
Household 10: Income: 9.607592271528734, Goods: 62, Land: 8415, Labour: 9330, Capital: 7314
Firm 1: Money: 172.61053028281384, Goods: 38, Land: 0, Labour: 0, Capital: 0, Goods Price: 33.81226126879567
Firm 2: Money: 115.1546573509113, Goods: 30, Land: 0, Labour: 0, Capital: 0, Goods Price: 33.81723845395895
Firm 3: Money: -334.89896220464055, Goods: 29, Land: 0, Labour: 0, Capital: 0, Goods Price: 37.98893979992586
Firm 4: Money: -358.96516503537833, Goods: 35, Land: 0, Labour: 0, Capital: 0, Goods Price: 49.7808235844552
Firm 5: Money: 286.98791051518486, Goods: 25, Land: 0, Labour: 0, Capital: 0, Goods Price: 36.69684811455154
Firm 6: Money: 892.4061603509587, Goods: 13, Land: 0, Labour: 0, Capital: 0, Goods Price: 0.43292125251868807
Firm 7: Money: 846.0858575229561, Goods: 15, Land: 0, Labour: 0, Capital: 0, Goods Price: 31.332167704355054
Firm 8: Money: 756.1806018572745, Goods: 14, Land: 0, Labour: 0, Capital: 0, Goods Price: 9.09821172073078
Firm 9: Money: 919.0165380291961, Goods: 21, Land: 0, Labour: 0, Capital: 0, Goods Price: 26.233711292735062
Firm 10: Money: 541.4067110684296, Goods: 8, Land: 0, Labour: 0, Capital: 0, Goods Price: 6.341449680623664
Self.nfirms:  10
[0, 1, 2, 3, 4, 5, 6, 7, 8, 9]
^^^
sold
[0, 1, 2, 3, 4, 5, 6, 7, 9]
^^^
sold
[0, 1, 2, 3, 4, 5, 7, 9]
^^^
sold
[0, 1, 2, 3, 4, 5, 9]
^^^
sold
[0, 1, 2, 3, 5, 9]
^^^
sold
[0, 1, 3, 5, 9]
^^^
[0, 1, 3, 5]
^^^
sold
[0, 1, 3]
^^^
[1, 3]
^^^
sold
[3]
^^^
---
__
[0, 1, 2, 3, 4, 5, 6, 7, 8, 9]
[0, 1, 2, 3, 4, 5, 6, 7, 8]
[0, 1, 2, 3, 5, 6, 7, 8]
[0, 1, 2, 3, 6, 7, 8]
[0, 2, 3, 6, 7, 8]
[0, 2, 3, 6, 8]
[0, 2, 6, 8]
[0, 2, 6]
[0, 6]
[6]
producing
producing
producing
producing
producing
producing
producing
producing
producing
producing
Day 100:
Household 1: Income: 4.570996403002776, Goods: 33, Land: 2600, Labour: 5204, Capital: 5653
Household 2: Income: 361.30787633002757, Goods: 97, Land: 7661, Labour: 7320, Capital: 6403
Household 3: Income: 810.3975853369963, Goods: 98, Land: 9239, Labour: 3040, Capital: 3100
Household 4: Income: 18.76789905901314, Goods: 49, Land: 4147, Labour: 8584, Capital: 1549
Household 5: Income: 89.6484521844897, Goods: 89, Land: 6180, Labour: 9681, Capital: 3970
Household 6: Income: 74.10783410440747, Goods: 91, Land: 4149, Labour: 4189, Capital: 1691
Household 7: Income: 79.96252643031879, Goods: 70, Land: 3369, Labour: 3014, Capital: 7512
Household 8: Income: 847.529713856029, Goods: 98, Land: 9833, Labour: 6678, Capital: 9305
Household 9: Income: 91.8185634384912, Goods: 82, Land: 1409, Labour: 8363, Capital: 2586
Household 10: Income: 27.501566878469646, Goods: 62, Land: 8414, Labour: 9329, Capital: 7313
Firm 1: Money: 138.4009127612332, Goods: 39, Land: 0, Labour: 0, Capital: 0, Goods Price: 43.10192830186962
Firm 2: Money: 118.15182659317551, Goods: 30, Land: 0, Labour: 0, Capital: 0, Goods Price: 32.09712479546552
Firm 3: Money: -332.7777121810268, Goods: 29, Land: 0, Labour: 0, Capital: 0, Goods Price: 40.069545650858686
Firm 4: Money: -377.4758224235575, Goods: 36, Land: 0, Labour: 0, Capital: 0, Goods Price: 26.79955716503823
Firm 5: Money: 286.31310097865287, Goods: 25, Land: 0, Labour: 0, Capital: 0, Goods Price: 36.69684811455154
Firm 6: Money: 871.4699178268128, Goods: 13, Land: 0, Labour: 0, Capital: 0, Goods Price: 23.169461434121647
Firm 7: Money: 849.2210413941298, Goods: 16, Land: 0, Labour: 0, Capital: 0, Goods Price: 6.131336997412615
Firm 8: Money: 738.9415988684009, Goods: 14, Land: 0, Labour: 0, Capital: 0, Goods Price: 32.79954198620398
Firm 9: Money: 928.9715825186282, Goods: 21, Land: 0, Labour: 0, Capital: 0, Goods Price: 21.83762274025291
Firm 10: Money: 540.227584734735, Goods: 8, Land: 0, Labour: 0, Capital: 0, Goods Price: 6.341449680623664
Self.nfirms:  10
[0, 1, 2, 3, 4, 5, 6, 7, 8, 9]
^^^
sold
[0, 1, 3, 4, 5, 6, 7, 8, 9]
^^^
sold
[0, 1, 3, 4, 5, 6, 7, 9]
^^^
sold
[0, 1, 3, 4, 5, 7, 9]
^^^
[0, 1, 4, 5, 7, 9]
^^^
[1, 4, 5, 7, 9]
^^^
sold
[1, 4, 5, 9]
^^^
[1, 4, 5]
^^^
sold
[1, 4]
^^^
sold
[1]
^^^
sold
---
__
[0, 1, 2, 3, 4, 5, 6, 7, 8, 9]
[0, 1, 2, 3, 4, 5, 6, 7, 9]
[0, 2, 3, 4, 5, 6, 7, 9]
[0, 2, 4, 5, 6, 7, 9]
[0, 2, 4, 6, 7, 9]
[2, 4, 6, 7, 9]
[2, 6, 7, 9]
[2, 6, 9]
[2, 9]
[9]
producing
producing
producing
producing
producing
producing
producing
producing
producing
producing
Day 101:
Household 1: Income: 11.354931918656956, Goods: 33, Land: 2599, Labour: 5203, Capital: 5652
Household 2: Income: 358.5608374169374, Goods: 98, Land: 7660, Labour: 7319, Capital: 6402
Household 3: Income: 816.1005177486769, Goods: 99, Land: 9238, Labour: 3039, Capital: 3099
Household 4: Income: 8.100337329364447, Goods: 50, Land: 4146, Labour: 8583, Capital: 1548
Household 5: Income: 71.66098349031928, Goods: 90, Land: 6179, Labour: 9680, Capital: 3969
Household 6: Income: 103.32650173730966, Goods: 92, Land: 4148, Labour: 4188, Capital: 1690
Household 7: Income: 90.4597150233857, Goods: 71, Land: 3368, Labour: 3013, Capital: 7511
Household 8: Income: 832.3669057711082, Goods: 99, Land: 9832, Labour: 6677, Capital: 9304
Household 9: Income: 99.4691712160643, Goods: 83, Land: 1408, Labour: 8362, Capital: 2585
Household 10: Income: 28.49970444209069, Goods: 62, Land: 8413, Labour: 9328, Capital: 7312
Firm 1: Money: 131.61697724557902, Goods: 40, Land: 0, Labour: 0, Capital: 0, Goods Price: 15.676246295943141
Firm 2: Money: 88.39613304249315, Goods: 31, Land: 0, Labour: 0, Capital: 0, Goods Price: 32.09712479546552
Firm 3: Money: -331.3307068012363, Goods: 29, Land: 0, Labour: 0, Capital: 0, Goods Price: 41.766574538248676
Firm 4: Money: -387.70174542287253, Goods: 36, Land: 0, Labour: 0, Capital: 0, Goods Price: 42.21127020987468
Firm 5: Money: 289.98160247624037, Goods: 25, Land: 0, Labour: 0, Capital: 0, Goods Price: 32.91921337622873
Firm 6: Money: 878.3408133492646, Goods: 13, Land: 0, Labour: 0, Capital: 0, Goods Price: 20.50967707783826
Firm 7: Money: 839.3280576035223, Goods: 16, Land: 0, Labour: 0, Capital: 0, Goods Price: 30.21592938919691
Firm 8: Money: 766.7021378254636, Goods: 14, Land: 0, Labour: 0, Capital: 0, Goods Price: 9.09821172073078
Firm 9: Money: 947.6386883724473, Goods: 21, Land: 0, Labour: 0, Capital: 0, Goods Price: 8.729472823383878
Firm 10: Money: 524.1854813076143, Goods: 8, Land: 0, Labour: 0, Capital: 0, Goods Price: 23.727611232243373
Self.nfirms:  10
[0, 1, 2, 3, 4, 5, 6, 7, 8, 9]
^^^
sold
[0, 2, 3, 4, 5, 6, 7, 8, 9]
^^^
sold
[0, 2, 3, 4, 5, 6, 7, 9]
^^^
sold
[0, 2, 3, 4, 5, 7, 9]
^^^
[0, 2, 3, 4, 5, 7]
^^^
sold
[0, 3, 4, 5, 7]
^^^
[0, 3, 5, 7]
^^^
sold
[0, 3, 7]
^^^
sold
[0, 3]
^^^
[3]
^^^
---
__
[0, 1, 2, 3, 4, 5, 6, 7, 8, 9]
[0, 2, 3, 4, 5, 6, 7, 8, 9]
[0, 2, 3, 4, 5, 6, 8, 9]
[0, 2, 3, 5, 6, 8, 9]
[0, 2, 3, 5, 6, 8]
[0, 2, 3, 5, 8]
[0, 2, 3, 5]
[0, 2, 5]
[2, 5]
[5]
producing
producing
producing
producing
producing
producing
producing
producing
producing
producing
Day 102:
Household 1: Income: 8.219748047483208, Goods: 33, Land: 2598, Labour: 5202, Capital: 5651
Household 2: Income: 352.0542878515309, Goods: 99, Land: 7659, Labour: 7318, Capital: 6401
Household 3: Income: 834.0933150687233, Goods: 100, Land: 9237, Labour: 3038, Capital: 3098
Household 4: Income: 11.459982004978844, Goods: 50, Land: 4145, Labour: 8582, Capital: 1547
Household 5: Income: 44.95956226420642, Goods: 91, Land: 6178, Labour: 9679, Capital: 3968
Household 6: Income: 122.35621222496896, Goods: 93, Land: 4147, Labour: 4187, Capital: 1689
Household 7: Income: 78.83281292141552, Goods: 72, Land: 3367, Labour: 3012, Capital: 7510
Household 8: Income: 848.7245234650615, Goods: 100, Land: 9831, Labour: 6676, Capital: 9303
Household 9: Income: 121.19102870702827, Goods: 84, Land: 1407, Labour: 8361, Capital: 2584
Household 10: Income: 63.31187981301453, Goods: 62, Land: 8412, Labour: 9327, Capital: 7311
Firm 1: Money: 108.32011683189467, Goods: 40, Land: 0, Labour: 0, Capital: 0, Goods Price: 43.704486151212784
Firm 2: Money: 58.640439491810774, Goods: 32, Land: 0, Labour: 0, Capital: 0, Goods Price: 32.09712479546552
Firm 3: Money: -365.79231573360084, Goods: 30, Land: 0, Labour: 0, Capital: 0, Goods Price: 41.766574538248676
Firm 4: Money: -360.50164180007505, Goods: 36, Land: 0, Labour: 0, Capital: 0, Goods Price: 26.79955716503823
Firm 5: Money: 293.9977255358567, Goods: 25, Land: 0, Labour: 0, Capital: 0, Goods Price: 29.48749235952126
Firm 6: Money: 880.6916730260831, Goods: 13, Land: 0, Labour: 0, Capital: 0, Goods Price: 19.393438762680113
Firm 7: Money: 842.463241474696, Goods: 17, Land: 0, Labour: 0, Capital: 0, Goods Price: 6.131336997412615
Firm 8: Money: 746.8630412339894, Goods: 14, Land: 0, Labour: 0, Capital: 0, Goods Price: 35.973006808302344
Firm 9: Money: 935.7210745304571, Goods: 21, Land: 0, Labour: 0, Capital: 0, Goods Price: 27.349949607893212
Firm 10: Money: 541.4503381329056, Goods: 8, Land: 0, Labour: 0, Capital: 0, Goods Price: 6.341449680623664
Self.nfirms:  10
[0, 1, 2, 3, 4, 5, 6, 7, 8, 9]
^^^
sold
[0, 1, 2, 3, 4, 6, 7, 8, 9]
^^^
sold
[0, 1, 2, 3, 4, 6, 7, 8]
^^^
[0, 1, 2, 3, 4, 7, 8]
^^^
[0, 1, 2, 4, 7, 8]
^^^
[1, 2, 4, 7, 8]
^^^
sold
[1, 4, 7, 8]
^^^
sold
[1, 4, 8]
^^^
sold
[4, 8]
^^^
sold
[4]
^^^
sold
---
__
[0, 1, 2, 3, 4, 5, 6, 7, 8, 9]
[0, 1, 2, 3, 4, 6, 7, 8, 9]
[0, 1, 2, 4, 6, 7, 8, 9]
[0, 2, 4, 6, 7, 8, 9]
[0, 2, 4, 6, 8, 9]
[2, 4, 6, 8, 9]
[2, 4, 6, 9]
[2, 4, 9]
[2, 9]
[9]
producing
producing
producing
producing
producing
producing
producing
producing
producing
producing
Day 103:
Household 1: Income: 9.21788561110425, Goods: 33, Land: 2597, Labour: 5201, Capital: 5650
Household 2: Income: 358.9321685490609, Goods: 100, Land: 7658, Labour: 7317, Capital: 6400
Household 3: Income: 815.1360630552845, Goods: 101, Land: 9236, Labour: 3037, Capital: 3097
Household 4: Income: 8.324798133805096, Goods: 50, Land: 4144, Labour: 8581, Capital: 1546
Household 5: Income: 30.972402013806906, Goods: 92, Land: 6177, Labour: 9678, Capital: 3967
Household 6: Income: 109.8202623502395, Goods: 94, Land: 4146, Labour: 4186, Capital: 1688
Household 7: Income: 97.84817335512, Goods: 73, Land: 3366, Labour: 3011, Capital: 7509
Household 8: Income: 845.9406868174311, Goods: 101, Land: 9830, Labour: 6675, Capital: 9302
Household 9: Income: 140.31527745945652, Goods: 85, Land: 1406, Labour: 8360, Capital: 2583
Household 10: Income: 56.08014601558558, Goods: 63, Land: 8411, Labour: 9326, Capital: 7310
Firm 1: Money: 117.91195235387954, Goods: 40, Land: 0, Labour: 0, Capital: 0, Goods Price: 38.96409594399658
Firm 2: Money: 51.76255879428075, Goods: 32, Land: 0, Labour: 0, Capital: 0, Goods Price: 38.2133270064411
Firm 3: Money: -363.00847908597046, Goods: 30, Land: 0, Labour: 0, Capital: 0, Goods Price: 42.126772157798904
Firm 4: Money: -379.0122991882542, Goods: 37, Land: 0, Labour: 0, Capital: 0, Goods Price: 26.79955716503823
Firm 5: Money: 294.7221111681869, Goods: 25, Land: 0, Labour: 0, Capital: 0, Goods Price: 27.767378701027823
Firm 6: Money: 862.7976984191421, Goods: 14, Land: 0, Labour: 0, Capital: 0, Goods Price: 23.169461434121647
Firm 7: Money: 856.6548500758729, Goods: 17, Land: 0, Labour: 0, Capital: 0, Goods Price: 6.131336997412615
Firm 8: Money: 778.3627213089471, Goods: 14, Land: 0, Labour: 0, Capital: 0, Goods Price: 9.09821172073078
Firm 9: Money: 940.7269085855864, Goods: 21, Land: 0, Labour: 0, Capital: 0, Goods Price: 29.046978495283202
Firm 10: Money: 533.5511592998633, Goods: 8, Land: 0, Labour: 0, Capital: 0, Goods Price: 16.158057857662854
Self.nfirms:  10
[0, 1, 2, 3, 4, 5, 6, 7, 8, 9]
^^^
[0, 1, 2, 3, 4, 5, 6, 7, 8]
^^^
[0, 1, 2, 4, 5, 6, 7, 8]
^^^
[1, 2, 4, 5, 6, 7, 8]
^^^
sold
[1, 2, 5, 6, 7, 8]
^^^
sold
[2, 5, 6, 7, 8]
^^^
[2, 5, 7, 8]
^^^
sold
[2, 5, 8]
^^^
sold
[2, 8]
^^^
sold
[2]
^^^
sold
---
__
[0, 1, 2, 3, 4, 5, 6, 7, 8, 9]
[0, 1, 2, 3, 5, 6, 7, 8, 9]
[0, 1, 3, 5, 6, 7, 8, 9]
[1, 3, 5, 6, 7, 8, 9]
[1, 3, 5, 6, 7, 8]
[1, 3, 5, 6, 8]
[3, 5, 6, 8]
[3, 6, 8]
[3, 8]
[3]
producing
producing
producing
producing
producing
producing
producing
producing
producing
producing
Day 104:
Household 1: Income: 25.535051953042533, Goods: 33, Land: 2596, Labour: 5200, Capital: 5649
Household 2: Income: 353.9377083057257, Goods: 101, Land: 7657, Labour: 7316, Capital: 6399
Household 3: Income: 793.9813755010534, Goods: 102, Land: 9235, Labour: 3036, Capital: 3096
Household 4: Income: 34.874184481899746, Goods: 50, Land: 4143, Labour: 8580, Capital: 1545
Household 5: Income: 39.444792527477155, Goods: 93, Land: 6176, Labour: 9677, Capital: 3966
Household 6: Income: 101.4648006492816, Goods: 95, Land: 4145, Labour: 4185, Capital: 1687
Household 7: Income: 86.29149810381753, Goods: 74, Land: 3365, Labour: 3010, Capital: 7508
Household 8: Income: 885.4622049663184, Goods: 102, Land: 9829, Labour: 6674, Capital: 9301
Household 9: Income: 114.19245643520236, Goods: 86, Land: 1405, Labour: 8359, Capital: 2582
Household 10: Income: 26.779235613066426, Goods: 64, Land: 8410, Labour: 9325, Capital: 7309
Firm 1: Money: 125.73988747315613, Goods: 40, Land: 0, Labour: 0, Capital: 0, Goods Price: 38.96409594399658
Firm 2: Money: 77.07385286735254, Goods: 32, Land: 0, Labour: 0, Capital: 0, Goods Price: 18.658597586721417
Firm 3: Money: -357.6871524386664, Goods: 30, Land: 0, Labour: 0, Capital: 0, Goods Price: 40.069545650858686
Firm 4: Money: -390.2051750297102, Goods: 37, Land: 0, Labour: 0, Capital: 0, Goods Price: 49.7808235844552
Firm 5: Money: 292.4649143513965, Goods: 25, Land: 0, Labour: 0, Capital: 0, Goods Price: 29.91544227708292
Firm 6: Money: 867.3981938347059, Goods: 14, Land: 0, Labour: 0, Capital: 0, Goods Price: 22.206705965228252
Firm 7: Money: 837.6758472139712, Goods: 17, Land: 0, Labour: 0, Capital: 0, Goods Price: 30.21592938919691
Firm 8: Money: 777.3645837453262, Goods: 15, Land: 0, Labour: 0, Capital: 0, Goods Price: 9.09821172073078
Firm 9: Money: 954.893878090802, Goods: 21, Land: 0, Labour: 0, Capital: 0, Goods Price: 20.11750908175948
Firm 10: Money: 520.3749064472098, Goods: 9, Land: 0, Labour: 0, Capital: 0, Goods Price: 16.158057857662854
Self.nfirms:  10
[0, 1, 2, 3, 4, 5, 6, 7, 8, 9]
^^^
[1, 2, 3, 4, 5, 6, 7, 8, 9]
^^^
sold
[1, 2, 3, 5, 6, 7, 8, 9]
^^^
[1, 2, 5, 6, 7, 8, 9]
^^^
sold
[1, 2, 5, 6, 8, 9]
^^^
sold
[1, 5, 6, 8, 9]
^^^
sold
[1, 5, 8, 9]
^^^
sold
[5, 8, 9]
^^^
sold
[5, 9]
^^^
sold
[9]
^^^
---
__
[0, 1, 2, 3, 4, 5, 6, 7, 8, 9]
[0, 1, 3, 4, 5, 6, 7, 8, 9]
[1, 3, 4, 5, 6, 7, 8, 9]
[3, 4, 5, 6, 7, 8, 9]
[3, 4, 5, 6, 7, 9]
[3, 5, 6, 7, 9]
[3, 5, 7, 9]
[3, 5, 9]
[5, 9]
[9]
producing
producing
producing
producing
producing
producing
producing
producing
producing
producing
Day 105:
Household 1: Income: 39.47189419078403, Goods: 33, Land: 2595, Labour: 5199, Capital: 5648
Household 2: Income: 344.71799011757196, Goods: 102, Land: 7656, Labour: 7315, Capital: 6398
Household 3: Income: 786.9265803463247, Goods: 103, Land: 9234, Labour: 3035, Capital: 3095
Household 4: Income: 12.810060420236312, Goods: 51, Land: 4142, Labour: 8579, Capital: 1544
Household 5: Income: 55.88741681223866, Goods: 94, Land: 6175, Labour: 9676, Capital: 3965
Household 6: Income: 92.70690183104954, Goods: 96, Land: 4144, Labour: 4184, Capital: 1686
Household 7: Income: 68.6197134340795, Goods: 75, Land: 3364, Labour: 3009, Capital: 7507
Household 8: Income: 887.5806266791318, Goods: 103, Land: 9828, Labour: 6673, Capital: 9300
Household 9: Income: 121.51818499800001, Goods: 87, Land: 1404, Labour: 8358, Capital: 2581
Household 10: Income: 44.41108631149187, Goods: 65, Land: 8409, Labour: 9324, Capital: 7308
Firm 1: Money: 137.00237904256664, Goods: 40, Land: 0, Labour: 0, Capital: 0, Goods Price: 33.81226126879567
Firm 2: Money: 55.982911828855485, Goods: 32, Land: 0, Labour: 0, Capital: 0, Goods Price: 41.02659420898924
Firm 3: Money: -393.11151683992415, Goods: 31, Land: 0, Labour: 0, Capital: 0, Goods Price: 42.72933000714207
Firm 4: Money: -362.9758742989544, Goods: 37, Land: 0, Labour: 0, Capital: 0, Goods Price: 26.79955716503823
Firm 5: Money: 304.2825830520343, Goods: 25, Land: 0, Labour: 0, Capital: 0, Goods Price: 17.302898166729754
Firm 6: Money: 883.1000991889665, Goods: 14, Land: 0, Labour: 0, Capital: 0, Goods Price: 14.997350210197961
Firm 7: Money: 842.723020036062, Goods: 17, Land: 0, Labour: 0, Capital: 0, Goods Price: 31.332167704355054
Firm 8: Money: 755.1146736451407, Goods: 15, Land: 0, Labour: 0, Capital: 0, Goods Price: 35.973006808302344
Firm 9: Money: 955.4805388223457, Goods: 21, Land: 0, Labour: 0, Capital: 0, Goods Price: 26.233711292735062
Firm 10: Money: 534.8077754744277, Goods: 9, Land: 0, Labour: 0, Capital: 0, Goods Price: 6.341449680623664
Self.nfirms:  10
[0, 1, 2, 3, 4, 5, 6, 7, 8, 9]
^^^
[0, 1, 2, 3, 4, 5, 6, 7, 8]
^^^
sold
[0, 1, 2, 3, 4, 5, 6, 7]
^^^
sold
[0, 1, 2, 3, 5, 6, 7]
^^^
[0, 1, 2, 5, 6, 7]
^^^
[1, 2, 5, 6, 7]
^^^
sold
[1, 2, 6, 7]
^^^
sold
[1, 2, 7]
^^^
sold
[1, 2]
^^^
sold
[2]
^^^
sold
---
__
[0, 1, 2, 3, 4, 5, 6, 7, 8, 9]
[0, 1, 3, 4, 5, 6, 7, 8, 9]
[1, 3, 4, 5, 6, 7, 8, 9]
[3, 4, 5, 6, 7, 8, 9]
[3, 4, 5, 6, 7, 8]
[4, 5, 6, 7, 8]
[4, 5, 7, 8]
[5, 7, 8]
[7, 8]
[7]
producing
producing
producing
producing
producing
producing
producing
producing
producing
producing
Day 106:
Household 1: Income: 0.07945488266468548, Goods: 34, Land: 2594, Labour: 5198, Capital: 5647
Household 2: Income: 361.55435438166205, Goods: 103, Land: 7655, Labour: 7314, Capital: 6397
Household 3: Income: 765.1693349427505, Goods: 104, Land: 9233, Labour: 3034, Capital: 3094
Household 4: Income: 31.320717808415537, Goods: 51, Land: 4141, Labour: 8578, Capital: 1543
Household 5: Income: 70.18096191601668, Goods: 95, Land: 6174, Labour: 9675, Capital: 3964
Household 6: Income: 81.28719027147822, Goods: 97, Land: 4143, Labour: 4183, Capital: 1685
Household 7: Income: 68.27308024540481, Goods: 76, Land: 3363, Labour: 3008, Capital: 7506
Household 8: Income: 884.4059536139598, Goods: 104, Land: 9827, Labour: 6672, Capital: 9299
Household 9: Income: 125.53869704465652, Goods: 88, Land: 1403, Labour: 8357, Capital: 2580
Household 10: Income: 58.10430492684583, Goods: 66, Land: 8408, Labour: 9323, Capital: 7307
Firm 1: Money: 136.9968337258007, Goods: 40, Land: 0, Labour: 0, Capital: 0, Goods Price: 39.92846347977125
Firm 2: Money: 63.092881148458666, Goods: 32, Land: 0, Labour: 0, Capital: 0, Goods Price: 32.09712479546552
Firm 3: Money: -385.10702649234406, Goods: 31, Land: 0, Labour: 0, Capital: 0, Goods Price: 37.98893979992586
Firm 4: Money: -355.75135018310766, Goods: 37, Land: 0, Labour: 0, Capital: 0, Goods Price: 26.79955716503823
Firm 5: Money: 284.79138168231293, Goods: 25, Land: 0, Labour: 0, Capital: 0, Goods Price: 37.05704573410177
Firm 6: Money: 877.6910410913932, Goods: 14, Land: 0, Labour: 0, Capital: 0, Goods Price: 22.206705965228252
Firm 7: Money: 882.1154593441813, Goods: 17, Land: 0, Labour: 0, Capital: 0, Goods Price: 6.131336997412615
Firm 8: Money: 729.2989675008881, Goods: 16, Land: 0, Labour: 0, Capital: 0, Goods Price: 33.91578030136212
Firm 9: Money: 958.4073790934235, Goods: 21, Land: 0, Labour: 0, Capital: 0, Goods Price: 30.009733964176593
Firm 10: Money: 529.6074281475674, Goods: 9, Land: 0, Labour: 0, Capital: 0, Goods Price: 16.158057857662854
Self.nfirms:  10
[0, 1, 2, 3, 4, 5, 6, 7, 8, 9]
^^^
[1, 2, 3, 4, 5, 6, 7, 8, 9]
^^^
sold
[1, 2, 3, 4, 5, 6, 8, 9]
^^^
sold
[1, 2, 3, 5, 6, 8, 9]
^^^
[1, 2, 3, 5, 6, 8]
^^^
[1, 2, 3, 5, 8]
^^^
sold
[1, 3, 5, 8]
^^^
sold
[3, 5, 8]
^^^
sold
[3, 8]
^^^
sold
[3]
^^^
---
__
[0, 1, 2, 3, 4, 5, 6, 7, 8, 9]
[0, 1, 2, 3, 4, 5, 6, 7, 9]
[0, 1, 2, 3, 5, 6, 7, 9]
[0, 1, 2, 3, 5, 6, 7]
[0, 1, 2, 3, 5, 6]
[0, 1, 3, 5, 6]
[0, 1, 3, 5]
[0, 3, 5]
[0, 5]
[0]
producing
producing
producing
producing
producing
producing
producing
producing
producing
producing
Day 107:
Household 1: Income: -3.055728988509065, Goods: 34, Land: 2593, Labour: 5197, Capital: 5646
Household 2: Income: 362.3900255414537, Goods: 104, Land: 7654, Labour: 7313, Capital: 6396
Household 3: Income: 767.9668998927058, Goods: 105, Land: 9232, Labour: 3033, Capital: 3093
Household 4: Income: 32.038861493762354, Goods: 52, Land: 4140, Labour: 8577, Capital: 1542
Household 5: Income: 68.2328686498118, Goods: 96, Land: 6173, Labour: 9674, Capital: 3963
Household 6: Income: 89.96985300722936, Goods: 98, Land: 4142, Labour: 4182, Capital: 1684
Household 7: Income: 49.68955597530126, Goods: 77, Land: 3362, Labour: 3007, Capital: 7505
Household 8: Income: 894.2331116386279, Goods: 105, Land: 9826, Labour: 6671, Capital: 9298
Household 9: Income: 96.61588263026681, Goods: 89, Land: 1402, Labour: 8356, Capital: 2579
Household 10: Income: 62.61743233162946, Goods: 67, Land: 8407, Labour: 9322, Capital: 7306
Firm 1: Money: 138.0722563691279, Goods: 40, Land: 0, Labour: 0, Capital: 0, Goods Price: 43.704486151212784
Firm 2: Money: 59.91997638828709, Goods: 32, Land: 0, Labour: 0, Capital: 0, Goods Price: 41.02659420898924
Firm 3: Money: -379.8308040832468, Goods: 31, Land: 0, Labour: 0, Capital: 0, Goods Price: 38.953307335700536
Firm 4: Money: -343.9629596051466, Goods: 37, Land: 0, Labour: 0, Capital: 0, Goods Price: 26.79955716503823
Firm 5: Money: 286.7394749485178, Goods: 25, Land: 0, Labour: 0, Capital: 0, Goods Price: 34.99981922716155
Firm 6: Money: 887.7350659933938, Goods: 14, Land: 0, Labour: 0, Capital: 0, Goods Price: 13.277236551704526
Firm 7: Money: 889.7442333322574, Goods: 17, Land: 0, Labour: 0, Capital: 0, Goods Price: 6.131336997412615
Firm 8: Money: 732.2387054197201, Goods: 16, Land: 0, Labour: 0, Capital: 0, Goods Price: 35.973006808302344
Firm 9: Money: 941.4786451594927, Goods: 22, Land: 0, Labour: 0, Capital: 0, Goods Price: 25.269343756960385
Firm 10: Money: 534.2236889977462, Goods: 9, Land: 0, Labour: 0, Capital: 0, Goods Price: 16.158057857662854
Self.nfirms:  10
[0, 1, 2, 3, 4, 5, 6, 7, 8, 9]
^^^
sold
[0, 1, 2, 3, 4, 5, 7, 8, 9]
^^^
[0, 1, 2, 4, 5, 7, 8, 9]
^^^
sold
[0, 1, 2, 5, 7, 8, 9]
^^^
sold
[0, 1, 2, 5, 7, 8]
^^^
[1, 2, 5, 7, 8]
^^^
sold
[1, 2, 5, 8]
^^^
sold
[1, 2, 5]
^^^
sold
[1, 5]
^^^
sold
[5]
^^^
sold
---
__
[0, 1, 2, 3, 4, 5, 6, 7, 8, 9]
[0, 1, 2, 3, 4, 5, 7, 8, 9]
[0, 1, 2, 3, 4, 5, 7, 8]
[0, 1, 2, 3, 4, 7, 8]
[0, 1, 2, 3, 7, 8]
[0, 1, 2, 7, 8]
[0, 1, 2, 8]
[0, 1, 8]
[1, 8]
[1]
producing
producing
producing
producing
producing
producing
producing
producing
producing
producing
Day 108:
Household 1: Income: -2.666865988154608, Goods: 34, Land: 2592, Labour: 5196, Capital: 5645
Household 2: Income: 369.21110309076823, Goods: 105, Land: 7653, Labour: 7312, Capital: 6395
Household 3: Income: 766.9884421712195, Goods: 106, Land: 9231, Labour: 3032, Capital: 3092
Household 4: Income: 32.75700517910917, Goods: 53, Land: 4139, Labour: 8576, Capital: 1541
Household 5: Income: 91.19540131280534, Goods: 97, Land: 6172, Labour: 9673, Capital: 3962
Household 6: Income: 63.75725853140388, Goods: 99, Land: 4141, Labour: 4181, Capital: 1683
Household 7: Income: 14.5160400893011, Goods: 78, Land: 3361, Labour: 3006, Capital: 7504
Household 8: Income: 880.6856405077679, Goods: 106, Land: 9825, Labour: 6670, Capital: 9297
Household 9: Income: 86.62720197148353, Goods: 90, Land: 1401, Labour: 8355, Capital: 2578
Household 10: Income: 38.57468865864672, Goods: 68, Land: 8406, Labour: 9321, Capital: 7305
Firm 1: Money: 152.81592656631366, Goods: 40, Land: 0, Labour: 0, Capital: 0, Goods Price: 33.81226126879567
Firm 2: Money: 60.62366075256005, Goods: 32, Land: 0, Labour: 0, Capital: 0, Goods Price: 41.02659420898924
Firm 3: Money: -376.4237306786001, Goods: 31, Land: 0, Labour: 0, Capital: 0, Goods Price: 40.069545650858686
Firm 4: Money: -338.77716955962507, Goods: 37, Land: 0, Labour: 0, Capital: 0, Goods Price: 26.79955716503823
Firm 5: Money: 287.0608378539605, Goods: 25, Land: 0, Labour: 0, Capital: 0, Goods Price: 33.8835809120034
Firm 6: Money: 880.245696617777, Goods: 14, Land: 0, Labour: 0, Capital: 0, Goods Price: 22.56690358477848
Firm 7: Money: 892.8794172034311, Goods: 18, Land: 0, Labour: 0, Capital: 0, Goods Price: 6.131336997412615
Firm 8: Money: 766.1491990033891, Goods: 16, Land: 0, Labour: 0, Capital: 0, Goods Price: 9.09821172073078
Firm 9: Money: 961.9973419609471, Goods: 22, Land: 0, Labour: 0, Capital: 0, Goods Price: 8.729472823383878
Firm 10: Money: 538.839949847925, Goods: 9, Land: 0, Labour: 0, Capital: 0, Goods Price: 16.158057857662854
Self.nfirms:  10
[0, 1, 2, 3, 4, 5, 6, 7, 8, 9]
^^^
[1, 2, 3, 4, 5, 6, 7, 8, 9]
^^^
sold
[1, 2, 3, 4, 5, 6, 7, 9]
^^^
sold
[1, 2, 3, 4, 5, 6, 9]
^^^
sold
[1, 2, 3, 5, 6, 9]
^^^
[1, 2, 5, 6, 9]
^^^
[1, 2, 5, 6]
^^^
sold
[1, 2, 6]
^^^
[1, 2]
^^^
sold
[1]
^^^
sold
---
__
[0, 1, 2, 3, 4, 5, 6, 7, 8, 9]
[0, 1, 2, 4, 5, 6, 7, 8, 9]
[0, 1, 2, 4, 5, 6, 8, 9]
[0, 1, 2, 4, 5, 8, 9]
[0, 1, 4, 5, 8, 9]
[0, 4, 5, 8, 9]
[0, 5, 8, 9]
[0, 5, 9]
[5, 9]
[9]
producing
producing
producing
producing
producing
producing
producing
producing
producing
producing
Day 109:
Household 1: Income: -2.278002987800151, Goods: 34, Land: 2591, Labour: 5195, Capital: 5644
Household 2: Income: 359.6326075925669, Goods: 106, Land: 7652, Labour: 7311, Capital: 6394
Household 3: Income: 751.345370593565, Goods: 107, Land: 9230, Labour: 3031, Capital: 3091
Household 4: Income: 59.82501924367097, Goods: 53, Land: 4138, Labour: 8575, Capital: 1540
Household 5: Income: 104.86826694272493, Goods: 98, Land: 6171, Labour: 9672, Capital: 3961
Household 6: Income: 90.21916412419894, Goods: 100, Land: 4140, Labour: 4180, Capital: 1682
Household 7: Income: 44.069197536541566, Goods: 78, Land: 3360, Labour: 3005, Capital: 7503
Household 8: Income: 890.0083515182243, Goods: 107, Land: 9824, Labour: 6669, Capital: 9296
Household 9: Income: 93.795311118747, Goods: 91, Land: 1400, Labour: 8354, Capital: 2577
Household 10: Income: 28.516401492264613, Goods: 69, Land: 8405, Labour: 9320, Capital: 7304
Firm 1: Money: 125.74791250175184, Goods: 41, Land: 0, Labour: 0, Capital: 0, Goods Price: 35.96032484485077
Firm 2: Money: 21.57830016880371, Goods: 33, Land: 0, Labour: 0, Capital: 0, Goods Price: 41.386791828539465
Firm 3: Money: -373.15963053823623, Goods: 31, Land: 0, Labour: 0, Capital: 0, Goods Price: 40.069545650858686
Firm 4: Money: -349.0030925589401, Goods: 37, Land: 0, Labour: 0, Capital: 0, Goods Price: 42.21127020987468
Firm 5: Money: 287.23032998001975, Goods: 25, Land: 0, Labour: 0, Capital: 0, Goods Price: 32.91921337622873
Firm 6: Money: 885.2194590973323, Goods: 14, Land: 0, Labour: 0, Capital: 0, Goods Price: 19.393438762680113
Firm 7: Money: 889.1026356237992, Goods: 18, Land: 0, Labour: 0, Capital: 0, Goods Price: 24.099727178221322
Firm 8: Money: 772.6115262799888, Goods: 16, Land: 0, Labour: 0, Capital: 0, Goods Price: 9.09821172073078
Firm 9: Money: 969.2735761229641, Goods: 22, Land: 0, Labour: 0, Capital: 0, Goods Price: 8.729472823383878
Firm 10: Money: 518.4543412402411, Goods: 10, Land: 0, Labour: 0, Capital: 0, Goods Price: 23.36741361269315
Self.nfirms:  10
[0, 1, 2, 3, 4, 5, 6, 7, 8, 9]
^^^
sold
[0, 1, 2, 4, 5, 6, 7, 8, 9]
^^^
[0, 1, 2, 4, 5, 6, 7, 8]
^^^
sold
[0, 1, 2, 4, 5, 6, 8]
^^^
[0, 1, 2, 4, 5, 8]
^^^
sold
[0, 2, 4, 5, 8]
^^^
sold
[0, 2, 4, 8]
^^^
sold
[0, 4, 8]
^^^
sold
[0, 8]
^^^
[8]
^^^
sold
---
__
[0, 1, 2, 3, 4, 5, 6, 7, 8, 9]
[0, 1, 2, 4, 5, 6, 7, 8, 9]
[0, 1, 2, 4, 6, 7, 8, 9]
[0, 1, 4, 6, 7, 8, 9]
[0, 1, 4, 7, 8, 9]
[1, 4, 7, 8, 9]
[1, 4, 7, 9]
[1, 7, 9]
[1, 9]
[1]
producing
producing
producing
producing
producing
producing
producing
producing
producing
producing
Day 110:
Household 1: Income: -1.2798654241791052, Goods: 34, Land: 2590, Labour: 5194, Capital: 5643
Household 2: Income: 357.220821257023, Goods: 107, Land: 7651, Labour: 7310, Capital: 6393
Household 3: Income: 770.4544062287695, Goods: 108, Land: 9229, Labour: 3030, Capital: 3090
Household 4: Income: 44.15574864003016, Goods: 54, Land: 4137, Labour: 8574, Capital: 1539
Household 5: Income: 121.67963012483337, Goods: 99, Land: 6170, Labour: 9671, Capital: 3960
Household 6: Income: 95.12956153901612, Goods: 101, Land: 4139, Labour: 4179, Capital: 1681
Household 7: Income: 43.32723652504865, Goods: 79, Land: 3359, Labour: 3004, Capital: 7502
Household 8: Income: 894.9410592858128, Goods: 108, Land: 9823, Labour: 6668, Capital: 9295
Household 9: Income: 64.42531582861474, Goods: 92, Land: 1399, Labour: 8353, Capital: 2576
Household 10: Income: 2.851231257067152, Goods: 70, Land: 8404, Labour: 9319, Capital: 7303
Firm 1: Money: 133.28777634657172, Goods: 41, Land: 0, Labour: 0, Capital: 0, Goods Price: 35.532374927289105
Firm 2: Money: 23.990086504347634, Goods: 33, Land: 0, Labour: 0, Capital: 0, Goods Price: 38.2133270064411
Firm 3: Money: -407.62123947060076, Goods: 32, Land: 0, Labour: 0, Capital: 0, Goods Price: 41.766574538248676
Firm 4: Money: -326.366855398257, Goods: 37, Land: 0, Labour: 0, Capital: 0, Goods Price: 26.79955716503823
Firm 5: Money: 282.2976222124313, Goods: 25, Land: 0, Labour: 0, Capital: 0, Goods Price: 37.05704573410177
Firm 6: Money: 887.4184479947675, Goods: 14, Land: 0, Labour: 0, Capital: 0, Goods Price: 18.429071226905435
Firm 7: Money: 896.0618036988425, Goods: 18, Land: 0, Labour: 0, Capital: 0, Goods Price: 31.332167704355054
Firm 8: Money: 785.5089341275855, Goods: 16, Land: 0, Labour: 0, Capital: 0, Goods Price: 9.09821172073078
Firm 9: Money: 962.7509605178943, Goods: 22, Land: 0, Labour: 0, Capital: 0, Goods Price: 20.11750908175948
Firm 10: Money: 536.8243632968096, Goods: 10, Land: 0, Labour: 0, Capital: 0, Goods Price: 6.341449680623664
Self.nfirms:  10
[0, 1, 2, 3, 4, 5, 6, 7, 8, 9]
^^^
sold
[0, 1, 3, 4, 5, 6, 7, 8, 9]
^^^
sold
[0, 3, 4, 5, 6, 7, 8, 9]
^^^
sold
[0, 3, 4, 6, 7, 8, 9]
^^^
sold
[0, 3, 4, 7, 8, 9]
^^^
sold
[0, 3, 4, 8, 9]
^^^
sold
[0, 3, 8, 9]
^^^
[0, 3, 8]
^^^
[0, 8]
^^^
[8]
^^^
sold
---
__
[0, 1, 2, 3, 4, 5, 6, 7, 8, 9]
[1, 2, 3, 4, 5, 6, 7, 8, 9]
[1, 2, 3, 5, 6, 7, 8, 9]
[1, 2, 3, 5, 6, 8, 9]
[1, 3, 5, 6, 8, 9]
[1, 5, 6, 8, 9]
[1, 6, 8, 9]
[1, 6, 9]
[6, 9]
[9]
producing
producing
producing
producing
producing
producing
producing
producing
producing
producing
Day 111:
Household 1: Income: 16.65269003855196, Goods: 34, Land: 2589, Labour: 5193, Capital: 5642
Household 2: Income: 354.30303795374107, Goods: 108, Land: 7650, Labour: 7309, Capital: 6392
Household 3: Income: 785.0850411517137, Goods: 109, Land: 9228, Labour: 3029, Capital: 3089
Household 4: Income: -2.2148287937497875, Goods: 55, Land: 4136, Labour: 8573, Capital: 1538
Household 5: Income: 125.4564148883752, Goods: 100, Land: 6169, Labour: 9670, Capital: 3959
Household 6: Income: 110.5721697707825, Goods: 102, Land: 4138, Labour: 4178, Capital: 1680
Household 7: Income: 43.996985526160834, Goods: 80, Land: 3358, Labour: 3003, Capital: 7501
Household 8: Income: 910.7495851310199, Goods: 109, Land: 9822, Labour: 6667, Capital: 9294
Household 9: Income: 50.46703358331894, Goods: 93, Land: 1398, Labour: 8352, Capital: 2575
Household 10: Income: 3.8493688206881975, Goods: 70, Land: 8403, Labour: 9318, Capital: 7302
Firm 1: Money: 102.25162364708945, Goods: 42, Land: 0, Labour: 0, Capital: 0, Goods Price: 39.92846347977125
Firm 2: Money: 7.67292016240935, Goods: 34, Land: 0, Labour: 0, Capital: 0, Goods Price: 18.658597586721417
Firm 3: Money: -382.3184013707256, Goods: 32, Land: 0, Labour: 0, Capital: 0, Goods Price: 25.237521068615287
Firm 4: Money: -334.5540443272468, Goods: 37, Land: 0, Labour: 0, Capital: 0, Goods Price: 42.21127020987468
Firm 5: Money: 284.6177949170222, Goods: 25, Land: 0, Labour: 0, Capital: 0, Goods Price: 34.99981922716155
Firm 6: Money: 886.134646197546, Goods: 14, Land: 0, Labour: 0, Capital: 0, Goods Price: 22.206705965228252
Firm 7: Money: 927.0539661046477, Goods: 18, Land: 0, Labour: 0, Capital: 0, Goods Price: 6.131336997412615
Firm 8: Money: 789.4480769459916, Goods: 16, Land: 0, Labour: 0, Capital: 0, Goods Price: 9.09821172073078
Firm 9: Money: 969.4538234604136, Goods: 22, Land: 0, Labour: 0, Capital: 0, Goods Price: 20.11750908175948
Firm 10: Money: 518.3791412846788, Goods: 10, Land: 0, Labour: 0, Capital: 0, Goods Price: 23.727611232243373
Self.nfirms:  10
[0, 1, 2, 3, 4, 5, 6, 7, 8, 9]
^^^
[0, 1, 2, 3, 4, 5, 6, 7, 8]
^^^
[0, 1, 2, 4, 5, 6, 7, 8]
^^^
[1, 2, 4, 5, 6, 7, 8]
^^^
sold
[1, 2, 4, 6, 7, 8]
^^^
sold
[1, 2, 4, 6, 8]
^^^
[1, 2, 4, 8]
^^^
sold
[2, 4, 8]
^^^
sold
[4, 8]
^^^
sold
[4]
^^^
sold
---
__
[0, 1, 2, 3, 4, 5, 6, 7, 8, 9]
[0, 1, 2, 3, 4, 5, 7, 8, 9]
[0, 2, 3, 4, 5, 7, 8, 9]
[0, 2, 3, 5, 7, 8, 9]
[0, 2, 3, 5, 7, 9]
[0, 3, 5, 7, 9]
[0, 3, 5, 7]
[0, 3, 7]
[0, 3]
[0]
producing
producing
producing
producing
producing
producing
producing
producing
producing
producing
Day 112:
Household 1: Income: 17.041553038906418, Goods: 34, Land: 2588, Labour: 5192, Capital: 5641
Household 2: Income: 351.4065905388185, Goods: 109, Land: 7649, Labour: 7308, Capital: 6391
Household 3: Income: 804.9289179628769, Goods: 110, Land: 9227, Labour: 3028, Capital: 3088
Household 4: Income: 16.29582859442943, Goods: 55, Land: 4135, Labour: 8572, Capital: 1537
Household 5: Income: 144.86591389645486, Goods: 101, Land: 6168, Labour: 9669, Capital: 3958
Household 6: Income: 110.30658996267651, Goods: 103, Land: 4137, Labour: 4177, Capital: 1679
Household 7: Income: 27.839381962424657, Goods: 81, Land: 3357, Labour: 3002, Capital: 7500
Household 8: Income: 923.882612922689, Goods: 110, Land: 9821, Labour: 6666, Capital: 9293
Household 9: Income: 39.25993720624808, Goods: 94, Land: 1397, Labour: 8351, Capital: 2574
Household 10: Income: 20.16653516262648, Goods: 70, Land: 8402, Labour: 9317, Capital: 7301
Firm 1: Money: 68.0420061255088, Goods: 43, Land: 0, Labour: 0, Capital: 0, Goods Price: 43.10192830186962
Firm 2: Money: 5.9734859416722115, Goods: 34, Land: 0, Labour: 0, Capital: 0, Goods Price: 18.658597586721417
Firm 3: Money: -395.70342057317856, Goods: 32, Land: 0, Labour: 0, Capital: 0, Goods Price: 41.766574538248676
Firm 4: Money: -307.3539407044493, Goods: 37, Land: 0, Labour: 0, Capital: 0, Goods Price: 26.79955716503823
Firm 5: Money: 255.06463746978176, Goods: 26, Land: 0, Labour: 0, Capital: 0, Goods Price: 32.91921337622873
Firm 6: Money: 892.5856533467646, Goods: 14, Land: 0, Labour: 0, Capital: 0, Goods Price: 19.393438762680113
Firm 7: Money: 907.6444670965681, Goods: 18, Land: 0, Labour: 0, Capital: 0, Goods Price: 31.332167704355054
Firm 8: Money: 769.1446976693796, Goods: 17, Land: 0, Labour: 0, Capital: 0, Goods Price: 28.403453433721822
Firm 9: Money: 986.079359810481, Goods: 22, Land: 0, Labour: 0, Capital: 0, Goods Price: 8.729472823383878
Firm 10: Money: 529.5862376617495, Goods: 10, Land: 0, Labour: 0, Capital: 0, Goods Price: 14.437944199169422
Self.nfirms:  10
[0, 1, 2, 3, 4, 5, 6, 7, 8, 9]
^^^
sold
[0, 1, 2, 3, 4, 5, 6, 7, 9]
^^^
sold
[0, 1, 3, 4, 5, 6, 7, 9]
^^^
[0, 1, 3, 4, 5, 7, 9]
^^^
sold
[0, 1, 3, 4, 5, 9]
^^^
[0, 1, 3, 4, 5]
^^^
sold
[0, 1, 3, 5]
^^^
[1, 3, 5]
^^^
sold
[1, 3]
^^^
sold
[3]
^^^
---
__
[0, 1, 2, 3, 4, 5, 6, 7, 8, 9]
[0, 1, 2, 3, 4, 6, 7, 8, 9]
[0, 1, 3, 4, 6, 7, 8, 9]
[0, 1, 4, 6, 7, 8, 9]
[0, 4, 6, 7, 8, 9]
[4, 6, 7, 8, 9]
[6, 7, 8, 9]
[6, 8, 9]
[8, 9]
[8]
producing
producing
producing
producing
producing
producing
producing
producing
producing
producing
Day 113:
Household 1: Income: 12.198987464244373, Goods: 34, Land: 2587, Labour: 5191, Capital: 5640
Household 2: Income: 376.29775242978735, Goods: 110, Land: 7648, Labour: 7307, Capital: 6390
Household 3: Income: 817.1822962402143, Goods: 111, Land: 9226, Labour: 3027, Capital: 3087
Household 4: Income: 34.2283840571605, Goods: 55, Land: 4134, Labour: 8571, Capital: 1536
Household 5: Income: 125.26310824822369, Goods: 102, Land: 6167, Labour: 9668, Capital: 3957
Household 6: Income: 107.25223328583178, Goods: 104, Land: 4136, Labour: 4176, Capital: 1678
Household 7: Income: 24.70419809125091, Goods: 81, Land: 3356, Labour: 3001, Capital: 7499
Household 8: Income: 929.1169197475471, Goods: 111, Land: 9820, Labour: 6665, Capital: 9292
Household 9: Income: 37.663267926821085, Goods: 95, Land: 1396, Labour: 8350, Capital: 2573
Household 10: Income: 14.409970509274348, Goods: 71, Land: 8401, Labour: 9316, Capital: 7300
Firm 1: Money: 41.40194197850866, Goods: 44, Land: 0, Labour: 0, Capital: 0, Goods Price: 35.532374927289105
Firm 2: Money: 11.730050595024348, Goods: 34, Land: 0, Labour: 0, Capital: 0, Goods Price: 18.658597586721417
Firm 3: Money: -375.3445906673845, Goods: 32, Land: 0, Labour: 0, Capital: 0, Goods Price: 25.237521068615287
Firm 4: Money: -325.8470410661607, Goods: 37, Land: 0, Labour: 0, Capital: 0, Goods Price: 49.42062596490497
Firm 5: Money: 253.42546039747504, Goods: 26, Land: 0, Labour: 0, Capital: 0, Goods Price: 33.8835809120034
Firm 6: Money: 897.4282189214267, Goods: 15, Land: 0, Labour: 0, Capital: 0, Goods Price: 0.43292125251868807
Firm 7: Money: 940.4740717915867, Goods: 18, Land: 0, Labour: 0, Capital: 0, Goods Price: 6.131336997412615
Firm 8: Money: 741.271765018187, Goods: 18, Land: 0, Labour: 0, Capital: 0, Goods Price: 35.973006808302344
Firm 9: Money: 979.9288236437973, Goods: 22, Land: 0, Labour: 0, Capital: 0, Goods Price: 20.11750908175948
Firm 10: Money: 524.2712264796128, Goods: 10, Land: 0, Labour: 0, Capital: 0, Goods Price: 21.670384725303155
Self.nfirms:  10
[0, 1, 2, 3, 4, 5, 6, 7, 8, 9]
^^^
sold
[0, 1, 2, 3, 5, 6, 7, 8, 9]
^^^
[0, 1, 2, 5, 6, 7, 8, 9]
^^^
sold
[0, 2, 5, 6, 7, 8, 9]
^^^
[2, 5, 6, 7, 8, 9]
^^^
sold
[2, 5, 6, 8, 9]
^^^
sold
[2, 6, 8, 9]
^^^
sold
[6, 8, 9]
^^^
[6, 8]
^^^
[8]
^^^
sold
---
__
[0, 1, 2, 3, 4, 5, 6, 7, 8, 9]
[0, 1, 2, 3, 4, 5, 7, 8, 9]
[0, 1, 3, 4, 5, 7, 8, 9]
[0, 1, 3, 4, 5, 7, 8]
[0, 1, 3, 4, 5, 7]
[0, 1, 4, 5, 7]
[0, 1, 4, 5]
[0, 1, 5]
[0, 1]
[1]
producing
producing
producing
producing
producing
producing
producing
producing
producing
producing
Day 114:
Household 1: Income: 15.558632139858771, Goods: 34, Land: 2586, Labour: 5190, Capital: 5639
Household 2: Income: 374.9046399333181, Goods: 111, Land: 7647, Labour: 7306, Capital: 6389
Household 3: Income: 805.1333279263929, Goods: 112, Land: 9225, Labour: 3026, Capital: 3086
Household 4: Income: 29.88989593846741, Goods: 56, Land: 4133, Labour: 8570, Capital: 1535
Household 5: Income: 150.37102300119727, Goods: 103, Land: 6166, Labour: 9667, Capital: 3956
Household 6: Income: 97.14947201495018, Goods: 105, Land: 4135, Labour: 4175, Capital: 1677
Household 7: Income: 37.85778249097561, Goods: 81, Land: 3355, Labour: 3000, Capital: 7498
Household 8: Income: 966.1918746725943, Goods: 112, Land: 9819, Labour: 6664, Capital: 9291
Household 9: Income: 35.64052448064895, Goods: 96, Land: 1395, Labour: 8349, Capital: 2572
Household 10: Income: 49.834334910532206, Goods: 71, Land: 8400, Labour: 9315, Capital: 7299
Firm 1: Money: 42.79505447497791, Goods: 44, Land: 0, Labour: 0, Capital: 0, Goods Price: 39.92846347977125
Firm 2: Money: -27.31530998873199, Goods: 35, Land: 0, Labour: 0, Capital: 0, Goods Price: 41.386791828539465
Firm 3: Money: -387.16918088053717, Goods: 32, Land: 0, Labour: 0, Capital: 0, Goods Price: 42.72933000714207
Firm 4: Money: -298.97793795495517, Goods: 37, Land: 0, Labour: 0, Capital: 0, Goods Price: 26.79955716503823
Firm 5: Money: 220.09466821191177, Goods: 27, Land: 0, Labour: 0, Capital: 0, Goods Price: 36.69684811455154
Firm 6: Money: 881.2323666044971, Goods: 15, Land: 0, Labour: 0, Capital: 0, Goods Price: 18.429071226905435
Firm 7: Money: 920.378830614527, Goods: 18, Land: 0, Labour: 0, Capital: 0, Goods Price: 31.332167704355054
Firm 8: Money: 722.6884994000683, Goods: 19, Land: 0, Labour: 0, Capital: 0, Goods Price: 26.68333977522839
Firm 9: Money: 989.280956233446, Goods: 22, Land: 0, Labour: 0, Capital: 0, Goods Price: 21.83762274025291
Firm 10: Money: 541.5175908682891, Goods: 10, Land: 0, Labour: 0, Capital: 0, Goods Price: 6.341449680623664
Self.nfirms:  10
[0, 1, 2, 3, 4, 5, 6, 7, 8, 9]
^^^
sold
[0, 1, 2, 3, 4, 5, 6, 8, 9]
^^^
sold
[0, 2, 3, 4, 5, 6, 8, 9]
^^^
sold
[0, 3, 4, 5, 6, 8, 9]
^^^
sold
[0, 3, 4, 5, 6, 9]
^^^
[0, 3, 4, 5, 6]
^^^
[3, 4, 5, 6]
^^^
[3, 4, 5]
^^^
sold
[3, 4]
^^^
[4]
^^^
sold
---
__
[0, 1, 2, 3, 4, 5, 6, 7, 8, 9]
[0, 1, 2, 3, 4, 6, 7, 8, 9]
[0, 1, 2, 3, 6, 7, 8, 9]
[0, 2, 3, 6, 7, 8, 9]
[0, 2, 3, 6, 7, 8]
[0, 2, 3, 7, 8]
[2, 3, 7, 8]
[2, 3, 7]
[2, 7]
[7]
producing
producing
producing
producing
producing
producing
producing
producing
producing
producing
Day 115:
Household 1: Income: 23.899892956003836, Goods: 35, Land: 2585, Labour: 5189, Capital: 5638
Household 2: Income: 359.02869470549484, Goods: 112, Land: 7646, Labour: 7305, Capital: 6388
Household 3: Income: 806.326765179392, Goods: 113, Land: 9224, Labour: 3025, Capital: 3085
Household 4: Income: 31.870023121196326, Goods: 57, Land: 4132, Labour: 8569, Capital: 1534
Household 5: Income: 141.20262418685968, Goods: 104, Land: 6165, Labour: 9666, Capital: 3955
Household 6: Income: 76.36126816493038, Goods: 106, Land: 4134, Labour: 4174, Capital: 1676
Household 7: Income: 68.54175668501726, Goods: 81, Land: 3354, Labour: 2999, Capital: 7497
Household 8: Income: 969.2151515419904, Goods: 113, Land: 9818, Labour: 6663, Capital: 9290
Household 9: Income: 21.68224223535314, Goods: 97, Land: 1394, Labour: 8348, Capital: 2571
Household 10: Income: 36.864318832996204, Goods: 72, Land: 8399, Labour: 9314, Capital: 7298
Firm 1: Money: 45.77098832138117, Goods: 44, Land: 0, Labour: 0, Capital: 0, Goods Price: 42.74173068231939
Firm 2: Money: -43.63247633067027, Goods: 36, Land: 0, Labour: 0, Capital: 0, Goods Price: 18.658597586721417
Firm 3: Money: -376.76157194794695, Goods: 32, Land: 0, Labour: 0, Capital: 0, Goods Price: 37.98893979992586
Firm 4: Money: -291.7534138391084, Goods: 37, Land: 0, Labour: 0, Capital: 0, Goods Price: 26.79955716503823
Firm 5: Money: 226.2012645128484, Goods: 27, Land: 0, Labour: 0, Capital: 0, Goods Price: 29.91544227708292
Firm 6: Money: 878.209089735101, Goods: 15, Land: 0, Labour: 0, Capital: 0, Goods Price: 22.56690358477848
Firm 7: Money: 927.2864006285479, Goods: 18, Land: 0, Labour: 0, Capital: 0, Goods Price: 30.21592938919691
Firm 8: Money: 733.8657935891715, Goods: 19, Land: 0, Labour: 0, Capital: 0, Goods Price: 28.403453433721822
Firm 9: Money: 1002.0733161400817, Goods: 22, Land: 0, Labour: 0, Capital: 0, Goods Price: 20.11750908175948
Firm 10: Money: 530.8049166737885, Goods: 10, Land: 0, Labour: 0, Capital: 0, Goods Price: 21.670384725303155
Self.nfirms:  10
[0, 1, 2, 3, 4, 5, 6, 7, 8, 9]
^^^
sold
[0, 1, 2, 3, 4, 5, 6, 7, 9]
^^^
sold
[0, 1, 2, 3, 4, 5, 7, 9]
^^^
sold
[0, 1, 2, 3, 4, 5, 9]
^^^
[1, 2, 3, 4, 5, 9]
^^^
sold
[1, 2, 4, 5, 9]
^^^
sold
[1, 4, 5, 9]
^^^
[1, 4, 5]
^^^
sold
[1, 5]
^^^
sold
[1]
^^^
sold
---
__
[0, 1, 2, 3, 4, 5, 6, 7, 8, 9]
[0, 1, 2, 3, 5, 6, 7, 8, 9]
[1, 2, 3, 5, 6, 7, 8, 9]
[1, 2, 5, 6, 7, 8, 9]
[2, 5, 6, 7, 8, 9]
[5, 6, 7, 8, 9]
[5, 6, 7, 8]
[5, 6, 8]
[5, 6]
[5]
producing
producing
producing
producing
producing
producing
producing
producing
producing
producing
Day 116:
Household 1: Income: 8.6100974763676, Goods: 36, Land: 2584, Labour: 5188, Capital: 5637
Household 2: Income: 347.8463029386099, Goods: 113, Land: 7645, Labour: 7304, Capital: 6387
Household 3: Income: 808.7576261506389, Goods: 114, Land: 9223, Labour: 3024, Capital: 3084
Household 4: Income: 20.052144039082417, Goods: 58, Land: 4131, Labour: 8568, Capital: 1533
Household 5: Income: 157.32488431979826, Goods: 105, Land: 6164, Labour: 9665, Capital: 3954
Household 6: Income: 60.95933850889723, Goods: 107, Land: 4133, Labour: 4173, Capital: 1675
Household 7: Income: 45.62132311514436, Goods: 82, Land: 3353, Labour: 2998, Capital: 7496
Household 8: Income: 980.2675155207694, Goods: 114, Land: 9817, Labour: 6662, Capital: 9289
Household 9: Income: 12.85313242979241, Goods: 98, Land: 1393, Labour: 8347, Capital: 2570
Household 10: Income: 37.86245639661725, Goods: 72, Land: 8398, Labour: 9313, Capital: 7297
Firm 1: Money: 77.6879180225261, Goods: 44, Land: 0, Labour: 0, Capital: 0, Goods Price: 15.676246295943141
Firm 2: Money: -37.875911677318136, Goods: 36, Land: 0, Labour: 0, Capital: 0, Goods Price: 18.658597586721417
Firm 3: Money: -409.5261519929215, Goods: 33, Land: 0, Labour: 0, Capital: 0, Goods Price: 40.069545650858686
Firm 4: Money: -310.24651420081983, Goods: 37, Land: 0, Labour: 0, Capital: 0, Goods Price: 49.42062596490497
Firm 5: Money: 220.64532013178706, Goods: 27, Land: 0, Labour: 0, Capital: 0, Goods Price: 37.05704573410177
Firm 6: Money: 883.8763874983006, Goods: 15, Land: 0, Labour: 0, Capital: 0, Goods Price: 19.393438762680113
Firm 7: Money: 958.9997670084083, Goods: 18, Land: 0, Labour: 0, Capital: 0, Goods Price: 6.131336997412615
Firm 8: Money: 758.1679997279348, Goods: 19, Land: 0, Labour: 0, Capital: 0, Goods Price: 9.09821172073078
Firm 9: Money: 1006.9387367933875, Goods: 22, Land: 0, Labour: 0, Capital: 0, Goods Price: 20.11750908175948
Firm 10: Money: 538.2346728854258, Goods: 10, Land: 0, Labour: 0, Capital: 0, Goods Price: 16.158057857662854
Self.nfirms:  10
[0, 1, 2, 3, 4, 5, 6, 7, 8, 9]
^^^
sold
[0, 1, 2, 3, 4, 6, 7, 8, 9]
^^^
sold
[0, 1, 2, 3, 4, 6, 8, 9]
^^^
sold
[0, 1, 2, 4, 6, 8, 9]
^^^
sold
[0, 1, 2, 6, 8, 9]
^^^
[0, 1, 2, 6, 8]
^^^
sold
[0, 1, 2, 6]
^^^
sold
[0, 1, 2]
^^^
sold
[0, 2]
^^^
sold
[0]
^^^
---
__
[0, 1, 2, 3, 4, 5, 6, 7, 8, 9]
[0, 1, 3, 4, 5, 6, 7, 8, 9]
[0, 1, 3, 4, 5, 6, 7, 8]
[0, 1, 3, 4, 5, 6, 7]
[0, 1, 3, 4, 6, 7]
[0, 3, 4, 6, 7]
[0, 4, 6, 7]
[4, 6, 7]
[4, 7]
[7]
producing
producing
producing
producing
producing
producing
producing
producing
producing
producing
Day 117:
Household 1: Income: 24.92726381830588, Goods: 36, Land: 2583, Labour: 5187, Capital: 5636
Household 2: Income: 324.99781895458807, Goods: 114, Land: 7644, Labour: 7303, Capital: 6386
Household 3: Income: 826.011774719963, Goods: 115, Land: 9222, Labour: 3023, Capital: 3083
Household 4: Income: 3.021110724996256, Goods: 59, Land: 4130, Labour: 8567, Capital: 1532
Household 5: Income: 155.89541877006056, Goods: 106, Land: 6163, Labour: 9664, Capital: 3953
Household 6: Income: 26.67347234172593, Goods: 108, Land: 4132, Labour: 4172, Capital: 1674
Household 7: Income: 47.5201956267228, Goods: 83, Land: 3352, Labour: 2997, Capital: 7495
Household 8: Income: 1000.5916558246663, Goods: 115, Land: 9816, Labour: 6661, Capital: 9288
Household 9: Income: 23.40256198819265, Goods: 99, Land: 1392, Labour: 8346, Capital: 2569
Household 10: Income: 30.165676342228494, Goods: 73, Land: 8397, Labour: 9312, Capital: 7296
Firm 1: Money: 59.43137645079808, Goods: 44, Land: 0, Labour: 0, Capital: 0, Goods Price: 41.0447017949294
Firm 2: Money: -39.69541177123869, Goods: 36, Land: 0, Labour: 0, Capital: 0, Goods Price: 18.658597586721417
Firm 3: Money: -407.381522625315, Goods: 33, Land: 0, Labour: 0, Capital: 0, Goods Price: 42.126772157798904
Firm 4: Money: -280.9742925046042, Goods: 37, Land: 0, Labour: 0, Capital: 0, Goods Price: 26.79955716503823
Firm 5: Money: 220.89638451060193, Goods: 27, Land: 0, Labour: 0, Capital: 0, Goods Price: 36.69684811455154
Firm 6: Money: 886.3702204394018, Goods: 15, Land: 0, Labour: 0, Capital: 0, Goods Price: 19.393438762680113
Firm 7: Money: 973.1913756095852, Goods: 18, Land: 0, Labour: 0, Capital: 0, Goods Price: 6.131336997412615
Firm 8: Money: 747.6185701695345, Goods: 19, Land: 0, Labour: 0, Capital: 0, Goods Price: 26.68333977522839
Firm 9: Money: 1009.5183674924031, Goods: 22, Land: 0, Labour: 0, Capital: 0, Goods Price: 21.83762274025291
Firm 10: Money: 534.8750282098113, Goods: 11, Land: 0, Labour: 0, Capital: 0, Goods Price: 6.341449680623664
Self.nfirms:  10
[0, 1, 2, 3, 4, 5, 6, 7, 8, 9]
^^^
sold
[0, 1, 3, 4, 5, 6, 7, 8, 9]
^^^
[0, 1, 3, 4, 5, 6, 7, 8]
^^^
sold
[0, 1, 3, 4, 6, 7, 8]
^^^
sold
[0, 1, 3, 6, 7, 8]
^^^
[0, 1, 3, 7, 8]
^^^
[0, 1, 3, 7]
^^^
[0, 1, 7]
^^^
[1, 7]
^^^
sold
[1]
^^^
sold
---
__
[0, 1, 2, 3, 4, 5, 6, 7, 8, 9]
[0, 2, 3, 4, 5, 6, 7, 8, 9]
[0, 2, 3, 4, 6, 7, 8, 9]
[0, 2, 3, 4, 6, 7, 9]
[0, 2, 3, 4, 7, 9]
[0, 3, 4, 7, 9]
[0, 3, 4, 7]
[3, 4, 7]
[4, 7]
[4]
producing
producing
producing
producing
producing
producing
producing
producing
producing
producing
Day 118:
Household 1: Income: 20.827419671755408, Goods: 37, Land: 2582, Labour: 5186, Capital: 5635
Household 2: Income: 357.63137476695994, Goods: 115, Land: 7643, Labour: 7302, Capital: 6385
Household 3: Income: 827.8174010032961, Goods: 116, Land: 9221, Labour: 3022, Capital: 3082
Household 4: Income: 4.019248288617302, Goods: 59, Land: 4129, Labour: 8566, Capital: 1531
Household 5: Income: 162.7776571888314, Goods: 107, Land: 6162, Labour: 9663, Capital: 3952
Household 6: Income: 33.11366062898334, Goods: 109, Land: 4131, Labour: 4171, Capital: 1673
Household 7: Income: 30.374732060307302, Goods: 84, Land: 3351, Labour: 2996, Capital: 7494
Household 8: Income: 1019.6878164577613, Goods: 116, Land: 9815, Labour: 6660, Capital: 9287
Household 9: Income: 34.8587011823528, Goods: 99, Land: 1391, Labour: 8345, Capital: 2568
Household 10: Income: 32.97855053096994, Goods: 74, Land: 8396, Labour: 9311, Capital: 7295
Firm 1: Money: 32.79131230379794, Goods: 45, Land: 0, Labour: 0, Capital: 0, Goods Price: 35.532374927289105
Firm 2: Money: -60.383899115898856, Goods: 36, Land: 0, Labour: 0, Capital: 0, Goods Price: 38.2133270064411
Firm 3: Money: -441.8431315576795, Goods: 34, Land: 0, Labour: 0, Capital: 0, Goods Price: 41.766574538248676
Firm 4: Money: -269.18590192664317, Goods: 37, Land: 0, Labour: 0, Capital: 0, Goods Price: 26.79955716503823
Firm 5: Money: 219.25881950517652, Goods: 27, Land: 0, Labour: 0, Capital: 0, Goods Price: 37.659603583444934
Firm 6: Money: 895.8271375744067, Goods: 15, Land: 0, Labour: 0, Capital: 0, Goods Price: 18.429071226905435
Firm 7: Money: 953.0961344325256, Goods: 18, Land: 0, Labour: 0, Capital: 0, Goods Price: 31.332167704355054
Firm 8: Money: 778.1011060716287, Goods: 19, Land: 0, Labour: 0, Capital: 0, Goods Price: 9.09821172073078
Firm 9: Money: 1008.6516770603417, Goods: 22, Land: 0, Labour: 0, Capital: 0, Goods Price: 29.40717611483343
Firm 10: Money: 526.6572289649371, Goods: 11, Land: 0, Labour: 0, Capital: 0, Goods Price: 14.437944199169422
Self.nfirms:  10
[0, 1, 2, 3, 4, 5, 6, 7, 8, 9]
^^^
sold
[0, 1, 2, 3, 5, 6, 7, 8, 9]
^^^
sold
[0, 2, 3, 5, 6, 7, 8, 9]
^^^
[0, 2, 3, 6, 7, 8, 9]
^^^
sold
[0, 2, 3, 6, 7, 9]
^^^
[0, 2, 6, 7, 9]
^^^
[0, 2, 7, 9]
^^^
sold
[0, 2, 9]
^^^
sold
[0, 9]
^^^
[9]
^^^
sold
---
__
[0, 1, 2, 3, 4, 5, 6, 7, 8, 9]
[0, 1, 2, 3, 4, 6, 7, 8, 9]
[0, 1, 2, 4, 6, 7, 8, 9]
[0, 2, 4, 6, 7, 8, 9]
[0, 2, 4, 6, 7, 9]
[0, 2, 4, 7, 9]
[2, 4, 7, 9]
[2, 7, 9]
[7, 9]
[9]
producing
producing
producing
producing
producing
producing
producing
producing
producing
producing
Day 119:
Household 1: Income: 38.759975134486474, Goods: 37, Land: 2581, Labour: 5185, Capital: 5634
Household 2: Income: 382.672425477049, Goods: 116, Land: 7642, Labour: 7301, Capital: 6384
Household 3: Income: 820.9117073721453, Goods: 117, Land: 9220, Labour: 3021, Capital: 3081
Household 4: Income: 4.40811128897176, Goods: 59, Land: 4128, Labour: 8565, Capital: 1530
Household 5: Income: 150.1051661878826, Goods: 108, Land: 6161, Labour: 9662, Capital: 3951
Household 6: Income: 67.03603106199901, Goods: 109, Land: 4130, Labour: 4170, Capital: 1672
Household 7: Income: 31.372869623928345, Goods: 84, Land: 3350, Labour: 2995, Capital: 7493
Household 8: Income: 1036.094551215183, Goods: 117, Land: 9814, Labour: 6659, Capital: 9286
Household 9: Income: 29.48688236871954, Goods: 100, Land: 1390, Labour: 8344, Capital: 2567
Household 10: Income: 53.20481091367259, Goods: 75, Land: 8395, Labour: 9310, Capital: 7294
Firm 1: Money: 1.7551596043156437, Goods: 46, Land: 0, Labour: 0, Capital: 0, Goods Price: 39.92846347977125
Firm 2: Money: -64.69112186293772, Goods: 36, Land: 0, Labour: 0, Capital: 0, Goods Price: 41.386791828539465
Firm 3: Money: -459.77568702041054, Goods: 35, Land: 0, Labour: 0, Capital: 0, Goods Price: 25.237521068615287
Firm 4: Money: -280.46964653332435, Goods: 37, Land: 0, Labour: 0, Capital: 0, Goods Price: 42.21127020987468
Firm 5: Money: 184.96527185071983, Goods: 28, Land: 0, Labour: 0, Capital: 0, Goods Price: 37.659603583444934
Firm 6: Money: 901.8926751216368, Goods: 15, Land: 0, Labour: 0, Capital: 0, Goods Price: 13.277236551704526
Firm 7: Money: 958.3217898355917, Goods: 18, Land: 0, Labour: 0, Capital: 0, Goods Price: 31.332167704355054
Firm 8: Money: 783.098070497401, Goods: 19, Land: 0, Labour: 0, Capital: 0, Goods Price: 9.09821172073078
Firm 9: Money: 1008.2628140599872, Goods: 23, Land: 0, Labour: 0, Capital: 0, Goods Price: 8.729472823383878
Firm 10: Money: 519.6451888954102, Goods: 11, Land: 0, Labour: 0, Capital: 0, Goods Price: 23.36741361269315
Self.nfirms:  10
[0, 1, 2, 3, 4, 5, 6, 7, 8, 9]
^^^
sold
[0, 1, 2, 3, 4, 5, 6, 8, 9]
^^^
[0, 1, 2, 3, 4, 5, 6, 9]
^^^
sold
[0, 1, 3, 4, 5, 6, 9]
^^^
sold
[0, 1, 3, 5, 6, 9]
^^^
sold
[0, 1, 3, 6, 9]
^^^
[0, 1, 6, 9]
^^^
[0, 1, 6]
^^^
[1, 6]
^^^
sold
[6]
^^^
sold
---
__
[0, 1, 2, 3, 4, 5, 6, 7, 8, 9]
[0, 1, 3, 4, 5, 6, 7, 8, 9]
[0, 1, 3, 4, 5, 6, 7, 8]
[0, 3, 4, 5, 6, 7, 8]
[0, 4, 5, 6, 7, 8]
[0, 4, 5, 7, 8]
[0, 5, 7, 8]
[5, 7, 8]
[5, 8]
[8]
producing
producing
producing
producing
producing
producing
producing
producing
producing
producing
Day 120:
Household 1: Income: 31.690661139354837, Goods: 38, Land: 2580, Labour: 5184, Capital: 5633
Household 2: Income: 412.54921924931375, Goods: 117, Land: 7641, Labour: 7300, Capital: 6383
Household 3: Income: 852.807062474007, Goods: 118, Land: 9219, Labour: 3020, Capital: 3080
Household 4: Income: 30.957497637066417, Goods: 59, Land: 4127, Labour: 8564, Capital: 1529
Household 5: Income: 128.88608212849246, Goods: 109, Land: 6160, Labour: 9661, Capital: 3950
Household 6: Income: 51.31755363567635, Goods: 110, Land: 4129, Labour: 4169, Capital: 1671
Household 7: Income: 12.276647117006792, Goods: 85, Land: 3349, Labour: 2994, Capital: 7492
Household 8: Income: 1033.078308246928, Goods: 118, Land: 9813, Labour: 6658, Capital: 9285
Household 9: Income: 41.263781627449596, Goods: 100, Land: 1389, Labour: 8343, Capital: 2566
Household 10: Income: 13.812371605553249, Goods: 76, Land: 8394, Labour: 9309, Capital: 7293
Firm 1: Money: 3.9988163927826292, Goods: 46, Land: 0, Labour: 0, Capital: 0, Goods Price: 43.10192830186962
Firm 2: Money: -63.33715713475992, Goods: 36, Land: 0, Labour: 0, Capital: 0, Goods Price: 38.2133270064411
Firm 3: Money: -455.25237530060565, Goods: 35, Land: 0, Labour: 0, Capital: 0, Goods Price: 25.237521068615287
Firm 4: Money: -321.6013727213703, Goods: 38, Land: 0, Labour: 0, Capital: 0, Goods Price: 49.42062596490497
Firm 5: Money: 194.43774220555997, Goods: 28, Land: 0, Labour: 0, Capital: 0, Goods Price: 29.91544227708292
Firm 6: Money: 895.8948559571636, Goods: 15, Land: 0, Labour: 0, Capital: 0, Goods Price: 20.50967707783826
Firm 7: Money: 997.714229143711, Goods: 18, Land: 0, Labour: 0, Capital: 0, Goods Price: 6.131336997412615
Firm 8: Money: 768.7897932101822, Goods: 19, Land: 0, Labour: 0, Capital: 0, Goods Price: 28.403453433721822
Firm 9: Money: 996.4859148012572, Goods: 24, Land: 0, Labour: 0, Capital: 0, Goods Price: 20.11750908175948
Firm 10: Money: 541.2874136776584, Goods: 11, Land: 0, Labour: 0, Capital: 0, Goods Price: 6.341449680623664
Self.nfirms:  10
[0, 1, 2, 3, 4, 5, 6, 7, 8, 9]
^^^
[1, 2, 3, 4, 5, 6, 7, 8, 9]
^^^
sold
[1, 2, 3, 4, 6, 7, 8, 9]
^^^
sold
[1, 3, 4, 6, 7, 8, 9]
^^^
[1, 3, 4, 7, 8, 9]
^^^
sold
[1, 3, 4, 7, 9]
^^^
sold
[3, 4, 7, 9]
^^^
sold
[3, 4, 9]
^^^
[3, 4]
^^^
sold
[3]
^^^
---
__
[0, 1, 2, 3, 4, 5, 6, 7, 8, 9]
[0, 1, 2, 3, 4, 5, 6, 7, 9]
[0, 1, 2, 3, 4, 5, 6, 9]
[0, 1, 3, 4, 5, 6, 9]
[0, 1, 3, 4, 5, 9]
[1, 3, 4, 5, 9]
[1, 3, 4, 9]
[3, 4, 9]
[3, 4]
[4]
producing
producing
producing
producing
producing
producing
producing
producing
producing
producing
Day 121:
Household 1: Income: 50.20131852753406, Goods: 38, Land: 2579, Labour: 5183, Capital: 5632
Household 2: Income: 430.47040050384913, Goods: 118, Land: 7640, Labour: 7299, Capital: 6382
Household 3: Income: 856.723859469373, Goods: 119, Land: 9218, Labour: 3019, Capital: 3079
Household 4: Income: 40.91414757400427, Goods: 60, Land: 4126, Labour: 8563, Capital: 1528
Household 5: Income: 127.47795246711411, Goods: 110, Land: 6159, Labour: 9660, Capital: 3949
Household 6: Income: 54.515665448279414, Goods: 111, Land: 4128, Labour: 4168, Capital: 1670
Household 7: Income: 29.205381050937756, Goods: 85, Land: 3348, Labour: 2993, Capital: 7491
Household 8: Income: 1027.8283010888754, Goods: 119, Land: 9812, Labour: 6657, Capital: 9284
Household 9: Income: 42.01058670835339, Goods: 101, Land: 1388, Labour: 8342, Capital: 2565
Household 10: Income: 14.810509169174292, Goods: 76, Land: 8393, Labour: 9308, Capital: 7292
Firm 1: Money: 18.01986286744185, Goods: 46, Land: 0, Labour: 0, Capital: 0, Goods Price: 33.81226126879567
Firm 2: Money: -94.81296434393573, Goods: 37, Land: 0, Labour: 0, Capital: 0, Goods Price: 33.81723845395895
Firm 3: Money: -449.01178535573376, Goods: 35, Land: 0, Labour: 0, Capital: 0, Goods Price: 25.237521068615287
Firm 4: Money: -340.11203010954944, Goods: 39, Land: 0, Labour: 0, Capital: 0, Goods Price: 26.79955716503823
Firm 5: Money: 189.02444779701918, Goods: 28, Land: 0, Labour: 0, Capital: 0, Goods Price: 37.05704573410177
Firm 6: Money: 897.1294773188241, Goods: 15, Land: 0, Labour: 0, Capital: 0, Goods Price: 20.50967707783826
Firm 7: Money: 979.7930478891755, Goods: 18, Land: 0, Labour: 0, Capital: 0, Goods Price: 30.21592938919691
Firm 8: Money: 767.7916556465613, Goods: 20, Land: 0, Labour: 0, Capital: 0, Goods Price: 9.09821172073078
Firm 9: Money: 996.1995007793622, Goods: 24, Land: 0, Labour: 0, Capital: 0, Goods Price: 25.269343756960385
Firm 10: Money: 528.8777105957677, Goods: 11, Land: 0, Labour: 0, Capital: 0, Goods Price: 23.36741361269315
Self.nfirms:  10
[0, 1, 2, 3, 4, 5, 6, 7, 8, 9]
^^^
[0, 1, 2, 3, 4, 5, 6, 7, 8]
^^^
sold
[0, 1, 2, 4, 5, 6, 7, 8]
^^^
sold
[0, 1, 4, 5, 6, 7, 8]
^^^
sold
[0, 1, 4, 5, 6, 7]
^^^
sold
[0, 1, 4, 6, 7]
^^^
[1, 4, 6, 7]
^^^
sold
[4, 6, 7]
^^^
[4, 7]
^^^
sold
[4]
^^^
sold
---
__
[0, 1, 2, 3, 4, 5, 6, 7, 8, 9]
[1, 2, 3, 4, 5, 6, 7, 8, 9]
[1, 2, 3, 4, 5, 6, 7, 8]
[1, 2, 3, 4, 6, 7, 8]
[1, 2, 4, 6, 7, 8]
[1, 2, 6, 7, 8]
[1, 2, 6, 7]
[2, 6, 7]
[2, 7]
[2]
producing
producing
producing
producing
producing
producing
producing
producing
producing
producing
Day 122:
Household 1: Income: 18.652412859899215, Goods: 39, Land: 2578, Labour: 5182, Capital: 5631
Household 2: Income: 454.9928234974711, Goods: 119, Land: 7639, Labour: 7298, Capital: 6381
Household 3: Income: 874.1044677590854, Goods: 120, Land: 9217, Labour: 3018, Capital: 3078
Household 4: Income: 25.199449500177607, Goods: 61, Land: 4125, Labour: 8562, Capital: 1527
Household 5: Income: 115.82448290317267, Goods: 111, Land: 6158, Labour: 9659, Capital: 3948
Household 6: Income: 60.03825189343061, Goods: 112, Land: 4127, Labour: 4167, Capital: 1669
Household 7: Income: 47.71603843911698, Goods: 85, Land: 3347, Labour: 2992, Capital: 7490
Household 8: Income: 1027.7864549624228, Goods: 120, Land: 9811, Labour: 6656, Capital: 9283
Household 9: Income: 34.85867082244618, Goods: 102, Land: 1387, Labour: 8341, Capital: 2564
Household 10: Income: 11.675325298000544, Goods: 76, Land: 8392, Labour: 9307, Capital: 7291
Firm 1: Money: 16.202307381176354, Goods: 46, Land: 0, Labour: 0, Capital: 0, Goods Price: 42.74173068231939
Firm 2: Money: -80.78808140163869, Goods: 37, Land: 0, Labour: 0, Capital: 0, Goods Price: 18.658597586721417
Firm 3: Money: -449.55769844009507, Goods: 35, Land: 0, Labour: 0, Capital: 0, Goods Price: 34.55721878321838
Firm 4: Money: -332.8875059937027, Goods: 39, Land: 0, Labour: 0, Capital: 0, Goods Price: 26.79955716503823
Firm 5: Money: 158.506922814004, Goods: 29, Land: 0, Labour: 0, Capital: 0, Goods Price: 33.8835809120034
Firm 6: Money: 918.4408545058042, Goods: 15, Land: 0, Labour: 0, Capital: 0, Goods Price: 0.43292125251868807
Firm 7: Money: 982.9282317603491, Goods: 19, Land: 0, Labour: 0, Capital: 0, Goods Price: 6.131336997412615
Firm 8: Money: 755.2034920178357, Goods: 20, Land: 0, Labour: 0, Capital: 0, Goods Price: 26.68333977522839
Firm 9: Money: 996.2413469058149, Goods: 24, Land: 0, Labour: 0, Capital: 0, Goods Price: 29.40717611483343
Firm 10: Money: 531.9187976076569, Goods: 11, Land: 0, Labour: 0, Capital: 0, Goods Price: 21.670384725303155
Self.nfirms:  10
[0, 1, 2, 3, 4, 5, 6, 7, 8, 9]
^^^
sold
[0, 1, 2, 3, 4, 6, 7, 8, 9]
^^^
sold
[0, 1, 2, 3, 4, 6, 8, 9]
^^^
[0, 1, 2, 4, 6, 8, 9]
^^^
sold
[0, 1, 2, 4, 6, 8]
^^^
sold
[0, 1, 2, 6, 8]
^^^
sold
[0, 2, 6, 8]
^^^
[0, 2, 8]
^^^
sold
[0, 8]
^^^
[8]
^^^
sold
---
__
[0, 1, 2, 3, 4, 5, 6, 7, 8, 9]
[0, 1, 3, 4, 5, 6, 7, 8, 9]
[0, 1, 3, 4, 5, 6, 7, 8]
[1, 3, 4, 5, 6, 7, 8]
[1, 3, 4, 5, 6, 7]
[1, 3, 4, 5, 7]
[1, 3, 4, 5]
[3, 4, 5]
[4, 5]
[5]
producing
producing
producing
producing
producing
producing
producing
producing
producing
producing
Day 123:
Household 1: Income: 34.9695792018375, Goods: 39, Land: 2577, Labour: 5181, Capital: 5630
Household 2: Income: 469.8576977011016, Goods: 120, Land: 7638, Labour: 7297, Capital: 6380
Household 3: Income: 861.1929714506499, Goods: 121, Land: 9216, Labour: 3017, Capital: 3077
Household 4: Income: 22.06426562900386, Goods: 61, Land: 4124, Labour: 8561, Capital: 1526
Household 5: Income: 130.39386739256759, Goods: 112, Land: 6157, Labour: 9658, Capital: 3947
Household 6: Income: 45.05570452215439, Goods: 113, Land: 4126, Labour: 4166, Capital: 1668
Household 7: Income: 29.001952119440958, Goods: 86, Land: 3346, Labour: 2991, Capital: 7489
Household 8: Income: 1033.1369791770906, Goods: 121, Land: 9810, Labour: 6655, Capital: 9282
Household 9: Income: 31.435820857131827, Goods: 103, Land: 1386, Labour: 8340, Capital: 2563
Household 10: Income: 34.11484538881248, Goods: 77, Land: 8391, Labour: 9306, Capital: 7290
Firm 1: Money: 32.38634069447886, Goods: 46, Land: 0, Labour: 0, Capital: 0, Goods Price: 33.81226126879567
Firm 2: Money: -75.03151674828658, Goods: 37, Land: 0, Labour: 0, Capital: 0, Goods Price: 18.658597586721417
Firm 3: Money: -482.3222784850696, Goods: 36, Land: 0, Labour: 0, Capital: 0, Goods Price: 40.069545650858686
Firm 4: Money: -351.39816338188183, Goods: 40, Land: 0, Labour: 0, Capital: 0, Goods Price: 26.79955716503823
Firm 5: Money: 162.22820182995412, Goods: 29, Land: 0, Labour: 0, Capital: 0, Goods Price: 29.48749235952126
Firm 6: Money: 897.5807726651238, Goods: 15, Land: 0, Labour: 0, Capital: 0, Goods Price: 22.206705965228252
Firm 7: Money: 989.0916428975979, Goods: 19, Land: 0, Labour: 0, Capital: 0, Goods Price: 6.131336997412615
Firm 8: Money: 749.8529678031679, Goods: 20, Land: 0, Labour: 0, Capital: 0, Goods Price: 35.973006808302344
Firm 9: Money: 1006.6910458899305, Goods: 24, Land: 0, Labour: 0, Capital: 0, Goods Price: 26.233711292735062
Firm 10: Money: 546.7543484876219, Goods: 11, Land: 0, Labour: 0, Capital: 0, Goods Price: 6.341449680623664
Self.nfirms:  10
[0, 1, 2, 3, 4, 5, 6, 7, 8, 9]
^^^
sold
[0, 1, 2, 3, 5, 6, 7, 8, 9]
^^^
[1, 2, 3, 5, 6, 7, 8, 9]
^^^
sold
[1, 2, 3, 5, 6, 7, 9]
^^^
sold
[1, 3, 5, 6, 7, 9]
^^^
[1, 3, 5, 7, 9]
^^^
[1, 5, 7, 9]
^^^
sold
[1, 7, 9]
^^^
sold
[1, 9]
^^^
[1]
^^^
sold
---
__
[0, 1, 2, 3, 4, 5, 6, 7, 8, 9]
[0, 1, 2, 4, 5, 6, 7, 8, 9]
[0, 1, 2, 4, 5, 6, 7, 8]
[0, 1, 2, 4, 5, 6, 7]
[0, 1, 2, 5, 6, 7]
[0, 1, 2, 5, 7]
[1, 2, 5, 7]
[2, 5, 7]
[2, 5]
[2]
producing
producing
producing
producing
producing
producing
producing
producing
producing
producing
Day 124:
Household 1: Income: 21.568959713408468, Goods: 40, Land: 2576, Labour: 5180, Capital: 5629
Household 2: Income: 464.6201976094097, Goods: 121, Land: 7637, Labour: 7296, Capital: 6379
Household 3: Income: 862.5916222934311, Goods: 122, Land: 9215, Labour: 3016, Capital: 3076
Household 4: Income: 38.381431970942145, Goods: 61, Land: 4123, Labour: 8560, Capital: 1525
Household 5: Income: 132.82137533846998, Goods: 113, Land: 6156, Labour: 9657, Capital: 3946
Household 6: Income: 51.126809584436465, Goods: 114, Land: 4125, Labour: 4165, Capital: 1667
Household 7: Income: 20.081805523875246, Goods: 87, Land: 3345, Labour: 2990, Capital: 7488
Household 8: Income: 1055.0793341778797, Goods: 122, Land: 9809, Labour: 6654, Capital: 9281
Household 9: Income: 44.95212513885022, Goods: 104, Land: 1385, Labour: 8339, Capital: 2562
Household 10: Income: 7.1754420982866804, Goods: 78, Land: 8390, Labour: 9305, Capital: 7289
Firm 1: Money: 36.083348646550775, Goods: 46, Land: 0, Labour: 0, Capital: 0, Goods Price: 35.532374927289105
Firm 2: Money: -69.27495209493445, Goods: 37, Land: 0, Labour: 0, Capital: 0, Goods Price: 18.658597586721417
Firm 3: Money: -515.0868585300441, Goods: 37, Land: 0, Labour: 0, Capital: 0, Goods Price: 40.069545650858686
Firm 4: Money: -339.60977280392075, Goods: 40, Land: 0, Labour: 0, Capital: 0, Goods Price: 26.79955716503823
Firm 5: Money: 160.8086865209991, Goods: 29, Land: 0, Labour: 0, Capital: 0, Goods Price: 36.69684811455154
Firm 6: Money: 904.9961473501172, Goods: 15, Land: 0, Labour: 0, Capital: 0, Goods Price: 18.429071226905435
Firm 7: Money: 970.0357308912892, Goods: 19, Land: 0, Labour: 0, Capital: 0, Goods Price: 33.38939421129528
Firm 8: Money: 763.2018435278312, Goods: 20, Land: 0, Labour: 0, Capital: 0, Goods Price: 26.68333977522839
Firm 9: Money: 1011.9285459816225, Goods: 24, Land: 0, Labour: 0, Capital: 0, Goods Price: 26.233711292735062
Firm 10: Money: 545.5752221539274, Goods: 11, Land: 0, Labour: 0, Capital: 0, Goods Price: 6.341449680623664
Self.nfirms:  10
[0, 1, 2, 3, 4, 5, 6, 7, 8, 9]
^^^
sold
[0, 1, 2, 3, 4, 5, 6, 7, 9]
^^^
sold
[0, 1, 3, 4, 5, 6, 7, 9]
^^^
sold
[0, 1, 3, 5, 6, 7, 9]
^^^
[0, 1, 5, 6, 7, 9]
^^^
sold
[0, 1, 6, 7, 9]
^^^
[0, 1, 7, 9]
^^^
sold
[0, 7, 9]
^^^
[0, 7]
^^^
sold
[0]
^^^
---
__
[0, 1, 2, 3, 4, 5, 6, 7, 8, 9]
[0, 1, 2, 4, 5, 6, 7, 8, 9]
[0, 1, 2, 4, 5, 6, 7, 8]
[0, 1, 2, 4, 6, 7, 8]
[0, 1, 2, 4, 6, 7]
[0, 1, 4, 6, 7]
[0, 1, 4, 7]
[1, 4, 7]
[1, 4]
[1]
producing
producing
producing
producing
producing
producing
producing
producing
producing
producing
Day 125:
Household 1: Income: 16.95269886322965, Goods: 41, Land: 2575, Labour: 5179, Capital: 5628
Household 2: Income: 453.1403409340686, Goods: 122, Land: 7636, Labour: 7295, Capital: 6378
Household 3: Income: 880.9646567819591, Goods: 123, Land: 9214, Labour: 3015, Capital: 3075
Household 4: Income: 25.73325059503253, Goods: 62, Land: 4122, Labour: 8559, Capital: 1524
Household 5: Income: 124.84741498362271, Goods: 114, Land: 6155, Labour: 9656, Capital: 3945
Household 6: Income: 47.8324981552647, Goods: 115, Land: 4124, Labour: 4164, Capital: 1666
Household 7: Income: 49.63496297111571, Goods: 87, Land: 3344, Labour: 2989, Capital: 7487
Household 8: Income: 1057.3652239539467, Goods: 123, Land: 9808, Labour: 6653, Capital: 9280
Household 9: Income: 45.941168831259816, Goods: 105, Land: 1384, Labour: 8338, Capital: 2561
Household 10: Income: 41.987617469210505, Goods: 78, Land: 8389, Labour: 9304, Capital: 7288
Firm 1: Money: 33.70043847157848, Goods: 46, Land: 0, Labour: 0, Capital: 0, Goods Price: 43.704486151212784
Firm 2: Money: -67.99789651116369, Goods: 37, Land: 0, Labour: 0, Capital: 0, Goods Price: 18.658597586721417
Firm 3: Money: -549.9086650819587, Goods: 38, Land: 0, Labour: 0, Capital: 0, Goods Price: 42.126772157798904
Firm 4: Money: -357.98280729244874, Goods: 40, Land: 0, Labour: 0, Capital: 0, Goods Price: 49.42062596490497
Firm 5: Money: 163.7914458496065, Goods: 29, Land: 0, Labour: 0, Capital: 0, Goods Price: 32.91921337622873
Firm 6: Money: 906.5532814458551, Goods: 15, Land: 0, Labour: 0, Capital: 0, Goods Price: 20.50967707783826
Firm 7: Money: 949.0863223706785, Goods: 20, Land: 0, Labour: 0, Capital: 0, Goods Price: 30.21592938919691
Firm 8: Money: 767.8267285152173, Goods: 20, Land: 0, Labour: 0, Capital: 0, Goods Price: 26.68333977522839
Firm 9: Money: 1027.3968807822469, Goods: 24, Land: 0, Labour: 0, Capital: 0, Goods Price: 21.83762274025291
Firm 10: Money: 550.1914830041061, Goods: 11, Land: 0, Labour: 0, Capital: 0, Goods Price: 6.341449680623664
Self.nfirms:  10
[0, 1, 2, 3, 4, 5, 6, 7, 8, 9]
^^^
sold
[0, 1, 2, 3, 4, 5, 6, 8, 9]
^^^
sold
[0, 1, 2, 3, 4, 6, 8, 9]
^^^
[0, 1, 2, 3, 4, 8, 9]
^^^
[0, 1, 2, 4, 8, 9]
^^^
sold
[0, 1, 2, 4, 8]
^^^
sold
[0, 1, 4, 8]
^^^
sold
[0, 1, 8]
^^^
sold
[0, 1]
^^^
sold
[0]
^^^
---
__
[0, 1, 2, 3, 4, 5, 6, 7, 8, 9]
[0, 1, 2, 4, 5, 6, 7, 8, 9]
[0, 1, 2, 4, 5, 6, 7, 8]
[0, 1, 2, 4, 5, 6, 8]
[0, 2, 4, 5, 6, 8]
[0, 2, 4, 6, 8]
[0, 4, 6, 8]
[0, 4, 6]
[4, 6]
[6]
producing
producing
producing
producing
producing
producing
producing
producing
producing
producing
Day 126:
Household 1: Income: 12.110133288567605, Goods: 41, Land: 2574, Labour: 5178, Capital: 5627
Household 2: Income: 472.7242869106511, Goods: 123, Land: 7635, Labour: 7294, Capital: 6377
Household 3: Income: 875.1504559982969, Goods: 124, Land: 9213, Labour: 3014, Capital: 3074
Household 4: Income: 42.05041693697081, Goods: 62, Land: 4121, Labour: 8558, Capital: 1523
Household 5: Income: 126.82226686037185, Goods: 115, Land: 6154, Labour: 9655, Capital: 3944
Household 6: Income: 27.646852154588068, Goods: 116, Land: 4123, Labour: 4163, Capital: 1665
Household 7: Income: 11.358761978154522, Goods: 88, Land: 3343, Labour: 2988, Capital: 7486
Household 8: Income: 1090.0065121639418, Goods: 124, Land: 9807, Labour: 6652, Capital: 9279
Household 9: Income: 44.72352748908335, Goods: 106, Land: 1383, Labour: 8337, Capital: 2560
Household 10: Income: 16.789832723747576, Goods: 79, Land: 8388, Labour: 9303, Capital: 7287
Firm 1: Money: 39.514639255240546, Goods: 46, Land: 0, Labour: 0, Capital: 0, Goods Price: 42.74173068231939
Firm 2: Money: -84.31506285310199, Goods: 38, Land: 0, Labour: 0, Capital: 0, Goods Price: 18.658597586721417
Firm 3: Money: -544.2414463565847, Goods: 38, Land: 0, Labour: 0, Capital: 0, Goods Price: 42.126772157798904
Firm 4: Money: -396.3012662779466, Goods: 41, Land: 0, Labour: 0, Capital: 0, Goods Price: 46.60735876235683
Firm 5: Money: 167.94755249864428, Goods: 29, Land: 0, Labour: 0, Capital: 0, Goods Price: 27.767378701027823
Firm 6: Money: 928.4303349286319, Goods: 15, Land: 0, Labour: 0, Capital: 0, Goods Price: 0.43292125251868807
Firm 7: Money: 987.3625233636396, Goods: 20, Land: 0, Labour: 0, Capital: 0, Goods Price: 6.131336997412615
Firm 8: Money: 773.1423133528214, Goods: 20, Land: 0, Labour: 0, Capital: 0, Goods Price: 28.403453433721822
Firm 9: Money: 1027.1220540062984, Goods: 24, Land: 0, Labour: 0, Capital: 0, Goods Price: 27.349949607893212
Firm 10: Money: 549.0123566704116, Goods: 11, Land: 0, Labour: 0, Capital: 0, Goods Price: 6.341449680623664
Self.nfirms:  10
[0, 1, 2, 3, 4, 5, 6, 7, 8, 9]
^^^
[0, 1, 2, 3, 4, 5, 7, 8, 9]
^^^
sold
[0, 2, 3, 4, 5, 7, 8, 9]
^^^
[0, 2, 4, 5, 7, 8, 9]
^^^
sold
[0, 2, 4, 5, 7, 9]
^^^
sold
[0, 2, 4, 7, 9]
^^^
[0, 2, 4, 7]
^^^
sold
[0, 2, 7]
^^^
sold
[0, 7]
^^^
[7]
^^^
sold
---
__
[0, 1, 2, 3, 4, 5, 6, 7, 8, 9]
[1, 2, 3, 4, 5, 6, 7, 8, 9]
[1, 2, 3, 4, 5, 6, 7, 9]
[2, 3, 4, 5, 6, 7, 9]
[2, 3, 4, 6, 7, 9]
[2, 3, 6, 7, 9]
[2, 3, 6, 9]
[2, 6, 9]
[2, 6]
[2]
producing
producing
producing
producing
producing
producing
producing
producing
producing
producing
Day 127:
Household 1: Income: 7.267567713905561, Goods: 41, Land: 2573, Labour: 5177, Capital: 5626
Household 2: Income: 469.5725202458477, Goods: 124, Land: 7634, Labour: 7293, Capital: 6376
Household 3: Income: 906.1806639687568, Goods: 125, Land: 9212, Labour: 3013, Capital: 3073
Household 4: Income: 20.365548942034852, Goods: 63, Land: 4120, Labour: 8557, Capital: 1522
Household 5: Income: 151.93018161334544, Goods: 116, Land: 6153, Labour: 9654, Capital: 3943
Household 6: Income: 36.32951489033921, Goods: 117, Land: 4122, Labour: 4162, Capital: 1664
Household 7: Income: 42.042736172196165, Goods: 88, Land: 3342, Labour: 2987, Capital: 7485
Household 8: Income: 1079.2986454715183, Goods: 125, Land: 9806, Labour: 6651, Capital: 9278
Household 9: Income: 49.586706490896134, Goods: 107, Land: 1382, Labour: 8336, Capital: 2559
Household 10: Income: 51.602008094671405, Goods: 79, Land: 8387, Labour: 9302, Capital: 7286
Firm 1: Money: 43.28326322793241, Goods: 46, Land: 0, Labour: 0, Capital: 0, Goods Price: 43.704486151212784
Firm 2: Money: -98.11322761946955, Goods: 38, Land: 0, Labour: 0, Capital: 0, Goods Price: 38.2133270064411
Firm 3: Money: -535.9017581241649, Goods: 38, Land: 0, Labour: 0, Capital: 0, Goods Price: 37.98893979992586
Firm 4: Money: -428.5035230524689, Goods: 42, Land: 0, Labour: 0, Capital: 0, Goods Price: 40.49115655138125
Firm 5: Money: 134.61676031308102, Goods: 30, Land: 0, Labour: 0, Capital: 0, Goods Price: 36.69684811455154
Firm 6: Money: 930.2306325860891, Goods: 15, Land: 0, Labour: 0, Capital: 0, Goods Price: 0.43292125251868807
Firm 7: Money: 969.7904666447735, Goods: 20, Land: 0, Labour: 0, Capital: 0, Goods Price: 31.332167704355054
Firm 8: Money: 772.6084584743381, Goods: 20, Land: 0, Labour: 0, Capital: 0, Goods Price: 35.973006808302344
Firm 9: Money: 1026.7331910059443, Goods: 25, Land: 0, Labour: 0, Capital: 0, Goods Price: 8.729472823383878
Firm 10: Money: 538.1366880328615, Goods: 11, Land: 0, Labour: 0, Capital: 0, Goods Price: 16.158057857662854
Self.nfirms:  10
[0, 1, 2, 3, 4, 5, 6, 7, 8, 9]
^^^
[0, 1, 2, 3, 4, 6, 7, 8, 9]
^^^
[0, 1, 2, 3, 4, 7, 8, 9]
^^^
sold
[0, 1, 2, 3, 7, 8, 9]
^^^
sold
[0, 2, 3, 7, 8, 9]
^^^
sold
[0, 2, 3, 7, 9]
^^^
sold
[0, 3, 7, 9]
^^^
[3, 7, 9]
^^^
[7, 9]
^^^
sold
[7]
^^^
sold
---
__
[0, 1, 2, 3, 4, 5, 6, 7, 8, 9]
[1, 2, 3, 4, 5, 6, 7, 8, 9]
[1, 2, 3, 4, 6, 7, 8, 9]
[1, 2, 3, 6, 7, 8, 9]
[2, 3, 6, 7, 8, 9]
[2, 3, 6, 8, 9]
[3, 6, 8, 9]
[6, 8, 9]
[6, 9]
[6]
producing
producing
producing
producing
producing
producing
producing
producing
producing
producing
Day 128:
Household 1: Income: 2.425002139243519, Goods: 41, Land: 2572, Labour: 5176, Capital: 5625
Household 2: Income: 475.0210821543808, Goods: 125, Land: 7633, Labour: 7292, Capital: 6375
Household 3: Income: 948.4737711459646, Goods: 126, Land: 9211, Labour: 3012, Capital: 3072
Household 4: Income: 38.298104404765915, Goods: 63, Land: 4119, Labour: 8556, Capital: 1521
Household 5: Income: 143.23213712739556, Goods: 117, Land: 6152, Labour: 9653, Capital: 3942
Household 6: Income: 49.50576774299279, Goods: 117, Land: 4121, Labour: 4161, Capital: 1663
Household 7: Income: 72.11452133590379, Goods: 88, Land: 3341, Labour: 2986, Capital: 7484
Household 8: Income: 1095.7966702786423, Goods: 126, Land: 9805, Labour: 6650, Capital: 9277
Household 9: Income: 27.270961455102352, Goods: 108, Land: 1381, Labour: 8335, Capital: 2558
Household 10: Income: 53.560491589727945, Goods: 80, Land: 8386, Labour: 9301, Capital: 7285
Firm 1: Money: 13.211478064224785, Goods: 47, Land: 0, Labour: 0, Capital: 0, Goods Price: 38.96409594399658
Firm 2: Money: -99.64943923824691, Goods: 38, Land: 0, Labour: 0, Capital: 0, Goods Price: 41.02659420898924
Firm 3: Money: -519.3205629566937, Goods: 38, Land: 0, Labour: 0, Capital: 0, Goods Price: 25.237521068615287
Firm 4: Money: -466.82198203796673, Goods: 43, Land: 0, Labour: 0, Capital: 0, Goods Price: 46.60735876235683
Firm 5: Money: 132.65827681802446, Goods: 30, Land: 0, Labour: 0, Capital: 0, Goods Price: 37.659603583444934
Firm 6: Money: 931.4652539477496, Goods: 15, Land: 0, Labour: 0, Capital: 0, Goods Price: 0.43292125251868807
Firm 7: Money: 954.9572603351384, Goods: 21, Land: 0, Labour: 0, Capital: 0, Goods Price: 24.099727178221322
Firm 8: Money: 779.6626494070504, Goods: 20, Land: 0, Labour: 0, Capital: 0, Goods Price: 33.91578030136212
Firm 9: Money: 1010.2351661988205, Goods: 25, Land: 0, Labour: 0, Capital: 0, Goods Price: 29.40717611483343
Firm 10: Money: 524.9604351802079, Goods: 12, Land: 0, Labour: 0, Capital: 0, Goods Price: 16.158057857662854
Self.nfirms:  10
[0, 1, 2, 3, 4, 5, 6, 7, 8, 9]
^^^
sold
[0, 2, 3, 4, 5, 6, 7, 8, 9]
^^^
sold
[0, 2, 3, 4, 5, 7, 8, 9]
^^^
sold
[0, 2, 3, 4, 5, 7, 8]
^^^
sold
[0, 2, 3, 4, 7, 8]
^^^
[2, 3, 4, 7, 8]
^^^
sold
[2, 3, 7, 8]
^^^
sold
[3, 7, 8]
^^^
sold
[3, 8]
^^^
sold
[3]
^^^
---
__
[0, 1, 2, 3, 4, 5, 6, 7, 8, 9]
[0, 1, 2, 3, 4, 5, 6, 7, 9]
[0, 1, 2, 4, 5, 6, 7, 9]
[0, 2, 4, 5, 6, 7, 9]
[0, 2, 4, 5, 6, 9]
[0, 2, 4, 6, 9]
[0, 2, 6, 9]
[0, 2, 6]
[0, 6]
[0]
producing
producing
producing
producing
producing
producing
producing
producing
producing
producing
Day 129:
Household 1: Income: -2.417563435418524, Goods: 41, Land: 2571, Labour: 5175, Capital: 5624
Household 2: Income: 463.16517485317775, Goods: 126, Land: 7632, Labour: 7291, Capital: 6374
Household 3: Income: 944.818834588059, Goods: 127, Land: 9210, Labour: 3011, Capital: 3071
Household 4: Income: 20.894453702287965, Goods: 64, Land: 4118, Labour: 8555, Capital: 1520
Household 5: Income: 138.60725214000942, Goods: 118, Land: 6151, Labour: 9652, Capital: 3941
Household 6: Income: 38.81948282650653, Goods: 118, Land: 4120, Labour: 4160, Capital: 1662
Household 7: Income: 63.99965649532892, Goods: 89, Land: 3340, Labour: 2985, Capital: 7483
Household 8: Income: 1083.0438042611352, Goods: 127, Land: 9804, Labour: 6649, Capital: 9276
Household 9: Income: 42.735622173230986, Goods: 109, Land: 1380, Labour: 8334, Capital: 2557
Household 10: Income: 49.00192081820234, Goods: 81, Land: 8385, Labour: 9300, Capital: 7284
Firm 1: Money: 23.897762980711043, Goods: 47, Land: 0, Labour: 0, Capital: 0, Goods Price: 35.532374927289105
Firm 2: Money: -78.98087683671625, Goods: 38, Land: 0, Labour: 0, Capital: 0, Goods Price: 18.658597586721417
Firm 3: Money: -530.0931675730461, Goods: 38, Land: 0, Labour: 0, Capital: 0, Goods Price: 38.953307335700536
Firm 4: Money: -441.82839039512663, Goods: 43, Land: 0, Labour: 0, Capital: 0, Goods Price: 26.79955716503823
Firm 5: Money: 132.82615687720244, Goods: 30, Land: 0, Labour: 0, Capital: 0, Goods Price: 36.69684811455154
Firm 6: Money: 935.676365113918, Goods: 15, Land: 0, Labour: 0, Capital: 0, Goods Price: 0.43292125251868807
Firm 7: Money: 940.1240540255033, Goods: 22, Land: 0, Labour: 0, Capital: 0, Goods Price: 24.099727178221322
Firm 8: Money: 784.2875343944363, Goods: 20, Land: 0, Labour: 0, Capital: 0, Goods Price: 33.91578030136212
Firm 9: Money: 1036.4718254272204, Goods: 25, Land: 0, Labour: 0, Capital: 0, Goods Price: 8.729472823383878
Firm 10: Money: 522.0071426558061, Goods: 12, Land: 0, Labour: 0, Capital: 0, Goods Price: 23.727611232243373
Self.nfirms:  10
[0, 1, 2, 3, 4, 5, 6, 7, 8, 9]
^^^
sold
[0, 1, 3, 4, 5, 6, 7, 8, 9]
^^^
sold
[0, 3, 4, 5, 6, 7, 8, 9]
^^^
sold
[0, 3, 4, 6, 7, 8, 9]
^^^
sold
[0, 3, 6, 7, 8, 9]
^^^
[3, 6, 7, 8, 9]
^^^
[3, 6, 7, 8]
^^^
[6, 7, 8]
^^^
sold
[7, 8]
^^^
sold
[8]
^^^
sold
---
__
[0, 1, 2, 3, 4, 5, 6, 7, 8, 9]
[1, 2, 3, 4, 5, 6, 7, 8, 9]
[1, 2, 3, 4, 5, 7, 8, 9]
[2, 3, 4, 5, 7, 8, 9]
[2, 3, 4, 5, 7, 8]
[2, 3, 5, 7, 8]
[2, 3, 5, 7]
[2, 5, 7]
[2, 5]
[5]
producing
producing
producing
producing
producing
producing
producing
producing
producing
producing
Day 130:
Household 1: Income: 16.093093952760697, Goods: 41, Land: 2570, Labour: 5174, Capital: 5623
Household 2: Income: 458.96331897863104, Goods: 127, Land: 7631, Labour: 7290, Capital: 6373
Household 3: Income: 947.1323216049054, Goods: 128, Land: 9209, Labour: 3010, Capital: 3070
Household 4: Income: 47.44384005038262, Goods: 64, Land: 4117, Labour: 8554, Capital: 1519
Household 5: Income: 160.65885984207813, Goods: 119, Land: 6150, Labour: 9651, Capital: 3940
Household 6: Income: 32.91082249692378, Goods: 119, Land: 4119, Labour: 4159, Capital: 1661
Household 7: Income: 31.082599830477754, Goods: 90, Land: 3339, Labour: 2984, Capital: 7482
Household 8: Income: 1087.4985728200575, Goods: 128, Land: 9803, Labour: 6648, Capital: 9275
Household 9: Income: 49.82808015268237, Goods: 110, Land: 1379, Labour: 8333, Capital: 2556
Household 10: Income: 22.06251752767654, Goods: 82, Land: 8384, Labour: 9299, Capital: 7283
Firm 1: Money: -10.311854540869618, Goods: 48, Land: 0, Labour: 0, Capital: 0, Goods Price: 43.10192830186962
Firm 2: Money: -94.11883826619749, Goods: 38, Land: 0, Labour: 0, Capital: 0, Goods Price: 32.09712479546552
Firm 3: Money: -525.8913116984994, Goods: 38, Land: 0, Labour: 0, Capital: 0, Goods Price: 38.953307335700536
Firm 4: Money: -430.03999981716555, Goods: 43, Land: 0, Labour: 0, Capital: 0, Goods Price: 26.79955716503823
Firm 5: Money: 140.19196475758002, Goods: 30, Land: 0, Labour: 0, Capital: 0, Goods Price: 29.91544227708292
Firm 6: Money: 915.7028780586655, Goods: 15, Land: 0, Labour: 0, Capital: 0, Goods Price: 22.206705965228252
Firm 7: Money: 946.0327143550861, Goods: 22, Land: 0, Labour: 0, Capital: 0, Goods Price: 25.819840836714757
Firm 8: Money: 813.0442457934738, Goods: 20, Land: 0, Labour: 0, Capital: 0, Goods Price: 9.09821172073078
Firm 9: Money: 1017.4624856423566, Goods: 26, Land: 0, Labour: 0, Capital: 0, Goods Price: 27.349949607893212
Firm 10: Money: 541.3107335514226, Goods: 12, Land: 0, Labour: 0, Capital: 0, Goods Price: 6.341449680623664
Self.nfirms:  10
[0, 1, 2, 3, 4, 5, 6, 7, 8, 9]
^^^
[0, 1, 2, 4, 5, 6, 7, 8, 9]
^^^
sold
[0, 1, 2, 4, 6, 7, 8, 9]
^^^
[1, 2, 4, 6, 7, 8, 9]
^^^
sold
[1, 2, 4, 6, 7, 9]
^^^
sold
[1, 4, 6, 7, 9]
^^^
sold
[1, 4, 6, 9]
^^^
[1, 4, 9]
^^^
[1, 4]
^^^
sold
[4]
^^^
sold
---
__
[0, 1, 2, 3, 4, 5, 6, 7, 8, 9]
[0, 1, 2, 3, 5, 6, 7, 8, 9]
[0, 2, 3, 5, 6, 7, 8, 9]
[0, 2, 3, 6, 7, 8, 9]
[2, 3, 6, 7, 8, 9]
[2, 3, 6, 7, 8]
[2, 3, 6, 7]
[2, 3, 7]
[2, 7]
[2]
producing
producing
producing
producing
producing
producing
producing
producing
producing
producing
Day 131:
Household 1: Income: 30.029936190502188, Goods: 41, Land: 2569, Labour: 5173, Capital: 5622
Household 2: Income: 484.0043696887201, Goods: 128, Land: 7630, Labour: 7289, Capital: 6372
Household 3: Income: 964.9549636505784, Goods: 129, Land: 9208, Labour: 3009, Capital: 3069
Household 4: Income: 18.88488744193104, Goods: 65, Land: 4116, Labour: 8553, Capital: 1518
Household 5: Income: 146.8478268541845, Goods: 120, Land: 6149, Labour: 9650, Capital: 3939
Household 6: Income: 35.980981718053364, Goods: 120, Land: 4118, Labour: 4158, Capital: 1660
Household 7: Income: 36.26027870440924, Goods: 91, Land: 3338, Labour: 2983, Capital: 7481
Household 8: Income: 1082.4898681089123, Goods: 129, Land: 9802, Labour: 6647, Capital: 9274
Household 9: Income: 48.55102456891161, Goods: 111, Land: 1378, Labour: 8332, Capital: 2555
Household 10: Income: 43.73164166882371, Goods: 82, Land: 8383, Labour: 9298, Capital: 7282
Firm 1: Money: -1.7212681082058978, Goods: 48, Land: 0, Labour: 0, Capital: 0, Goods Price: 39.92846347977125
Firm 2: Money: -92.8417826824267, Goods: 38, Land: 0, Labour: 0, Capital: 0, Goods Price: 32.09712479546552
Firm 3: Money: -553.1435648758337, Goods: 39, Land: 0, Labour: 0, Capital: 0, Goods Price: 34.55721878321838
Firm 4: Money: -471.1717260052115, Goods: 44, Land: 0, Labour: 0, Capital: 0, Goods Price: 49.42062596490497
Firm 5: Money: 152.00963345821776, Goods: 30, Land: 0, Labour: 0, Capital: 0, Goods Price: 17.302898166729754
Firm 6: Money: 927.9730623962186, Goods: 15, Land: 0, Labour: 0, Capital: 0, Goods Price: 18.429071226905435
Firm 7: Money: 973.3499921824643, Goods: 22, Land: 0, Labour: 0, Capital: 0, Goods Price: 6.131336997412615
Firm 8: Money: 793.2236416386145, Goods: 20, Land: 0, Labour: 0, Capital: 0, Goods Price: 33.91578030136212
Firm 9: Money: 1019.1024456435822, Goods: 26, Land: 0, Labour: 0, Capital: 0, Goods Price: 30.009733964176593
Firm 10: Money: 528.5408328499816, Goods: 12, Land: 0, Labour: 0, Capital: 0, Goods Price: 23.727611232243373
Self.nfirms:  10
[0, 1, 2, 3, 4, 5, 6, 7, 8, 9]
^^^
[0, 1, 2, 3, 4, 5, 7, 8, 9]
^^^
sold
[0, 1, 2, 3, 4, 5, 7, 9]
^^^
[0, 1, 2, 4, 5, 7, 9]
^^^
[1, 2, 4, 5, 7, 9]
^^^
sold
[1, 2, 4, 5, 7]
^^^
sold
[1, 4, 5, 7]
^^^
sold
[1, 4, 7]
^^^
sold
[4, 7]
^^^
sold
[4]
^^^
sold
---
__
[0, 1, 2, 3, 4, 5, 6, 7, 8, 9]
[0, 2, 3, 4, 5, 6, 7, 8, 9]
[0, 2, 3, 4, 5, 7, 8, 9]
[2, 3, 4, 5, 7, 8, 9]
[2, 3, 4, 7, 8, 9]
[3, 4, 7, 8, 9]
[3, 7, 8, 9]
[3, 7, 8]
[3, 8]
[3]
producing
producing
producing
producing
producing
producing
producing
producing
producing
producing
Day 132:
Household 1: Income: 46.34710253244047, Goods: 41, Land: 2568, Labour: 5172, Capital: 5621
Household 2: Income: 469.33519518496894, Goods: 129, Land: 7629, Labour: 7288, Capital: 6371
Household 3: Income: 978.0304305086792, Goods: 130, Land: 9207, Labour: 3008, Capital: 3068
Household 4: Income: 45.43427379002569, Goods: 65, Land: 4115, Labour: 8552, Capital: 1517
Household 5: Income: 157.70965094125503, Goods: 121, Land: 6148, Labour: 9649, Capital: 3938
Household 6: Income: 17.199961214424913, Goods: 121, Land: 4117, Labour: 4157, Capital: 1659
Household 7: Income: 33.12509483323548, Goods: 91, Land: 3337, Labour: 2982, Capital: 7480
Household 8: Income: 1114.7290799717841, Goods: 130, Land: 9801, Labour: 6646, Capital: 9273
Household 9: Income: 33.88953872220439, Goods: 112, Land: 1377, Labour: 8331, Capital: 2554
Household 10: Income: 34.15017213285976, Goods: 83, Land: 8382, Labour: 9297, Capital: 7281
Firm 1: Money: -35.93088562978656, Goods: 49, Land: 0, Labour: 0, Capital: 0, Goods Price: 43.10192830186962
Firm 2: Money: -81.10268969441975, Goods: 38, Land: 0, Labour: 0, Capital: 0, Goods Price: 18.658597586721417
Firm 3: Money: -584.79190660565, Goods: 40, Land: 0, Labour: 0, Capital: 0, Goods Price: 38.953307335700536
Firm 4: Money: -465.98593595969004, Goods: 44, Land: 0, Labour: 0, Capital: 0, Goods Price: 49.42062596490497
Firm 5: Money: 138.40136132170147, Goods: 30, Land: 0, Labour: 0, Capital: 0, Goods Price: 29.91544227708292
Firm 6: Money: 934.9251947288764, Goods: 15, Land: 0, Labour: 0, Capital: 0, Goods Price: 13.277236551704526
Firm 7: Money: 978.455581712347, Goods: 22, Land: 0, Labour: 0, Capital: 0, Goods Price: 6.131336997412615
Firm 8: Money: 799.6859689152138, Goods: 20, Land: 0, Labour: 0, Capital: 0, Goods Price: 33.91578030136212
Firm 9: Money: 1005.6054327263586, Goods: 27, Land: 0, Labour: 0, Capital: 0, Goods Price: 21.83762274025291
Firm 10: Money: 547.8444237455981, Goods: 12, Land: 0, Labour: 0, Capital: 0, Goods Price: 6.341449680623664
Self.nfirms:  10
[0, 1, 2, 3, 4, 5, 6, 7, 8, 9]
^^^
sold
[0, 1, 2, 3, 4, 5, 7, 8, 9]
^^^
sold
[0, 1, 2, 3, 4, 5, 7, 9]
^^^
[0, 1, 2, 4, 5, 7, 9]
^^^
[0, 1, 2, 4, 5, 7]
^^^
sold
[0, 2, 4, 5, 7]
^^^
[0, 2, 4, 7]
^^^
[2, 4, 7]
^^^
sold
[2, 7]
^^^
sold
[2]
^^^
sold
---
__
[0, 1, 2, 3, 4, 5, 6, 7, 8, 9]
[0, 1, 2, 4, 5, 6, 7, 8, 9]
[1, 2, 4, 5, 6, 7, 8, 9]
[1, 2, 4, 6, 7, 8, 9]
[1, 2, 6, 7, 8, 9]
[1, 2, 7, 8, 9]
[2, 7, 8, 9]
[2, 8, 9]
[2, 8]
[2]
producing
producing
producing
producing
producing
producing
producing
producing
producing
producing
Day 133:
Household 1: Income: 6.3138391727368735, Goods: 42, Land: 2567, Labour: 5171, Capital: 5620
Household 2: Income: 497.7451969654991, Goods: 130, Land: 7628, Labour: 7287, Capital: 6370
Household 3: Income: 1002.1248516080582, Goods: 131, Land: 9206, Labour: 3007, Capital: 3067
Household 4: Income: 48.79391846564009, Goods: 65, Land: 4114, Labour: 8551, Capital: 1516
Household 5: Income: 136.59356919728825, Goods: 122, Land: 6147, Labour: 9648, Capital: 3937
Household 6: Income: 48.67576842360073, Goods: 121, Land: 4116, Labour: 4156, Capital: 1658
Household 7: Income: 15.067263542682948, Goods: 92, Land: 3336, Labour: 2981, Capital: 7479
Household 8: Income: 1134.441031245347, Goods: 131, Land: 9800, Labour: 6645, Capital: 9272
Household 9: Income: 36.824327110327935, Goods: 113, Land: 1376, Labour: 8330, Capital: 2553
Household 10: Income: -7.698125730162949, Goods: 84, Land: 8381, Labour: 9296, Capital: 7280
Firm 1: Money: -30.513764019221206, Goods: 49, Land: 0, Labour: 0, Capital: 0, Goods Price: 43.10192830186962
Firm 2: Money: -98.08083065557783, Goods: 38, Land: 0, Labour: 0, Capital: 0, Goods Price: 33.81723845395895
Firm 3: Money: -576.0181219754081, Goods: 40, Land: 0, Labour: 0, Capital: 0, Goods Price: 38.953307335700536
Firm 4: Money: -484.4965933478692, Goods: 45, Land: 0, Labour: 0, Capital: 0, Goods Price: 26.79955716503823
Firm 5: Money: 105.0705691361382, Goods: 31, Land: 0, Labour: 0, Capital: 0, Goods Price: 36.69684811455154
Firm 6: Money: 936.1598160905367, Goods: 15, Land: 0, Labour: 0, Capital: 0, Goods Price: 13.277236551704526
Firm 7: Money: 986.657726919921, Goods: 22, Land: 0, Labour: 0, Capital: 0, Goods Price: 6.131336997412615
Firm 8: Money: 837.4009453434419, Goods: 20, Land: 0, Labour: 0, Capital: 0, Goods Price: 9.09821172073078
Firm 9: Money: 1024.272538580178, Goods: 27, Land: 0, Labour: 0, Capital: 0, Goods Price: 8.729472823383878
Firm 10: Money: 547.7231190192697, Goods: 12, Land: 0, Labour: 0, Capital: 0, Goods Price: 6.341449680623664
Self.nfirms:  10
[0, 1, 2, 3, 4, 5, 6, 7, 8, 9]
^^^
[1, 2, 3, 4, 5, 6, 7, 8, 9]
^^^
[1, 2, 3, 4, 5, 6, 7, 8]
^^^
sold
[1, 2, 3, 5, 6, 7, 8]
^^^
sold
[1, 2, 3, 5, 6, 7]
^^^
sold
[1, 3, 5, 6, 7]
^^^
[1, 3, 5, 7]
^^^
sold
[1, 3, 7]
^^^
[1, 7]
^^^
sold
[7]
^^^
sold
---
__
[0, 1, 2, 3, 4, 5, 6, 7, 8, 9]
[0, 2, 3, 4, 5, 6, 7, 8, 9]
[0, 2, 3, 4, 5, 6, 7, 8]
[0, 2, 3, 4, 5, 6, 7]
[0, 3, 4, 5, 6, 7]
[3, 4, 5, 6, 7]
[3, 4, 5, 7]
[3, 5, 7]
[5, 7]
[7]
producing
producing
producing
producing
producing
producing
producing
producing
producing
producing
Day 134:
Household 1: Income: 7.311976736357919, Goods: 42, Land: 2566, Labour: 5170, Capital: 5619
Household 2: Income: 505.6970912616147, Goods: 131, Land: 7627, Labour: 7286, Capital: 6369
Household 3: Income: 1018.1426129224483, Goods: 132, Land: 9205, Labour: 3006, Capital: 3066
Household 4: Income: 35.43980617014383, Goods: 66, Land: 4113, Labour: 8550, Capital: 1515
Household 5: Income: 153.03619348204973, Goods: 123, Land: 6146, Labour: 9647, Capital: 3936
Household 6: Income: 45.09247439873518, Goods: 122, Land: 4115, Labour: 4155, Capital: 1657
Household 7: Income: 44.62042098992342, Goods: 92, Land: 3335, Labour: 2980, Capital: 7478
Household 8: Income: 1173.962549394234, Goods: 132, Land: 9799, Labour: 6644, Capital: 9271
Household 9: Income: 36.06760541379593, Goods: 114, Land: 1375, Labour: 8329, Capital: 2552
Household 10: Income: 10.195848876777966, Goods: 84, Land: 8380, Labour: 9295, Capital: 7279
Firm 1: Money: -57.58177808378301, Goods: 50, Land: 0, Labour: 0, Capital: 0, Goods Price: 35.96032484485077
Firm 2: Money: -129.55663786475364, Goods: 39, Land: 0, Labour: 0, Capital: 0, Goods Price: 33.81723845395895
Firm 3: Money: -567.2443373451663, Goods: 40, Land: 0, Labour: 0, Capital: 0, Goods Price: 38.953307335700536
Firm 4: Money: -502.29206972176473, Goods: 45, Land: 0, Labour: 0, Capital: 0, Goods Price: 49.7808235844552
Firm 5: Money: 110.57651292293909, Goods: 31, Land: 0, Labour: 0, Capital: 0, Goods Price: 32.91921337622873
Firm 6: Money: 930.4787023742878, Goods: 15, Land: 0, Labour: 0, Capital: 0, Goods Price: 23.169461434121647
Firm 7: Money: 966.5624857428613, Goods: 22, Land: 0, Labour: 0, Capital: 0, Goods Price: 31.332167704355054
Firm 8: Money: 842.0258303308281, Goods: 20, Land: 0, Labour: 0, Capital: 0, Goods Price: 9.09821172073078
Firm 9: Money: 1008.254777265788, Goods: 27, Land: 0, Labour: 0, Capital: 0, Goods Price: 29.046978495283202
Firm 10: Money: 536.2669798251094, Goods: 13, Land: 0, Labour: 0, Capital: 0, Goods Price: 14.437944199169422
Self.nfirms:  10
[0, 1, 2, 3, 4, 5, 6, 7, 8, 9]
^^^
[0, 1, 2, 3, 4, 5, 7, 8, 9]
^^^
[1, 2, 3, 4, 5, 7, 8, 9]
^^^
sold
[1, 3, 4, 5, 7, 8, 9]
^^^
sold
[1, 3, 5, 7, 8, 9]
^^^
sold
[1, 3, 5, 8, 9]
^^^
sold
[1, 3, 8, 9]
^^^
[1, 8, 9]
^^^
sold
[8, 9]
^^^
sold
[9]
^^^
---
__
[0, 1, 2, 3, 4, 5, 6, 7, 8, 9]
[0, 1, 2, 3, 4, 5, 6, 7, 9]
[0, 1, 2, 3, 4, 5, 6, 7]
[0, 1, 2, 3, 4, 5, 7]
[0, 1, 2, 3, 5, 7]
[0, 1, 2, 3, 5]
[0, 2, 3, 5]
[0, 2, 3]
[0, 2]
[2]
producing
producing
producing
producing
producing
producing
producing
producing
producing
producing
Day 135:
Household 1: Income: 23.629143078296202, Goods: 42, Land: 2565, Labour: 5169, Capital: 5618
Household 2: Income: 498.4174418092076, Goods: 132, Land: 7626, Labour: 7285, Capital: 6368
Household 3: Income: 1040.145743141893, Goods: 133, Land: 9204, Labour: 3005, Capital: 3065
Household 4: Income: 16.701695184264175, Goods: 67, Land: 4112, Labour: 8549, Capital: 1514
Household 5: Income: 155.74456029018506, Goods: 124, Land: 6145, Labour: 9646, Capital: 3935
Household 6: Income: 44.93549596129632, Goods: 123, Land: 4114, Labour: 4154, Capital: 1656
Household 7: Income: 45.61855855354446, Goods: 92, Land: 3334, Labour: 2979, Capital: 7477
Household 8: Income: 1163.2297221798913, Goods: 133, Land: 9798, Labour: 6643, Capital: 9270
Household 9: Income: 27.716065392888904, Goods: 115, Land: 1374, Labour: 8328, Capital: 2551
Household 10: Income: 13.555493552392363, Goods: 84, Land: 8379, Labour: 9294, Capital: 7278
Firm 1: Money: -57.93477559227635, Goods: 50, Land: 0, Labour: 0, Capital: 0, Goods Price: 41.0447017949294
Firm 2: Money: -113.12094141374536, Goods: 39, Land: 0, Labour: 0, Capital: 0, Goods Price: 18.658597586721417
Firm 3: Money: -594.4965905225006, Goods: 41, Land: 0, Labour: 0, Capital: 0, Goods Price: 34.55721878321838
Firm 4: Money: -543.4237959098107, Goods: 46, Land: 0, Labour: 0, Capital: 0, Goods Price: 49.42062596490497
Firm 5: Money: 115.61921435740467, Goods: 31, Land: 0, Labour: 0, Capital: 0, Goods Price: 27.767378701027823
Firm 6: Money: 954.4498639175513, Goods: 15, Land: 0, Labour: 0, Capital: 0, Goods Price: 0.43292125251868807
Firm 7: Money: 973.8421351952682, Goods: 22, Land: 0, Labour: 0, Capital: 0, Goods Price: 30.21592938919691
Firm 8: Money: 854.9232381784248, Goods: 20, Land: 0, Labour: 0, Capital: 0, Goods Price: 9.09821172073078
Firm 9: Money: 1014.5974425887568, Goods: 27, Land: 0, Labour: 0, Capital: 0, Goods Price: 29.40717611483343
Firm 10: Money: 532.9073351494949, Goods: 14, Land: 0, Labour: 0, Capital: 0, Goods Price: 6.341449680623664
Self.nfirms:  10
[0, 1, 2, 3, 4, 5, 6, 7, 8, 9]
^^^
sold
[0, 1, 2, 3, 5, 6, 7, 8, 9]
^^^
sold
[0, 1, 2, 3, 5, 7, 8, 9]
^^^
[1, 2, 3, 5, 7, 8, 9]
^^^
[1, 2, 3, 7, 8, 9]
^^^
sold
[1, 3, 7, 8, 9]
^^^
[1, 3, 7, 9]
^^^
[1, 7, 9]
^^^
[1, 7]
^^^
sold
[1]
^^^
sold
---
__
[0, 1, 2, 3, 4, 5, 6, 7, 8, 9]
[0, 1, 3, 4, 5, 6, 7, 8, 9]
[1, 3, 4, 5, 6, 7, 8, 9]
[1, 3, 4, 5, 7, 8, 9]
[3, 4, 5, 7, 8, 9]
[3, 5, 7, 8, 9]
[3, 5, 7, 9]
[3, 5, 9]
[3, 9]
[9]
producing
producing
producing
producing
producing
producing
producing
producing
producing
producing
Day 136:
Household 1: Income: 16.843975182554185, Goods: 43, Land: 2564, Labour: 5168, Capital: 5617
Household 2: Income: 489.19772362105385, Goods: 133, Land: 7625, Labour: 7284, Capital: 6367
Household 3: Income: 1059.9896199530565, Goods: 134, Land: 9203, Labour: 3004, Capital: 3064
Household 4: Income: 21.316807161225775, Goods: 68, Land: 4111, Labour: 8548, Capital: 1513
Household 5: Income: 163.60476177352132, Goods: 125, Land: 6144, Labour: 9645, Capital: 3934
Household 6: Income: 65.2388752379084, Goods: 123, Land: 4113, Labour: 4153, Capital: 1655
Household 7: Income: 23.672676986632673, Goods: 93, Land: 3333, Labour: 2978, Capital: 7476
Household 8: Income: 1178.340620595569, Goods: 134, Land: 9797, Labour: 6642, Capital: 9269
Household 9: Income: 52.11738816492846, Goods: 115, Land: 1373, Labour: 8327, Capital: 2550
Household 10: Income: 16.91513822800676, Goods: 84, Land: 8378, Labour: 9293, Capital: 7277
Firm 1: Money: -51.82411869806673, Goods: 50, Land: 0, Labour: 0, Capital: 0, Goods Price: 41.0447017949294
Firm 2: Money: -114.82037563448252, Goods: 39, Land: 0, Labour: 0, Capital: 0, Goods Price: 18.658597586721417
Firm 3: Money: -628.9581994548649, Goods: 42, Land: 0, Labour: 0, Capital: 0, Goods Price: 41.766574538248676
Firm 4: Money: -561.93445329799, Goods: 47, Land: 0, Labour: 0, Capital: 0, Goods Price: 26.79955716503823
Firm 5: Money: 115.51008111666934, Goods: 31, Land: 0, Labour: 0, Capital: 0, Goods Price: 27.767378701027823
Firm 6: Money: 940.8084311845217, Goods: 15, Land: 0, Labour: 0, Capital: 0, Goods Price: 22.56690358477848
Firm 7: Money: 1004.0901387243011, Goods: 22, Land: 0, Labour: 0, Capital: 0, Goods Price: 6.131336997412615
Firm 8: Money: 848.5154043130304, Goods: 20, Land: 0, Labour: 0, Capital: 0, Goods Price: 28.403453433721822
Firm 9: Money: 996.7043411190513, Goods: 28, Land: 0, Labour: 0, Capital: 0, Goods Price: 26.233711292735062
Firm 10: Money: 531.7282088158004, Goods: 14, Land: 0, Labour: 0, Capital: 0, Goods Price: 6.341449680623664
Self.nfirms:  10
[0, 1, 2, 3, 4, 5, 6, 7, 8, 9]
^^^
sold
[0, 2, 3, 4, 5, 6, 7, 8, 9]
^^^
[0, 2, 3, 4, 5, 7, 8, 9]
^^^
[0, 2, 4, 5, 7, 8, 9]
^^^
sold
[0, 2, 4, 5, 7, 9]
^^^
sold
[0, 2, 4, 7, 9]
^^^
sold
[0, 2, 7, 9]
^^^
[2, 7, 9]
^^^
[2, 7]
^^^
sold
[2]
^^^
sold
---
__
[0, 1, 2, 3, 4, 5, 6, 7, 8, 9]
[0, 1, 3, 4, 5, 6, 7, 8, 9]
[0, 1, 3, 4, 5, 6, 8, 9]
[0, 3, 4, 5, 6, 8, 9]
[0, 3, 4, 5, 8, 9]
[0, 3, 4, 5, 8]
[0, 3, 4, 8]
[0, 4, 8]
[4, 8]
[4]
producing
producing
producing
producing
producing
producing
producing
producing
producing
producing
Day 137:
Household 1: Income: 4.025504082098926, Goods: 44, Land: 2563, Labour: 5167, Capital: 5616
Household 2: Income: 503.81973517285104, Goods: 134, Land: 7624, Labour: 7283, Capital: 6366
Household 3: Income: 1080.1487447980046, Goods: 135, Land: 9202, Labour: 3003, Capital: 3063
Household 4: Income: 39.24936262395684, Goods: 68, Land: 4110, Labour: 8547, Capital: 1512
Household 5: Income: 167.4306931413873, Goods: 126, Land: 6143, Labour: 9644, Capital: 3933
Household 6: Income: 87.38534926800611, Goods: 124, Land: 4112, Labour: 4152, Capital: 1654
Household 7: Income: 53.225834433873146, Goods: 93, Land: 3332, Labour: 2977, Capital: 7475
Household 8: Income: 1175.479979460479, Goods: 135, Land: 9796, Labour: 6641, Capital: 9268
Household 9: Income: 45.53131815132441, Goods: 116, Land: 1372, Labour: 8326, Capital: 2549
Household 10: Income: 13.779954356833013, Goods: 84, Land: 8377, Labour: 9292, Capital: 7276
Firm 1: Money: -78.46418284506687, Goods: 51, Land: 0, Labour: 0, Capital: 0, Goods Price: 35.532374927289105
Firm 2: Money: -138.3221301816908, Goods: 39, Land: 0, Labour: 0, Capital: 0, Goods Price: 41.02659420898924
Firm 3: Money: -646.8907549175962, Goods: 43, Land: 0, Labour: 0, Capital: 0, Goods Price: 25.237521068615287
Firm 4: Money: -576.5564648497872, Goods: 47, Land: 0, Labour: 0, Capital: 0, Goods Price: 46.60735876235683
Firm 5: Money: 109.56337103175301, Goods: 31, Land: 0, Labour: 0, Capital: 0, Goods Price: 32.91921337622873
Firm 6: Money: 964.1770348784421, Goods: 15, Land: 0, Labour: 0, Capital: 0, Goods Price: 0.43292125251868807
Firm 7: Money: 1011.7189127123772, Goods: 22, Land: 0, Labour: 0, Capital: 0, Goods Price: 6.131336997412615
Firm 8: Money: 829.9321386949117, Goods: 21, Land: 0, Labour: 0, Capital: 0, Goods Price: 26.68333977522839
Firm 9: Money: 1002.8643369659101, Goods: 28, Land: 0, Labour: 0, Capital: 0, Goods Price: 27.349949607893212
Firm 10: Money: 518.9583081143594, Goods: 14, Land: 0, Labour: 0, Capital: 0, Goods Price: 23.727611232243373
Self.nfirms:  10
[0, 1, 2, 3, 4, 5, 6, 7, 8, 9]
^^^
sold
[0, 1, 3, 4, 5, 6, 7, 8, 9]
^^^
sold
[0, 1, 3, 5, 6, 7, 8, 9]
^^^
sold
[0, 1, 3, 6, 7, 8, 9]
^^^
[0, 1, 6, 7, 8, 9]
^^^
sold
[0, 1, 6, 8, 9]
^^^
[0, 1, 8, 9]
^^^
sold
[0, 8, 9]
^^^
[8, 9]
^^^
sold
[9]
^^^
---
__
[0, 1, 2, 3, 4, 5, 6, 7, 8, 9]
[0, 2, 3, 4, 5, 6, 7, 8, 9]
[0, 2, 4, 5, 6, 7, 8, 9]
[0, 2, 5, 6, 7, 8, 9]
[0, 2, 6, 7, 8, 9]
[0, 6, 7, 8, 9]
[0, 6, 8, 9]
[0, 8, 9]
[0, 8]
[8]
producing
producing
producing
producing
producing
producing
producing
producing
producing
producing
Day 138:
Household 1: Income: 20.34267042403721, Goods: 44, Land: 2562, Labour: 5166, Capital: 5615
Household 2: Income: 485.50842191239883, Goods: 135, Land: 7623, Labour: 7282, Capital: 6365
Household 3: Income: 1104.14229761869, Goods: 136, Land: 9201, Labour: 3002, Capital: 3062
Household 4: Income: 39.61103659554583, Goods: 69, Land: 4109, Labour: 8546, Capital: 1511
Household 5: Income: 175.18969600139098, Goods: 127, Land: 6142, Labour: 9643, Capital: 3932
Household 6: Income: 75.24875511686122, Goods: 125, Land: 4111, Labour: 4151, Capital: 1653
Household 7: Income: 18.60997709698417, Goods: 94, Land: 3331, Labour: 2976, Capital: 7474
Household 8: Income: 1167.7882637147582, Goods: 136, Land: 9795, Labour: 6640, Capital: 9267
Household 9: Income: 72.6666135894464, Goods: 117, Land: 1371, Labour: 8325, Capital: 2548
Household 10: Income: 14.778091920454056, Goods: 84, Land: 8376, Labour: 9291, Capital: 7275
Firm 1: Money: -73.10293171367714, Goods: 51, Land: 0, Labour: 0, Capital: 0, Goods Price: 35.96032484485077
Firm 2: Money: -115.25044919515004, Goods: 39, Land: 0, Labour: 0, Capital: 0, Goods Price: 18.658597586721417
Firm 3: Money: -647.4366680019576, Goods: 43, Land: 0, Labour: 0, Capital: 0, Goods Price: 34.55721878321838
Firm 4: Money: -608.7587216243095, Goods: 48, Land: 0, Labour: 0, Capital: 0, Goods Price: 40.49115655138125
Firm 5: Money: 106.68788977110478, Goods: 31, Land: 0, Labour: 0, Capital: 0, Goods Price: 34.99981922716155
Firm 6: Money: 946.451138729941, Goods: 15, Land: 0, Labour: 0, Capital: 0, Goods Price: 19.393438762680113
Firm 7: Money: 1019.9210579199512, Goods: 22, Land: 0, Labour: 0, Capital: 0, Goods Price: 6.131336997412615
Firm 8: Money: 860.414674597006, Goods: 21, Land: 0, Labour: 0, Capital: 0, Goods Price: 9.09821172073078
Firm 9: Money: 1005.6725311122758, Goods: 28, Land: 0, Labour: 0, Capital: 0, Goods Price: 29.40717611483343
Firm 10: Money: 498.57269950667546, Goods: 15, Land: 0, Labour: 0, Capital: 0, Goods Price: 23.36741361269315
Self.nfirms:  10
[0, 1, 2, 3, 4, 5, 6, 7, 8, 9]
^^^
sold
[0, 1, 3, 4, 5, 6, 7, 8, 9]
^^^
[0, 1, 4, 5, 6, 7, 8, 9]
^^^
sold
[0, 1, 4, 5, 6, 8, 9]
^^^
[1, 4, 5, 6, 8, 9]
^^^
[1, 4, 5, 6, 8]
^^^
sold
[4, 5, 6, 8]
^^^
[4, 5, 8]
^^^
sold
[4, 5]
^^^
sold
[4]
^^^
sold
---
__
[0, 1, 2, 3, 4, 5, 6, 7, 8, 9]
[0, 2, 3, 4, 5, 6, 7, 8, 9]
[0, 2, 3, 5, 6, 7, 8, 9]
[0, 2, 3, 5, 6, 8, 9]
[0, 2, 3, 5, 6, 8]
[0, 2, 3, 5, 8]
[0, 2, 3, 5]
[0, 2, 5]
[0, 2]
[2]
producing
producing
producing
producing
producing
producing
producing
producing
producing
producing
Day 139:
Household 1: Income: 36.65983676597549, Goods: 44, Land: 2561, Labour: 5165, Capital: 5614
Household 2: Income: 490.8526972587192, Goods: 136, Land: 7622, Labour: 7281, Capital: 6364
Household 3: Income: 1140.216677551526, Goods: 137, Land: 9200, Labour: 3001, Capital: 3061
Household 4: Income: 44.06854912537794, Goods: 70, Land: 4108, Labour: 8545, Capital: 1510
Household 5: Income: 159.34185663855374, Goods: 128, Land: 6141, Labour: 9642, Capital: 3931
Household 6: Income: 84.25217791718228, Goods: 126, Land: 4110, Labour: 4150, Capital: 1652
Household 7: Income: 21.96962177259857, Goods: 94, Land: 3330, Labour: 2975, Capital: 7473
Household 8: Income: 1161.0722491690092, Goods: 137, Land: 9794, Labour: 6639, Capital: 9266
Household 9: Income: 74.76489840980517, Goods: 118, Land: 1370, Labour: 8324, Capital: 2547
Household 10: Income: 15.776229484075099, Goods: 84, Land: 8375, Labour: 9290, Capital: 7274
Firm 1: Money: -100.17094577823896, Goods: 52, Land: 0, Labour: 0, Capital: 0, Goods Price: 35.96032484485077
Firm 2: Money: -131.56761553708833, Goods: 40, Land: 0, Labour: 0, Capital: 0, Goods Price: 18.658597586721417
Firm 3: Money: -648.0029801182791, Goods: 43, Land: 0, Labour: 0, Capital: 0, Goods Price: 38.953307335700536
Firm 4: Money: -649.8904478123554, Goods: 49, Land: 0, Labour: 0, Capital: 0, Goods Price: 49.42062596490497
Firm 5: Money: 113.12545488752309, Goods: 31, Land: 0, Labour: 0, Capital: 0, Goods Price: 27.767378701027823
Firm 6: Money: 953.8274500140133, Goods: 15, Land: 0, Labour: 0, Capital: 0, Goods Price: 20.50967707783826
Firm 7: Money: 1000.2917746941446, Goods: 22, Land: 0, Labour: 0, Capital: 0, Goods Price: 33.38939421129528
Firm 8: Money: 864.4738832885955, Goods: 21, Land: 0, Labour: 0, Capital: 0, Goods Price: 9.09821172073078
Firm 9: Money: 1018.4795845785482, Goods: 28, Land: 0, Labour: 0, Capital: 0, Goods Price: 21.83762274025291
Firm 10: Money: 517.5160927827418, Goods: 15, Land: 0, Labour: 0, Capital: 0, Goods Price: 6.341449680623664
Self.nfirms:  10
[0, 1, 2, 3, 4, 5, 6, 7, 8, 9]
^^^
sold
[0, 2, 3, 4, 5, 6, 7, 8, 9]
^^^
sold
[0, 2, 3, 4, 5, 6, 7, 9]
^^^
sold
[0, 2, 3, 4, 5, 6, 9]
^^^
[0, 2, 3, 4, 5, 9]
^^^
[0, 2, 4, 5, 9]
^^^
sold
[0, 2, 5, 9]
^^^
[2, 5, 9]
^^^
sold
[5, 9]
^^^
[5]
^^^
sold
---
__
[0, 1, 2, 3, 4, 5, 6, 7, 8, 9]
[1, 2, 3, 4, 5, 6, 7, 8, 9]
[1, 2, 3, 4, 5, 6, 7, 8]
[2, 3, 4, 5, 6, 7, 8]
[2, 4, 5, 6, 7, 8]
[2, 4, 5, 6, 7]
[2, 5, 6, 7]
[5, 6, 7]
[5, 7]
[7]
producing
producing
producing
producing
producing
producing
producing
producing
producing
producing
Day 140:
Household 1: Income: 3.333489676686928, Goods: 45, Land: 2560, Labour: 5164, Capital: 5613
Household 2: Income: 499.99667723242965, Goods: 137, Land: 7621, Labour: 7280, Capital: 6363
Household 3: Income: 1143.989398645552, Goods: 138, Land: 9199, Labour: 3000, Capital: 3060
Household 4: Income: 38.852466663669325, Goods: 71, Land: 4107, Labour: 8544, Capital: 1509
Household 5: Income: 175.16417584794755, Goods: 129, Land: 6140, Labour: 9641, Capital: 3930
Household 6: Income: 63.10936297978763, Goods: 127, Land: 4109, Labour: 4149, Capital: 1651
Household 7: Income: 38.75805055542259, Goods: 95, Land: 3329, Labour: 2974, Capital: 7472
Household 8: Income: 1177.0865475725734, Goods: 138, Land: 9793, Labour: 6638, Capital: 9265
Household 9: Income: 50.44162958404604, Goods: 119, Land: 1369, Labour: 8323, Capital: 2546
Household 10: Income: 37.44535362522227, Goods: 84, Land: 8374, Labour: 9289, Capital: 7273
Firm 1: Money: -126.8110099252391, Goods: 53, Land: 0, Labour: 0, Capital: 0, Goods Price: 35.532374927289105
Firm 2: Money: -154.69729064591056, Goods: 40, Land: 0, Labour: 0, Capital: 0, Goods Price: 41.02659420898924
Firm 3: Money: -643.7745124421403, Goods: 43, Land: 0, Labour: 0, Capital: 0, Goods Price: 37.98893979992586
Firm 4: Money: -620.6182261161399, Goods: 49, Land: 0, Labour: 0, Capital: 0, Goods Price: 26.79955716503823
Firm 5: Money: 109.62562830052437, Goods: 31, Land: 0, Labour: 0, Capital: 0, Goods Price: 37.05704573410177
Firm 6: Money: 969.5524401393772, Goods: 15, Land: 0, Labour: 0, Capital: 0, Goods Price: 13.277236551704526
Firm 7: Money: 1035.7519771156012, Goods: 22, Land: 0, Labour: 0, Capital: 0, Goods Price: 6.131336997412615
Firm 8: Money: 853.6699608707189, Goods: 21, Land: 0, Labour: 0, Capital: 0, Goods Price: 32.79954198620398
Firm 9: Money: 1014.4871518389502, Goods: 28, Land: 0, Labour: 0, Capital: 0, Goods Price: 30.009733964176593
Firm 10: Money: 501.6937735733479, Goods: 15, Land: 0, Labour: 0, Capital: 0, Goods Price: 21.670384725303155
Self.nfirms:  10
[0, 1, 2, 3, 4, 5, 6, 7, 8, 9]
^^^
sold
[0, 1, 2, 3, 4, 5, 6, 7, 9]
^^^
sold
[0, 1, 3, 4, 5, 6, 7, 9]
^^^
sold
[0, 1, 3, 4, 5, 7, 9]
^^^
sold
[0, 1, 3, 4, 7, 9]
^^^
sold
[0, 1, 3, 4, 9]
^^^
[0, 1, 3, 4]
^^^
[0, 1, 4]
^^^
[1, 4]
^^^
sold
[4]
^^^
sold
---
__
[0, 1, 2, 3, 4, 5, 6, 7, 8, 9]
[0, 1, 2, 3, 4, 5, 6, 7, 8]
[0, 1, 3, 4, 5, 6, 7, 8]
[0, 1, 3, 5, 6, 7, 8]
[0, 3, 5, 6, 7, 8]
[0, 3, 5, 6, 7]
[0, 3, 5, 7]
[0, 3, 5]
[0, 5]
[0]
producing
producing
producing
producing
producing
producing
producing
producing
producing
producing
Day 141:
Household 1: Income: 6.693134352301326, Goods: 45, Land: 2559, Labour: 5163, Capital: 5612
Household 2: Income: 497.6910829594817, Goods: 138, Land: 7620, Labour: 7279, Capital: 6362
Household 3: Income: 1162.6052957859138, Goods: 139, Land: 9198, Labour: 2999, Capital: 3059
Household 4: Income: 19.22298346874147, Goods: 72, Land: 4106, Labour: 8543, Capital: 1508
Household 5: Income: 152.84696105933943, Goods: 130, Land: 6139, Labour: 9640, Capital: 3929
Household 6: Income: 64.58761684225973, Goods: 128, Land: 4108, Labour: 4148, Capital: 1650
Household 7: Income: 19.86793098351435, Goods: 96, Land: 3328, Labour: 2973, Capital: 7471
Household 8: Income: 1187.2070277915839, Goods: 139, Land: 9792, Labour: 6637, Capital: 9264
Household 9: Income: 40.07953689900047, Goods: 120, Land: 1368, Labour: 8322, Capital: 2545
Household 10: Income: 48.434060709206236, Goods: 85, Land: 8373, Labour: 9288, Capital: 7272
Firm 1: Money: -122.07963048365383, Goods: 53, Land: 0, Labour: 0, Capital: 0, Goods Price: 35.532374927289105
Firm 2: Money: -133.46305194858323, Goods: 40, Land: 0, Labour: 0, Capital: 0, Goods Price: 18.658597586721417
Firm 3: Money: -640.2155682581101, Goods: 43, Land: 0, Labour: 0, Capital: 0, Goods Price: 38.953307335700536
Firm 4: Money: -636.948339639208, Goods: 49, Land: 0, Labour: 0, Capital: 0, Goods Price: 49.7808235844552
Firm 5: Money: 109.28601664883189, Goods: 31, Land: 0, Labour: 0, Capital: 0, Goods Price: 37.659603583444934
Firm 6: Money: 970.8125492124739, Goods: 15, Land: 0, Labour: 0, Capital: 0, Goods Price: 20.50967707783826
Firm 7: Money: 1040.9776325186672, Goods: 22, Land: 0, Labour: 0, Capital: 0, Goods Price: 6.131336997412615
Firm 8: Money: 835.0866952526002, Goods: 22, Land: 0, Labour: 0, Capital: 0, Goods Price: 26.68333977522839
Firm 9: Money: 1022.7261414698606, Goods: 28, Land: 0, Labour: 0, Capital: 0, Goods Price: 29.046978495283202
Firm 10: Money: 521.6389694682061, Goods: 15, Land: 0, Labour: 0, Capital: 0, Goods Price: 6.341449680623664
Self.nfirms:  10
[0, 1, 2, 3, 4, 5, 6, 7, 8, 9]
^^^
[0, 1, 2, 4, 5, 6, 7, 8, 9]
^^^
sold
[0, 1, 2, 4, 6, 7, 8, 9]
^^^
[0, 1, 2, 4, 7, 8, 9]
^^^
[1, 2, 4, 7, 8, 9]
^^^
sold
[1, 2, 7, 8, 9]
^^^
sold
[2, 7, 8, 9]
^^^
sold
[2, 8, 9]
^^^
sold
[2, 9]
^^^
sold
[2]
^^^
sold
---
__
[0, 1, 2, 3, 4, 5, 6, 7, 8, 9]
[0, 1, 2, 3, 5, 6, 7, 8, 9]
[0, 1, 2, 3, 5, 6, 7, 8]
[0, 1, 3, 5, 6, 7, 8]
[0, 1, 5, 6, 7, 8]
[0, 1, 6, 7, 8]
[0, 6, 7, 8]
[0, 6, 8]
[6, 8]
[6]
producing
producing
producing
producing
producing
producing
producing
producing
producing
producing
Day 142:
Household 1: Income: -6.125336748153934, Goods: 46, Land: 2558, Labour: 5162, Capital: 5611
Household 2: Income: 512.2351970985424, Goods: 139, Land: 7619, Labour: 7278, Capital: 6361
Household 3: Income: 1149.692926340243, Goods: 140, Land: 9197, Labour: 2998, Capital: 3058
Household 4: Income: 35.54014981067976, Goods: 72, Land: 4105, Labour: 8542, Capital: 1507
Household 5: Income: 158.90893503195312, Goods: 131, Land: 6138, Labour: 9639, Capital: 3928
Household 6: Income: 66.18208809454167, Goods: 129, Land: 4107, Labour: 4147, Capital: 1649
Household 7: Income: 16.7327471123406, Goods: 96, Land: 3327, Labour: 2972, Capital: 7470
Household 8: Income: 1197.3275080105943, Goods: 140, Land: 9791, Labour: 6636, Capital: 9263
Household 9: Income: 48.01745449213216, Goods: 121, Land: 1367, Labour: 8321, Capital: 2544
Household 10: Income: 33.284305150140426, Goods: 86, Land: 8372, Labour: 9287, Capital: 7271
Firm 1: Money: -117.34825104206855, Goods: 53, Land: 0, Labour: 0, Capital: 0, Goods Price: 35.532374927289105
Firm 2: Money: -132.18599636481247, Goods: 40, Land: 0, Labour: 0, Capital: 0, Goods Price: 18.658597586721417
Firm 3: Money: -665.7477077769508, Goods: 44, Land: 0, Labour: 0, Capital: 0, Goods Price: 32.83710512472495
Firm 4: Money: -678.4402634468042, Goods: 50, Land: 0, Labour: 0, Capital: 0, Goods Price: 49.7808235844552
Firm 5: Money: 111.27099146858328, Goods: 31, Land: 0, Labour: 0, Capital: 0, Goods Price: 34.99981922716155
Firm 6: Money: 991.8030079098228, Goods: 15, Land: 0, Labour: 0, Capital: 0, Goods Price: 0.43292125251868807
Firm 7: Money: 1047.1410436559158, Goods: 22, Land: 0, Labour: 0, Capital: 0, Goods Price: 6.131336997412615
Firm 8: Money: 859.1341505836974, Goods: 22, Land: 0, Labour: 0, Capital: 0, Goods Price: 9.09821172073078
Firm 9: Money: 1027.591562123166, Goods: 28, Land: 0, Labour: 0, Capital: 0, Goods Price: 29.046978495283202
Firm 10: Money: 512.0425335888635, Goods: 15, Land: 0, Labour: 0, Capital: 0, Goods Price: 20.554146410145005
Self.nfirms:  10
[0, 1, 2, 3, 4, 5, 6, 7, 8, 9]
^^^
sold
[0, 1, 3, 4, 5, 6, 7, 8, 9]
^^^
[0, 1, 4, 5, 6, 7, 8, 9]
^^^
[1, 4, 5, 6, 7, 8, 9]
^^^
sold
[4, 5, 6, 7, 8, 9]
^^^
sold
[4, 5, 6, 7, 9]
^^^
sold
[4, 5, 6, 7]
^^^
sold
[4, 6, 7]
^^^
sold
[4, 6]
^^^
sold
[6]
^^^
---
__
[0, 1, 2, 3, 4, 5, 6, 7, 8, 9]
[0, 1, 2, 3, 4, 5, 6, 8, 9]
[0, 1, 2, 3, 5, 6, 8, 9]
[0, 2, 3, 5, 6, 8, 9]
[0, 2, 3, 6, 8, 9]
[0, 2, 3, 8, 9]
[2, 3, 8, 9]
[3, 8, 9]
[3, 8]
[3]
producing
producing
producing
producing
producing
producing
producing
producing
producing
producing
Day 143:
Household 1: Income: -2.7656920725395366, Goods: 46, Land: 2557, Labour: 5161, Capital: 5610
Household 2: Income: 518.373097466813, Goods: 140, Land: 7618, Labour: 7277, Capital: 6360
Household 3: Income: 1175.1151898399935, Goods: 141, Land: 9196, Labour: 2997, Capital: 3057
Household 4: Income: 8.623853240727295, Goods: 73, Land: 4104, Labour: 8541, Capital: 1506
Household 5: Income: 194.7157829941325, Goods: 132, Land: 6137, Labour: 9638, Capital: 3927
Household 6: Income: 73.38712499543983, Goods: 130, Land: 4106, Labour: 4146, Capital: 1648
Household 7: Income: 13.597563241166853, Goods: 96, Land: 3326, Labour: 2971, Capital: 7469
Household 8: Income: 1172.774182056647, Goods: 141, Land: 9790, Labour: 6635, Capital: 9262
Household 9: Income: 38.469405714362125, Goods: 122, Land: 1366, Labour: 8320, Capital: 2543
Household 10: Income: 27.10976799818785, Goods: 87, Land: 8371, Labour: 9286, Capital: 7270
Firm 1: Money: -107.8002022642985, Goods: 53, Land: 0, Labour: 0, Capital: 0, Goods Price: 33.81226126879567
Firm 2: Money: -145.98416113118003, Goods: 40, Land: 0, Labour: 0, Capital: 0, Goods Price: 38.2133270064411
Firm 3: Money: -668.778292428538, Goods: 44, Land: 0, Labour: 0, Capital: 0, Goods Price: 40.069545650858686
Firm 4: Money: -651.331028589232, Goods: 50, Land: 0, Labour: 0, Capital: 0, Goods Price: 26.79955716503823
Firm 5: Money: 85.14955503805028, Goods: 32, Land: 0, Labour: 0, Capital: 0, Goods Price: 29.48749235952126
Firm 6: Money: 993.60330556728, Goods: 15, Land: 0, Labour: 0, Capital: 0, Goods Price: 0.43292125251868807
Firm 7: Money: 1052.3666990589818, Goods: 22, Land: 0, Labour: 0, Capital: 0, Goods Price: 6.131336997412615
Firm 8: Money: 831.621415552055, Goods: 23, Land: 0, Labour: 0, Capital: 0, Goods Price: 35.61280918875211
Firm 9: Money: 1031.2101903714936, Goods: 28, Land: 0, Labour: 0, Capital: 0, Goods Price: 29.40717611483343
Firm 10: Money: 527.5992884428839, Goods: 15, Land: 0, Labour: 0, Capital: 0, Goods Price: 6.341449680623664
Self.nfirms:  10
[0, 1, 2, 3, 4, 5, 6, 7, 8, 9]
^^^
[1, 2, 3, 4, 5, 6, 7, 8, 9]
^^^
sold
[2, 3, 4, 5, 6, 7, 8, 9]
^^^
sold
[2, 3, 4, 5, 6, 7, 9]
^^^
[2, 3, 4, 5, 6, 7]
^^^
sold
[2, 3, 4, 6, 7]
^^^
[2, 4, 6, 7]
^^^
sold
[4, 6, 7]
^^^
[6, 7]
^^^
sold
[6]
^^^
---
__
[0, 1, 2, 3, 4, 5, 6, 7, 8, 9]
[0, 1, 2, 3, 4, 5, 7, 8, 9]
[1, 2, 3, 4, 5, 7, 8, 9]
[1, 2, 3, 4, 5, 8, 9]
[1, 3, 4, 5, 8, 9]
[3, 4, 5, 8, 9]
[3, 4, 8, 9]
[3, 4, 8]
[3, 4]
[3]
producing
producing
producing
producing
producing
producing
producing
producing
producing
producing
Day 144:
Household 1: Income: 4.0182434431146445, Goods: 46, Land: 2556, Labour: 5160, Capital: 5609
Household 2: Income: 552.6916276754481, Goods: 141, Land: 7617, Labour: 7276, Capital: 6359
Household 3: Income: 1186.4755202247643, Goods: 142, Land: 9195, Labour: 2996, Capital: 3056
Household 4: Income: 24.94101958266558, Goods: 73, Land: 4103, Labour: 8540, Capital: 1505
Household 5: Income: 183.4260748128561, Goods: 133, Land: 6136, Labour: 9637, Capital: 3926
Household 6: Income: 58.71363236908233, Goods: 131, Land: 4105, Labour: 4145, Capital: 1647
Household 7: Income: 10.462379369993105, Goods: 96, Land: 3325, Labour: 2970, Capital: 7468
Household 8: Income: 1188.0951931555358, Goods: 142, Land: 9789, Labour: 6634, Capital: 9261
Household 9: Income: 28.32229495866194, Goods: 123, Land: 1365, Labour: 8319, Capital: 2542
Household 10: Income: 20.132000036015675, Goods: 88, Land: 8370, Labour: 9285, Capital: 7269
Firm 1: Money: -84.81274197667729, Goods: 53, Land: 0, Labour: 0, Capital: 0, Goods Price: 15.676246295943141
Firm 2: Money: -162.30132747311833, Goods: 41, Land: 0, Labour: 0, Capital: 0, Goods Price: 18.658597586721417
Firm 3: Money: -700.4266341583542, Goods: 45, Land: 0, Labour: 0, Capital: 0, Goods Price: 38.953307335700536
Firm 4: Money: -662.1637068111378, Goods: 50, Land: 0, Labour: 0, Capital: 0, Goods Price: 49.42062596490497
Firm 5: Money: 88.59797774502181, Goods: 32, Land: 0, Labour: 0, Capital: 0, Goods Price: 27.767378701027823
Firm 6: Money: 973.6417003308633, Goods: 15, Land: 0, Labour: 0, Capital: 0, Goods Price: 22.56690358477848
Firm 7: Money: 1057.4722885888643, Goods: 22, Land: 0, Labour: 0, Capital: 0, Goods Price: 6.131336997412615
Firm 8: Money: 865.1717115161739, Goods: 23, Land: 0, Labour: 0, Capital: 0, Goods Price: 9.09821172073078
Firm 9: Money: 1012.2008505866297, Goods: 29, Land: 0, Labour: 0, Capital: 0, Goods Price: 27.349949607893212
Firm 10: Money: 522.3989411160236, Goods: 15, Land: 0, Labour: 0, Capital: 0, Goods Price: 16.158057857662854
Self.nfirms:  10
[0, 1, 2, 3, 4, 5, 6, 7, 8, 9]
^^^
[0, 1, 2, 4, 5, 6, 7, 8, 9]
^^^
[1, 2, 4, 5, 6, 7, 8, 9]
^^^
sold
[2, 4, 5, 6, 7, 8, 9]
^^^
sold
[2, 4, 5, 6, 7, 8]
^^^
[2, 4, 5, 7, 8]
^^^
sold
[2, 4, 5, 8]
^^^
sold
[2, 4, 8]
^^^
[2, 8]
^^^
sold
[8]
^^^
sold
---
__
[0, 1, 2, 3, 4, 5, 6, 7, 8, 9]
[1, 2, 3, 4, 5, 6, 7, 8, 9]
[1, 2, 3, 4, 5, 7, 8, 9]
[1, 2, 3, 4, 5, 7, 8]
[1, 2, 3, 5, 7, 8]
[2, 3, 5, 7, 8]
[3, 5, 7, 8]
[3, 5, 7]
[3, 5]
[5]
producing
producing
producing
producing
producing
producing
producing
producing
producing
producing
Day 145:
Household 1: Income: 0.883059571940894, Goods: 46, Land: 2555, Labour: 5159, Capital: 5608
Household 2: Income: 534.7345315407907, Goods: 142, Land: 7616, Labour: 7275, Capital: 6358
Household 3: Income: 1198.3493931076011, Goods: 143, Land: 9194, Labour: 2995, Capital: 3055
Household 4: Income: 51.49040593076023, Goods: 73, Land: 4102, Labour: 8539, Capital: 1504
Household 5: Income: 149.01661543502837, Goods: 134, Land: 6135, Labour: 9636, Capital: 3925
Household 6: Income: 58.08785494142612, Goods: 132, Land: 4104, Labour: 4144, Capital: 1646
Household 7: Income: 13.822024045607503, Goods: 96, Land: 3324, Labour: 2969, Capital: 7467
Household 8: Income: 1212.6428874912745, Goods: 143, Land: 9788, Labour: 6633, Capital: 9260
Household 9: Income: 27.568860530621826, Goods: 124, Land: 1364, Labour: 8318, Capital: 2541
Household 10: Income: 43.62971306614777, Goods: 89, Land: 8369, Labour: 9284, Capital: 7268
Firm 1: Money: -108.31045500680939, Goods: 53, Land: 0, Labour: 0, Capital: 0, Goods Price: 43.704486151212784
Firm 2: Money: -186.84902180885695, Goods: 41, Land: 0, Labour: 0, Capital: 0, Goods Price: 41.386791828539465
Firm 3: Money: -690.108576072832, Goods: 45, Land: 0, Labour: 0, Capital: 0, Goods Price: 32.83710512472495
Firm 4: Money: -627.7542474333102, Goods: 50, Land: 0, Labour: 0, Capital: 0, Goods Price: 26.79955716503823
Firm 5: Money: 62.048591396927144, Goods: 33, Land: 0, Labour: 0, Capital: 0, Goods Price: 29.91544227708292
Firm 6: Money: 977.639637897084, Goods: 15, Land: 0, Labour: 0, Capital: 0, Goods Price: 22.206705965228252
Firm 7: Money: 1060.607472460038, Goods: 23, Land: 0, Labour: 0, Capital: 0, Goods Price: 6.131336997412615
Firm 8: Money: 849.9256784947725, Goods: 23, Land: 0, Labour: 0, Capital: 0, Goods Price: 28.403453433721822
Firm 9: Money: 1020.5933230638049, Goods: 29, Land: 0, Labour: 0, Capital: 0, Goods Price: 26.233711292735062
Firm 10: Money: 519.0392964404091, Goods: 16, Land: 0, Labour: 0, Capital: 0, Goods Price: 6.341449680623664
Self.nfirms:  10
[0, 1, 2, 3, 4, 5, 6, 7, 8, 9]
^^^
sold
[0, 2, 3, 4, 5, 6, 7, 8, 9]
^^^
sold
[0, 2, 3, 4, 6, 7, 8, 9]
^^^
[0, 2, 3, 6, 7, 8, 9]
^^^
[0, 2, 3, 6, 7, 8]
^^^
sold
[0, 2, 3, 6, 8]
^^^
[2, 3, 6, 8]
^^^
[2, 3, 8]
^^^
sold
[3, 8]
^^^
[8]
^^^
sold
---
__
[0, 1, 2, 3, 4, 5, 6, 7, 8, 9]
[0, 1, 2, 3, 4, 5, 7, 8, 9]
[0, 1, 2, 3, 4, 5, 7, 8]
[1, 2, 3, 4, 5, 7, 8]
[2, 3, 4, 5, 7, 8]
[2, 3, 4, 7, 8]
[2, 3, 4, 8]
[2, 4, 8]
[4, 8]
[8]
producing
producing
producing
producing
producing
producing
producing
producing
producing
producing
Day 146:
Household 1: Income: -2.2521242992328565, Goods: 46, Land: 2554, Labour: 5158, Capital: 5607
Household 2: Income: 543.2522717092095, Goods: 143, Land: 7615, Labour: 7274, Capital: 6357
Household 3: Income: 1210.6848796364427, Goods: 144, Land: 9193, Labour: 2994, Capital: 3054
Household 4: Income: 23.00564703559005, Goods: 74, Land: 4101, Labour: 8538, Capital: 1503
Household 5: Income: 133.9517577195457, Goods: 135, Land: 6134, Labour: 9635, Capital: 3924
Household 6: Income: 57.962212535214626, Goods: 133, Land: 4103, Labour: 4143, Capital: 1645
Household 7: Income: 43.37518149284797, Goods: 96, Land: 3323, Labour: 2968, Capital: 7466
Household 8: Income: 1193.8451389059996, Goods: 144, Land: 9787, Labour: 6632, Capital: 9259
Household 9: Income: 41.08516481234024, Goods: 125, Land: 1363, Labour: 8317, Capital: 2540
Household 10: Income: 57.32293168150173, Goods: 90, Land: 8368, Labour: 9283, Capital: 7267
Firm 1: Money: -95.40696434130044, Goods: 53, Land: 0, Labour: 0, Capital: 0, Goods Price: 35.532374927289105
Firm 2: Money: -158.3642629136868, Goods: 41, Land: 0, Labour: 0, Capital: 0, Goods Price: 18.658597586721417
Firm 3: Money: -692.9606781434435, Goods: 45, Land: 0, Labour: 0, Capital: 0, Goods Price: 38.953307335700536
Firm 4: Money: -638.586925655216, Goods: 50, Land: 0, Labour: 0, Capital: 0, Goods Price: 49.42062596490497
Firm 5: Money: 32.49543394968667, Goods: 34, Land: 0, Labour: 0, Capital: 0, Goods Price: 32.91921337622873
Firm 6: Money: 962.4054476464265, Goods: 16, Land: 0, Labour: 0, Capital: 0, Goods Price: 20.50967707783826
Firm 7: Money: 1068.809617667612, Goods: 23, Land: 0, Labour: 0, Capital: 0, Goods Price: 6.131336997412615
Firm 8: Money: 858.1081194298654, Goods: 23, Land: 0, Labour: 0, Capital: 0, Goods Price: 26.68333977522839
Firm 9: Money: 1022.0548004840551, Goods: 29, Land: 0, Labour: 0, Capital: 0, Goods Price: 30.009733964176593
Firm 10: Money: 506.26939573896817, Goods: 16, Land: 0, Labour: 0, Capital: 0, Goods Price: 23.727611232243373
Self.nfirms:  10
[0, 1, 2, 3, 4, 5, 6, 7, 8, 9]
^^^
sold
[0, 1, 2, 3, 4, 5, 6, 7, 9]
^^^
sold
[0, 1, 2, 3, 4, 5, 6, 7]
^^^
sold
[0, 1, 3, 4, 5, 6, 7]
^^^
[0, 1, 3, 4, 5, 7]
^^^
[1, 3, 4, 5, 7]
^^^
sold
[3, 4, 5, 7]
^^^
sold
[3, 4, 5]
^^^
sold
[3, 4]
^^^
[4]
^^^
sold
---
__
[0, 1, 2, 3, 4, 5, 6, 7, 8, 9]
[0, 2, 3, 4, 5, 6, 7, 8, 9]
[0, 2, 4, 5, 6, 7, 8, 9]
[0, 2, 4, 5, 7, 8, 9]
[2, 4, 5, 7, 8, 9]
[2, 5, 7, 8, 9]
[5, 7, 8, 9]
[5, 8, 9]
[8, 9]
[8]
producing
producing
producing
producing
producing
producing
producing
producing
producing
producing
Day 147:
Household 1: Income: -1.2539867356118108, Goods: 46, Land: 2553, Labour: 5157, Capital: 5606
Household 2: Income: 543.9536930473334, Goods: 144, Land: 7614, Labour: 7273, Capital: 6356
Household 3: Income: 1211.7045025419736, Goods: 145, Land: 9192, Labour: 2993, Capital: 3053
Household 4: Income: -3.9106495343624097, Goods: 75, Land: 4100, Labour: 8537, Capital: 1502
Household 5: Income: 138.8827060387963, Goods: 136, Land: 6133, Labour: 9634, Capital: 3923
Household 6: Income: 47.898905257358436, Goods: 134, Land: 4102, Labour: 4142, Capital: 1644
Household 7: Income: 35.67840143845922, Goods: 97, Land: 3322, Labour: 2967, Capital: 7465
Household 8: Income: 1172.7083176225074, Goods: 145, Land: 9786, Labour: 6631, Capital: 9258
Household 9: Income: 44.34206328369825, Goods: 126, Land: 1362, Labour: 8316, Capital: 2539
Household 10: Income: 75.98721392973872, Goods: 91, Land: 8367, Labour: 9282, Capital: 7266
Firm 1: Money: -98.16195395465878, Goods: 53, Land: 0, Labour: 0, Capital: 0, Goods Price: 43.704486151212784
Firm 2: Money: -173.27866599521246, Goods: 41, Land: 0, Labour: 0, Capital: 0, Goods Price: 39.32956532159925
Firm 3: Money: -682.8973708655874, Goods: 45, Land: 0, Labour: 0, Capital: 0, Goods Price: 34.55721878321838
Firm 4: Money: -625.529487803537, Goods: 50, Land: 0, Labour: 0, Capital: 0, Goods Price: 40.49115655138125
Firm 5: Money: 31.7940126115627, Goods: 34, Land: 0, Labour: 0, Capital: 0, Goods Price: 33.8835809120034
Firm 6: Money: 983.3959063437754, Goods: 16, Land: 0, Labour: 0, Capital: 0, Goods Price: 0.43292125251868807
Firm 7: Money: 1055.743169054906, Goods: 23, Land: 0, Labour: 0, Capital: 0, Goods Price: 33.38939421129528
Firm 8: Money: 857.1099818662444, Goods: 24, Land: 0, Labour: 0, Capital: 0, Goods Price: 9.09821172073078
Firm 9: Money: 1030.2937901149653, Goods: 29, Land: 0, Labour: 0, Capital: 0, Goods Price: 29.046978495283202
Firm 10: Money: 522.5964968300767, Goods: 16, Land: 0, Labour: 0, Capital: 0, Goods Price: 6.341449680623664
Self.nfirms:  10
[0, 1, 2, 3, 4, 5, 6, 7, 8, 9]
^^^
[0, 1, 2, 3, 4, 5, 7, 8, 9]
^^^
[1, 2, 3, 4, 5, 7, 8, 9]
^^^
sold
[2, 3, 4, 5, 7, 8, 9]
^^^
sold
[2, 3, 4, 5, 7, 9]
^^^
sold
[3, 4, 5, 7, 9]
^^^
sold
[3, 5, 7, 9]
^^^
sold
[3, 5, 9]
^^^
[5, 9]
^^^
sold
[9]
^^^
---
__
[0, 1, 2, 3, 4, 5, 6, 7, 8, 9]
[0, 2, 3, 4, 5, 6, 7, 8, 9]
[0, 3, 4, 5, 6, 7, 8, 9]
[3, 4, 5, 6, 7, 8, 9]
[3, 4, 5, 6, 7, 9]
[3, 4, 5, 7, 9]
[3, 4, 5, 7]
[3, 4, 5]
[4, 5]
[4]
producing
producing
producing
producing
producing
producing
producing
producing
producing
producing
Day 148:
Household 1: Income: 17.256670652567408, Goods: 46, Land: 2552, Labour: 5156, Capital: 5605
Household 2: Income: 552.0765429934397, Goods: 145, Land: 7613, Labour: 7272, Capital: 6355
Household 3: Income: 1201.5737578319595, Goods: 146, Land: 9191, Labour: 2992, Capital: 3052
Household 4: Income: -3.5217865340079526, Goods: 75, Land: 4099, Labour: 8536, Capital: 1501
Household 5: Income: 168.16883654253672, Goods: 137, Land: 6132, Labour: 9633, Capital: 3922
Household 6: Income: 75.22516731588293, Goods: 135, Land: 4101, Labour: 4141, Capital: 1643
Household 7: Income: 66.36237563250087, Goods: 97, Land: 3321, Labour: 2966, Capital: 7464
Household 8: Income: 1175.6952031171202, Goods: 146, Land: 9785, Labour: 6630, Capital: 9257
Household 9: Income: 41.77273828409772, Goods: 127, Land: 1361, Labour: 8315, Capital: 2538
Household 10: Income: 28.861382706081745, Goods: 92, Land: 8366, Labour: 9281, Capital: 7265
Firm 1: Money: -130.3143449692992, Goods: 54, Land: 0, Labour: 0, Capital: 0, Goods Price: 41.0447017949294
Firm 2: Money: -203.03435954589483, Goods: 42, Land: 0, Labour: 0, Capital: 0, Goods Price: 32.09712479546552
Firm 3: Money: -683.0649917419308, Goods: 45, Land: 0, Labour: 0, Capital: 0, Goods Price: 37.98893979992586
Firm 4: Money: -600.0494978392331, Goods: 50, Land: 0, Labour: 0, Capital: 0, Goods Price: 26.79955716503823
Firm 5: Money: 5.672576181029704, Goods: 35, Land: 0, Labour: 0, Capital: 0, Goods Price: 29.48749235952126
Firm 6: Money: 968.0731287802845, Goods: 16, Land: 0, Labour: 0, Capital: 0, Goods Price: 19.393438762680113
Firm 7: Money: 1091.2033714763627, Goods: 23, Land: 0, Labour: 0, Capital: 0, Goods Price: 6.131336997412615
Firm 8: Money: 835.232151204445, Goods: 24, Land: 0, Labour: 0, Capital: 0, Goods Price: 35.973006808302344
Firm 9: Money: 1054.7909742711906, Goods: 29, Land: 0, Labour: 0, Capital: 0, Goods Price: 8.729472823383878
Firm 10: Money: 505.0771487332928, Goods: 16, Land: 0, Labour: 0, Capital: 0, Goods Price: 23.36741361269315
Self.nfirms:  10
[0, 1, 2, 3, 4, 5, 6, 7, 8, 9]
^^^
sold
[0, 1, 2, 3, 4, 5, 6, 7, 9]
^^^
sold
[0, 2, 3, 4, 5, 6, 7, 9]
^^^
[0, 2, 4, 5, 6, 7, 9]
^^^
sold
[0, 2, 5, 6, 7, 9]
^^^
sold
[0, 2, 5, 6, 9]
^^^
[0, 2, 5, 6]
^^^
sold
[0, 2, 6]
^^^
[2, 6]
^^^
[2]
^^^
sold
---
__
[0, 1, 2, 3, 4, 5, 6, 7, 8, 9]
[0, 1, 2, 3, 4, 5, 7, 8, 9]
[0, 1, 2, 3, 4, 7, 8, 9]
[0, 1, 2, 3, 4, 7, 8]
[0, 2, 3, 4, 7, 8]
[0, 2, 3, 4, 7]
[2, 3, 4, 7]
[2, 3, 7]
[2, 7]
[7]
producing
producing
producing
producing
producing
producing
producing
producing
producing
producing
Day 149:
Household 1: Income: 18.25480821618845, Goods: 46, Land: 2551, Labour: 5155, Capital: 5604
Household 2: Income: 576.9677048844086, Goods: 146, Land: 7612, Labour: 7271, Capital: 6354
Household 3: Income: 1188.0112921052378, Goods: 147, Land: 9190, Labour: 2991, Capital: 3051
Household 4: Income: 14.410768928723114, Goods: 75, Land: 4098, Labour: 8535, Capital: 1500
Household 5: Income: 170.76124433775945, Goods: 138, Land: 6131, Labour: 9632, Capital: 3921
Household 6: Income: 63.217363966717194, Goods: 136, Land: 4100, Labour: 4140, Capital: 1642
Household 7: Income: 60.92190259217398, Goods: 98, Land: 3320, Labour: 2965, Capital: 7463
Household 8: Income: 1162.9343060036035, Goods: 147, Land: 9784, Labour: 6629, Capital: 9256
Household 9: Income: 66.46147049837987, Goods: 128, Land: 1360, Labour: 8314, Capital: 2537
Household 10: Income: 50.53050684722892, Goods: 92, Land: 8365, Labour: 9280, Capital: 7264
Firm 1: Money: -123.50235967678113, Goods: 54, Land: 0, Labour: 0, Capital: 0, Goods Price: 38.96409594399658
Firm 2: Money: -197.2777948925427, Goods: 42, Land: 0, Labour: 0, Capital: 0, Goods Price: 32.09712479546552
Firm 3: Money: -667.0494728702565, Goods: 45, Land: 0, Labour: 0, Capital: 0, Goods Price: 25.237521068615287
Firm 4: Money: -618.5601552274125, Goods: 51, Land: 0, Labour: 0, Capital: 0, Goods Price: 26.79955716503823
Firm 5: Money: -24.84494880198544, Goods: 36, Land: 0, Labour: 0, Capital: 0, Goods Price: 33.8835809120034
Firm 6: Money: 974.2695149902238, Goods: 16, Land: 0, Labour: 0, Capital: 0, Goods Price: 14.997350210197961
Firm 7: Money: 1072.147459470054, Goods: 23, Land: 0, Labour: 0, Capital: 0, Goods Price: 33.38939421129528
Firm 8: Money: 834.2340136408241, Goods: 25, Land: 0, Labour: 0, Capital: 0, Goods Price: 9.09821172073078
Firm 9: Money: 1038.7482132220896, Goods: 29, Land: 0, Labour: 0, Capital: 0, Goods Price: 30.009733964176593
Firm 10: Money: 506.42120685779184, Goods: 16, Land: 0, Labour: 0, Capital: 0, Goods Price: 23.36741361269315
Self.nfirms:  10
[0, 1, 2, 3, 4, 5, 6, 7, 8, 9]
^^^
sold
[0, 1, 2, 3, 4, 5, 6, 8, 9]
^^^
sold
[0, 1, 2, 3, 5, 6, 8, 9]
^^^
[0, 1, 2, 5, 6, 8, 9]
^^^
[0, 1, 2, 5, 6, 8]
^^^
sold
[0, 2, 5, 6, 8]
^^^
sold
[0, 2, 6, 8]
^^^
[2, 6, 8]
^^^
sold
[2, 6]
^^^
[2]
^^^
sold
---
__
[0, 1, 2, 3, 4, 5, 6, 7, 8, 9]
[0, 2, 3, 4, 5, 6, 7, 8, 9]
[0, 2, 4, 5, 6, 7, 8, 9]
[0, 2, 4, 6, 7, 8, 9]
[0, 2, 4, 6, 8, 9]
[0, 4, 6, 8, 9]
[0, 4, 8, 9]
[0, 4, 8]
[4, 8]
[4]
producing
producing
producing
producing
producing
producing
producing
producing
producing
producing
Day 150:
Household 1: Income: 36.18736367891952, Goods: 46, Land: 2550, Labour: 5154, Capital: 5603
Household 2: Income: 571.6242436547648, Goods: 147, Land: 7611, Labour: 7270, Capital: 6353
Household 3: Income: 1192.7653354373624, Goods: 148, Land: 9189, Labour: 2990, Capital: 3050
Household 4: Income: 30.727935270661398, Goods: 75, Land: 4097, Labour: 8534, Capital: 1499
Household 5: Income: 166.29234637907513, Goods: 139, Land: 6130, Labour: 9631, Capital: 3920
Household 6: Income: 54.984710151757724, Goods: 137, Land: 4099, Labour: 4139, Capital: 1641
Household 7: Income: 38.56322878786416, Goods: 99, Land: 3319, Labour: 2964, Capital: 7462
Household 8: Income: 1193.589810939705, Goods: 148, Land: 9783, Labour: 6628, Capital: 9255
Household 9: Income: 53.7444642849371, Goods: 129, Land: 1359, Labour: 8313, Capital: 2536
Household 10: Income: 71.44713680693513, Goods: 93, Land: 8364, Labour: 9279, Capital: 7263
Firm 1: Money: -122.45354883504594, Goods: 54, Land: 0, Labour: 0, Capital: 0, Goods Price: 43.704486151212784
Firm 2: Money: -178.08270303044648, Goods: 42, Land: 0, Labour: 0, Capital: 0, Goods Price: 18.658597586721417
Firm 3: Money: -660.8088829253849, Goods: 45, Land: 0, Labour: 0, Capital: 0, Goods Price: 25.237521068615287
Firm 4: Money: -637.2933873354907, Goods: 51, Land: 0, Labour: 0, Capital: 0, Goods Price: 49.7808235844552
Firm 5: Money: -55.36247378500058, Goods: 37, Land: 0, Labour: 0, Capital: 0, Goods Price: 33.8835809120034
Firm 6: Money: 971.9523494619933, Goods: 16, Land: 0, Labour: 0, Capital: 0, Goods Price: 18.429071226905435
Firm 7: Money: 1050.0818126342854, Goods: 24, Land: 0, Labour: 0, Capital: 0, Goods Price: 31.332167704355054
Firm 8: Money: 820.6168240203993, Goods: 25, Land: 0, Labour: 0, Capital: 0, Goods Price: 35.61280918875211
Firm 9: Money: 1051.785745099319, Goods: 29, Land: 0, Labour: 0, Capital: 0, Goods Price: 21.83762274025291
Firm 10: Money: 516.6947343958145, Goods: 16, Land: 0, Labour: 0, Capital: 0, Goods Price: 14.437944199169422
Self.nfirms:  10
[0, 1, 2, 3, 4, 5, 6, 7, 8, 9]
^^^
sold
[0, 1, 3, 4, 5, 6, 7, 8, 9]
^^^
[0, 1, 4, 5, 6, 7, 8, 9]
^^^
sold
[0, 4, 5, 6, 7, 8, 9]
^^^
sold
[0, 4, 5, 6, 7, 9]
^^^
[4, 5, 6, 7, 9]
^^^
sold
[5, 6, 7, 9]
^^^
sold
[5, 6, 9]
^^^
sold
[5, 9]
^^^
[5]
^^^
sold
---
__
[0, 1, 2, 3, 4, 5, 6, 7, 8, 9]
[1, 2, 3, 4, 5, 6, 7, 8, 9]
[1, 2, 3, 5, 6, 7, 8, 9]
[1, 2, 5, 6, 7, 8, 9]
[1, 2, 5, 6, 8, 9]
[1, 5, 6, 8, 9]
[1, 5, 8, 9]
[1, 5, 9]
[1, 9]
[1]
producing
producing
producing
producing
producing
producing
producing
producing
producing
producing
Day 151:
Household 1: Income: 31.344798104257478, Goods: 46, Land: 2549, Labour: 5153, Capital: 5602
Household 2: Income: 548.5952086400254, Goods: 148, Land: 7610, Labour: 7269, Capital: 6352
Household 3: Income: 1198.7312538857884, Goods: 149, Land: 9188, Labour: 2989, Capital: 3049
Household 4: Income: 57.27732161875605, Goods: 75, Land: 4096, Labour: 8533, Capital: 1498
Household 5: Income: 163.04067186836267, Goods: 140, Land: 6129, Labour: 9630, Capital: 3919
Household 6: Income: 69.43676601043265, Goods: 138, Land: 4098, Labour: 4138, Capital: 1640
Household 7: Income: 52.98759661074568, Goods: 100, Land: 3318, Labour: 2963, Capital: 7461
Household 8: Income: 1187.485140865858, Goods: 149, Land: 9782, Labour: 6627, Capital: 9254
Household 9: Income: 65.90593590991044, Goods: 130, Land: 1358, Labour: 8312, Capital: 2535
Household 10: Income: 32.03513149131723, Goods: 94, Land: 8363, Labour: 9278, Capital: 7262
Firm 1: Money: -111.92395757887834, Goods: 54, Land: 0, Labour: 0, Capital: 0, Goods Price: 38.96409594399658
Firm 2: Money: -190.2441746554198, Goods: 42, Land: 0, Labour: 0, Capital: 0, Goods Price: 32.09712479546552
Firm 3: Money: -666.2988042038274, Goods: 45, Land: 0, Labour: 0, Capital: 0, Goods Price: 34.55721878321838
Firm 4: Money: -655.80404472367, Goods: 52, Land: 0, Labour: 0, Capital: 0, Goods Price: 26.79955716503823
Firm 5: Money: -81.91186013309525, Goods: 38, Land: 0, Labour: 0, Capital: 0, Goods Price: 29.91544227708292
Firm 6: Money: 992.4423323774815, Goods: 16, Land: 0, Labour: 0, Capital: 0, Goods Price: 0.43292125251868807
Firm 7: Money: 1053.490373276778, Goods: 24, Land: 0, Labour: 0, Capital: 0, Goods Price: 33.02919659174505
Firm 8: Money: 860.0288293360173, Goods: 25, Land: 0, Labour: 0, Capital: 0, Goods Price: 9.09821172073078
Firm 9: Money: 1048.5159360822474, Goods: 29, Land: 0, Labour: 0, Capital: 0, Goods Price: 29.40717611483343
Firm 10: Money: 511.922590309338, Goods: 16, Land: 0, Labour: 0, Capital: 0, Goods Price: 20.554146410145005
Self.nfirms:  10
[0, 1, 2, 3, 4, 5, 6, 7, 8, 9]
^^^
[0, 1, 2, 3, 4, 5, 7, 8, 9]
^^^
sold
[0, 2, 3, 4, 5, 7, 8, 9]
^^^
[0, 2, 4, 5, 7, 8, 9]
^^^
sold
[0, 2, 4, 5, 8, 9]
^^^
[2, 4, 5, 8, 9]
^^^
sold
[2, 4, 5, 9]
^^^
sold
[4, 5, 9]
^^^
sold
[4, 9]
^^^
sold
[9]
^^^
---
__
[0, 1, 2, 3, 4, 5, 6, 7, 8, 9]
[0, 1, 2, 4, 5, 6, 7, 8, 9]
[0, 1, 2, 4, 5, 6, 7, 9]
[0, 1, 2, 4, 6, 7, 9]
[0, 1, 2, 4, 6, 9]
[0, 1, 2, 4, 6]
[0, 1, 4, 6]
[0, 4, 6]
[0, 4]
[4]
producing
producing
producing
producing
producing
producing
producing
producing
producing
producing
Day 152:
Household 1: Income: 17.71664295249043, Goods: 47, Land: 2548, Labour: 5152, Capital: 5601
Household 2: Income: 552.3004010772952, Goods: 149, Land: 7609, Labour: 7268, Capital: 6351
Household 3: Income: 1184.193632014996, Goods: 150, Land: 9187, Labour: 2988, Capital: 3048
Household 4: Income: 36.08685692706253, Goods: 76, Land: 4095, Labour: 8532, Capital: 1497
Household 5: Income: 164.72322229984235, Goods: 141, Land: 6128, Labour: 9629, Capital: 3918
Household 6: Income: 80.36345502144137, Goods: 139, Land: 4097, Labour: 4137, Capital: 1639
Household 7: Income: 34.40407234064213, Goods: 101, Land: 3317, Labour: 2962, Capital: 7460
Household 8: Income: 1192.8264931343974, Goods: 150, Land: 9781, Labour: 6626, Capital: 9253
Household 9: Income: 69.92644795656696, Goods: 131, Land: 1357, Labour: 8311, Capital: 2534
Household 10: Income: 15.004402208925864, Goods: 95, Land: 8362, Labour: 9277, Capital: 7261
Firm 1: Money: -111.21034462198267, Goods: 54, Land: 0, Labour: 0, Capital: 0, Goods Price: 43.10192830186962
Firm 2: Money: -184.48761000206767, Goods: 42, Land: 0, Labour: 0, Capital: 0, Goods Price: 32.09712479546552
Firm 3: Money: -667.9813546353072, Goods: 45, Land: 0, Labour: 0, Capital: 0, Goods Price: 40.069545650858686
Firm 4: Money: -648.5795206078235, Goods: 52, Land: 0, Labour: 0, Capital: 0, Goods Price: 26.79955716503823
Firm 5: Money: -85.61705257036505, Goods: 38, Land: 0, Labour: 0, Capital: 0, Goods Price: 33.8835809120034
Firm 6: Money: 981.5156433664729, Goods: 16, Land: 0, Labour: 0, Capital: 0, Goods Price: 14.997350210197961
Firm 7: Money: 1085.493822400993, Goods: 24, Land: 0, Labour: 0, Capital: 0, Goods Price: 6.131336997412615
Firm 8: Money: 872.926237183614, Goods: 25, Land: 0, Labour: 0, Capital: 0, Goods Price: 9.09821172073078
Firm 9: Money: 1063.7260146882625, Goods: 29, Land: 0, Labour: 0, Capital: 0, Goods Price: 25.269343756960385
Firm 10: Money: 513.7255839569686, Goods: 16, Land: 0, Labour: 0, Capital: 0, Goods Price: 23.36741361269315
Self.nfirms:  10
[0, 1, 2, 3, 4, 5, 6, 7, 8, 9]
^^^
[0, 1, 2, 3, 4, 5, 6, 7, 8]
^^^
sold
[0, 1, 3, 4, 5, 6, 7, 8]
^^^
sold
[0, 1, 3, 5, 6, 7, 8]
^^^
sold
[0, 1, 3, 5, 7, 8]
^^^
sold
[0, 1, 3, 7, 8]
^^^
sold
[0, 1, 3, 8]
^^^
sold
[0, 3, 8]
^^^
[3, 8]
^^^
sold
[3]
^^^
---
__
[0, 1, 2, 3, 4, 5, 6, 7, 8, 9]
[0, 1, 2, 3, 4, 6, 7, 8, 9]
[0, 1, 3, 4, 6, 7, 8, 9]
[0, 1, 3, 4, 7, 8, 9]
[0, 3, 4, 7, 8, 9]
[0, 3, 4, 7, 9]
[0, 3, 7, 9]
[3, 7, 9]
[3, 9]
[9]
producing
producing
producing
producing
producing
producing
producing
producing
producing
producing
Day 153:
Household 1: Income: 22.331754929452032, Goods: 48, Land: 2547, Labour: 5151, Capital: 5600
Household 2: Income: 563.0722498954219, Goods: 150, Land: 7608, Labour: 7267, Capital: 6350
Household 3: Income: 1183.817732142853, Goods: 151, Land: 9186, Labour: 2987, Capital: 3047
Household 4: Income: 36.475719927416975, Goods: 76, Land: 4094, Labour: 8531, Capital: 1496
Household 5: Income: 156.3804773933312, Goods: 142, Land: 6127, Labour: 9628, Capital: 3917
Household 6: Income: 77.1563302838202, Goods: 140, Land: 4096, Labour: 4136, Capital: 1638
Household 7: Income: 35.341960416248206, Goods: 102, Land: 3316, Labour: 2961, Capital: 7459
Household 8: Income: 1190.933673535297, Goods: 151, Land: 9780, Labour: 6625, Capital: 9252
Household 9: Income: 64.30474547873759, Goods: 132, Land: 1356, Labour: 8310, Capital: 2533
Household 10: Income: 38.24152513337939, Goods: 96, Land: 8361, Labour: 9276, Capital: 7260
Firm 1: Money: -103.1854344851156, Goods: 54, Land: 0, Labour: 0, Capital: 0, Goods Price: 39.92846347977125
Firm 2: Money: -192.7133950513184, Goods: 42, Land: 0, Labour: 0, Capital: 0, Goods Price: 41.02659420898924
Firm 3: Money: -695.2336078126415, Goods: 46, Land: 0, Labour: 0, Capital: 0, Goods Price: 34.55721878321838
Firm 4: Money: -644.4515521696683, Goods: 52, Land: 0, Labour: 0, Capital: 0, Goods Price: 26.79955716503823
Firm 5: Money: -89.50220848254195, Goods: 38, Land: 0, Labour: 0, Capital: 0, Goods Price: 37.659603583444934
Firm 6: Money: 980.5777552908668, Goods: 16, Land: 0, Labour: 0, Capital: 0, Goods Price: 18.429071226905435
Firm 7: Money: 1074.4846002952274, Goods: 24, Land: 0, Labour: 0, Capital: 0, Goods Price: 31.332167704355054
Firm 8: Money: 868.238516976713, Goods: 25, Land: 0, Labour: 0, Capital: 0, Goods Price: 26.68333977522839
Firm 9: Money: 1087.5421197838564, Goods: 29, Land: 0, Labour: 0, Capital: 0, Goods Price: 8.729472823383878
Firm 10: Money: 513.24408161109, Goods: 16, Land: 0, Labour: 0, Capital: 0, Goods Price: 23.727611232243373
Self.nfirms:  10
[0, 1, 2, 3, 4, 5, 6, 7, 8, 9]
^^^
sold
[0, 1, 2, 3, 4, 5, 6, 8, 9]
^^^
sold
[0, 1, 2, 3, 5, 6, 8, 9]
^^^
sold
[0, 1, 3, 5, 6, 8, 9]
^^^
[1, 3, 5, 6, 8, 9]
^^^
sold
[1, 3, 5, 6, 8]
^^^
sold
[1, 3, 6, 8]
^^^
sold
[3, 6, 8]
^^^
sold
[3, 6]
^^^
[6]
^^^
---
__
[0, 1, 2, 3, 4, 5, 6, 7, 8, 9]
[0, 2, 3, 4, 5, 6, 7, 8, 9]
[0, 2, 3, 4, 5, 6, 8, 9]
[2, 3, 4, 5, 6, 8, 9]
[2, 3, 4, 5, 6, 9]
[2, 3, 5, 6, 9]
[3, 5, 6, 9]
[3, 6, 9]
[6, 9]
[6]
producing
producing
producing
producing
producing
producing
producing
producing
producing
producing
Day 154:
Household 1: Income: 7.469556446151198, Goods: 49, Land: 2546, Labour: 5150, Capital: 5599
Household 2: Income: 552.4155333275403, Goods: 151, Land: 7607, Labour: 7266, Capital: 6349
Household 3: Income: 1202.1907666313812, Goods: 152, Land: 9185, Labour: 2986, Capital: 3046
Household 4: Income: 54.40827539014804, Goods: 76, Land: 4093, Labour: 8530, Capital: 1495
Household 5: Income: 155.23797362359508, Goods: 143, Land: 6126, Labour: 9627, Capital: 3916
Household 6: Income: 75.71266559028781, Goods: 141, Land: 4095, Labour: 4135, Capital: 1637
Household 7: Income: 39.53305078607575, Goods: 103, Land: 3315, Labour: 2960, Capital: 7458
Household 8: Income: 1214.238064701809, Goods: 152, Land: 9779, Labour: 6624, Capital: 9251
Household 9: Income: 36.11942618949077, Goods: 133, Land: 1355, Labour: 8309, Capital: 2532
Household 10: Income: 22.837680112026774, Goods: 97, Land: 8360, Labour: 9275, Capital: 7259
Firm 1: Money: -109.96937000076977, Goods: 55, Land: 0, Labour: 0, Capital: 0, Goods Price: 15.676246295943141
Firm 2: Money: -184.22698371251738, Goods: 42, Land: 0, Labour: 0, Capital: 0, Goods Price: 33.81723845395895
Firm 3: Money: -680.2466913726645, Goods: 46, Land: 0, Labour: 0, Capital: 0, Goods Price: 25.237521068615287
Firm 4: Money: -662.8245866581963, Goods: 52, Land: 0, Labour: 0, Capital: 0, Goods Price: 49.42062596490497
Firm 5: Money: -85.75754630148889, Goods: 38, Land: 0, Labour: 0, Capital: 0, Goods Price: 32.91921337622873
Firm 6: Money: 984.3299146828808, Goods: 16, Land: 0, Labour: 0, Capital: 0, Goods Price: 23.169461434121647
Firm 7: Money: 1080.6480114324763, Goods: 24, Land: 0, Labour: 0, Capital: 0, Goods Price: 31.332167704355054
Firm 8: Money: 863.5737349310251, Goods: 25, Land: 0, Labour: 0, Capital: 0, Goods Price: 35.973006808302344
Firm 9: Money: 1080.3337620098066, Goods: 29, Land: 0, Labour: 0, Capital: 0, Goods Price: 20.11750908175948
Firm 10: Money: 521.0338072833671, Goods: 16, Land: 0, Labour: 0, Capital: 0, Goods Price: 20.554146410145005
Self.nfirms:  10
[0, 1, 2, 3, 4, 5, 6, 7, 8, 9]
^^^
sold
[0, 1, 3, 4, 5, 6, 7, 8, 9]
^^^
sold
[0, 1, 3, 4, 6, 7, 8, 9]
^^^
[1, 3, 4, 6, 7, 8, 9]
^^^
[1, 3, 4, 7, 8, 9]
^^^
[1, 3, 4, 7, 8]
^^^
sold
[1, 3, 7, 8]
^^^
sold
[1, 3, 7]
^^^
sold
[1, 7]
^^^
sold
[7]
^^^
sold
---
__
[0, 1, 2, 3, 4, 5, 6, 7, 8, 9]
[1, 2, 3, 4, 5, 6, 7, 8, 9]
[1, 3, 4, 5, 6, 7, 8, 9]
[1, 4, 5, 6, 7, 8, 9]
[1, 4, 6, 7, 8, 9]
[1, 4, 7, 8, 9]
[1, 4, 7, 9]
[1, 4, 7]
[4, 7]
[4]
producing
producing
producing
producing
producing
producing
producing
producing
producing
producing
Day 155:
Household 1: Income: 25.402111908882265, Goods: 49, Land: 2545, Labour: 5149, Capital: 5598
Household 2: Income: 523.9911185636785, Goods: 152, Land: 7606, Labour: 7265, Capital: 6348
Household 3: Income: 1211.997581684879, Goods: 153, Land: 9184, Labour: 2985, Capital: 3045
Household 4: Income: 67.58044001179744, Goods: 77, Land: 4092, Labour: 8529, Capital: 1494
Household 5: Income: 154.37391928318962, Goods: 144, Land: 6125, Labour: 9626, Capital: 3915
Household 6: Income: 79.9406151994586, Goods: 142, Land: 4094, Labour: 4134, Capital: 1636
Household 7: Income: 3.2988164871688452, Goods: 104, Land: 3314, Labour: 2959, Capital: 7457
Household 8: Income: 1217.2843483146064, Goods: 153, Land: 9778, Labour: 6623, Capital: 9250
Household 9: Income: 28.52243196290381, Goods: 134, Land: 1354, Labour: 8308, Capital: 2531
Household 10: Income: 40.73165471896768, Goods: 97, Land: 8359, Labour: 9274, Capital: 7258
Firm 1: Money: -123.14153462241919, Goods: 55, Land: 0, Labour: 0, Capital: 0, Goods Price: 35.96032484485077
Firm 2: Money: -185.67977481419553, Goods: 42, Land: 0, Labour: 0, Capital: 0, Goods Price: 41.02659420898924
Firm 3: Money: -677.1026571054841, Goods: 46, Land: 0, Labour: 0, Capital: 0, Goods Price: 25.237521068615287
Firm 4: Money: -650.4294408576444, Goods: 52, Land: 0, Labour: 0, Capital: 0, Goods Price: 42.21127020987468
Firm 5: Money: -88.51296168895371, Goods: 38, Land: 0, Labour: 0, Capital: 0, Goods Price: 34.99981922716155
Firm 6: Money: 966.4359400759398, Goods: 17, Land: 0, Labour: 0, Capital: 0, Goods Price: 23.169461434121647
Firm 7: Money: 1086.2195589136122, Goods: 24, Land: 0, Labour: 0, Capital: 0, Goods Price: 33.38939421129528
Firm 8: Money: 895.073415005983, Goods: 25, Land: 0, Labour: 0, Capital: 0, Goods Price: 9.09821172073078
Firm 9: Money: 1081.4937939608478, Goods: 29, Land: 0, Labour: 0, Capital: 0, Goods Price: 26.233711292735062
Firm 10: Money: 509.57766808920684, Goods: 17, Land: 0, Labour: 0, Capital: 0, Goods Price: 14.437944199169422
Self.nfirms:  10
[0, 1, 2, 3, 4, 5, 6, 7, 8, 9]
^^^
sold
[0, 2, 3, 4, 5, 6, 7, 8, 9]
^^^
sold
[0, 3, 4, 5, 6, 7, 8, 9]
^^^
[0, 4, 5, 6, 7, 8, 9]
^^^
sold
[0, 4, 5, 6, 8, 9]
^^^
[0, 4, 5, 6, 9]
^^^
[4, 5, 6, 9]
^^^
sold
[5, 6, 9]
^^^
sold
[5, 6]
^^^
[5]
^^^
sold
---
__
[0, 1, 2, 3, 4, 5, 6, 7, 8, 9]
[0, 1, 2, 3, 4, 6, 7, 8, 9]
[0, 1, 2, 4, 6, 7, 8, 9]
[0, 1, 2, 4, 6, 7, 8]
[0, 1, 4, 6, 7, 8]
[0, 1, 6, 7, 8]
[1, 6, 7, 8]
[1, 6, 7]
[1, 7]
[7]
producing
producing
producing
producing
producing
producing
producing
producing
producing
producing
Day 156:
Household 1: Income: 43.91276929706149, Goods: 49, Land: 2544, Labour: 5148, Capital: 5597
Household 2: Income: 535.5731085907107, Goods: 153, Land: 7605, Labour: 7264, Capital: 6347
Household 3: Income: 1203.8407980287072, Goods: 154, Land: 9183, Labour: 2984, Capital: 3044
Household 4: Income: 67.82520630939675, Goods: 78, Land: 4091, Labour: 8528, Capital: 1493
Household 5: Income: 174.5666028764348, Goods: 145, Land: 6124, Labour: 9625, Capital: 3914
Household 6: Income: 53.72802072363312, Goods: 143, Land: 4093, Labour: 4133, Capital: 1635
Household 7: Income: 32.851973934409315, Goods: 104, Land: 3313, Labour: 2958, Capital: 7456
Household 8: Income: 1200.3005757352396, Goods: 154, Land: 9777, Labour: 6622, Capital: 9249
Household 9: Income: 36.5241816874276, Goods: 134, Land: 1353, Labour: 8307, Capital: 2530
Household 10: Income: 44.90579481788137, Goods: 98, Land: 8358, Labour: 9273, Capital: 7257
Firm 1: Money: -126.03425061401254, Goods: 55, Land: 0, Labour: 0, Capital: 0, Goods Price: 43.704486151212784
Firm 2: Money: -162.60809382765476, Goods: 42, Land: 0, Labour: 0, Capital: 0, Goods Price: 18.658597586721417
Firm 3: Money: -708.7509988353004, Goods: 47, Land: 0, Labour: 0, Capital: 0, Goods Price: 38.953307335700536
Firm 4: Money: -630.8897593746527, Goods: 52, Land: 0, Labour: 0, Capital: 0, Goods Price: 26.79955716503823
Firm 5: Money: -87.42808386418405, Goods: 38, Land: 0, Labour: 0, Capital: 0, Goods Price: 32.91921337622873
Firm 6: Money: 978.5005420542, Goods: 17, Land: 0, Labour: 0, Capital: 0, Goods Price: 13.277236551704526
Firm 7: Money: 1062.4568831904535, Goods: 25, Land: 0, Labour: 0, Capital: 0, Goods Price: 33.02919659174505
Firm 8: Money: 874.8807314127375, Goods: 25, Land: 0, Labour: 0, Capital: 0, Goods Price: 33.91578030136212
Firm 9: Money: 1060.4272276690435, Goods: 30, Land: 0, Labour: 0, Capital: 0, Goods Price: 29.40717611483343
Firm 10: Money: 512.4738152808923, Goods: 17, Land: 0, Labour: 0, Capital: 0, Goods Price: 16.158057857662854
Self.nfirms:  10
[0, 1, 2, 3, 4, 5, 6, 7, 8, 9]
^^^
[1, 2, 3, 4, 5, 6, 7, 8, 9]
^^^
sold
[2, 3, 4, 5, 6, 7, 8, 9]
^^^
sold
[2, 3, 4, 5, 6, 8, 9]
^^^
sold
[2, 3, 4, 5, 6, 9]
^^^
sold
[3, 4, 5, 6, 9]
^^^
[3, 5, 6, 9]
^^^
[5, 6, 9]
^^^
sold
[5, 6]
^^^
sold
[5]
^^^
sold
---
__
[0, 1, 2, 3, 4, 5, 6, 7, 8, 9]
[0, 1, 2, 3, 4, 5, 7, 8, 9]
[0, 1, 3, 4, 5, 7, 8, 9]
[0, 1, 3, 4, 5, 8, 9]
[0, 1, 3, 4, 5, 9]
[0, 3, 4, 5, 9]
[0, 3, 4, 5]
[0, 3, 5]
[0, 3]
[3]
producing
producing
producing
producing
producing
producing
producing
producing
producing
producing
Day 157:
Household 1: Income: -9.61524509208515, Goods: 50, Land: 2543, Labour: 5147, Capital: 5596
Household 2: Income: 540.411261934091, Goods: 154, Land: 7604, Labour: 7263, Capital: 6346
Household 3: Income: 1202.2591483440904, Goods: 155, Land: 9182, Labour: 2983, Capital: 3043
Household 4: Income: 69.2634624483737, Goods: 79, Land: 4090, Labour: 8527, Capital: 1492
Household 5: Income: 176.4199459249351, Goods: 146, Land: 6123, Labour: 9624, Capital: 3913
Household 6: Income: 41.75336657939327, Goods: 144, Land: 4092, Labour: 4132, Capital: 1634
Household 7: Income: 22.543618047593505, Goods: 105, Land: 3312, Labour: 2957, Capital: 7455
Household 8: Income: 1192.1781167094325, Goods: 155, Land: 9776, Labour: 6621, Capital: 9248
Household 9: Income: 51.13221653624079, Goods: 135, Land: 1352, Labour: 8306, Capital: 2529
Household 10: Income: 13.213181525630297, Goods: 99, Land: 8357, Labour: 9272, Capital: 7256
Firm 1: Money: -109.50119281416836, Goods: 55, Land: 0, Labour: 0, Capital: 0, Goods Price: 41.0447017949294
Firm 2: Money: -161.33103824388402, Goods: 42, Land: 0, Labour: 0, Capital: 0, Goods Price: 18.658597586721417
Firm 3: Money: -691.7711124278513, Goods: 47, Land: 0, Labour: 0, Capital: 0, Goods Price: 25.237521068615287
Firm 4: Money: -632.7929681830349, Goods: 52, Land: 0, Labour: 0, Capital: 0, Goods Price: 40.49115655138125
Firm 5: Money: -92.20144662866998, Goods: 38, Land: 0, Labour: 0, Capital: 0, Goods Price: 36.69684811455154
Firm 6: Money: 999.8374069526162, Goods: 17, Land: 0, Labour: 0, Capital: 0, Goods Price: 0.43292125251868807
Firm 7: Money: 1094.4603323146684, Goods: 25, Land: 0, Labour: 0, Capital: 0, Goods Price: 6.131336997412615
Firm 8: Money: 886.8553855569775, Goods: 25, Land: 0, Labour: 0, Capital: 0, Goods Price: 28.403453433721822
Firm 9: Money: 1069.1596484280917, Goods: 30, Land: 0, Labour: 0, Capital: 0, Goods Price: 26.233711292735062
Firm 10: Money: 504.78295717998344, Goods: 17, Land: 0, Labour: 0, Capital: 0, Goods Price: 23.727611232243373
Self.nfirms:  10
[0, 1, 2, 3, 4, 5, 6, 7, 8, 9]
^^^
sold
[0, 1, 2, 3, 4, 5, 6, 8, 9]
^^^
[0, 1, 2, 4, 5, 6, 8, 9]
^^^
sold
[0, 1, 2, 5, 6, 8, 9]
^^^
[1, 2, 5, 6, 8, 9]
^^^
sold
[1, 5, 6, 8, 9]
^^^
sold
[1, 5, 6, 9]
^^^
[1, 5, 6]
^^^
sold
[5, 6]
^^^
sold
[6]
^^^
---
__
[0, 1, 2, 3, 4, 5, 6, 7, 8, 9]
[0, 1, 2, 3, 5, 6, 7, 8, 9]
[0, 1, 2, 3, 5, 7, 8, 9]
[0, 2, 3, 5, 7, 8, 9]
[0, 2, 3, 5, 8, 9]
[0, 2, 3, 5, 9]
[2, 3, 5, 9]
[2, 3, 9]
[2, 3]
[2]
producing
producing
producing
producing
producing
producing
producing
producing
producing
producing
Day 158:
Household 1: Income: 4.321597145656341, Goods: 50, Land: 2542, Labour: 5146, Capital: 5595
Household 2: Income: 550.8229131326675, Goods: 155, Land: 7603, Labour: 7262, Capital: 6345
Household 3: Income: 1186.1944658659133, Goods: 156, Land: 9181, Labour: 2982, Capital: 3042
Household 4: Income: 47.57859445343773, Goods: 80, Land: 4089, Labour: 8526, Capital: 1491
Household 5: Income: 205.2779199863924, Goods: 147, Land: 6122, Labour: 9623, Capital: 3912
Household 6: Income: 33.94651852268607, Goods: 145, Land: 4091, Labour: 4131, Capital: 1633
Household 7: Income: 35.697202447318205, Goods: 105, Land: 3311, Labour: 2956, Capital: 7454
Household 8: Income: 1206.980955198171, Goods: 156, Land: 9775, Labour: 6620, Capital: 9247
Household 9: Income: 40.79608721415305, Goods: 136, Land: 1351, Labour: 8305, Capital: 2528
Household 10: Income: 20.667414183806365, Goods: 100, Land: 8356, Labour: 9271, Capital: 7255
Firm 1: Money: -140.53734551365065, Goods: 56, Land: 0, Labour: 0, Capital: 0, Goods Price: 39.92846347977125
Firm 2: Money: -178.30266783234995, Goods: 42, Land: 0, Labour: 0, Capital: 0, Goods Price: 41.386791828539465
Firm 3: Money: -719.0233656051856, Goods: 48, Land: 0, Labour: 0, Capital: 0, Goods Price: 34.55721878321838
Firm 4: Money: -614.8533344853532, Goods: 52, Land: 0, Labour: 0, Capital: 0, Goods Price: 26.79955716503823
Firm 5: Money: -71.07918763237012, Goods: 38, Land: 0, Labour: 0, Capital: 0, Goods Price: 17.302898166729754
Firm 6: Money: 983.6415546356866, Goods: 17, Land: 0, Labour: 0, Capital: 0, Goods Price: 18.429071226905435
Firm 7: Money: 1090.6835507350368, Goods: 25, Land: 0, Labour: 0, Capital: 0, Goods Price: 24.099727178221322
Firm 8: Money: 885.282201507743, Goods: 25, Land: 0, Labour: 0, Capital: 0, Goods Price: 33.91578030136212
Firm 9: Money: 1093.9401210594604, Goods: 30, Land: 0, Labour: 0, Capital: 0, Goods Price: 8.729472823383878
Firm 10: Money: 505.0218500732053, Goods: 17, Land: 0, Labour: 0, Capital: 0, Goods Price: 23.36741361269315
Self.nfirms:  10
[0, 1, 2, 3, 4, 5, 6, 7, 8, 9]
^^^
sold
[0, 1, 2, 3, 4, 5, 6, 8, 9]
^^^
[0, 1, 2, 4, 5, 6, 8, 9]
^^^
sold
[0, 1, 2, 4, 6, 8, 9]
^^^
sold
[0, 2, 4, 6, 8, 9]
^^^
[0, 2, 4, 8, 9]
^^^
[2, 4, 8, 9]
^^^
sold
[2, 8, 9]
^^^
sold
[8, 9]
^^^
sold
[9]
^^^
---
__
[0, 1, 2, 3, 4, 5, 6, 7, 8, 9]
[0, 1, 2, 3, 4, 5, 6, 7, 8]
[1, 2, 3, 4, 5, 6, 7, 8]
[2, 3, 4, 5, 6, 7, 8]
[2, 3, 4, 5, 6, 7]
[2, 4, 5, 6, 7]
[2, 5, 6, 7]
[2, 6, 7]
[2, 7]
[7]
producing
producing
producing
producing
producing
producing
producing
producing
producing
producing
Day 159:
Household 1: Income: 5.319734709277387, Goods: 50, Land: 2541, Labour: 5145, Capital: 5594
Household 2: Income: 560.3438206687989, Goods: 156, Land: 7602, Labour: 7261, Capital: 6344
Household 3: Income: 1194.3632755124215, Goods: 157, Land: 9180, Labour: 2981, Capital: 3041
Household 4: Income: 3.1655322166837245, Goods: 81, Land: 4088, Labour: 8525, Capital: 1490
Household 5: Income: 208.8346953173898, Goods: 148, Land: 6121, Labour: 9622, Capital: 3911
Household 6: Income: 44.92143138346664, Goods: 146, Land: 4090, Labour: 4130, Capital: 1632
Household 7: Income: 41.37930718349715, Goods: 106, Land: 3310, Labour: 2955, Capital: 7453
Household 8: Income: 1191.9592292843377, Goods: 157, Land: 9774, Labour: 6619, Capital: 9246
Household 9: Income: 41.13273977630533, Goods: 137, Land: 1350, Labour: 8304, Capital: 2527
Household 10: Income: 17.532230312632617, Goods: 100, Land: 8355, Labour: 9270, Capital: 7254
Firm 1: Money: -131.40987751958323, Goods: 56, Land: 0, Labour: 0, Capital: 0, Goods Price: 35.532374927289105
Firm 2: Money: -172.18590555944758, Goods: 42, Land: 0, Labour: 0, Capital: 0, Goods Price: 41.02659420898924
Firm 3: Money: -719.1909864815291, Goods: 48, Land: 0, Labour: 0, Capital: 0, Goods Price: 37.98893979992586
Firm 4: Money: -633.3639918735325, Goods: 53, Land: 0, Labour: 0, Capital: 0, Goods Price: 26.79955716503823
Firm 5: Money: -85.9315613291657, Goods: 38, Land: 0, Labour: 0, Capital: 0, Goods Price: 33.8835809120034
Firm 6: Money: 990.5936869683444, Goods: 17, Land: 0, Labour: 0, Capital: 0, Goods Price: 13.277236551704526
Firm 7: Money: 1114.8153520530943, Goods: 25, Land: 0, Labour: 0, Capital: 0, Goods Price: 6.131336997412615
Firm 8: Money: 884.2840639441221, Goods: 26, Land: 0, Labour: 0, Capital: 0, Goods Price: 9.09821172073078
Firm 9: Money: 1101.2163552214777, Goods: 30, Land: 0, Labour: 0, Capital: 0, Goods Price: 8.729472823383878
Firm 10: Money: 509.2779133038338, Goods: 17, Land: 0, Labour: 0, Capital: 0, Goods Price: 23.727611232243373
Self.nfirms:  10
[0, 1, 2, 3, 4, 5, 6, 7, 8, 9]
^^^
sold
[0, 1, 2, 3, 4, 5, 6, 8, 9]
^^^
sold
[0, 2, 3, 4, 5, 6, 8, 9]
^^^
[2, 3, 4, 5, 6, 8, 9]
^^^
sold
[2, 3, 4, 5, 8, 9]
^^^
sold
[2, 3, 5, 8, 9]
^^^
sold
[3, 5, 8, 9]
^^^
sold
[3, 5, 9]
^^^
[3, 5]
^^^
[5]
^^^
sold
---
__
[0, 1, 2, 3, 4, 5, 6, 7, 8, 9]
[0, 1, 2, 3, 4, 5, 6, 7, 8]
[0, 1, 2, 3, 4, 5, 6, 8]
[0, 1, 2, 3, 4, 5, 6]
[0, 1, 2, 3, 4, 5]
[1, 2, 3, 4, 5]
[1, 2, 3, 4]
[1, 3, 4]
[1, 4]
[4]
producing
producing
producing
producing
producing
producing
producing
producing
producing
producing
Day 160:
Household 1: Income: 12.103670224931566, Goods: 50, Land: 2540, Labour: 5144, Capital: 5593
Household 2: Income: 543.0303320053464, Goods: 157, Land: 7601, Labour: 7260, Capital: 6343
Household 3: Income: 1225.6035961660925, Goods: 158, Land: 9179, Labour: 2980, Capital: 3040
Household 4: Income: -1.677033357978318, Goods: 81, Land: 4087, Labour: 8524, Capital: 1489
Household 5: Income: 193.34893711389282, Goods: 149, Land: 6120, Labour: 9621, Capital: 3910
Household 6: Income: 68.93677375242186, Goods: 147, Land: 4089, Labour: 4129, Capital: 1631
Household 7: Income: 66.11546244023425, Goods: 107, Land: 3309, Labour: 2954, Capital: 7452
Household 8: Income: 1181.6543519875565, Goods: 158, Land: 9773, Labour: 6618, Capital: 9245
Household 9: Income: 47.599815046801695, Goods: 138, Land: 1349, Labour: 8303, Capital: 2526
Household 10: Income: 18.53036787625366, Goods: 100, Land: 8354, Labour: 9269, Capital: 7253
Firm 1: Money: -106.82236944665199, Goods: 56, Land: 0, Labour: 0, Capital: 0, Goods Price: 15.676246295943141
Firm 2: Money: -166.1103077293578, Goods: 42, Land: 0, Labour: 0, Capital: 0, Goods Price: 33.81723845395895
Firm 3: Money: -714.9891306069823, Goods: 48, Land: 0, Labour: 0, Capital: 0, Goods Price: 37.98893979992586
Firm 4: Money: -639.831067144029, Goods: 53, Land: 0, Labour: 0, Capital: 0, Goods Price: 40.49115655138125
Firm 5: Money: -119.26235351472897, Goods: 39, Land: 0, Labour: 0, Capital: 0, Goods Price: 36.69684811455154
Firm 6: Money: 995.4362525430065, Goods: 18, Land: 0, Labour: 0, Capital: 0, Goods Price: 0.43292125251868807
Firm 7: Money: 1094.840176749218, Goods: 25, Land: 0, Labour: 0, Capital: 0, Goods Price: 31.332167704355054
Firm 8: Money: 890.7463912207218, Goods: 26, Land: 0, Labour: 0, Capital: 0, Goods Price: 9.09821172073078
Firm 9: Money: 1086.097607866978, Goods: 30, Land: 0, Labour: 0, Capital: 0, Goods Price: 29.40717611483343
Firm 10: Money: 491.70557189869817, Goods: 18, Land: 0, Labour: 0, Capital: 0, Goods Price: 20.554146410145005
Self.nfirms:  10
[0, 1, 2, 3, 4, 5, 6, 7, 8, 9]
^^^
[0, 1, 2, 3, 5, 6, 7, 8, 9]
^^^
[0, 1, 2, 3, 5, 6, 7, 8]
^^^
sold
[0, 2, 3, 5, 6, 7, 8]
^^^
sold
[0, 2, 3, 5, 7, 8]
^^^
sold
[0, 2, 3, 5, 8]
^^^
sold
[0, 3, 5, 8]
^^^
sold
[0, 3, 5]
^^^
sold
[0, 3]
^^^
[3]
^^^
---
__
[0, 1, 2, 3, 4, 5, 6, 7, 8, 9]
[0, 1, 2, 3, 4, 5, 6, 7, 8]
[0, 1, 2, 3, 4, 6, 7, 8]
[0, 1, 2, 4, 6, 7, 8]
[0, 1, 2, 4, 7, 8]
[0, 1, 2, 4, 8]
[1, 2, 4, 8]
[1, 4, 8]
[1, 8]
[1]
producing
producing
producing
producing
producing
producing
producing
producing
producing
producing
Day 161:
Household 1: Income: 28.42083656686985, Goods: 50, Land: 2539, Labour: 5143, Capital: 5592
Household 2: Income: 530.386002142743, Goods: 158, Land: 7600, Labour: 7259, Capital: 6342
Household 3: Income: 1236.6030502531105, Goods: 159, Land: 9178, Labour: 2979, Capital: 3039
Household 4: Income: 16.8336240302009, Goods: 81, Land: 4086, Labour: 8523, Capital: 1488
Household 5: Income: 180.99205305958287, Goods: 150, Land: 6119, Labour: 9620, Capital: 3909
Household 6: Income: 88.72856208953542, Goods: 148, Land: 4088, Labour: 4128, Capital: 1630
Household 7: Income: 44.06176092611243, Goods: 108, Land: 3308, Labour: 2953, Capital: 7451
Household 8: Income: 1206.4489283655457, Goods: 159, Land: 9772, Labour: 6617, Capital: 9244
Household 9: Income: 57.90789490037763, Goods: 139, Land: 1348, Labour: 8302, Capital: 2525
Household 10: Income: 21.890012551868057, Goods: 100, Land: 8353, Labour: 9268, Capital: 7252
Firm 1: Money: -117.13044930022791, Goods: 56, Land: 0, Labour: 0, Capital: 0, Goods Price: 33.81226126879567
Firm 2: Money: -182.4274740712961, Goods: 43, Land: 0, Labour: 0, Capital: 0, Goods Price: 18.658597586721417
Firm 3: Money: -707.0340978704701, Goods: 48, Land: 0, Labour: 0, Capital: 0, Goods Price: 34.55721878321838
Firm 4: Money: -614.3510771797252, Goods: 53, Land: 0, Labour: 0, Capital: 0, Goods Price: 26.79955716503823
Firm 5: Money: -117.30237842968828, Goods: 39, Land: 0, Labour: 0, Capital: 0, Goods Price: 34.99981922716155
Firm 6: Money: 978.5546580570967, Goods: 18, Land: 0, Labour: 0, Capital: 0, Goods Price: 18.429071226905435
Firm 7: Money: 1073.8907682286074, Goods: 26, Land: 0, Labour: 0, Capital: 0, Goods Price: 30.21592938919691
Firm 8: Money: 870.6941210293, Goods: 26, Land: 0, Labour: 0, Capital: 0, Goods Price: 35.61280918875211
Firm 9: Money: 1065.0310415751737, Goods: 31, Land: 0, Labour: 0, Capital: 0, Goods Price: 29.40717611483343
Firm 10: Money: 504.8592081677086, Goods: 18, Land: 0, Labour: 0, Capital: 0, Goods Price: 6.341449680623664
Self.nfirms:  10
[0, 1, 2, 3, 4, 5, 6, 7, 8, 9]
^^^
sold
[0, 1, 2, 3, 4, 5, 6, 7, 8]
^^^
[1, 2, 3, 4, 5, 6, 7, 8]
^^^
[1, 2, 3, 4, 5, 7, 8]
^^^
sold
[2, 3, 4, 5, 7, 8]
^^^
sold
[2, 3, 4, 5, 7]
^^^
sold
[2, 3, 4, 7]
^^^
[2, 4, 7]
^^^
sold
[2, 4]
^^^
sold
[2]
^^^
sold
---
__
[0, 1, 2, 3, 4, 5, 6, 7, 8, 9]
[1, 2, 3, 4, 5, 6, 7, 8, 9]
[2, 3, 4, 5, 6, 7, 8, 9]
[2, 3, 4, 5, 7, 8, 9]
[2, 3, 4, 7, 8, 9]
[2, 4, 7, 8, 9]
[2, 4, 7, 9]
[2, 4, 7]
[4, 7]
[4]
producing
producing
producing
producing
producing
producing
producing
producing
producing
producing
Day 162:
Household 1: Income: 35.20477208252403, Goods: 50, Land: 2538, Labour: 5142, Capital: 5591
Household 2: Income: 532.402855692495, Goods: 159, Land: 7599, Labour: 7258, Capital: 6341
Household 3: Income: 1233.156831523112, Goods: 160, Land: 9177, Labour: 2978, Capital: 3038
Household 4: Income: 35.34428141838013, Goods: 81, Land: 4085, Labour: 8522, Capital: 1487
Household 5: Income: 170.29425636513056, Goods: 151, Land: 6118, Labour: 9619, Capital: 3908
Household 6: Income: 82.67548413178292, Goods: 149, Land: 4087, Labour: 4127, Capital: 1629
Household 7: Income: 66.76982959436086, Goods: 109, Land: 3307, Labour: 2952, Capital: 7450
Household 8: Income: 1214.0424110992537, Goods: 160, Land: 9771, Labour: 6616, Capital: 9243
Household 9: Income: 36.19195103690166, Goods: 140, Land: 1347, Labour: 8301, Capital: 2524
Household 10: Income: 4.687541408940278, Goods: 101, Land: 8352, Labour: 9267, Capital: 7251
Firm 1: Money: -91.7398704275966, Goods: 56, Land: 0, Labour: 0, Capital: 0, Goods Price: 15.676246295943141
Firm 2: Money: -205.9173467996686, Goods: 43, Land: 0, Labour: 0, Capital: 0, Goods Price: 41.386791828539465
Firm 3: Money: -704.2252289423055, Goods: 48, Land: 0, Labour: 0, Capital: 0, Goods Price: 37.98893979992586
Firm 4: Money: -632.8617345679045, Goods: 54, Land: 0, Labour: 0, Capital: 0, Goods Price: 26.79955716503823
Firm 5: Money: -112.46486109857999, Goods: 39, Land: 0, Labour: 0, Capital: 0, Goods Price: 29.48749235952126
Firm 6: Money: 977.3877550781933, Goods: 18, Land: 0, Labour: 0, Capital: 0, Goods Price: 20.50967707783826
Firm 7: Money: 1077.025952099781, Goods: 27, Land: 0, Labour: 0, Capital: 0, Goods Price: 6.131336997412615
Firm 8: Money: 874.6332638477061, Goods: 26, Land: 0, Labour: 0, Capital: 0, Goods Price: 35.61280918875211
Firm 9: Money: 1079.1861292615536, Goods: 31, Land: 0, Labour: 0, Capital: 0, Goods Price: 20.11750908175948
Firm 10: Money: 495.2627722883661, Goods: 18, Land: 0, Labour: 0, Capital: 0, Goods Price: 20.554146410145005
Self.nfirms:  10
[0, 1, 2, 3, 4, 5, 6, 7, 8, 9]
^^^
sold
[0, 1, 2, 3, 4, 5, 6, 8, 9]
^^^
[1, 2, 3, 4, 5, 6, 8, 9]
^^^
sold
[1, 2, 3, 4, 5, 6, 9]
^^^
sold
[2, 3, 4, 5, 6, 9]
^^^
sold
[2, 3, 4, 6, 9]
^^^
sold
[3, 4, 6, 9]
^^^
sold
[4, 6, 9]
^^^
sold
[6, 9]
^^^
sold
[9]
^^^
---
__
[0, 1, 2, 3, 4, 5, 6, 7, 8, 9]
[0, 1, 2, 4, 5, 6, 7, 8, 9]
[0, 1, 2, 4, 6, 7, 8, 9]
[0, 1, 2, 4, 6, 7, 9]
[0, 1, 2, 6, 7, 9]
[0, 2, 6, 7, 9]
[0, 2, 6, 7]
[0, 2, 6]
[0, 6]
[6]
producing
producing
producing
producing
producing
producing
producing
producing
producing
producing
Day 163:
Household 1: Income: 29.988689620815414, Goods: 51, Land: 2537, Labour: 5141, Capital: 5590
Household 2: Income: 508.2371255307924, Goods: 160, Land: 7598, Labour: 7257, Capital: 6340
Household 3: Income: 1255.9830596250538, Goods: 161, Land: 9176, Labour: 2977, Capital: 3037
Household 4: Income: 34.18657225998425, Goods: 82, Land: 4084, Labour: 8521, Capital: 1486
Household 5: Income: 156.84521606639592, Goods: 152, Land: 6117, Labour: 9618, Capital: 3907
Household 6: Income: 77.80009842154305, Goods: 150, Land: 4086, Labour: 4126, Capital: 1628
Household 7: Income: 46.29879052750696, Goods: 110, Land: 3306, Labour: 2951, Capital: 7449
Household 8: Income: 1212.4703515647234, Goods: 161, Land: 9770, Labour: 6615, Capital: 9242
Household 9: Income: 35.285445905887684, Goods: 141, Land: 1346, Labour: 8300, Capital: 2523
Household 10: Income: 39.4997167798641, Goods: 101, Land: 8351, Labour: 9266, Capital: 7250
Firm 1: Money: -114.91666496809758, Goods: 56, Land: 0, Labour: 0, Capital: 0, Goods Price: 43.704486151212784
Firm 2: Money: -199.10947191164254, Goods: 43, Land: 0, Labour: 0, Capital: 0, Goods Price: 33.81723845395895
Firm 3: Money: -702.3356449552542, Goods: 48, Land: 0, Labour: 0, Capital: 0, Goods Price: 41.766574538248676
Firm 4: Money: -628.7337661297493, Goods: 54, Land: 0, Labour: 0, Capital: 0, Goods Price: 26.79955716503823
Firm 5: Money: -111.30715194018413, Goods: 39, Land: 0, Labour: 0, Capital: 0, Goods Price: 29.91544227708292
Firm 6: Money: 986.9965429925817, Goods: 18, Land: 0, Labour: 0, Capital: 0, Goods Price: 19.393438762680113
Firm 7: Money: 1080.1611359709548, Goods: 28, Land: 0, Labour: 0, Capital: 0, Goods Price: 6.131336997412615
Firm 8: Money: 888.1876182486159, Goods: 26, Land: 0, Labour: 0, Capital: 0, Goods Price: 26.68333977522839
Firm 9: Money: 1075.4554181654294, Goods: 31, Land: 0, Labour: 0, Capital: 0, Goods Price: 29.40717611483343
Firm 10: Money: 496.0639633172048, Goods: 18, Land: 0, Labour: 0, Capital: 0, Goods Price: 21.670384725303155
Self.nfirms:  10
[0, 1, 2, 3, 4, 5, 6, 7, 8, 9]
^^^
sold
[0, 1, 2, 3, 4, 5, 6, 7, 9]
^^^
sold
[0, 1, 2, 3, 5, 6, 7, 9]
^^^
[0, 1, 2, 5, 6, 7, 9]
^^^
[0, 1, 2, 5, 6, 7]
^^^
sold
[0, 1, 2, 5, 7]
^^^
sold
[0, 1, 2, 7]
^^^
sold
[0, 2, 7]
^^^
sold
[0, 2]
^^^
sold
[0]
^^^
---
__
[0, 1, 2, 3, 4, 5, 6, 7, 8, 9]
[0, 2, 3, 4, 5, 6, 7, 8, 9]
[0, 2, 3, 4, 6, 7, 8, 9]
[0, 2, 3, 4, 6, 8, 9]
[0, 2, 3, 6, 8, 9]
[0, 2, 6, 8, 9]
[0, 2, 8, 9]
[0, 8, 9]
[8, 9]
[9]
producing
producing
producing
producing
producing
producing
producing
producing
producing
producing
Day 164:
Household 1: Income: 43.92553185855691, Goods: 51, Land: 2536, Labour: 5140, Capital: 5589
Household 2: Income: 541.0807940263752, Goods: 161, Land: 7597, Labour: 7256, Capital: 6339
Household 3: Income: 1247.5479681137879, Goods: 162, Land: 9175, Labour: 2976, Capital: 3036
Household 4: Income: 52.69722964816348, Goods: 82, Land: 4083, Labour: 8520, Capital: 1485
Household 5: Income: 159.4527716051435, Goods: 153, Land: 6116, Labour: 9617, Capital: 3906
Household 6: Income: 66.1353010542385, Goods: 151, Land: 4085, Labour: 4125, Capital: 1627
Household 7: Income: 60.370979844947826, Goods: 111, Land: 3305, Labour: 2950, Capital: 7448
Household 8: Income: 1215.706704405358, Goods: 162, Land: 9769, Labour: 6614, Capital: 9241
Household 9: Income: 31.35432977832384, Goods: 142, Land: 1345, Labour: 8299, Capital: 2522
Household 10: Income: -0.8678389538375972, Goods: 102, Land: 8350, Labour: 9265, Capital: 7249
Firm 1: Money: -139.8366154566043, Goods: 57, Land: 0, Labour: 0, Capital: 0, Goods Price: 33.81226126879567
Firm 2: Money: -197.74899581077258, Goods: 43, Land: 0, Labour: 0, Capital: 0, Goods Price: 38.2133270064411
Firm 3: Money: -733.0196191492957, Goods: 49, Land: 0, Labour: 0, Capital: 0, Goods Price: 37.98893979992586
Firm 4: Money: -622.0826132334005, Goods: 54, Land: 0, Labour: 0, Capital: 0, Goods Price: 26.79955716503823
Firm 5: Money: -96.39292756185507, Goods: 39, Land: 0, Labour: 0, Capital: 0, Goods Price: 17.302898166729754
Firm 6: Money: 986.6771087311348, Goods: 18, Land: 0, Labour: 0, Capital: 0, Goods Price: 22.206705965228252
Firm 7: Money: 1086.3245471082034, Goods: 28, Land: 0, Labour: 0, Capital: 0, Goods Price: 6.131336997412615
Firm 8: Money: 885.5800627098681, Goods: 26, Land: 0, Labour: 0, Capital: 0, Goods Price: 33.91578030136212
Firm 9: Money: 1087.324715897519, Goods: 31, Land: 0, Labour: 0, Capital: 0, Goods Price: 21.83762274025291
Firm 10: Money: 492.8276104765702, Goods: 18, Land: 0, Labour: 0, Capital: 0, Goods Price: 23.727611232243373
Self.nfirms:  10
[0, 1, 2, 3, 4, 5, 6, 7, 8, 9]
^^^
sold
[0, 1, 2, 3, 4, 5, 6, 8, 9]
^^^
sold
[0, 2, 3, 4, 5, 6, 8, 9]
^^^
sold
[0, 2, 3, 4, 5, 6, 9]
^^^
sold
[0, 3, 4, 5, 6, 9]
^^^
sold
[0, 3, 4, 5, 9]
^^^
[0, 4, 5, 9]
^^^
sold
[0, 4, 9]
^^^
[0, 4]
^^^
[4]
^^^
sold
---
__
[0, 1, 2, 3, 4, 5, 6, 7, 8, 9]
[0, 1, 2, 4, 5, 6, 7, 8, 9]
[0, 1, 4, 5, 6, 7, 8, 9]
[0, 4, 5, 6, 7, 8, 9]
[0, 4, 5, 6, 8, 9]
[0, 4, 5, 6, 8]
[4, 5, 6, 8]
[4, 6, 8]
[4, 6]
[4]
producing
producing
producing
producing
producing
producing
producing
producing
producing
producing
Day 165:
Household 1: Income: 30.982784690394343, Goods: 52, Land: 2535, Labour: 5139, Capital: 5588
Household 2: Income: 542.9266063130951, Goods: 162, Land: 7596, Labour: 7255, Capital: 6338
Household 3: Income: 1268.992948535111, Goods: 163, Land: 9174, Labour: 2975, Capital: 3035
Household 4: Income: 17.34376033192892, Goods: 83, Land: 4082, Labour: 8519, Capital: 1484
Household 5: Income: 157.4792138134005, Goods: 154, Land: 6115, Labour: 9616, Capital: 3905
Household 6: Income: 54.26416594256509, Goods: 152, Land: 4084, Labour: 4124, Capital: 1626
Household 7: Income: 41.48086027303958, Goods: 112, Land: 3304, Labour: 2949, Capital: 7447
Household 8: Income: 1226.759068384137, Goods: 163, Land: 9768, Labour: 6613, Capital: 9240
Household 9: Income: 38.064267700653645, Goods: 143, Land: 1344, Labour: 8298, Capital: 2521
Household 10: Income: 17.026135653103317, Goods: 102, Land: 8349, Labour: 9264, Capital: 7248
Firm 1: Money: -114.44603658397298, Goods: 57, Land: 0, Labour: 0, Capital: 0, Goods Price: 15.676246295943141
Firm 2: Money: -179.32802431599342, Goods: 43, Land: 0, Labour: 0, Capital: 0, Goods Price: 18.658597586721417
Firm 3: Money: -730.5769132804238, Goods: 49, Land: 0, Labour: 0, Capital: 0, Goods Price: 40.069545650858686
Firm 4: Money: -640.5757135951119, Goods: 54, Land: 0, Labour: 0, Capital: 0, Goods Price: 49.42062596490497
Firm 5: Money: -110.35723468315186, Goods: 39, Land: 0, Labour: 0, Capital: 0, Goods Price: 37.05704573410177
Firm 6: Money: 987.8867303580845, Goods: 18, Land: 0, Labour: 0, Capital: 0, Goods Price: 23.169461434121647
Firm 7: Money: 1070.442099923993, Goods: 28, Land: 0, Labour: 0, Capital: 0, Goods Price: 30.21592938919691
Firm 8: Money: 903.9897974251052, Goods: 26, Land: 0, Labour: 0, Capital: 0, Goods Price: 28.403453433721822
Firm 9: Money: 1075.5478166387888, Goods: 32, Land: 0, Labour: 0, Capital: 0, Goods Price: 20.11750908175948
Firm 10: Money: 509.15471156767893, Goods: 18, Land: 0, Labour: 0, Capital: 0, Goods Price: 6.341449680623664
Self.nfirms:  10
[0, 1, 2, 3, 4, 5, 6, 7, 8, 9]
^^^
sold
[0, 1, 2, 3, 4, 5, 6, 8, 9]
^^^
sold
[0, 2, 3, 4, 5, 6, 8, 9]
^^^
sold
[0, 2, 3, 5, 6, 8, 9]
^^^
[2, 3, 5, 6, 8, 9]
^^^
sold
[2, 3, 6, 8, 9]
^^^
[2, 3, 6, 8]
^^^
[2, 6, 8]
^^^
sold
[2, 6]
^^^
sold
[6]
^^^
---
__
[0, 1, 2, 3, 4, 5, 6, 7, 8, 9]
[0, 1, 2, 3, 4, 5, 6, 7, 8]
[0, 1, 3, 4, 5, 6, 7, 8]
[0, 3, 4, 5, 6, 7, 8]
[0, 3, 4, 5, 6, 7]
[0, 3, 5, 6, 7]
[0, 3, 5, 7]
[0, 3, 5]
[0, 5]
[0]
producing
producing
producing
producing
producing
producing
producing
producing
producing
producing
Day 166:
Household 1: Income: 47.29995103233263, Goods: 52, Land: 2534, Labour: 5138, Capital: 5587
Household 2: Income: 533.3861280603717, Goods: 163, Land: 7595, Labour: 7254, Capital: 6337
Household 3: Income: 1275.0815850861638, Goods: 164, Land: 9173, Labour: 2974, Capital: 3034
Household 4: Income: 35.854417720108145, Goods: 83, Land: 4081, Labour: 8518, Capital: 1483
Household 5: Income: 153.64943737723988, Goods: 155, Land: 6114, Labour: 9615, Capital: 3904
Household 6: Income: 42.45431477197086, Goods: 153, Land: 4083, Labour: 4123, Capital: 1625
Household 7: Income: 63.57673991095399, Goods: 113, Land: 3303, Labour: 2948, Capital: 7446
Household 8: Income: 1239.3666267696065, Goods: 164, Land: 9767, Labour: 6612, Capital: 9239
Household 9: Income: 26.472920399603797, Goods: 144, Land: 1343, Labour: 8297, Capital: 2520
Household 10: Income: 18.02427321672436, Goods: 102, Land: 8348, Labour: 9263, Capital: 7247
Firm 1: Money: -133.00250679044115, Goods: 57, Land: 0, Labour: 0, Capital: 0, Goods Price: 38.96409594399658
Firm 2: Money: -181.02745853673056, Goods: 43, Land: 0, Labour: 0, Capital: 0, Goods Price: 18.658597586721417
Firm 3: Money: -726.7471368442633, Goods: 49, Land: 0, Labour: 0, Capital: 0, Goods Price: 40.069545650858686
Firm 4: Money: -659.0863709832912, Goods: 55, Land: 0, Labour: 0, Capital: 0, Goods Price: 26.79955716503823
Firm 5: Money: -98.765887382102, Goods: 39, Land: 0, Labour: 0, Capital: 0, Goods Price: 27.767378701027823
Firm 6: Money: 999.6965815286787, Goods: 18, Land: 0, Labour: 0, Capital: 0, Goods Price: 14.997350210197961
Firm 7: Money: 1073.4320462391433, Goods: 28, Land: 0, Labour: 0, Capital: 0, Goods Price: 33.38939421129528
Firm 8: Money: 902.9916598614842, Goods: 27, Land: 0, Labour: 0, Capital: 0, Goods Price: 9.09821172073078
Firm 9: Money: 1054.8414479665348, Goods: 33, Land: 0, Labour: 0, Capital: 0, Goods Price: 29.046978495283202
Firm 10: Money: 499.55827568833644, Goods: 18, Land: 0, Labour: 0, Capital: 0, Goods Price: 20.554146410145005
Self.nfirms:  10
[0, 1, 2, 3, 4, 5, 6, 7, 8, 9]
^^^
sold
[0, 1, 2, 3, 4, 5, 6, 7, 9]
^^^
sold
[0, 1, 2, 4, 5, 6, 7, 9]
^^^
[1, 2, 4, 5, 6, 7, 9]
^^^
sold
[1, 2, 4, 6, 7, 9]
^^^
sold
[1, 2, 6, 7, 9]
^^^
sold
[1, 2, 6, 9]
^^^
sold
[2, 6, 9]
^^^
[2, 6]
^^^
[2]
^^^
sold
---
__
[0, 1, 2, 3, 4, 5, 6, 7, 8, 9]
[0, 1, 2, 4, 5, 6, 7, 8, 9]
[0, 2, 4, 5, 6, 7, 8, 9]
[0, 2, 4, 6, 7, 8, 9]
[0, 2, 4, 6, 7, 9]
[0, 2, 6, 7, 9]
[0, 2, 6, 9]
[0, 2, 6]
[0, 6]
[0]
producing
producing
producing
producing
producing
producing
producing
producing
producing
producing
Day 167:
Household 1: Income: 6.759723920737467, Goods: 53, Land: 2533, Labour: 5137, Capital: 5586
Household 2: Income: 543.3141550580839, Goods: 164, Land: 7594, Labour: 7253, Capital: 6336
Household 3: Income: 1298.5867092738508, Goods: 165, Land: 9172, Labour: 2973, Capital: 3033
Household 4: Income: 6.732252000937303, Goods: 84, Land: 4080, Labour: 8517, Capital: 1482
Household 5: Income: 155.88762335030867, Goods: 156, Land: 6113, Labour: 9614, Capital: 3903
Household 6: Income: 43.4139409179758, Goods: 154, Land: 4082, Labour: 4122, Capital: 1624
Household 7: Income: 60.0136663038428, Goods: 114, Land: 3302, Labour: 2947, Capital: 7445
Household 8: Income: 1240.2648284557627, Goods: 165, Land: 9766, Labour: 6611, Capital: 9238
Household 9: Income: 29.895223534045535, Goods: 145, Land: 1342, Labour: 8296, Capital: 2519
Household 10: Income: 39.69339735787153, Goods: 102, Land: 8347, Labour: 9262, Capital: 7246
Firm 1: Money: -165.15489780508162, Goods: 58, Land: 0, Labour: 0, Capital: 0, Goods Price: 41.0447017949294
Firm 2: Money: -194.82562330309813, Goods: 43, Land: 0, Labour: 0, Capital: 0, Goods Price: 38.2133270064411
Firm 3: Money: -719.6703811014114, Goods: 49, Land: 0, Labour: 0, Capital: 0, Goods Price: 41.766574538248676
Firm 4: Money: -652.4352180869424, Goods: 55, Land: 0, Labour: 0, Capital: 0, Goods Price: 26.79955716503823
Firm 5: Money: -98.90034196463789, Goods: 39, Land: 0, Labour: 0, Capital: 0, Goods Price: 29.48749235952126
Firm 6: Money: 993.3616495157586, Goods: 18, Land: 0, Labour: 0, Capital: 0, Goods Price: 22.56690358477848
Firm 7: Money: 1106.4814351518887, Goods: 28, Land: 0, Labour: 0, Capital: 0, Goods Price: 6.131336997412615
Firm 8: Money: 910.0273583575816, Goods: 27, Land: 0, Labour: 0, Capital: 0, Goods Price: 9.09821172073078
Firm 9: Money: 1059.116192589333, Goods: 33, Land: 0, Labour: 0, Capital: 0, Goods Price: 30.009733964176593
Firm 10: Money: 504.4953515656176, Goods: 18, Land: 0, Labour: 0, Capital: 0, Goods Price: 14.437944199169422
Self.nfirms:  10
[0, 1, 2, 3, 4, 5, 6, 7, 8, 9]
^^^
sold
[0, 1, 2, 3, 4, 5, 6, 8, 9]
^^^
[1, 2, 3, 4, 5, 6, 8, 9]
^^^
sold
[1, 2, 3, 4, 5, 6, 9]
^^^
[1, 2, 4, 5, 6, 9]
^^^
sold
[1, 4, 5, 6, 9]
^^^
sold
[4, 5, 6, 9]
^^^
sold
[5, 6, 9]
^^^
sold
[5, 9]
^^^
sold
[9]
^^^
---
__
[0, 1, 2, 3, 4, 5, 6, 7, 8, 9]
[0, 1, 2, 3, 5, 6, 7, 8, 9]
[0, 1, 3, 5, 6, 7, 8, 9]
[0, 1, 3, 5, 7, 8, 9]
[0, 3, 5, 7, 8, 9]
[0, 3, 5, 7, 9]
[0, 3, 7, 9]
[0, 3, 7]
[0, 3]
[3]
producing
producing
producing
producing
producing
producing
producing
producing
producing
producing
Day 168:
Household 1: Income: -3.2985632456446385, Goods: 54, Land: 2532, Labour: 5136, Capital: 5585
Household 2: Income: 567.8512163519098, Goods: 165, Land: 7593, Labour: 7252, Capital: 6335
Household 3: Income: 1294.913665130005, Goods: 166, Land: 9171, Labour: 2972, Capital: 3032
Household 4: Income: 10.0918966765517, Goods: 84, Land: 4079, Labour: 8516, Capital: 1481
Household 5: Income: 153.91406555856565, Goods: 157, Land: 6112, Labour: 9613, Capital: 3902
Household 6: Income: 44.892194780447895, Goods: 155, Land: 4081, Labour: 4121, Capital: 1623
Household 7: Income: 53.38200100486835, Goods: 115, Land: 3301, Labour: 2946, Capital: 7444
Household 8: Income: 1256.39411436554, Goods: 166, Land: 9765, Labour: 6610, Capital: 9237
Household 9: Income: 16.305313145171603, Goods: 146, Land: 1341, Labour: 8295, Capital: 2518
Household 10: Income: 58.20405474605076, Goods: 102, Land: 8346, Labour: 9261, Capital: 7245
Firm 1: Money: -154.79112562267264, Goods: 58, Land: 0, Labour: 0, Capital: 0, Goods Price: 35.532374927289105
Firm 2: Money: -195.95938122803864, Goods: 43, Land: 0, Labour: 0, Capital: 0, Goods Price: 38.2133270064411
Firm 3: Money: -752.434961146386, Goods: 50, Land: 0, Labour: 0, Capital: 0, Goods Price: 40.069545650858686
Firm 4: Money: -645.7840651905937, Goods: 55, Land: 0, Labour: 0, Capital: 0, Goods Price: 26.79955716503823
Firm 5: Money: -103.80801745169227, Goods: 39, Land: 0, Labour: 0, Capital: 0, Goods Price: 36.69684811455154
Firm 6: Money: 999.9933148147329, Goods: 18, Land: 0, Labour: 0, Capital: 0, Goods Price: 18.429071226905435
Firm 7: Money: 1102.704653572257, Goods: 28, Land: 0, Labour: 0, Capital: 0, Goods Price: 24.099727178221322
Firm 8: Money: 913.9665011759878, Goods: 27, Land: 0, Labour: 0, Capital: 0, Goods Price: 9.09821172073078
Firm 9: Money: 1038.0496262975287, Goods: 34, Land: 0, Labour: 0, Capital: 0, Goods Price: 29.40717611483343
Firm 10: Money: 512.470541357835, Goods: 18, Land: 0, Labour: 0, Capital: 0, Goods Price: 6.341449680623664
Self.nfirms:  10
[0, 1, 2, 3, 4, 5, 6, 7, 8, 9]
^^^
[0, 1, 2, 4, 5, 6, 7, 8, 9]
^^^
sold
[0, 1, 2, 5, 6, 7, 8, 9]
^^^
[0, 1, 2, 5, 6, 7, 9]
^^^
sold
[0, 1, 2, 5, 7, 9]
^^^
sold
[0, 2, 5, 7, 9]
^^^
[2, 5, 7, 9]
^^^
sold
[2, 5, 9]
^^^
sold
[5, 9]
^^^
sold
[5]
^^^
sold
---
__
[0, 1, 2, 3, 4, 5, 6, 7, 8, 9]
[0, 1, 2, 3, 4, 5, 7, 8, 9]
[0, 1, 2, 4, 5, 7, 8, 9]
[0, 1, 2, 4, 5, 7, 9]
[0, 1, 2, 4, 5, 7]
[0, 1, 4, 5, 7]
[1, 4, 5, 7]
[1, 4, 5]
[4, 5]
[4]
producing
producing
producing
producing
producing
producing
producing
producing
producing
producing
Day 169:
Household 1: Income: 0.06108142996975907, Goods: 54, Land: 2531, Labour: 5135, Capital: 5584
Household 2: Income: 578.7308283381232, Goods: 166, Land: 7592, Labour: 7251, Capital: 6334
Household 3: Income: 1317.3690539064373, Goods: 167, Land: 9170, Labour: 2971, Capital: 3031
Household 4: Income: 28.024452139282765, Goods: 84, Land: 4078, Labour: 8515, Capital: 1480
Household 5: Income: 160.1344696280963, Goods: 158, Land: 6111, Labour: 9612, Capital: 3901
Household 6: Income: 44.91993716668464, Goods: 156, Land: 4080, Labour: 4120, Capital: 1622
Household 7: Income: 32.41127558202728, Goods: 116, Land: 3300, Labour: 2945, Capital: 7443
Household 8: Income: 1260.5781918687314, Goods: 167, Land: 9764, Labour: 6609, Capital: 9236
Household 9: Income: 40.70663591721116, Goods: 146, Land: 1340, Labour: 8294, Capital: 2517
Household 10: Income: 65.8058916154439, Goods: 103, Land: 8345, Labour: 9260, Capital: 7244
Firm 1: Money: -153.04888859053418, Goods: 58, Land: 0, Labour: 0, Capital: 0, Goods Price: 41.0447017949294
Firm 2: Money: -212.27654756997694, Goods: 44, Land: 0, Labour: 0, Capital: 0, Goods Price: 18.658597586721417
Firm 3: Money: -733.0796248443378, Goods: 50, Land: 0, Labour: 0, Capital: 0, Goods Price: 25.237521068615287
Firm 4: Money: -679.7064356236092, Goods: 56, Land: 0, Labour: 0, Capital: 0, Goods Price: 42.21127020987468
Firm 5: Money: -128.20934022373183, Goods: 40, Land: 0, Labour: 0, Capital: 0, Goods Price: 27.767378701027823
Firm 6: Money: 999.9426501509874, Goods: 18, Land: 0, Labour: 0, Capital: 0, Goods Price: 19.393438762680113
Firm 7: Money: 1098.5205760690658, Goods: 28, Land: 0, Labour: 0, Capital: 0, Goods Price: 33.38939421129528
Firm 8: Money: 891.5111123995559, Goods: 27, Land: 0, Labour: 0, Capital: 0, Goods Price: 35.61280918875211
Firm 9: Money: 1042.312489101491, Goods: 34, Land: 0, Labour: 0, Capital: 0, Goods Price: 30.009733964176593
Firm 10: Money: 512.3492366315066, Goods: 18, Land: 0, Labour: 0, Capital: 0, Goods Price: 6.341449680623664
Self.nfirms:  10
[0, 1, 2, 3, 4, 5, 6, 7, 8, 9]
^^^
sold
[0, 1, 2, 3, 4, 5, 6, 8, 9]
^^^
[0, 1, 2, 3, 4, 5, 8, 9]
^^^
[1, 2, 3, 4, 5, 8, 9]
^^^
sold
[1, 2, 3, 4, 5, 8]
^^^
sold
[1, 3, 4, 5, 8]
^^^
sold
[1, 3, 4, 5]
^^^
sold
[3, 4, 5]
^^^
[4, 5]
^^^
sold
[4]
^^^
sold
---
__
[0, 1, 2, 3, 4, 5, 6, 7, 8, 9]
[0, 1, 2, 3, 4, 5, 6, 8, 9]
[0, 1, 2, 3, 4, 5, 6, 8]
[0, 1, 3, 4, 5, 6, 8]
[0, 1, 3, 4, 6, 8]
[0, 1, 3, 4, 8]
[0, 1, 3, 4]
[0, 3, 4]
[3, 4]
[3]
producing
producing
producing
producing
producing
producing
producing
producing
producing
producing
Day 170:
Household 1: Income: 18.57173881814898, Goods: 54, Land: 2530, Labour: 5134, Capital: 5583
Household 2: Income: 564.3221356886803, Goods: 167, Land: 7591, Labour: 7250, Capital: 6333
Household 3: Income: 1324.4822731474117, Goods: 168, Land: 9169, Labour: 2970, Capital: 3030
Household 4: Income: 31.384096814897163, Goods: 84, Land: 4077, Labour: 8514, Capital: 1479
Household 5: Income: 154.85161988165586, Goods: 159, Land: 6110, Labour: 9611, Capital: 3900
Household 6: Income: 39.28972626643253, Goods: 157, Land: 4079, Labour: 4119, Capital: 1621
Household 7: Income: 37.58895445595876, Goods: 117, Land: 3299, Labour: 2944, Capital: 7442
Household 8: Income: 1270.2033989634226, Goods: 168, Land: 9763, Labour: 6608, Capital: 9235
Household 9: Income: 41.45344099811494, Goods: 147, Land: 1339, Labour: 8293, Capital: 2516
Household 10: Income: 86.19860120917305, Goods: 104, Land: 8344, Labour: 9259, Capital: 7243
Firm 1: Money: -177.96883907904092, Goods: 59, Land: 0, Labour: 0, Capital: 0, Goods Price: 33.81226126879567
Firm 2: Money: -236.4640442861653, Goods: 44, Land: 0, Labour: 0, Capital: 0, Goods Price: 41.02659420898924
Firm 3: Money: -744.3308438379927, Goods: 50, Land: 0, Labour: 0, Capital: 0, Goods Price: 42.72933000714207
Firm 4: Money: -659.1089325332514, Goods: 56, Land: 0, Labour: 0, Capital: 0, Goods Price: 26.79955716503823
Firm 5: Money: -130.03858712296062, Goods: 40, Land: 0, Labour: 0, Capital: 0, Goods Price: 29.48749235952126
Firm 6: Money: 1001.8207205587914, Goods: 18, Land: 0, Labour: 0, Capital: 0, Goods Price: 18.429071226905435
Firm 7: Money: 1106.1493500571419, Goods: 28, Land: 0, Labour: 0, Capital: 0, Goods Price: 33.38939421129528
Firm 8: Money: 898.3835882936935, Goods: 27, Land: 0, Labour: 0, Capital: 0, Goods Price: 32.79954198620398
Firm 9: Money: 1023.3031493166272, Goods: 35, Land: 0, Labour: 0, Capital: 0, Goods Price: 27.349949607893212
Firm 10: Money: 516.9654974816854, Goods: 18, Land: 0, Labour: 0, Capital: 0, Goods Price: 6.341449680623664
Self.nfirms:  10
[0, 1, 2, 3, 4, 5, 6, 7, 8, 9]
^^^
[1, 2, 3, 4, 5, 6, 7, 8, 9]
^^^
sold
[1, 3, 4, 5, 6, 7, 8, 9]
^^^
sold
[1, 3, 4, 5, 6, 7, 8]
^^^
sold
[1, 3, 4, 5, 6, 7]
^^^
sold
[1, 3, 4, 6, 7]
^^^
[1, 4, 6, 7]
^^^
sold
[1, 6, 7]
^^^
sold
[1, 6]
^^^
sold
[6]
^^^
---
__
[0, 1, 2, 3, 4, 5, 6, 7, 8, 9]
[0, 1, 2, 3, 4, 6, 7, 8, 9]
[0, 1, 2, 3, 4, 6, 7, 8]
[0, 1, 2, 3, 4, 6, 8]
[0, 1, 3, 4, 6, 8]
[1, 3, 4, 6, 8]
[3, 4, 6, 8]
[3, 4, 6]
[4, 6]
[6]
producing
producing
producing
producing
producing
producing
producing
producing
producing
producing
Day 171:
Household 1: Income: 13.729173243486937, Goods: 54, Land: 2529, Labour: 5133, Capital: 5582
Household 2: Income: 572.9441624193117, Goods: 168, Land: 7590, Labour: 7249, Capital: 6332
Household 3: Income: 1328.0416695296994, Goods: 169, Land: 9168, Labour: 2969, Capital: 3029
Household 4: Income: 28.370524846452923, Goods: 85, Land: 4076, Labour: 8513, Capital: 1478
Household 5: Income: 176.88587190129013, Goods: 160, Land: 6109, Labour: 9610, Capital: 3899
Household 6: Income: 48.083036383542535, Goods: 158, Land: 4078, Labour: 4118, Capital: 1620
Household 7: Income: 38.587092019579806, Goods: 117, Land: 3298, Labour: 2943, Capital: 7441
Household 8: Income: 1265.09780943354, Goods: 169, Land: 9762, Labour: 6607, Capital: 9234
Household 9: Income: 38.56246381844679, Goods: 148, Land: 1338, Labour: 8292, Capital: 2515
Household 10: Income: 51.19069983279678, Goods: 105, Land: 8343, Labour: 9258, Capital: 7242
Firm 1: Money: -175.26545734032734, Goods: 59, Land: 0, Labour: 0, Capital: 0, Goods Price: 35.96032484485077
Firm 2: Money: -273.4521783629814, Goods: 45, Land: 0, Labour: 0, Capital: 0, Goods Price: 39.32956532159925
Firm 3: Money: -731.4954373048428, Goods: 50, Land: 0, Labour: 0, Capital: 0, Goods Price: 32.83710512472495
Firm 4: Money: -697.4273915187492, Goods: 57, Land: 0, Labour: 0, Capital: 0, Goods Price: 46.60735876235683
Firm 5: Money: -134.946262610015, Goods: 40, Land: 0, Labour: 0, Capital: 0, Goods Price: 36.69684811455154
Firm 6: Money: 1021.6171681906353, Goods: 18, Land: 0, Labour: 0, Capital: 0, Goods Price: 0.43292125251868807
Firm 7: Money: 1111.2549395870244, Goods: 28, Land: 0, Labour: 0, Capital: 0, Goods Price: 33.38939421129528
Firm 8: Money: 927.0818829849389, Goods: 27, Land: 0, Labour: 0, Capital: 0, Goods Price: 9.09821172073078
Firm 9: Money: 1039.8877224324096, Goods: 35, Land: 0, Labour: 0, Capital: 0, Goods Price: 21.83762274025291
Firm 10: Money: 518.3095556061843, Goods: 18, Land: 0, Labour: 0, Capital: 0, Goods Price: 6.341449680623664
Self.nfirms:  10
[0, 1, 2, 3, 4, 5, 6, 7, 8, 9]
^^^
sold
[0, 1, 2, 3, 4, 6, 7, 8, 9]
^^^
[0, 1, 2, 3, 4, 6, 7, 8]
^^^
sold
[0, 1, 3, 4, 6, 7, 8]
^^^
sold
[0, 1, 3, 4, 7, 8]
^^^
sold
[0, 3, 4, 7, 8]
^^^
[3, 4, 7, 8]
^^^
sold
[3, 4, 8]
^^^
[4, 8]
^^^
[4]
^^^
sold
---
__
[0, 1, 2, 3, 4, 5, 6, 7, 8, 9]
[0, 1, 2, 3, 4, 6, 7, 8, 9]
[0, 1, 2, 3, 4, 7, 8, 9]
[0, 1, 2, 3, 4, 7, 8]
[0, 1, 2, 3, 7, 8]
[1, 2, 3, 7, 8]
[1, 2, 7, 8]
[1, 2, 7]
[1, 2]
[1]
producing
producing
producing
producing
producing
producing
producing
producing
producing
producing
Day 172:
Household 1: Income: 20.513108759141115, Goods: 54, Land: 2528, Labour: 5132, Capital: 5581
Household 2: Income: 613.9328098836285, Goods: 169, Land: 7589, Labour: 7248, Capital: 6331
Household 3: Income: 1313.4593383458746, Goods: 170, Land: 9167, Labour: 2968, Capital: 3028
Household 4: Income: 23.527959271790884, Goods: 85, Land: 4075, Labour: 8512, Capital: 1477
Household 5: Income: 192.70819111068394, Goods: 161, Land: 6108, Labour: 9609, Capital: 3898
Household 6: Income: 59.358967732975614, Goods: 159, Land: 4077, Labour: 4117, Capital: 1619
Household 7: Income: 2.2732371896346217, Goods: 118, Land: 3297, Labour: 2942, Capital: 7440
Household 8: Income: 1263.7422792121408, Goods: 170, Land: 9761, Labour: 6606, Capital: 9233
Household 9: Income: 64.09460333728751, Goods: 148, Land: 1337, Labour: 8291, Capital: 2514
Household 10: Income: 71.58870207603584, Goods: 106, Land: 8342, Labour: 9257, Capital: 7241
Firm 1: Money: -148.87072189721007, Goods: 59, Land: 0, Labour: 0, Capital: 0, Goods Price: 15.676246295943141
Firm 2: Money: -269.63928571607823, Goods: 45, Land: 0, Labour: 0, Capital: 0, Goods Price: 33.81723845395895
Firm 3: Money: -757.0275768236835, Goods: 51, Land: 0, Labour: 0, Capital: 0, Goods Price: 32.83710512472495
Firm 4: Money: -735.7458505042471, Goods: 58, Land: 0, Labour: 0, Capital: 0, Goods Price: 46.60735876235683
Firm 5: Money: -169.23981026447169, Goods: 41, Land: 0, Labour: 0, Capital: 0, Goods Price: 37.659603583444934
Firm 6: Money: 1023.7895452864785, Goods: 18, Land: 0, Labour: 0, Capital: 0, Goods Price: 0.43292125251868807
Firm 7: Money: 1143.6185863307896, Goods: 28, Land: 0, Labour: 0, Capital: 0, Goods Price: 6.131336997412615
Firm 8: Money: 913.104495744964, Goods: 27, Land: 0, Labour: 0, Capital: 0, Goods Price: 35.973006808302344
Firm 9: Money: 1039.3812296198982, Goods: 35, Land: 0, Labour: 0, Capital: 0, Goods Price: 29.046978495283202
Firm 10: Money: 502.4872363967904, Goods: 18, Land: 0, Labour: 0, Capital: 0, Goods Price: 21.670384725303155
Self.nfirms:  10
[0, 1, 2, 3, 4, 5, 6, 7, 8, 9]
^^^
sold
[0, 1, 2, 3, 4, 6, 7, 8, 9]
^^^
sold
[0, 1, 3, 4, 6, 7, 8, 9]
^^^
sold
[0, 3, 4, 6, 7, 8, 9]
^^^
sold
[0, 3, 4, 6, 7, 9]
^^^
[0, 4, 6, 7, 9]
^^^
[0, 4, 7, 9]
^^^
[4, 7, 9]
^^^
sold
[7, 9]
^^^
[7]
^^^
sold
---
__
[0, 1, 2, 3, 4, 5, 6, 7, 8, 9]
[0, 1, 2, 3, 4, 5, 7, 8, 9]
[0, 1, 2, 3, 4, 5, 7, 8]
[0, 1, 2, 3, 4, 7, 8]
[1, 2, 3, 4, 7, 8]
[1, 2, 3, 7, 8]
[1, 3, 7, 8]
[1, 7, 8]
[1, 8]
[1]
producing
producing
producing
producing
producing
producing
producing
producing
producing
producing
Day 173:
Household 1: Income: 12.816328704752362, Goods: 55, Land: 2527, Labour: 5131, Capital: 5580
Household 2: Income: 600.9460858356243, Goods: 170, Land: 7588, Labour: 7247, Capital: 6330
Household 3: Income: 1344.5800175905188, Goods: 171, Land: 9166, Labour: 2967, Capital: 3027
Household 4: Income: 50.595973336352685, Goods: 85, Land: 4074, Labour: 8511, Capital: 1476
Household 5: Income: 197.1985075489213, Goods: 162, Land: 6107, Labour: 9608, Capital: 3897
Household 6: Income: 44.71292945688924, Goods: 160, Land: 4076, Labour: 4116, Capital: 1618
Household 7: Income: 19.201971123565585, Goods: 118, Land: 3296, Labour: 2941, Capital: 7439
Household 8: Income: 1293.7188880624972, Goods: 171, Land: 9760, Labour: 6605, Capital: 9232
Household 9: Income: 53.03151493369566, Goods: 149, Land: 1336, Labour: 8290, Capital: 2513
Household 10: Income: 66.17783611250405, Goods: 107, Land: 8341, Labour: 9256, Capital: 7240
Firm 1: Money: -164.42342100453243, Goods: 59, Land: 0, Labour: 0, Capital: 0, Goods Price: 35.96032484485077
Firm 2: Money: -306.62741979289433, Goods: 46, Land: 0, Labour: 0, Capital: 0, Goods Price: 39.32956532159925
Firm 3: Money: -751.3603580983095, Goods: 51, Land: 0, Labour: 0, Capital: 0, Goods Price: 32.83710512472495
Firm 4: Money: -733.733525280824, Goods: 58, Land: 0, Labour: 0, Capital: 0, Goods Price: 49.7808235844552
Firm 5: Money: -163.16210732505428, Goods: 41, Land: 0, Labour: 0, Capital: 0, Goods Price: 33.8835809120034
Firm 6: Money: 1002.2876264665359, Goods: 18, Land: 0, Labour: 0, Capital: 0, Goods Price: 23.169461434121647
Firm 7: Money: 1138.1216910926644, Goods: 28, Land: 0, Labour: 0, Capital: 0, Goods Price: 25.819840836714757
Firm 8: Money: 918.0895783519003, Goods: 27, Land: 0, Labour: 0, Capital: 0, Goods Price: 35.61280918875211
Firm 9: Money: 1022.4524956859672, Goods: 36, Land: 0, Labour: 0, Capital: 0, Goods Price: 25.269343756960385
Firm 10: Money: 522.4324322916486, Goods: 18, Land: 0, Labour: 0, Capital: 0, Goods Price: 6.341449680623664
Self.nfirms:  10
[0, 1, 2, 3, 4, 5, 6, 7, 8, 9]
^^^
[0, 1, 2, 3, 4, 5, 7, 8, 9]
^^^
sold
[0, 1, 2, 3, 4, 5, 7, 8]
^^^
sold
[0, 1, 2, 3, 4, 5, 8]
^^^
sold
[0, 1, 2, 3, 4, 5]
^^^
sold
[0, 1, 3, 4, 5]
^^^
sold
[0, 1, 3, 5]
^^^
sold
[0, 1, 5]
^^^
sold
[0, 5]
^^^
sold
[0]
^^^
---
__
[0, 1, 2, 3, 4, 5, 6, 7, 8, 9]
[1, 2, 3, 4, 5, 6, 7, 8, 9]
[1, 2, 4, 5, 6, 7, 8, 9]
[1, 2, 4, 5, 6, 8, 9]
[1, 2, 5, 6, 8, 9]
[1, 2, 5, 8, 9]
[1, 5, 8, 9]
[1, 8, 9]
[1, 9]
[1]
producing
producing
producing
producing
producing
producing
producing
producing
producing
producing
Day 174:
Household 1: Income: 26.753170942493853, Goods: 55, Land: 2526, Labour: 5130, Capital: 5579
Household 2: Income: 585.9167137123229, Goods: 171, Land: 7587, Labour: 7246, Capital: 6329
Household 3: Income: 1366.0421090985742, Goods: 172, Land: 9165, Labour: 2966, Capital: 3026
Household 4: Income: 17.41418290815369, Goods: 86, Land: 4073, Labour: 8510, Capital: 1475
Household 5: Income: 183.07078184457748, Goods: 163, Land: 6106, Labour: 9607, Capital: 3896
Household 6: Income: 57.10358533629344, Goods: 161, Land: 4075, Labour: 4115, Capital: 1617
Household 7: Income: 22.561615799179982, Goods: 118, Land: 3295, Labour: 2940, Capital: 7438
Household 8: Income: 1293.1265448562904, Goods: 172, Land: 9759, Labour: 6604, Capital: 9231
Household 9: Income: 43.40303189446263, Goods: 150, Land: 1335, Labour: 8289, Capital: 2512
Household 10: Income: 52.973205497590335, Goods: 108, Land: 8340, Labour: 9255, Capital: 7239
Firm 1: Money: -155.16344350121915, Goods: 59, Land: 0, Labour: 0, Capital: 0, Goods Price: 33.81226126879567
Firm 2: Money: -322.94458613483255, Goods: 47, Land: 0, Labour: 0, Capital: 0, Goods Price: 18.658597586721417
Firm 3: Money: -753.6467838731244, Goods: 51, Land: 0, Labour: 0, Capital: 0, Goods Price: 38.953307335700536
Firm 4: Money: -720.9781818607219, Goods: 58, Land: 0, Labour: 0, Capital: 0, Goods Price: 42.21127020987468
Firm 5: Money: -147.57715260594378, Goods: 41, Land: 0, Labour: 0, Capital: 0, Goods Price: 17.302898166729754
Firm 6: Money: 1008.5851507694899, Goods: 18, Land: 0, Labour: 0, Capital: 0, Goods Price: 20.50967707783826
Firm 7: Money: 1136.0179248675167, Goods: 28, Land: 0, Labour: 0, Capital: 0, Goods Price: 33.02919659174505
Firm 8: Money: 951.6398743160191, Goods: 27, Land: 0, Labour: 0, Capital: 0, Goods Price: 9.09821172073078
Firm 9: Money: 1001.3859293941632, Goods: 37, Land: 0, Labour: 0, Capital: 0, Goods Price: 29.40717611483343
Firm 10: Money: 521.3733718311375, Goods: 18, Land: 0, Labour: 0, Capital: 0, Goods Price: 6.341449680623664
Self.nfirms:  10
[0, 1, 2, 3, 4, 5, 6, 7, 8, 9]
^^^
sold
[0, 1, 2, 3, 4, 5, 6, 7, 8]
^^^
sold
[0, 2, 3, 4, 5, 6, 7, 8]
^^^
[2, 3, 4, 5, 6, 7, 8]
^^^
sold
[2, 3, 5, 6, 7, 8]
^^^
sold
[2, 3, 5, 6, 7]
^^^
sold
[2, 3, 6, 7]
^^^
sold
[2, 3, 6]
^^^
sold
[3, 6]
^^^
sold
[6]
^^^
---
__
[0, 1, 2, 3, 4, 5, 6, 7, 8, 9]
[0, 1, 2, 3, 4, 5, 7, 8, 9]
[0, 1, 2, 3, 5, 7, 8, 9]
[0, 1, 2, 3, 7, 8, 9]
[0, 1, 2, 3, 8, 9]
[0, 1, 3, 8, 9]
[1, 3, 8, 9]
[3, 8, 9]
[8, 9]
[8]
producing
producing
producing
producing
producing
producing
producing
producing
producing
producing
Day 175:
Household 1: Income: 29.174791873214517, Goods: 56, Land: 2525, Labour: 5129, Capital: 5578
Household 2: Income: 581.7148578377762, Goods: 172, Land: 7586, Labour: 7245, Capital: 6328
Household 3: Income: 1361.7211242562503, Goods: 173, Land: 9164, Labour: 2965, Capital: 3025
Household 4: Income: 5.251326270069065, Goods: 87, Land: 4072, Labour: 8509, Capital: 1474
Household 5: Income: 195.43871158433495, Goods: 164, Land: 6105, Labour: 9606, Capital: 3895
Household 6: Income: 60.38611390669429, Goods: 162, Land: 4074, Labour: 4114, Capital: 1616
Household 7: Income: 19.426431928006235, Goods: 118, Land: 3294, Labour: 2939, Capital: 7437
Household 8: Income: 1284.5417812180026, Goods: 173, Land: 9758, Labour: 6603, Capital: 9230
Household 9: Income: 43.640467738252184, Goods: 151, Land: 1334, Labour: 8288, Capital: 2511
Household 10: Income: 71.11886002936016, Goods: 109, Land: 8339, Labour: 9254, Capital: 7238
Firm 1: Money: -159.3615334731576, Goods: 59, Land: 0, Labour: 0, Capital: 0, Goods Price: 42.74173068231939
Firm 2: Money: -322.2409017705595, Goods: 47, Land: 0, Labour: 0, Capital: 0, Goods Price: 18.658597586721417
Firm 3: Money: -749.4449279985777, Goods: 51, Land: 0, Labour: 0, Capital: 0, Goods Price: 38.953307335700536
Firm 4: Money: -715.0100338908898, Goods: 58, Land: 0, Labour: 0, Capital: 0, Goods Price: 40.49115655138125
Firm 5: Money: -166.34819894670144, Goods: 41, Land: 0, Labour: 0, Capital: 0, Goods Price: 37.659603583444934
Firm 6: Money: 1009.4988536415193, Goods: 18, Land: 0, Labour: 0, Capital: 0, Goods Price: 20.50967707783826
Firm 7: Money: 1171.1179296694231, Goods: 28, Land: 0, Labour: 0, Capital: 0, Goods Price: 6.131336997412615
Firm 8: Money: 945.2320404506248, Goods: 27, Land: 0, Labour: 0, Capital: 0, Goods Price: 28.403453433721822
Firm 9: Money: 980.3193631023593, Goods: 38, Land: 0, Labour: 0, Capital: 0, Goods Price: 29.40717611483343
Firm 10: Money: 520.8799876664231, Goods: 18, Land: 0, Labour: 0, Capital: 0, Goods Price: 6.341449680623664
Self.nfirms:  10
[0, 1, 2, 3, 4, 5, 6, 7, 8, 9]
^^^
[1, 2, 3, 4, 5, 6, 7, 8, 9]
^^^
sold
[1, 2, 3, 4, 5, 6, 8, 9]
^^^
sold
[1, 2, 3, 5, 6, 8, 9]
^^^
sold
[1, 3, 5, 6, 8, 9]
^^^
[1, 3, 5, 8, 9]
^^^
sold
[1, 3, 8, 9]
^^^
sold
[1, 3, 9]
^^^
sold
[3, 9]
^^^
[9]
^^^
---
__
[0, 1, 2, 3, 4, 5, 6, 7, 8, 9]
[0, 1, 2, 3, 5, 6, 7, 8, 9]
[0, 1, 2, 3, 5, 6, 8, 9]
[0, 1, 2, 3, 6, 8, 9]
[0, 1, 2, 6, 8, 9]
[0, 2, 6, 8, 9]
[2, 6, 8, 9]
[2, 6, 9]
[6, 9]
[9]
producing
producing
producing
producing
producing
producing
producing
producing
producing
producing
Day 176:
Household 1: Income: 13.275801568549323, Goods: 57, Land: 2524, Labour: 5128, Capital: 5577
Household 2: Income: 586.9320391184071, Goods: 173, Land: 7585, Labour: 7244, Capital: 6327
Household 3: Income: 1364.1519852274973, Goods: 174, Land: 9163, Labour: 2964, Capital: 3024
Household 4: Income: 8.610970945683462, Goods: 87, Land: 4071, Labour: 8508, Capital: 1473
Household 5: Income: 195.3224307834775, Goods: 165, Land: 6104, Labour: 9605, Capital: 3894
Household 6: Income: 49.71061759850408, Goods: 163, Land: 4073, Labour: 4113, Capital: 1615
Household 7: Income: 35.74359826994452, Goods: 118, Land: 3293, Labour: 2938, Capital: 7436
Household 8: Income: 1272.334429348034, Goods: 174, Land: 9757, Labour: 6602, Capital: 9229
Household 9: Income: 35.97206558015635, Goods: 152, Land: 1333, Labour: 8287, Capital: 2510
Household 10: Income: 84.4694934353276, Goods: 110, Land: 8338, Labour: 9253, Capital: 7237
Firm 1: Money: -147.30073240335864, Goods: 59, Land: 0, Labour: 0, Capital: 0, Goods Price: 35.532374927289105
Firm 2: Money: -316.4843371172073, Goods: 47, Land: 0, Labour: 0, Capital: 0, Goods Price: 18.658597586721417
Firm 3: Money: -747.553731944645, Goods: 51, Land: 0, Labour: 0, Capital: 0, Goods Price: 42.72933000714207
Firm 4: Money: -719.8115348662582, Goods: 58, Land: 0, Labour: 0, Capital: 0, Goods Price: 49.42062596490497
Firm 5: Money: -196.8657239297166, Goods: 42, Land: 0, Labour: 0, Capital: 0, Goods Price: 33.8835809120034
Firm 6: Money: 1033.7867206330072, Goods: 18, Land: 0, Labour: 0, Capital: 0, Goods Price: 0.43292125251868807
Firm 7: Money: 1158.0514810567172, Goods: 28, Land: 0, Labour: 0, Capital: 0, Goods Price: 33.38939421129528
Firm 8: Money: 944.7166780087565, Goods: 27, Land: 0, Labour: 0, Capital: 0, Goods Price: 33.91578030136212
Firm 9: Money: 994.474450788739, Goods: 38, Land: 0, Labour: 0, Capital: 0, Goods Price: 20.11750908175948
Firm 10: Money: 517.5203429908086, Goods: 19, Land: 0, Labour: 0, Capital: 0, Goods Price: 6.341449680623664
Self.nfirms:  10
[0, 1, 2, 3, 4, 5, 6, 7, 8, 9]
^^^
[1, 2, 3, 4, 5, 6, 7, 8, 9]
^^^
sold
[1, 3, 4, 5, 6, 7, 8, 9]
^^^
sold
[1, 3, 4, 5, 7, 8, 9]
^^^
sold
[1, 3, 4, 7, 8, 9]
^^^
sold
[1, 3, 4, 7, 8]
^^^
sold
[3, 4, 7, 8]
^^^
sold
[3, 4, 8]
^^^
[4, 8]
^^^
[8]
^^^
sold
---
__
[0, 1, 2, 3, 4, 5, 6, 7, 8, 9]
[0, 2, 3, 4, 5, 6, 7, 8, 9]
[2, 3, 4, 5, 6, 7, 8, 9]
[2, 4, 5, 6, 7, 8, 9]
[2, 4, 5, 6, 7, 9]
[2, 5, 6, 7, 9]
[2, 5, 6, 7]
[2, 5, 7]
[2, 7]
[2]
producing
producing
producing
producing
producing
producing
producing
producing
producing
producing
Day 177:
Household 1: Income: 27.212643806290814, Goods: 57, Land: 2523, Labour: 5127, Capital: 5576
Household 2: Income: 585.5389266219379, Goods: 174, Land: 7584, Labour: 7243, Capital: 6326
Household 3: Income: 1400.5365639766003, Goods: 175, Land: 9162, Labour: 2963, Capital: 3023
Household 4: Income: 23.47164430929442, Goods: 88, Land: 4070, Labour: 8507, Capital: 1472
Household 5: Income: 164.46796085323922, Goods: 166, Land: 6103, Labour: 9604, Capital: 3893
Household 6: Income: 35.87128764920636, Goods: 164, Land: 4072, Labour: 4112, Capital: 1614
Household 7: Income: 35.336477008195345, Goods: 119, Land: 3292, Labour: 2937, Capital: 7435
Household 8: Income: 1260.39738323304, Goods: 175, Land: 9756, Labour: 6601, Capital: 9228
Household 9: Income: 14.576800133966747, Goods: 153, Land: 1332, Labour: 8286, Capital: 2509
Household 10: Income: 55.94583404209665, Goods: 111, Land: 8337, Labour: 9252, Capital: 7236
Firm 1: Money: -145.90761990688938, Goods: 59, Land: 0, Labour: 0, Capital: 0, Goods Price: 39.92846347977125
Firm 2: Money: -355.1695000814134, Goods: 48, Land: 0, Labour: 0, Capital: 0, Goods Price: 41.02659420898924
Firm 3: Money: -733.7144019953474, Goods: 51, Land: 0, Labour: 0, Capital: 0, Goods Price: 34.55721878321838
Firm 4: Money: -685.4020754884306, Goods: 58, Land: 0, Labour: 0, Capital: 0, Goods Price: 26.79955716503823
Firm 5: Money: -181.2807692106061, Goods: 42, Land: 0, Labour: 0, Capital: 0, Goods Price: 17.302898166729754
Firm 6: Money: 1020.1452878999779, Goods: 18, Land: 0, Labour: 0, Capital: 0, Goods Price: 22.56690358477848
Firm 7: Money: 1165.2142970935402, Goods: 28, Land: 0, Labour: 0, Capital: 0, Goods Price: 31.332167704355054
Firm 8: Money: 976.5699450854853, Goods: 27, Land: 0, Labour: 0, Capital: 0, Goods Price: 9.09821172073078
Firm 9: Money: 994.8815720504882, Goods: 38, Land: 0, Labour: 0, Capital: 0, Goods Price: 25.269343756960385
Firm 10: Money: 508.3647880117517, Goods: 19, Land: 0, Labour: 0, Capital: 0, Goods Price: 14.437944199169422
Self.nfirms:  10
[0, 1, 2, 3, 4, 5, 6, 7, 8, 9]
^^^
[0, 1, 2, 3, 4, 5, 6, 7, 9]
^^^
sold
[0, 1, 3, 4, 5, 6, 7, 9]
^^^
sold
[0, 1, 3, 4, 5, 6, 7]
^^^
sold
[0, 3, 4, 5, 6, 7]
^^^
sold
[0, 3, 4, 6, 7]
^^^
sold
[0, 4, 6, 7]
^^^
sold
[0, 4, 6]
^^^
sold
[0, 6]
^^^
[0]
^^^
---
__
[0, 1, 2, 3, 4, 5, 6, 7, 8, 9]
[0, 1, 2, 3, 4, 5, 7, 8, 9]
[0, 2, 3, 4, 5, 7, 8, 9]
[0, 2, 3, 4, 5, 8, 9]
[2, 3, 4, 5, 8, 9]
[3, 4, 5, 8, 9]
[3, 4, 5, 8]
[3, 4, 8]
[4, 8]
[8]
producing
producing
producing
producing
producing
producing
producing
producing
producing
producing
Day 178:
Household 1: Income: 31.82775578325242, Goods: 58, Land: 2522, Labour: 5126, Capital: 5575
Household 2: Income: 561.7333940797857, Goods: 175, Land: 7583, Labour: 7242, Capital: 6325
Household 3: Income: 1423.4702774285145, Goods: 176, Land: 9161, Labour: 2962, Capital: 3022
Household 4: Income: 8.338005995949853, Goods: 89, Land: 4069, Labour: 8506, Capital: 1471
Household 5: Income: 164.0648261584782, Goods: 167, Land: 6102, Labour: 9603, Capital: 3892
Household 6: Income: 22.730186793489867, Goods: 165, Land: 4071, Labour: 4111, Capital: 1613
Household 7: Income: 35.10921420576277, Goods: 120, Land: 3291, Labour: 2936, Capital: 7434
Household 8: Income: 1264.8229023404404, Goods: 176, Land: 9755, Labour: 6600, Capital: 9227
Household 9: Income: 44.33249368464914, Goods: 153, Land: 1331, Labour: 8285, Capital: 2508
Household 10: Income: 36.03641180390871, Goods: 112, Land: 8336, Labour: 9251, Capital: 7235
Firm 1: Money: -175.979405070597, Goods: 60, Land: 0, Labour: 0, Capital: 0, Goods Price: 38.96409594399658
Firm 2: Money: -347.00170915444414, Goods: 48, Land: 0, Labour: 0, Capital: 0, Goods Price: 32.09712479546552
Firm 3: Money: -738.1399211027474, Goods: 51, Land: 0, Labour: 0, Capital: 0, Goods Price: 42.126772157798904
Firm 4: Money: -673.6136849104697, Goods: 58, Land: 0, Labour: 0, Capital: 0, Goods Price: 26.79955716503823
Firm 5: Money: -199.08906008247035, Goods: 42, Land: 0, Labour: 0, Capital: 0, Goods Price: 36.69684811455154
Firm 6: Money: 1025.1190503795337, Goods: 18, Land: 0, Labour: 0, Capital: 0, Goods Price: 19.393438762680113
Firm 7: Money: 1178.3553979492567, Goods: 28, Land: 0, Labour: 0, Capital: 0, Goods Price: 25.819840836714757
Firm 8: Money: 989.467352933082, Goods: 27, Land: 0, Labour: 0, Capital: 0, Goods Price: 9.09821172073078
Firm 9: Money: 1015.4002688519427, Goods: 38, Land: 0, Labour: 0, Capital: 0, Goods Price: 8.729472823383878
Firm 10: Money: 500.073287025107, Goods: 19, Land: 0, Labour: 0, Capital: 0, Goods Price: 21.670384725303155
Self.nfirms:  10
[0, 1, 2, 3, 4, 5, 6, 7, 8, 9]
^^^
sold
[0, 1, 3, 4, 5, 6, 7, 8, 9]
^^^
sold
[0, 1, 3, 4, 6, 7, 8, 9]
^^^
sold
[0, 1, 3, 4, 6, 7, 9]
^^^
sold
[0, 1, 3, 6, 7, 9]
^^^
[0, 1, 3, 6, 7]
^^^
[0, 1, 6, 7]
^^^
[1, 6, 7]
^^^
sold
[1, 6]
^^^
sold
[6]
^^^
sold
---
__
[0, 1, 2, 3, 4, 5, 6, 7, 8, 9]
[1, 2, 3, 4, 5, 6, 7, 8, 9]
[1, 2, 3, 4, 5, 7, 8, 9]
[1, 3, 4, 5, 7, 8, 9]
[1, 4, 5, 7, 8, 9]
[1, 4, 5, 7, 9]
[1, 4, 7, 9]
[1, 4, 7]
[1, 4]
[4]
producing
producing
producing
producing
producing
producing
producing
producing
producing
producing
Day 179:
Household 1: Income: 48.1449221251907, Goods: 58, Land: 2521, Labour: 5125, Capital: 5574
Household 2: Income: 563.77553171514, Goods: 176, Land: 7582, Labour: 7241, Capital: 6324
Household 3: Income: 1451.7437233588673, Goods: 177, Land: 9160, Labour: 2961, Capital: 3021
Household 4: Income: 26.848663384129075, Goods: 89, Land: 4068, Labour: 8505, Capital: 1470
Household 5: Income: 158.17782321537737, Goods: 168, Land: 6101, Labour: 9602, Capital: 3891
Household 6: Income: 28.814713703269753, Goods: 166, Land: 4070, Labour: 4110, Capital: 1612
Household 7: Income: 15.362245457988244, Goods: 121, Land: 3290, Labour: 2935, Capital: 7433
Household 8: Income: 1247.311154492745, Goods: 177, Land: 9754, Labour: 6599, Capital: 9226
Household 9: Income: 37.18057779874193, Goods: 154, Land: 1330, Labour: 8284, Capital: 2507
Household 10: Income: 34.40069537458318, Goods: 113, Land: 8335, Labour: 9250, Capital: 7234
Firm 1: Money: -172.2123931647864, Goods: 60, Land: 0, Labour: 0, Capital: 0, Goods Price: 39.92846347977125
Firm 2: Money: -334.3248604322544, Goods: 48, Land: 0, Labour: 0, Capital: 0, Goods Price: 18.658597586721417
Firm 3: Money: -732.2529181596467, Goods: 51, Land: 0, Labour: 0, Capital: 0, Goods Price: 40.069545650858686
Firm 4: Money: -666.3891607946232, Goods: 58, Land: 0, Labour: 0, Capital: 0, Goods Price: 26.79955716503823
Firm 5: Money: -232.41985226803362, Goods: 43, Land: 0, Labour: 0, Capital: 0, Goods Price: 36.69684811455154
Firm 6: Money: 1024.439418498537, Goods: 18, Land: 0, Labour: 0, Capital: 0, Goods Price: 22.56690358477848
Firm 7: Money: 1181.4905818204304, Goods: 29, Land: 0, Labour: 0, Capital: 0, Goods Price: 6.131336997412615
Firm 8: Money: 975.9414335701738, Goods: 27, Land: 0, Labour: 0, Capital: 0, Goods Price: 26.68333977522839
Firm 9: Money: 1000.8228706536693, Goods: 38, Land: 0, Labour: 0, Capital: 0, Goods Price: 30.009733964176593
Firm 10: Money: 510.2018747429262, Goods: 19, Land: 0, Labour: 0, Capital: 0, Goods Price: 16.158057857662854
Self.nfirms:  10
[0, 1, 2, 3, 4, 5, 6, 7, 8, 9]
^^^
sold
[0, 1, 2, 3, 5, 6, 7, 8, 9]
^^^
[0, 1, 2, 5, 6, 7, 8, 9]
^^^
sold
[0, 2, 5, 6, 7, 8, 9]
^^^
sold
[0, 2, 5, 6, 7, 8]
^^^
sold
[0, 2, 5, 6, 8]
^^^
[0, 2, 5, 8]
^^^
sold
[0, 5, 8]
^^^
[5, 8]
^^^
[8]
^^^
sold
---
__
[0, 1, 2, 3, 4, 5, 6, 7, 8, 9]
[0, 1, 2, 3, 4, 6, 7, 8, 9]
[1, 2, 3, 4, 6, 7, 8, 9]
[1, 2, 3, 4, 6, 7, 8]
[2, 3, 4, 6, 7, 8]
[2, 4, 6, 7, 8]
[2, 4, 6, 8]
[2, 4, 6]
[2, 4]
[4]
producing
producing
producing
producing
producing
producing
producing
producing
producing
producing
Day 180:
Household 1: Income: 26.460054130254743, Goods: 59, Land: 2520, Labour: 5124, Capital: 5573
Household 2: Income: 557.8452484951011, Goods: 177, Land: 7581, Labour: 7240, Capital: 6323
Household 3: Income: 1456.6139840808019, Goods: 178, Land: 9159, Labour: 2960, Capital: 3020
Household 4: Income: 4.213584106634625, Goods: 90, Land: 4067, Labour: 8504, Capital: 1469
Household 5: Income: 143.7901957410984, Goods: 169, Land: 6100, Labour: 9601, Capital: 3890
Household 6: Income: 62.737084136285425, Goods: 166, Land: 4069, Labour: 4109, Capital: 1611
Household 7: Income: 46.04621965202989, Goods: 121, Land: 3289, Labour: 2934, Capital: 7432
Household 8: Income: 1266.0865550612702, Goods: 178, Land: 9753, Labour: 6598, Capital: 9225
Household 9: Income: 35.846719066755625, Goods: 155, Land: 1329, Labour: 8283, Capital: 2506
Household 10: Income: 25.069911707496274, Goods: 114, Land: 8334, Labour: 9249, Capital: 7233
Firm 1: Money: -166.79527155422102, Goods: 60, Land: 0, Labour: 0, Capital: 0, Goods Price: 39.92846347977125
Firm 2: Money: -328.5682957789022, Goods: 48, Land: 0, Labour: 0, Capital: 0, Goods Price: 18.658597586721417
Firm 3: Money: -725.9704564341671, Goods: 51, Land: 0, Labour: 0, Capital: 0, Goods Price: 37.98893979992586
Firm 4: Money: -674.5763497236129, Goods: 58, Land: 0, Labour: 0, Capital: 0, Goods Price: 42.21127020987468
Firm 5: Money: -256.8211750400732, Goods: 44, Land: 0, Labour: 0, Capital: 0, Goods Price: 27.767378701027823
Firm 6: Money: 1029.281984073199, Goods: 19, Land: 0, Labour: 0, Capital: 0, Goods Price: 0.43292125251868807
Firm 7: Money: 1161.3953406433707, Goods: 29, Land: 0, Labour: 0, Capital: 0, Goods Price: 31.332167704355054
Firm 8: Money: 971.0711728482395, Goods: 27, Land: 0, Labour: 0, Capital: 0, Goods Price: 35.61280918875211
Firm 9: Money: 1026.0819576623403, Goods: 38, Land: 0, Labour: 0, Capital: 0, Goods Price: 8.729472823383878
Firm 10: Money: 507.2485822185244, Goods: 19, Land: 0, Labour: 0, Capital: 0, Goods Price: 23.727611232243373
Self.nfirms:  10
[0, 1, 2, 3, 4, 5, 6, 7, 8, 9]
^^^
sold
[0, 2, 3, 4, 5, 6, 7, 8, 9]
^^^
[2, 3, 4, 5, 6, 7, 8, 9]
^^^
sold
[2, 3, 4, 5, 7, 8, 9]
^^^
[2, 3, 4, 5, 7, 8]
^^^
sold
[2, 3, 4, 5, 8]
^^^
sold
[2, 3, 4, 5]
^^^
sold
[3, 4, 5]
^^^
sold
[3, 4]
^^^
[4]
^^^
sold
---
__
[0, 1, 2, 3, 4, 5, 6, 7, 8, 9]
[0, 2, 3, 4, 5, 6, 7, 8, 9]
[0, 2, 3, 4, 5, 7, 8, 9]
[0, 3, 4, 5, 7, 8, 9]
[0, 3, 4, 5, 7, 8]
[0, 3, 5, 7, 8]
[3, 5, 7, 8]
[5, 7, 8]
[5, 8]
[5]
producing
producing
producing
producing
producing
producing
producing
producing
producing
producing
Day 181:
Household 1: Income: 33.243989645908925, Goods: 59, Land: 2519, Labour: 5123, Capital: 5572
Household 2: Income: 547.6588862556071, Goods: 178, Land: 7580, Labour: 7239, Capital: 6322
Household 3: Income: 1460.6899140372375, Goods: 179, Land: 9158, Labour: 2959, Capital: 3019
Household 4: Income: 22.724241494813846, Goods: 90, Land: 4066, Labour: 8503, Capital: 1468
Household 5: Income: 160.24055062227387, Goods: 170, Land: 6099, Labour: 9600, Capital: 3889
Household 6: Income: 82.89761137074589, Goods: 167, Land: 4068, Labour: 4108, Capital: 1610
Household 7: Income: 61.548536685315234, Goods: 122, Land: 3288, Labour: 2933, Capital: 7431
Household 8: Income: 1255.380483438456, Goods: 179, Land: 9752, Labour: 6597, Capital: 9224
Household 9: Income: 20.920615285470223, Goods: 156, Land: 1328, Labour: 8282, Capital: 2505
Household 10: Income: 41.38707804943456, Goods: 114, Land: 8333, Labour: 9248, Capital: 7232
Firm 1: Money: -173.5792070698752, Goods: 61, Land: 0, Labour: 0, Capital: 0, Goods Price: 15.676246295943141
Firm 2: Money: -329.70205370384264, Goods: 48, Land: 0, Labour: 0, Capital: 0, Goods Price: 18.658597586721417
Firm 3: Money: -718.336879542913, Goods: 51, Land: 0, Labour: 0, Capital: 0, Goods Price: 34.55721878321838
Firm 4: Money: -693.0870071117922, Goods: 59, Land: 0, Labour: 0, Capital: 0, Goods Price: 26.79955716503823
Firm 5: Money: -261.751935298231, Goods: 44, Land: 0, Labour: 0, Capital: 0, Goods Price: 34.99981922716155
Firm 6: Money: 1013.7796670399135, Goods: 19, Land: 0, Labour: 0, Capital: 0, Goods Price: 18.429071226905435
Firm 7: Money: 1137.632664920212, Goods: 30, Land: 0, Labour: 0, Capital: 0, Goods Price: 33.02919659174505
Firm 8: Money: 977.8235828691936, Goods: 27, Land: 0, Labour: 0, Capital: 0, Goods Price: 32.79954198620398
Firm 9: Money: 1021.3967843464839, Goods: 38, Land: 0, Labour: 0, Capital: 0, Goods Price: 20.11750908175948
Firm 10: Money: 506.1895217580133, Goods: 19, Land: 0, Labour: 0, Capital: 0, Goods Price: 23.727611232243373
Self.nfirms:  10
[0, 1, 2, 3, 4, 5, 6, 7, 8, 9]
^^^
[0, 1, 2, 4, 5, 6, 7, 8, 9]
^^^
sold
[0, 1, 2, 4, 6, 7, 8, 9]
^^^
sold
[0, 2, 4, 6, 7, 8, 9]
^^^
[0, 2, 4, 7, 8, 9]
^^^
sold
[0, 2, 4, 8, 9]
^^^
sold
[0, 2, 8, 9]
^^^
sold
[0, 8, 9]
^^^
[8, 9]
^^^
[8]
^^^
sold
---
__
[0, 1, 2, 3, 4, 5, 6, 7, 8, 9]
[0, 1, 2, 3, 4, 5, 6, 8, 9]
[0, 1, 2, 3, 4, 5, 8, 9]
[0, 1, 2, 4, 5, 8, 9]
[0, 2, 4, 5, 8, 9]
[0, 2, 4, 5, 9]
[0, 2, 5, 9]
[0, 2, 5]
[0, 2]
[2]
producing
producing
producing
producing
producing
producing
producing
producing
producing
producing
Day 182:
Household 1: Income: 11.606871663511622, Goods: 60, Land: 2518, Labour: 5122, Capital: 5571
Household 2: Income: 541.1523366902007, Goods: 179, Land: 7579, Labour: 7238, Capital: 6321
Household 3: Income: 1471.3052869075857, Goods: 180, Land: 9157, Labour: 2958, Capital: 3018
Household 4: Income: 19.589057623640098, Goods: 90, Land: 4065, Labour: 8502, Capital: 1467
Household 5: Income: 163.9752482853859, Goods: 171, Land: 6098, Labour: 9599, Capital: 3888
Household 6: Income: 77.85725269558509, Goods: 168, Land: 4067, Labour: 4107, Capital: 1609
Household 7: Income: 61.321273882882664, Goods: 123, Land: 3287, Labour: 2932, Capital: 7430
Household 8: Income: 1278.6869750331314, Goods: 180, Land: 9751, Labour: 6596, Capital: 9223
Household 9: Income: 20.450747482841766, Goods: 157, Land: 1327, Labour: 8281, Capital: 2504
Household 10: Income: 40.98247119529131, Goods: 115, Land: 8332, Labour: 9247, Capital: 7231
Firm 1: Money: -192.13567727634336, Goods: 61, Land: 0, Labour: 0, Capital: 0, Goods Price: 38.96409594399658
Firm 2: Money: -323.94548905049044, Goods: 48, Land: 0, Labour: 0, Capital: 0, Goods Price: 18.658597586721417
Firm 3: Money: -722.6423327771296, Goods: 51, Land: 0, Labour: 0, Capital: 0, Goods Price: 42.126772157798904
Firm 4: Money: -703.919685333698, Goods: 59, Land: 0, Labour: 0, Capital: 0, Goods Price: 49.42062596490497
Firm 5: Money: -287.873371728764, Goods: 45, Land: 0, Labour: 0, Capital: 0, Goods Price: 29.48749235952126
Firm 6: Money: 1014.615597161596, Goods: 19, Land: 0, Labour: 0, Capital: 0, Goods Price: 19.393438762680113
Firm 7: Money: 1178.7221331157211, Goods: 30, Land: 0, Labour: 0, Capital: 0, Goods Price: 6.131336997412615
Firm 8: Money: 990.4021123567687, Goods: 27, Land: 0, Labour: 0, Capital: 0, Goods Price: 26.68333977522839
Firm 9: Money: 1018.7807936260837, Goods: 38, Land: 0, Labour: 0, Capital: 0, Goods Price: 30.009733964176593
Firm 10: Money: 508.12544353862535, Goods: 19, Land: 0, Labour: 0, Capital: 0, Goods Price: 21.670384725303155
Self.nfirms:  10
[0, 1, 2, 3, 4, 5, 6, 7, 8, 9]
^^^
sold
[0, 1, 2, 3, 4, 5, 7, 8, 9]
^^^
sold
[0, 2, 3, 4, 5, 7, 8, 9]
^^^
[0, 2, 3, 4, 5, 7, 8]
^^^
sold
[0, 2, 3, 4, 7, 8]
^^^
sold
[0, 3, 4, 7, 8]
^^^
[0, 3, 4, 7]
^^^
[3, 4, 7]
^^^
sold
[3, 7]
^^^
sold
[3]
^^^
---
__
[0, 1, 2, 3, 4, 5, 6, 7, 8, 9]
[0, 1, 2, 3, 4, 5, 6, 7, 9]
[0, 1, 2, 3, 4, 5, 6, 9]
[0, 1, 2, 3, 4, 6, 9]
[0, 1, 2, 3, 6, 9]
[0, 1, 2, 6, 9]
[1, 2, 6, 9]
[1, 2, 9]
[2, 9]
[9]
producing
producing
producing
producing
producing
producing
producing
producing
producing
producing
Day 183:
Household 1: Income: 25.543713901253113, Goods: 60, Land: 2517, Labour: 5121, Capital: 5570
Household 2: Income: 555.8905656318077, Goods: 180, Land: 7578, Labour: 7237, Capital: 6320
Household 3: Income: 1472.8839327484732, Goods: 181, Land: 9156, Labour: 2957, Capital: 3017
Household 4: Income: 19.977920623994557, Goods: 90, Land: 4064, Labour: 8501, Capital: 1466
Household 5: Income: 150.5519883468816, Goods: 172, Land: 6097, Labour: 9598, Capital: 3887
Household 6: Income: 43.25062646384387, Goods: 169, Land: 4066, Labour: 4106, Capital: 1608
Household 7: Income: 52.66012980520475, Goods: 124, Land: 3286, Labour: 2931, Capital: 7429
Household 8: Income: 1298.3989263066942, Goods: 181, Land: 9750, Labour: 6595, Capital: 9222
Household 9: Income: 39.03401310096042, Goods: 157, Land: 1326, Labour: 8280, Capital: 2503
Household 10: Income: 46.24321280722644, Goods: 116, Land: 8331, Labour: 9246, Capital: 7230
Firm 1: Money: -190.85638802365102, Goods: 61, Land: 0, Labour: 0, Capital: 0, Goods Price: 43.10192830186962
Firm 2: Money: -325.76498914441095, Goods: 48, Land: 0, Labour: 0, Capital: 0, Goods Price: 18.658597586721417
Firm 3: Money: -713.9811886994515, Goods: 51, Land: 0, Labour: 0, Capital: 0, Goods Price: 37.98893979992586
Firm 4: Money: -694.455265234801, Goods: 59, Land: 0, Labour: 0, Capital: 0, Goods Price: 46.60735876235683
Firm 5: Money: -301.81021396650544, Goods: 46, Land: 0, Labour: 0, Capital: 0, Goods Price: 17.302898166729754
Firm 6: Money: 1013.0369513207083, Goods: 19, Land: 0, Labour: 0, Capital: 0, Goods Price: 22.206705965228252
Firm 7: Money: 1167.7129110099556, Goods: 30, Land: 0, Labour: 0, Capital: 0, Goods Price: 31.332167704355054
Firm 8: Money: 995.3990767825409, Goods: 27, Land: 0, Labour: 0, Capital: 0, Goods Price: 26.68333977522839
Firm 9: Money: 1018.3919306257292, Goods: 39, Land: 0, Labour: 0, Capital: 0, Goods Price: 8.729472823383878
Firm 10: Money: 494.9491906859718, Goods: 20, Land: 0, Labour: 0, Capital: 0, Goods Price: 16.158057857662854
Self.nfirms:  10
[0, 1, 2, 3, 4, 5, 6, 7, 8, 9]
^^^
sold
[0, 1, 2, 3, 4, 5, 7, 8, 9]
^^^
sold
[0, 1, 2, 3, 4, 5, 8, 9]
^^^
sold
[0, 1, 2, 3, 5, 8, 9]
^^^
sold
[0, 1, 3, 5, 8, 9]
^^^
[0, 1, 5, 8, 9]
^^^
[1, 5, 8, 9]
^^^
sold
[1, 8, 9]
^^^
sold
[8, 9]
^^^
sold
[9]
^^^
sold
---
__
[0, 1, 2, 3, 4, 5, 6, 7, 8, 9]
[0, 1, 2, 4, 5, 6, 7, 8, 9]
[0, 1, 2, 5, 6, 7, 8, 9]
[0, 1, 5, 6, 7, 8, 9]
[1, 5, 6, 7, 8, 9]
[5, 6, 7, 8, 9]
[5, 7, 8, 9]
[5, 7, 9]
[7, 9]
[9]
producing
producing
producing
producing
producing
producing
producing
producing
producing
producing
Day 184:
Household 1: Income: 19.787149247900977, Goods: 61, Land: 2516, Labour: 5120, Capital: 5569
Household 2: Income: 563.7850260260931, Goods: 181, Land: 7577, Labour: 7236, Capital: 6319
Household 3: Income: 1473.1053655412811, Goods: 182, Land: 9155, Labour: 2956, Capital: 3016
Household 4: Income: 38.48857801217378, Goods: 90, Land: 4063, Labour: 8500, Capital: 1465
Household 5: Income: 164.3070444780851, Goods: 173, Land: 6096, Labour: 9597, Capital: 3886
Household 6: Income: 27.926896952142886, Goods: 170, Land: 4065, Labour: 4105, Capital: 1607
Household 7: Income: 47.00600133859869, Goods: 125, Land: 3285, Labour: 2930, Capital: 7428
Household 8: Income: 1290.1621164046217, Goods: 182, Land: 9749, Labour: 6594, Capital: 9221
Household 9: Income: 43.42382231558527, Goods: 158, Land: 1325, Labour: 8279, Capital: 2502
Household 10: Income: 36.66174327126249, Goods: 117, Land: 8330, Labour: 9245, Capital: 7229
Firm 1: Money: -225.06600554523166, Goods: 62, Land: 0, Labour: 0, Capital: 0, Goods Price: 43.10192830186962
Firm 2: Money: -320.00842449105875, Goods: 48, Land: 0, Labour: 0, Capital: 0, Goods Price: 18.658597586721417
Firm 3: Money: -704.3060423044458, Goods: 51, Land: 0, Labour: 0, Capital: 0, Goods Price: 32.83710512472495
Firm 4: Money: -670.5194951993271, Goods: 59, Land: 0, Labour: 0, Capital: 0, Goods Price: 26.79955716503823
Firm 5: Money: -318.42225720216754, Goods: 46, Land: 0, Labour: 0, Capital: 0, Goods Price: 32.91921337622873
Firm 6: Money: 1024.4574182419067, Goods: 19, Land: 0, Labour: 0, Capital: 0, Goods Price: 14.997350210197961
Firm 7: Money: 1174.0548047281798, Goods: 30, Land: 0, Labour: 0, Capital: 0, Goods Price: 30.21592938919691
Firm 8: Money: 992.9319346456167, Goods: 27, Land: 0, Labour: 0, Capital: 0, Goods Price: 35.61280918875211
Firm 9: Money: 1004.6368744945256, Goods: 39, Land: 0, Labour: 0, Capital: 0, Goods Price: 27.349949607893212
Firm 10: Money: 504.6444941366828, Goods: 20, Land: 0, Labour: 0, Capital: 0, Goods Price: 6.341449680623664
Self.nfirms:  10
[0, 1, 2, 3, 4, 5, 6, 7, 8, 9]
^^^
[0, 1, 2, 4, 5, 6, 7, 8, 9]
^^^
sold
[0, 1, 2, 4, 5, 6, 7, 9]
^^^
sold
[0, 1, 2, 5, 6, 7, 9]
^^^
sold
[0, 1, 2, 5, 6, 9]
^^^
sold
[0, 2, 5, 6, 9]
^^^
[0, 2, 5, 6]
^^^
sold
[0, 2, 5]
^^^
sold
[0, 5]
^^^
[5]
^^^
sold
---
__
[0, 1, 2, 3, 4, 5, 6, 7, 8, 9]
[0, 1, 2, 4, 5, 6, 7, 8, 9]
[0, 1, 2, 4, 5, 7, 8, 9]
[0, 1, 2, 4, 5, 7, 8]
[1, 2, 4, 5, 7, 8]
[1, 2, 4, 5, 8]
[1, 2, 4, 5]
[1, 2, 5]
[1, 5]
[5]
producing
producing
producing
producing
producing
producing
producing
producing
producing
producing
Day 185:
Household 1: Income: 38.2978066360802, Goods: 61, Land: 2515, Labour: 5119, Capital: 5568
Household 2: Income: 559.6581032172188, Goods: 182, Land: 7576, Labour: 7235, Capital: 6318
Household 3: Income: 1479.0800999346507, Goods: 183, Land: 9154, Labour: 2955, Capital: 3015
Household 4: Income: 31.25066792765312, Goods: 91, Land: 4062, Labour: 8499, Capital: 1464
Household 5: Income: 154.23507129482525, Goods: 174, Land: 6095, Labour: 9596, Capital: 3885
Household 6: Income: 28.88652309814783, Goods: 171, Land: 4064, Labour: 4104, Capital: 1606
Household 7: Income: 53.121679810826464, Goods: 126, Land: 3284, Labour: 2929, Capital: 7427
Household 8: Income: 1285.1736846459328, Goods: 183, Land: 9748, Labour: 6593, Capital: 9220
Household 9: Income: 44.412866007994865, Goods: 159, Land: 1324, Labour: 8278, Capital: 2501
Household 10: Income: 32.04548242108367, Goods: 118, Land: 8329, Labour: 9244, Capital: 7228
Firm 1: Money: -212.13520103926143, Goods: 62, Land: 0, Labour: 0, Capital: 0, Goods Price: 35.96032484485077
Firm 2: Money: -338.28609832700766, Goods: 48, Land: 0, Labour: 0, Capital: 0, Goods Price: 38.2133270064411
Firm 3: Money: -700.6840923494049, Goods: 51, Land: 0, Labour: 0, Capital: 0, Goods Price: 37.98893979992586
Firm 4: Money: -663.8683423029784, Goods: 59, Land: 0, Labour: 0, Capital: 0, Goods Price: 26.79955716503823
Firm 5: Money: -344.5436936327006, Goods: 47, Land: 0, Labour: 0, Capital: 0, Goods Price: 29.48749235952126
Firm 6: Money: 1018.482683848537, Goods: 19, Land: 0, Labour: 0, Capital: 0, Goods Price: 22.206705965228252
Firm 7: Money: 1178.0441559429044, Goods: 30, Land: 0, Labour: 0, Capital: 0, Goods Price: 31.332167704355054
Firm 8: Money: 1006.4862890465265, Goods: 27, Land: 0, Labour: 0, Capital: 0, Goods Price: 26.68333977522839
Firm 9: Money: 1008.1386039245355, Goods: 39, Land: 0, Labour: 0, Capital: 0, Goods Price: 29.40717611483343
Firm 10: Money: 509.2607549868616, Goods: 20, Land: 0, Labour: 0, Capital: 0, Goods Price: 6.341449680623664
Self.nfirms:  10
[0, 1, 2, 3, 4, 5, 6, 7, 8, 9]
^^^
[0, 1, 2, 4, 5, 6, 7, 8, 9]
^^^
sold
[0, 1, 2, 4, 5, 6, 8, 9]
^^^
sold
[0, 1, 2, 4, 5, 6, 9]
^^^
sold
[0, 1, 4, 5, 6, 9]
^^^
[0, 1, 4, 5, 6]
^^^
sold
[0, 4, 5, 6]
^^^
[0, 4, 6]
^^^
sold
[0, 4]
^^^
sold
[0]
^^^
---
__
[0, 1, 2, 3, 4, 5, 6, 7, 8, 9]
[0, 1, 2, 3, 4, 5, 6, 8, 9]
[0, 2, 3, 4, 5, 6, 8, 9]
[0, 3, 4, 5, 6, 8, 9]
[3, 4, 5, 6, 8, 9]
[3, 4, 5, 8, 9]
[3, 4, 5, 8]
[4, 5, 8]
[4, 8]
[8]
producing
producing
producing
producing
producing
producing
producing
producing
producing
producing
Day 186:
Household 1: Income: 24.669651484313157, Goods: 62, Land: 2514, Labour: 5118, Capital: 5567
Household 2: Income: 558.4492298335218, Goods: 183, Land: 7575, Labour: 7234, Capital: 6317
Household 3: Income: 1515.4646786837536, Goods: 184, Land: 9153, Labour: 2954, Capital: 3014
Household 4: Income: -3.8909456131491247, Goods: 92, Land: 4061, Labour: 8498, Capital: 1463
Household 5: Income: 156.84262683357284, Goods: 175, Land: 6094, Labour: 9595, Capital: 3884
Household 6: Income: 55.52658724514798, Goods: 171, Land: 4063, Labour: 4103, Capital: 1605
Household 7: Income: 37.05627240729195, Goods: 127, Land: 3283, Labour: 2928, Capital: 7426
Household 8: Income: 1280.9136899169196, Goods: 184, Land: 9747, Labour: 6592, Capital: 9219
Household 9: Income: 31.88962464112093, Goods: 160, Land: 1323, Labour: 8277, Capital: 2500
Household 10: Income: -7.346956887035673, Goods: 119, Land: 8328, Labour: 9243, Capital: 7227
Firm 1: Money: -205.91805007274837, Goods: 62, Land: 0, Labour: 0, Capital: 0, Goods Price: 35.532374927289105
Firm 2: Money: -376.97126129121375, Goods: 49, Land: 0, Labour: 0, Capital: 0, Goods Price: 41.02659420898924
Firm 3: Money: -695.4078699403076, Goods: 51, Land: 0, Labour: 0, Capital: 0, Goods Price: 38.953307335700536
Firm 4: Money: -652.0799517250175, Goods: 59, Land: 0, Labour: 0, Capital: 0, Goods Price: 26.79955716503823
Firm 5: Money: -343.61845538392265, Goods: 47, Land: 0, Labour: 0, Capital: 0, Goods Price: 27.767378701027823
Firm 6: Money: 1042.750301502348, Goods: 19, Land: 0, Labour: 0, Capital: 0, Goods Price: 0.43292125251868807
Firm 7: Money: 1217.4365952510236, Goods: 30, Land: 0, Labour: 0, Capital: 0, Goods Price: 6.131336997412615
Firm 8: Money: 1003.8787335077786, Goods: 27, Land: 0, Labour: 0, Capital: 0, Goods Price: 33.91578030136212
Firm 9: Money: 1019.2108501726776, Goods: 39, Land: 0, Labour: 0, Capital: 0, Goods Price: 29.40717611483343
Firm 10: Money: 508.2016945263507, Goods: 20, Land: 0, Labour: 0, Capital: 0, Goods Price: 6.341449680623664
Self.nfirms:  10
[0, 1, 2, 3, 4, 5, 6, 7, 8, 9]
^^^
[1, 2, 3, 4, 5, 6, 7, 8, 9]
^^^
sold
[2, 3, 4, 5, 6, 7, 8, 9]
^^^
sold
[2, 3, 4, 5, 6, 7, 9]
^^^
sold
[2, 3, 4, 5, 6, 9]
^^^
[2, 4, 5, 6, 9]
^^^
[2, 4, 5, 9]
^^^
[2, 5, 9]
^^^
sold
[2, 9]
^^^
sold
[9]
^^^
---
__
[0, 1, 2, 3, 4, 5, 6, 7, 8, 9]
[0, 1, 3, 4, 5, 6, 7, 8, 9]
[0, 1, 3, 4, 5, 7, 8, 9]
[0, 3, 4, 5, 7, 8, 9]
[0, 3, 5, 7, 8, 9]
[0, 3, 7, 8, 9]
[0, 3, 7, 9]
[0, 7, 9]
[7, 9]
[7]
producing
producing
producing
producing
producing
producing
producing
producing
producing
producing
Day 187:
Household 1: Income: 19.827085909651117, Goods: 62, Land: 2513, Labour: 5117, Capital: 5566
Household 2: Income: 557.6683063673865, Goods: 184, Land: 7574, Labour: 7233, Capital: 6316
Household 3: Income: 1532.8698916362923, Goods: 185, Land: 9152, Labour: 2953, Capital: 3013
Household 4: Income: -3.5020826127946676, Goods: 92, Land: 4060, Labour: 8497, Capital: 1462
Household 5: Income: 152.35928501168502, Goods: 176, Land: 6093, Labour: 9594, Capital: 3883
Household 6: Income: 54.72436103347185, Goods: 172, Land: 4062, Labour: 4102, Capital: 1604
Household 7: Income: 66.60942985453242, Goods: 127, Land: 3282, Labour: 2927, Capital: 7425
Household 8: Income: 1312.9427890965803, Goods: 185, Land: 9746, Labour: 6591, Capital: 9218
Household 9: Income: 43.97721824377476, Goods: 161, Land: 1322, Labour: 8276, Capital: 2499
Household 10: Income: -10.482140758209422, Goods: 119, Land: 8327, Labour: 9242, Capital: 7226
Firm 1: Money: -207.69840239837748, Goods: 62, Land: 0, Labour: 0, Capital: 0, Goods Price: 43.10192830186962
Firm 2: Money: -408.4470685003896, Goods: 50, Land: 0, Labour: 0, Capital: 0, Goods Price: 33.81723845395895
Firm 3: Money: -727.0562116701238, Goods: 52, Land: 0, Labour: 0, Capital: 0, Goods Price: 38.953307335700536
Firm 4: Money: -662.9126299469233, Goods: 59, Land: 0, Labour: 0, Capital: 0, Goods Price: 49.42062596490497
Firm 5: Money: -349.44509959565556, Goods: 47, Land: 0, Labour: 0, Capital: 0, Goods Price: 32.91921337622873
Firm 6: Money: 1046.9614126685165, Goods: 19, Land: 0, Labour: 0, Capital: 0, Goods Price: 0.43292125251868807
Firm 7: Money: 1220.5717791221973, Goods: 31, Land: 0, Labour: 0, Capital: 0, Goods Price: 6.131336997412615
Firm 8: Money: 1010.341060784378, Goods: 27, Land: 0, Labour: 0, Capital: 0, Goods Price: 33.91578030136212
Firm 9: Money: 1018.8219871723231, Goods: 40, Land: 0, Labour: 0, Capital: 0, Goods Price: 8.729472823383878
Firm 10: Money: 498.92607367411057, Goods: 20, Land: 0, Labour: 0, Capital: 0, Goods Price: 14.437944199169422
Self.nfirms:  10
[0, 1, 2, 3, 4, 5, 6, 7, 8, 9]
^^^
sold
[0, 1, 2, 3, 4, 6, 7, 8, 9]
^^^
[0, 1, 2, 4, 6, 7, 8, 9]
^^^
[0, 1, 2, 4, 7, 8, 9]
^^^
sold
[0, 1, 2, 4, 7, 9]
^^^
sold
[0, 1, 4, 7, 9]
^^^
[1, 4, 7, 9]
^^^
sold
[4, 7, 9]
^^^
sold
[4, 9]
^^^
sold
[9]
^^^
---
__
[0, 1, 2, 3, 4, 5, 6, 7, 8, 9]
[0, 1, 2, 3, 4, 5, 6, 8, 9]
[0, 1, 2, 3, 4, 5, 6, 9]
[0, 1, 3, 4, 5, 6, 9]
[0, 1, 3, 4, 6, 9]
[0, 1, 3, 4, 9]
[0, 3, 4, 9]
[0, 4, 9]
[4, 9]
[9]
producing
producing
producing
producing
producing
producing
producing
producing
producing
producing
Day 188:
Household 1: Income: 14.984520334989076, Goods: 62, Land: 2512, Labour: 5116, Capital: 5565
Household 2: Income: 549.669249119317, Goods: 185, Land: 7573, Labour: 7232, Capital: 6315
Household 3: Income: 1537.5551275802184, Goods: 186, Land: 9151, Labour: 2952, Capital: 3012
Household 4: Income: -0.14243793718026998, Goods: 92, Land: 4059, Labour: 8496, Capital: 1461
Household 5: Income: 181.21725907314232, Goods: 177, Land: 6092, Labour: 9593, Capital: 3882
Household 6: Income: 64.18595505872655, Goods: 173, Land: 4061, Labour: 4101, Capital: 1603
Household 7: Income: 57.449473309923945, Goods: 128, Land: 3281, Labour: 2926, Capital: 7424
Household 8: Income: 1350.017744021628, Goods: 186, Land: 9745, Labour: 6590, Capital: 9217
Household 9: Income: 26.85961609142421, Goods: 162, Land: 1321, Labour: 8275, Capital: 2498
Household 10: Income: 11.18698338293775, Goods: 119, Land: 8326, Labour: 9241, Capital: 7225
Firm 1: Money: -190.58080024602697, Goods: 62, Land: 0, Labour: 0, Capital: 0, Goods Price: 33.81226126879567
Firm 2: Money: -417.7160560957073, Goods: 50, Land: 0, Labour: 0, Capital: 0, Goods Price: 41.386791828539465
Firm 3: Money: -761.5178206024882, Goods: 53, Land: 0, Labour: 0, Capital: 0, Goods Price: 41.766574538248676
Firm 4: Money: -654.9135726988537, Goods: 59, Land: 0, Labour: 0, Capital: 0, Goods Price: 46.60735876235683
Firm 5: Money: -378.998257042896, Goods: 48, Land: 0, Labour: 0, Capital: 0, Goods Price: 32.91921337622873
Firm 6: Money: 1048.7617103259736, Goods: 19, Land: 0, Labour: 0, Capital: 0, Goods Price: 0.43292125251868807
Firm 7: Money: 1205.9888648127778, Goods: 31, Land: 0, Labour: 0, Capital: 0, Goods Price: 25.819840836714757
Firm 8: Money: 1023.2384686319745, Goods: 27, Land: 0, Labour: 0, Capital: 0, Goods Price: 33.91578030136212
Firm 9: Money: 1004.2445889740496, Goods: 40, Land: 0, Labour: 0, Capital: 0, Goods Price: 30.009733964176593
Firm 10: Money: 495.56642899849624, Goods: 21, Land: 0, Labour: 0, Capital: 0, Goods Price: 6.341449680623664
Self.nfirms:  10
[0, 1, 2, 3, 4, 5, 6, 7, 8, 9]
^^^
[0, 1, 2, 3, 4, 5, 6, 7, 8]
^^^
sold
[0, 1, 2, 3, 5, 6, 7, 8]
^^^
[1, 2, 3, 5, 6, 7, 8]
^^^
[1, 2, 3, 5, 7, 8]
^^^
sold
[2, 3, 5, 7, 8]
^^^
[2, 3, 5, 7]
^^^
sold
[3, 5, 7]
^^^
sold
[3, 7]
^^^
[7]
^^^
sold
---
__
[0, 1, 2, 3, 4, 5, 6, 7, 8, 9]
[0, 1, 2, 3, 4, 5, 6, 7, 8]
[1, 2, 3, 4, 5, 6, 7, 8]
[1, 2, 3, 4, 5, 7, 8]
[1, 2, 4, 5, 7, 8]
[2, 4, 5, 7, 8]
[4, 5, 7, 8]
[5, 7, 8]
[5, 7]
[7]
producing
producing
producing
producing
producing
producing
producing
producing
producing
producing
Day 189:
Household 1: Income: 21.768455850643257, Goods: 62, Land: 2511, Labour: 5115, Capital: 5564
Household 2: Income: 543.0339087519313, Goods: 186, Land: 7572, Labour: 7231, Capital: 6314
Household 3: Income: 1529.0623882771938, Goods: 187, Land: 9150, Labour: 2951, Capital: 3011
Household 4: Income: 16.174728404758014, Goods: 92, Land: 4058, Labour: 8495, Capital: 1460
Household 5: Income: 169.39084436224948, Goods: 178, Land: 6091, Labour: 9592, Capital: 3881
Household 6: Income: 85.69415996333012, Goods: 174, Land: 4060, Labour: 4100, Capital: 1602
Household 7: Income: 79.0267252313712, Goods: 129, Land: 3280, Labour: 2925, Capital: 7423
Household 8: Income: 1336.534974164792, Goods: 187, Land: 9744, Labour: 6589, Capital: 9216
Household 9: Income: 34.861365815948005, Goods: 162, Land: 1320, Labour: 8274, Capital: 2497
Household 10: Income: 32.85610752408492, Goods: 119, Land: 8325, Labour: 9240, Capital: 7224
Firm 1: Money: -167.0276636626091, Goods: 62, Land: 0, Labour: 0, Capital: 0, Goods Price: 15.676246295943141
Firm 2: Money: -395.7495403404436, Goods: 50, Land: 0, Labour: 0, Capital: 0, Goods Price: 18.658597586721417
Firm 3: Money: -755.5605191327595, Goods: 53, Land: 0, Labour: 0, Capital: 0, Goods Price: 38.953307335700536
Firm 4: Money: -673.424230087033, Goods: 60, Land: 0, Labour: 0, Capital: 0, Goods Price: 26.79955716503823
Firm 5: Money: -379.673066579428, Goods: 48, Land: 0, Labour: 0, Capital: 0, Goods Price: 32.91921337622873
Firm 6: Money: 1039.555134973458, Goods: 19, Land: 0, Labour: 0, Capital: 0, Goods Price: 13.277236551704526
Firm 7: Money: 1181.8659914700688, Goods: 32, Land: 0, Labour: 0, Capital: 0, Goods Price: 33.38939421129528
Firm 8: Money: 1002.9350893553625, Goods: 28, Land: 0, Labour: 0, Capital: 0, Goods Price: 28.403453433721822
Firm 9: Money: 982.5754648329025, Goods: 41, Land: 0, Labour: 0, Capital: 0, Goods Price: 30.009733964176593
Firm 10: Money: 483.1567259166055, Goods: 21, Land: 0, Labour: 0, Capital: 0, Goods Price: 23.36741361269315
Self.nfirms:  10
[0, 1, 2, 3, 4, 5, 6, 7, 8, 9]
^^^
sold
[0, 1, 3, 4, 5, 6, 7, 8, 9]
^^^
[1, 3, 4, 5, 6, 7, 8, 9]
^^^
[1, 3, 4, 5, 6, 7, 8]
^^^
sold
[1, 3, 4, 6, 7, 8]
^^^
sold
[1, 3, 4, 6, 7]
^^^
sold
[3, 4, 6, 7]
^^^
[4, 6, 7]
^^^
sold
[6, 7]
^^^
sold
[7]
^^^
sold
---
__
[0, 1, 2, 3, 4, 5, 6, 7, 8, 9]
[1, 2, 3, 4, 5, 6, 7, 8, 9]
[2, 3, 4, 5, 6, 7, 8, 9]
[2, 4, 5, 6, 7, 8, 9]
[2, 5, 6, 7, 8, 9]
[5, 6, 7, 8, 9]
[6, 7, 8, 9]
[6, 7, 8]
[6, 8]
[6]
producing
producing
producing
producing
producing
producing
producing
producing
producing
producing
Day 190:
Household 1: Income: 22.157318850997715, Goods: 62, Land: 2510, Labour: 5114, Capital: 5563
Household 2: Income: 547.7756262489086, Goods: 187, Land: 7571, Labour: 7230, Capital: 6313
Household 3: Income: 1553.6754370930398, Goods: 188, Land: 9149, Labour: 2950, Capital: 3010
Household 4: Income: 17.172865968379057, Goods: 92, Land: 4057, Labour: 8494, Capital: 1459
Household 5: Income: 171.11040261885108, Goods: 179, Land: 6090, Labour: 9591, Capital: 3880
Household 6: Income: 103.13146775707297, Goods: 175, Land: 4059, Labour: 4099, Capital: 1601
Household 7: Income: 52.2488104168362, Goods: 130, Land: 3279, Labour: 2924, Capital: 7422
Household 8: Income: 1329.5838688273714, Goods: 188, Land: 9743, Labour: 6588, Capital: 9215
Household 9: Income: 44.76058463878945, Goods: 163, Land: 1319, Labour: 8273, Capital: 2496
Household 10: Income: 7.647192657620752, Goods: 120, Land: 8324, Labour: 9239, Capital: 7223
Firm 1: Money: -186.83858414920658, Goods: 62, Land: 0, Labour: 0, Capital: 0, Goods Price: 42.74173068231939
Firm 2: Money: -405.15161655432905, Goods: 50, Land: 0, Labour: 0, Capital: 0, Goods Price: 33.81723845395895
Firm 3: Money: -787.2088608625758, Goods: 54, Land: 0, Labour: 0, Capital: 0, Goods Price: 38.953307335700536
Firm 4: Money: -705.6264868615553, Goods: 61, Land: 0, Labour: 0, Capital: 0, Goods Price: 40.49115655138125
Firm 5: Money: -381.1692703874519, Goods: 48, Land: 0, Labour: 0, Capital: 0, Goods Price: 34.99981922716155
Firm 6: Money: 1031.500089302045, Goods: 19, Land: 0, Labour: 0, Capital: 0, Goods Price: 22.56690358477848
Firm 7: Money: 1214.9153803828142, Goods: 32, Land: 0, Labour: 0, Capital: 0, Goods Price: 6.131336997412615
Firm 8: Money: 1026.1794738867598, Goods: 28, Land: 0, Labour: 0, Capital: 0, Goods Price: 9.09821172073078
Firm 9: Money: 1009.0932260653871, Goods: 41, Land: 0, Labour: 0, Capital: 0, Goods Price: 8.729472823383878
Firm 10: Money: 502.10011919267197, Goods: 21, Land: 0, Labour: 0, Capital: 0, Goods Price: 6.341449680623664
Self.nfirms:  10
[0, 1, 2, 3, 4, 5, 6, 7, 8, 9]
^^^
[1, 2, 3, 4, 5, 6, 7, 8, 9]
^^^
sold
[1, 2, 3, 4, 6, 7, 8, 9]
^^^
sold
[1, 2, 3, 6, 7, 8, 9]
^^^
[1, 2, 3, 6, 7, 8]
^^^
sold
[1, 2, 3, 6, 8]
^^^
sold
[1, 2, 3, 6]
^^^
[1, 2, 6]
^^^
sold
[2, 6]
^^^
sold
[6]
^^^
---
__
[0, 1, 2, 3, 4, 5, 6, 7, 8, 9]
[0, 1, 2, 3, 4, 5, 6, 7, 8]
[0, 1, 2, 3, 4, 6, 7, 8]
[0, 2, 3, 4, 6, 7, 8]
[0, 3, 4, 6, 7, 8]
[3, 4, 6, 7, 8]
[4, 6, 7, 8]
[4, 7, 8]
[4, 8]
[8]
producing
producing
producing
producing
producing
producing
producing
producing
producing
producing
Day 191:
Household 1: Income: 27.418060462932846, Goods: 63, Land: 2509, Labour: 5113, Capital: 5562
Household 2: Income: 547.5272584829008, Goods: 188, Land: 7570, Labour: 7229, Capital: 6312
Household 3: Income: 1555.8557676460357, Goods: 189, Land: 9148, Labour: 2949, Capital: 3009
Household 4: Income: 35.68352335655828, Goods: 92, Land: 4056, Labour: 8493, Capital: 1458
Household 5: Income: 166.5840594788681, Goods: 180, Land: 6089, Labour: 9590, Capital: 3879
Household 6: Income: 122.16117824473226, Goods: 176, Land: 4058, Labour: 4098, Capital: 1600
Household 7: Income: 47.63254956665738, Goods: 131, Land: 3278, Labour: 2923, Capital: 7421
Household 8: Income: 1325.2126870053362, Goods: 189, Land: 9742, Labour: 6587, Capital: 9214
Household 9: Income: 51.559954888705995, Goods: 164, Land: 1318, Labour: 8272, Capital: 2495
Household 10: Income: 25.541167264561665, Goods: 120, Land: 8323, Labour: 9238, Capital: 7222
Firm 1: Money: -182.4674023271715, Goods: 62, Land: 0, Labour: 0, Capital: 0, Goods Price: 43.10192830186962
Firm 2: Money: -391.12673361203196, Goods: 50, Land: 0, Labour: 0, Capital: 0, Goods Price: 18.658597586721417
Firm 3: Money: -818.857202592392, Goods: 55, Land: 0, Labour: 0, Capital: 0, Goods Price: 38.953307335700536
Firm 4: Money: -724.1371442497347, Goods: 62, Land: 0, Labour: 0, Capital: 0, Goods Price: 26.79955716503823
Firm 5: Money: -375.39399732216094, Goods: 48, Land: 0, Labour: 0, Capital: 0, Goods Price: 29.48749235952126
Firm 6: Money: 1032.1321528143624, Goods: 19, Land: 0, Labour: 0, Capital: 0, Goods Price: 23.169461434121647
Firm 7: Money: 1211.1385988031825, Goods: 32, Land: 0, Labour: 0, Capital: 0, Goods Price: 24.099727178221322
Firm 8: Money: 1008.3976038022256, Goods: 28, Land: 0, Labour: 0, Capital: 0, Goods Price: 33.91578030136212
Firm 9: Money: 995.4785833360071, Goods: 41, Land: 0, Labour: 0, Capital: 0, Goods Price: 29.046978495283202
Firm 10: Money: 506.71638004285086, Goods: 21, Land: 0, Labour: 0, Capital: 0, Goods Price: 6.341449680623664
Self.nfirms:  10
[0, 1, 2, 3, 4, 5, 6, 7, 8, 9]
^^^
sold
[0, 2, 3, 4, 5, 6, 7, 8, 9]
^^^
sold
[0, 2, 3, 4, 5, 6, 8, 9]
^^^
[2, 3, 4, 5, 6, 8, 9]
^^^
sold
[2, 3, 4, 5, 6, 9]
^^^
sold
[2, 3, 5, 6, 9]
^^^
sold
[2, 3, 6, 9]
^^^
[2, 6, 9]
^^^
[2, 6]
^^^
sold
[6]
^^^
---
__
[0, 1, 2, 3, 4, 5, 6, 7, 8, 9]
[1, 2, 3, 4, 5, 6, 7, 8, 9]
[1, 2, 4, 5, 6, 7, 8, 9]
[1, 2, 4, 5, 6, 7, 8]
[1, 2, 4, 5, 6, 7]
[1, 4, 5, 6, 7]
[1, 4, 5, 7]
[4, 5, 7]
[4, 5]
[5]
producing
producing
producing
producing
producing
producing
producing
producing
producing
producing
Day 192:
Household 1: Income: 22.575494888270807, Goods: 63, Land: 2508, Labour: 5112, Capital: 5561
Household 2: Income: 542.194585861553, Goods: 189, Land: 7569, Labour: 7228, Capital: 6311
Household 3: Income: 1557.9218757836775, Goods: 190, Land: 9147, Labour: 2948, Capital: 3008
Household 4: Income: 27.807656538566278, Goods: 93, Land: 4055, Labour: 8492, Capital: 1457
Household 5: Income: 168.02516830613905, Goods: 181, Land: 6088, Labour: 9589, Capital: 3878
Household 6: Income: 132.39258071585516, Goods: 177, Land: 4057, Labour: 4097, Capital: 1599
Household 7: Income: 33.65066794245546, Goods: 132, Land: 3277, Labour: 2922, Capital: 7420
Household 8: Income: 1329.6674555642585, Goods: 190, Land: 9741, Labour: 6586, Capital: 9213
Household 9: Income: 35.354251313165214, Goods: 165, Land: 1317, Labour: 8271, Capital: 2494
Household 10: Income: 20.924906414382846, Goods: 121, Land: 8322, Labour: 9237, Capital: 7221
Firm 1: Money: -216.67701984875214, Goods: 63, Land: 0, Labour: 0, Capital: 0, Goods Price: 43.10192830186962
Firm 2: Money: -390.4230492477589, Goods: 50, Land: 0, Labour: 0, Capital: 0, Goods Price: 18.658597586721417
Firm 3: Money: -810.2592581653633, Goods: 55, Land: 0, Labour: 0, Capital: 0, Goods Price: 34.55721878321838
Firm 4: Money: -712.3487536717738, Goods: 62, Land: 0, Labour: 0, Capital: 0, Goods Price: 26.79955716503823
Firm 5: Money: -380.4648954111751, Goods: 48, Land: 0, Labour: 0, Capital: 0, Goods Price: 33.8835809120034
Firm 6: Money: 1063.3612425951958, Goods: 19, Land: 0, Labour: 0, Capital: 0, Goods Price: 0.43292125251868807
Firm 7: Money: 1209.6974899759116, Goods: 32, Land: 0, Labour: 0, Capital: 0, Goods Price: 31.332167704355054
Firm 8: Money: 1010.6397177332415, Goods: 28, Land: 0, Labour: 0, Capital: 0, Goods Price: 35.61280918875211
Firm 9: Money: 1011.6842869115478, Goods: 41, Land: 0, Labour: 0, Capital: 0, Goods Price: 20.11750908175948
Firm 10: Money: 511.3326408930296, Goods: 21, Land: 0, Labour: 0, Capital: 0, Goods Price: 6.341449680623664
Self.nfirms:  10
[0, 1, 2, 3, 4, 5, 6, 7, 8, 9]
^^^
sold
[0, 1, 2, 3, 4, 5, 6, 7, 9]
^^^
[0, 1, 2, 3, 4, 5, 6, 7]
^^^
[0, 1, 2, 3, 4, 5, 7]
^^^
[1, 2, 3, 4, 5, 7]
^^^
[1, 2, 4, 5, 7]
^^^
sold
[1, 2, 4, 5]
^^^
sold
[1, 2, 5]
^^^
sold
[1, 5]
^^^
sold
[1]
^^^
sold
---
__
[0, 1, 2, 3, 4, 5, 6, 7, 8, 9]
[0, 1, 2, 3, 4, 5, 6, 7, 9]
[0, 1, 2, 3, 4, 5, 6, 9]
[0, 1, 2, 3, 4, 5, 9]
[0, 1, 2, 3, 4, 9]
[1, 2, 3, 4, 9]
[1, 2, 3, 9]
[1, 3, 9]
[3, 9]
[3]
producing
producing
producing
producing
producing
producing
producing
producing
producing
producing
Day 193:
Household 1: Income: 0.7244869450195415, Goods: 64, Land: 2507, Labour: 5111, Capital: 5560
Household 2: Income: 516.3137192265203, Goods: 190, Land: 7568, Labour: 7227, Capital: 6310
Household 3: Income: 1563.961365730406, Goods: 191, Land: 9146, Labour: 2947, Capital: 3007
Household 4: Income: 28.196519538920736, Goods: 93, Land: 4054, Labour: 8491, Capital: 1456
Household 5: Income: 189.82989396595735, Goods: 182, Land: 6087, Labour: 9588, Capital: 3877
Household 6: Income: 116.70006665249032, Goods: 178, Land: 4056, Labour: 4096, Capital: 1598
Household 7: Income: 37.01031261806986, Goods: 132, Land: 3276, Labour: 2921, Capital: 7419
Household 8: Income: 1362.3087437742536, Goods: 191, Land: 9740, Labour: 6585, Capital: 9212
Household 9: Income: 68.18796249618113, Goods: 166, Land: 1316, Labour: 8270, Capital: 2493
Household 10: Income: 55.737081785306685, Goods: 121, Land: 8321, Labour: 9236, Capital: 7220
Firm 1: Money: -211.49037664914388, Goods: 63, Land: 0, Labour: 0, Capital: 0, Goods Price: 43.704486151212784
Firm 2: Money: -412.2277749075772, Goods: 50, Land: 0, Labour: 0, Capital: 0, Goods Price: 39.32956532159925
Firm 3: Money: -845.081064717278, Goods: 56, Land: 0, Labour: 0, Capital: 0, Goods Price: 42.126772157798904
Firm 4: Money: -744.5510104462961, Goods: 63, Land: 0, Labour: 0, Capital: 0, Goods Price: 40.49115655138125
Firm 5: Money: -381.54985356524514, Goods: 48, Land: 0, Labour: 0, Capital: 0, Goods Price: 36.69684811455154
Firm 6: Money: 1048.611836251203, Goods: 19, Land: 0, Labour: 0, Capital: 0, Goods Price: 19.393438762680113
Firm 7: Money: 1220.435472246618, Goods: 32, Land: 0, Labour: 0, Capital: 0, Goods Price: 25.819840836714757
Firm 8: Money: 1009.6415801696205, Goods: 29, Land: 0, Labour: 0, Capital: 0, Goods Price: 9.09821172073078
Firm 9: Money: 1034.1445694180659, Goods: 41, Land: 0, Labour: 0, Capital: 0, Goods Price: 8.729472823383878
Firm 10: Money: 510.1535145593351, Goods: 21, Land: 0, Labour: 0, Capital: 0, Goods Price: 6.341449680623664
Self.nfirms:  10
[0, 1, 2, 3, 4, 5, 6, 7, 8, 9]
^^^
[0, 1, 2, 3, 4, 5, 6, 7, 8]
^^^
[1, 2, 3, 4, 5, 6, 7, 8]
^^^
sold
[1, 2, 3, 4, 5, 6, 8]
^^^
sold
[1, 2, 3, 4, 5, 6]
^^^
sold
[2, 3, 4, 5, 6]
^^^
sold
[3, 4, 5, 6]
^^^
sold
[3, 4, 6]
^^^
[3, 4]
^^^
[4]
^^^
---
__
[0, 1, 2, 3, 4, 5, 6, 7, 8, 9]
[0, 1, 3, 4, 5, 6, 7, 8, 9]
[0, 1, 3, 5, 6, 7, 8, 9]
[0, 1, 3, 6, 7, 8, 9]
[0, 1, 3, 6, 8, 9]
[0, 1, 3, 6, 9]
[0, 3, 6, 9]
[3, 6, 9]
[3, 9]
[9]
producing
producing
producing
producing
producing
producing
producing
producing
producing
producing
Day 194:
Household 1: Income: 17.041653286957825, Goods: 64, Land: 2506, Labour: 5110, Capital: 5559
Household 2: Income: 551.3938382627321, Goods: 191, Land: 7567, Labour: 7226, Capital: 6309
Household 3: Income: 1579.9791270447963, Goods: 192, Land: 9145, Labour: 2946, Capital: 3006
Household 4: Income: 0.743452429529001, Goods: 94, Land: 4053, Labour: 8490, Capital: 1455
Household 5: Income: 177.4730099116474, Goods: 183, Land: 6086, Labour: 9587, Capital: 3876
Household 6: Income: 122.41585466492329, Goods: 179, Land: 4055, Labour: 4095, Capital: 1597
Household 7: Income: 67.08209778177749, Goods: 132, Land: 3275, Labour: 2920, Capital: 7418
Household 8: Income: 1346.8880623044536, Goods: 192, Land: 9739, Labour: 6584, Capital: 9211
Household 9: Income: 58.08762956148267, Goods: 167, Land: 1315, Labour: 8269, Capital: 2492
Household 10: Income: 25.990290779622434, Goods: 122, Land: 8320, Labour: 9235, Capital: 7219
Firm 1: Money: -202.01860700034243, Goods: 63, Land: 0, Labour: 0, Capital: 0, Goods Price: 38.96409594399658
Firm 2: Money: -428.54494124951543, Goods: 51, Land: 0, Labour: 0, Capital: 0, Goods Price: 18.658597586721417
Firm 3: Money: -870.6132042361187, Goods: 57, Land: 0, Labour: 0, Capital: 0, Goods Price: 32.83710512472495
Firm 4: Money: -738.8788220793107, Goods: 63, Land: 0, Labour: 0, Capital: 0, Goods Price: 46.60735876235683
Firm 5: Money: -377.5511444098792, Goods: 48, Land: 0, Labour: 0, Capital: 0, Goods Price: 34.99981922716155
Firm 6: Money: 1076.0649033605948, Goods: 19, Land: 0, Labour: 0, Capital: 0, Goods Price: 0.43292125251868807
Firm 7: Money: 1227.0575274732143, Goods: 32, Land: 0, Labour: 0, Capital: 0, Goods Price: 33.38939421129528
Firm 8: Money: 1016.1039074462202, Goods: 29, Land: 0, Labour: 0, Capital: 0, Goods Price: 9.09821172073078
Firm 9: Money: 1018.1268081036757, Goods: 41, Land: 0, Labour: 0, Capital: 0, Goods Price: 29.046978495283202
Firm 10: Money: 500.2156016559677, Goods: 21, Land: 0, Labour: 0, Capital: 0, Goods Price: 16.158057857662854
Self.nfirms:  10
[0, 1, 2, 3, 4, 5, 6, 7, 8, 9]
^^^
[0, 1, 2, 4, 5, 6, 7, 8, 9]
^^^
sold
[0, 1, 2, 4, 5, 6, 7, 9]
^^^
sold
[0, 2, 4, 5, 6, 7, 9]
^^^
sold
[0, 2, 5, 6, 7, 9]
^^^
[2, 5, 6, 7, 9]
^^^
[2, 5, 6, 7]
^^^
sold
[2, 5, 7]
^^^
sold
[2, 5]
^^^
sold
[2]
^^^
sold
---
__
[0, 1, 2, 3, 4, 5, 6, 7, 8, 9]
[0, 1, 3, 4, 5, 6, 7, 8, 9]
[0, 1, 3, 5, 6, 7, 8, 9]
[0, 1, 3, 5, 6, 8, 9]
[0, 1, 3, 5, 6, 8]
[0, 3, 5, 6, 8]
[0, 3, 5, 8]
[0, 5, 8]
[0, 8]
[0]
producing
producing
producing
producing
producing
producing
producing
producing
producing
producing
Day 195:
Household 1: Income: 35.55231067513705, Goods: 64, Land: 2505, Labour: 5109, Capital: 5558
Household 2: Income: 555.3690245285659, Goods: 192, Land: 7566, Labour: 7225, Capital: 6308
Household 3: Income: 1601.192726838217, Goods: 193, Land: 9144, Labour: 2945, Capital: 3005
Household 4: Income: -2.3917314416447493, Goods: 94, Land: 4052, Labour: 8489, Capital: 1454
Household 5: Income: 174.1364941520149, Goods: 184, Land: 6085, Labour: 9586, Capital: 3875
Household 6: Income: 136.79693314556837, Goods: 180, Land: 4054, Labour: 4094, Capital: 1596
Household 7: Income: 71.50074736661527, Goods: 133, Land: 3274, Labour: 2919, Capital: 7417
Household 8: Income: 1325.5082011726047, Goods: 193, Land: 9738, Labour: 6583, Capital: 9210
Household 9: Income: 68.6370591198829, Goods: 168, Land: 1314, Labour: 8268, Capital: 2491
Household 10: Income: 43.88426538656334, Goods: 122, Land: 8319, Labour: 9234, Capital: 7218
Firm 1: Money: -198.68209124070992, Goods: 63, Land: 0, Labour: 0, Capital: 0, Goods Price: 41.0447017949294
Firm 2: Money: -464.4168370111734, Goods: 52, Land: 0, Labour: 0, Capital: 0, Goods Price: 38.2133270064411
Firm 3: Money: -901.2971784301602, Goods: 58, Land: 0, Labour: 0, Capital: 0, Goods Price: 37.98893979992586
Firm 4: Money: -714.9430520438368, Goods: 63, Land: 0, Labour: 0, Capital: 0, Goods Price: 26.79955716503823
Firm 5: Money: -378.9852270996185, Goods: 48, Land: 0, Labour: 0, Capital: 0, Goods Price: 36.69684811455154
Firm 6: Money: 1056.9661031256626, Goods: 19, Land: 0, Labour: 0, Capital: 0, Goods Price: 23.169461434121647
Firm 7: Money: 1230.192711344388, Goods: 33, Land: 0, Labour: 0, Capital: 0, Goods Price: 6.131336997412615
Firm 8: Money: 1005.55447788782, Goods: 29, Land: 0, Labour: 0, Capital: 0, Goods Price: 26.68333977522839
Firm 9: Money: 1023.3255664210755, Goods: 41, Land: 0, Labour: 0, Capital: 0, Goods Price: 29.40717611483343
Firm 10: Money: 499.1565411954567, Goods: 21, Land: 0, Labour: 0, Capital: 0, Goods Price: 16.158057857662854
Self.nfirms:  10
[0, 1, 2, 3, 4, 5, 6, 7, 8, 9]
^^^
sold
[0, 1, 2, 3, 5, 6, 7, 8, 9]
^^^
sold
[0, 1, 2, 3, 5, 7, 8, 9]
^^^
sold
[0, 1, 3, 5, 7, 8, 9]
^^^
sold
[0, 3, 5, 7, 8, 9]
^^^
[0, 5, 7, 8, 9]
^^^
sold
[0, 5, 7, 8]
^^^
sold
[0, 7, 8]
^^^
sold
[0, 7]
^^^
sold
[0]
^^^
---
__
[0, 1, 2, 3, 4, 5, 6, 7, 8, 9]
[0, 1, 2, 3, 4, 5, 6, 7, 9]
[1, 2, 3, 4, 5, 6, 7, 9]
[1, 2, 3, 4, 6, 7, 9]
[1, 2, 3, 4, 6, 7]
[1, 2, 3, 4, 6]
[1, 2, 4, 6]
[2, 4, 6]
[4, 6]
[4]
producing
producing
producing
producing
producing
producing
producing
producing
producing
producing
Day 196:
Household 1: Income: 21.36070207396015, Goods: 65, Land: 2504, Labour: 5108, Capital: 5557
Household 2: Income: 560.7132998748863, Goods: 193, Land: 7565, Labour: 7224, Capital: 6307
Household 3: Income: 1584.8952591810619, Goods: 194, Land: 9143, Labour: 2944, Capital: 3004
Household 4: Income: 24.157654906449906, Goods: 94, Land: 4051, Labour: 8488, Capital: 1453
Household 5: Income: 166.16253379716764, Goods: 185, Land: 6084, Labour: 9585, Capital: 3874
Household 6: Income: 143.11093007021614, Goods: 181, Land: 4053, Labour: 4093, Capital: 1595
Household 7: Income: 54.80411884094797, Goods: 134, Land: 3273, Labour: 2918, Capital: 7416
Household 8: Income: 1341.3840073048377, Goods: 194, Land: 9737, Labour: 6582, Capital: 9209
Household 9: Income: 57.92453715485043, Goods: 169, Land: 1313, Labour: 8267, Capital: 2490
Household 10: Income: 28.4362325832075, Goods: 123, Land: 8318, Labour: 9233, Capital: 7217
Firm 1: Money: -186.59820539980754, Goods: 63, Land: 0, Labour: 0, Capital: 0, Goods Price: 33.81226126879567
Firm 2: Money: -495.89264422034927, Goods: 53, Land: 0, Labour: 0, Capital: 0, Goods Price: 33.81723845395895
Firm 3: Money: -897.73823424613, Goods: 58, Land: 0, Labour: 0, Capital: 0, Goods Price: 38.953307335700536
Firm 4: Money: -708.291899147488, Goods: 63, Land: 0, Labour: 0, Capital: 0, Goods Price: 26.79955716503823
Firm 5: Money: -369.902140994174, Goods: 48, Land: 0, Labour: 0, Capital: 0, Goods Price: 29.91544227708292
Firm 6: Money: 1060.539590353975, Goods: 19, Land: 0, Labour: 0, Capital: 0, Goods Price: 20.50967707783826
Firm 7: Money: 1244.3843199455648, Goods: 33, Land: 0, Labour: 0, Capital: 0, Goods Price: 6.131336997412615
Firm 8: Money: 1000.889695842132, Goods: 29, Land: 0, Labour: 0, Capital: 0, Goods Price: 35.973006808302344
Firm 9: Money: 1028.9232641323174, Goods: 41, Land: 0, Labour: 0, Capital: 0, Goods Price: 29.046978495283202
Firm 10: Money: 507.7940230388016, Goods: 21, Land: 0, Labour: 0, Capital: 0, Goods Price: 6.341449680623664
Self.nfirms:  10
[0, 1, 2, 3, 4, 5, 6, 7, 8, 9]
^^^
[0, 1, 2, 4, 5, 6, 7, 8, 9]
^^^
[0, 1, 2, 4, 5, 6, 7, 8]
^^^
[0, 1, 2, 5, 6, 7, 8]
^^^
sold
[0, 2, 5, 6, 7, 8]
^^^
sold
[0, 2, 5, 6, 8]
^^^
sold
[0, 5, 6, 8]
^^^
sold
[0, 6, 8]
^^^
sold
[0, 6]
^^^
sold
[0]
^^^
---
__
[0, 1, 2, 3, 4, 5, 6, 7, 8, 9]
[0, 1, 2, 3, 5, 6, 7, 8, 9]
[0, 1, 2, 3, 5, 6, 7, 9]
[0, 1, 2, 3, 5, 6, 9]
[0, 2, 3, 5, 6, 9]
[0, 3, 5, 6, 9]
[0, 5, 6, 9]
[0, 5, 6]
[0, 5]
[5]
producing
producing
producing
producing
producing
producing
producing
producing
producing
producing
Day 197:
Household 1: Income: 39.29325753669122, Goods: 65, Land: 2503, Labour: 5107, Capital: 5556
Household 2: Income: 582.3845404379055, Goods: 194, Land: 7564, Labour: 7223, Capital: 6306
Household 3: Income: 1588.9683060946536, Goods: 195, Land: 9142, Labour: 2943, Capital: 3003
Household 4: Income: 27.517299582064304, Goods: 94, Land: 4050, Labour: 8487, Capital: 1452
Household 5: Income: 154.37414321920667, Goods: 186, Land: 6083, Labour: 9584, Capital: 3873
Household 6: Income: 127.48973565005902, Goods: 182, Land: 4052, Labour: 4092, Capital: 1594
Household 7: Income: 54.004829583120014, Goods: 135, Land: 3272, Labour: 2917, Capital: 7415
Household 8: Income: 1349.320486171572, Goods: 195, Land: 9736, Labour: 6581, Capital: 9208
Household 9: Income: 82.40315668592152, Goods: 170, Land: 1312, Labour: 8266, Capital: 2489
Household 10: Income: 46.33020719014841, Goods: 123, Land: 8317, Labour: 9232, Capital: 7216
Firm 1: Money: -188.2731109135525, Goods: 63, Land: 0, Labour: 0, Capital: 0, Goods Price: 42.74173068231939
Firm 2: Money: -495.87196478259307, Goods: 53, Land: 0, Labour: 0, Capital: 0, Goods Price: 32.09712479546552
Firm 3: Money: -915.6707897088612, Goods: 59, Land: 0, Labour: 0, Capital: 0, Goods Price: 25.237521068615287
Firm 4: Money: -696.5035085695272, Goods: 63, Land: 0, Labour: 0, Capital: 0, Goods Price: 26.79955716503823
Firm 5: Money: -377.8386198609083, Goods: 48, Land: 0, Labour: 0, Capital: 0, Goods Price: 37.05704573410177
Firm 6: Money: 1060.3736389387932, Goods: 19, Land: 0, Labour: 0, Capital: 0, Goods Price: 23.169461434121647
Firm 7: Money: 1230.8592272435114, Goods: 33, Land: 0, Labour: 0, Capital: 0, Goods Price: 25.819840836714757
Firm 8: Money: 976.1902280130378, Goods: 30, Land: 0, Labour: 0, Capital: 0, Goods Price: 32.79954198620398
Firm 9: Money: 1011.9945301983865, Goods: 42, Land: 0, Labour: 0, Capital: 0, Goods Price: 25.269343756960385
Firm 10: Money: 509.71145238279854, Goods: 21, Land: 0, Labour: 0, Capital: 0, Goods Price: 6.341449680623664
Self.nfirms:  10
[0, 1, 2, 3, 4, 5, 6, 7, 8, 9]
^^^
[0, 1, 2, 4, 5, 6, 7, 8, 9]
^^^
sold
[0, 1, 2, 4, 5, 6, 7, 9]
^^^
sold
[0, 1, 2, 4, 6, 7, 9]
^^^
[1, 2, 4, 6, 7, 9]
^^^
sold
[1, 4, 6, 7, 9]
^^^
[1, 4, 6, 7]
^^^
sold
[1, 6, 7]
^^^
sold
[1, 6]
^^^
sold
[6]
^^^
---
__
[0, 1, 2, 3, 4, 5, 6, 7, 8, 9]
[0, 1, 2, 3, 4, 5, 6, 7, 8]
[0, 1, 2, 3, 4, 5, 6, 8]
[0, 1, 3, 4, 5, 6, 8]
[0, 3, 4, 5, 6, 8]
[0, 3, 4, 5, 8]
[0, 3, 5, 8]
[3, 5, 8]
[3, 8]
[8]
producing
producing
producing
producing
producing
producing
producing
producing
producing
producing
Day 198:
Household 1: Income: 36.15807366551746, Goods: 65, Land: 2502, Labour: 5106, Capital: 5555
Household 2: Income: 562.5485563706408, Goods: 195, Land: 7563, Labour: 7222, Capital: 6305
Household 3: Income: 1601.0706199887768, Goods: 196, Land: 9141, Labour: 2942, Capital: 3002
Household 4: Income: 46.02795697024353, Goods: 94, Land: 4049, Labour: 8486, Capital: 1451
Household 5: Income: 170.5172224931704, Goods: 187, Land: 6082, Labour: 9583, Capital: 3872
Household 6: Income: 123.67042188210382, Goods: 183, Land: 4051, Labour: 4091, Capital: 1593
Household 7: Income: 24.703919180600856, Goods: 136, Land: 3271, Labour: 2916, Capital: 7414
Household 8: Income: 1363.0657029935753, Goods: 196, Land: 9735, Labour: 6580, Capital: 9207
Household 9: Income: 71.75421010697241, Goods: 171, Land: 1311, Labour: 8265, Capital: 2488
Household 10: Income: 31.902444962781395, Goods: 124, Land: 8316, Labour: 9231, Capital: 7215
Firm 1: Money: -214.91317506055265, Goods: 64, Land: 0, Labour: 0, Capital: 0, Goods Price: 35.532374927289105
Firm 2: Money: -481.72975320957596, Goods: 53, Land: 0, Labour: 0, Capital: 0, Goods Price: 18.658597586721417
Firm 3: Money: -929.4160065308643, Goods: 59, Land: 0, Labour: 0, Capital: 0, Goods Price: 42.126772157798904
Firm 4: Money: -684.7151179915663, Goods: 63, Land: 0, Labour: 0, Capital: 0, Goods Price: 26.79955716503823
Firm 5: Money: -377.2154760437073, Goods: 48, Land: 0, Labour: 0, Capital: 0, Goods Price: 36.69684811455154
Firm 6: Money: 1068.3607727764033, Goods: 19, Land: 0, Labour: 0, Capital: 0, Goods Price: 19.393438762680113
Firm 7: Money: 1264.7393396839905, Goods: 33, Land: 0, Labour: 0, Capital: 0, Goods Price: 6.131336997412615
Firm 8: Money: 975.1920904494168, Goods: 31, Land: 0, Labour: 0, Capital: 0, Goods Price: 9.09821172073078
Firm 9: Money: 1014.2136687049629, Goods: 42, Land: 0, Labour: 0, Capital: 0, Goods Price: 27.349949607893212
Firm 10: Money: 501.1215736995385, Goods: 21, Land: 0, Labour: 0, Capital: 0, Goods Price: 14.437944199169422
Self.nfirms:  10
[0, 1, 2, 3, 4, 5, 6, 7, 8, 9]
^^^
sold
[0, 1, 2, 3, 4, 6, 7, 8, 9]
^^^
sold
[0, 1, 2, 3, 6, 7, 8, 9]
^^^
[1, 2, 3, 6, 7, 8, 9]
^^^
sold
[2, 3, 6, 7, 8, 9]
^^^
[2, 3, 7, 8, 9]
^^^
sold
[3, 7, 8, 9]
^^^
sold
[3, 7, 9]
^^^
[3, 7]
^^^
[7]
^^^
sold
---
__
[0, 1, 2, 3, 4, 5, 6, 7, 8, 9]
[0, 2, 3, 4, 5, 6, 7, 8, 9]
[0, 2, 3, 4, 6, 7, 8, 9]
[0, 2, 4, 6, 7, 8, 9]
[2, 4, 6, 7, 8, 9]
[2, 4, 6, 7, 9]
[2, 4, 6, 9]
[2, 4, 9]
[2, 4]
[4]
producing
producing
producing
producing
producing
producing
producing
producing
producing
producing
Day 199:
Household 1: Income: 33.022889794343705, Goods: 65, Land: 2501, Labour: 5105, Capital: 5554
Household 2: Income: 568.7860633079447, Goods: 196, Land: 7562, Labour: 7221, Capital: 6304
Household 3: Income: 1620.9144967999403, Goods: 197, Land: 9140, Labour: 2941, Capital: 3001
Household 4: Income: 16.727046567724372, Goods: 95, Land: 4048, Labour: 8485, Capital: 1450
Household 5: Income: 199.49483796365467, Goods: 188, Land: 6081, Labour: 9582, Capital: 3871
Household 6: Income: 115.2513847950626, Goods: 184, Land: 4050, Labour: 4090, Capital: 1592
Household 7: Income: 37.857503580325556, Goods: 136, Land: 3270, Labour: 2915, Capital: 7413
Household 8: Income: 1386.8785561533555, Goods: 197, Land: 9734, Labour: 6579, Capital: 9206
Household 9: Income: 75.49727330598405, Goods: 172, Land: 1310, Labour: 8264, Capital: 2487
Household 10: Income: 50.41310235096062, Goods: 124, Land: 8315, Labour: 9230, Capital: 7214
Firm 1: Money: -241.5532392075528, Goods: 65, Land: 0, Labour: 0, Capital: 0, Goods Price: 35.532374927289105
Firm 2: Money: -506.1573816721312, Goods: 53, Land: 0, Labour: 0, Capital: 0, Goods Price: 41.386791828539465
Firm 3: Money: -963.8776154632286, Goods: 60, Land: 0, Labour: 0, Capital: 0, Goods Price: 41.766574538248676
Firm 4: Money: -672.9267274136055, Goods: 63, Land: 0, Labour: 0, Capital: 0, Goods Price: 26.79955716503823
Firm 5: Money: -373.79013810783925, Goods: 48, Land: 0, Labour: 0, Capital: 0, Goods Price: 34.99981922716155
Firm 6: Money: 1070.4396958006553, Goods: 19, Land: 0, Labour: 0, Capital: 0, Goods Price: 18.429071226905435
Firm 7: Money: 1270.5306713828531, Goods: 33, Land: 0, Labour: 0, Capital: 0, Goods Price: 6.131336997412615
Firm 8: Money: 982.2277889455142, Goods: 31, Land: 0, Labour: 0, Capital: 0, Goods Price: 9.09821172073078
Firm 9: Money: 1002.4367694462328, Goods: 43, Land: 0, Labour: 0, Capital: 0, Goods Price: 20.11750908175948
Firm 10: Money: 494.8840667622347, Goods: 21, Land: 0, Labour: 0, Capital: 0, Goods Price: 20.554146410145005
Self.nfirms:  10
[0, 1, 2, 3, 4, 5, 6, 7, 8, 9]
^^^
sold
[0, 1, 2, 3, 4, 6, 7, 8, 9]
^^^
sold
[0, 2, 3, 4, 6, 7, 8, 9]
^^^
[2, 3, 4, 6, 7, 8, 9]
^^^
sold
[2, 3, 4, 7, 8, 9]
^^^
sold
[2, 3, 4, 7, 8]
^^^
sold
[2, 3, 4, 7]
^^^
sold
[3, 4, 7]
^^^
[4, 7]
^^^
sold
[4]
^^^
sold
---
__
[0, 1, 2, 3, 4, 5, 6, 7, 8, 9]
[0, 1, 2, 3, 4, 5, 6, 7, 9]
[0, 1, 2, 3, 5, 6, 7, 9]
[0, 1, 2, 5, 6, 7, 9]
[0, 1, 2, 5, 6, 9]
[0, 1, 2, 5, 6]
[0, 1, 2, 5]
[0, 1, 5]
[0, 1]
[0]
producing
producing
producing
producing
producing
producing
producing
producing
producing
producing
Day 200:
Household 1: Income: 26.490910629409676, Goods: 66, Land: 2500, Labour: 5104, Capital: 5553
Household 2: Income: 587.4904291476457, Goods: 197, Land: 7561, Labour: 7220, Capital: 6303
Household 3: Income: 1613.1856630613302, Goods: 198, Land: 9139, Labour: 2940, Capital: 3000
Household 4: Income: 43.79506063228617, Goods: 95, Land: 4047, Labour: 8484, Capital: 1449
Household 5: Income: 193.2169986030121, Goods: 189, Land: 6080, Labour: 9581, Capital: 3870
Household 6: Income: 109.83199818265128, Goods: 185, Land: 4049, Labour: 4089, Capital: 1591
Household 7: Income: 52.8940604335411, Goods: 137, Land: 3269, Labour: 2914, Capital: 7412
Household 8: Income: 1402.1995672522442, Goods: 198, Land: 9733, Labour: 6578, Capital: 9205
Household 9: Income: 66.99733120326997, Goods: 173, Land: 1309, Labour: 8263, Capital: 2486
Household 10: Income: 23.134711754564872, Goods: 125, Land: 8314, Labour: 9229, Capital: 7213
Firm 1: Money: -237.1297438103458, Goods: 65, Land: 0, Labour: 0, Capital: 0, Goods Price: 35.96032484485077
Firm 2: Money: -484.56294535525353, Goods: 53, Land: 0, Labour: 0, Capital: 0, Goods Price: 18.658597586721417
Firm 3: Money: -953.8593907800338, Goods: 60, Land: 0, Labour: 0, Capital: 0, Goods Price: 37.98893979992586
Firm 4: Money: -705.1289841881278, Goods: 64, Land: 0, Labour: 0, Capital: 0, Goods Price: 40.49115655138125
Firm 5: Money: -374.7858661340024, Goods: 48, Land: 0, Labour: 0, Capital: 0, Goods Price: 34.99981922716155
Firm 6: Money: 1068.7956963838838, Goods: 19, Land: 0, Labour: 0, Capital: 0, Goods Price: 22.56690358477848
Firm 7: Money: 1248.7384013184032, Goods: 33, Land: 0, Labour: 0, Capital: 0, Goods Price: 33.02919659174505
Firm 8: Money: 963.5234231058132, Goods: 31, Land: 0, Labour: 0, Capital: 0, Goods Price: 32.79954198620398
Firm 9: Money: 1011.7889020358814, Goods: 43, Land: 0, Labour: 0, Capital: 0, Goods Price: 21.83762274025291
Firm 10: Money: 510.4408216162551, Goods: 21, Land: 0, Labour: 0, Capital: 0, Goods Price: 6.341449680623664
Self.nfirms:  10
[0, 1, 2, 3, 4, 5, 6, 7, 8, 9]
^^^
sold
[0, 1, 3, 4, 5, 6, 7, 8, 9]
^^^
[1, 3, 4, 5, 6, 7, 8, 9]
^^^
sold
[1, 3, 4, 5, 7, 8, 9]
^^^
sold
[3, 4, 5, 7, 8, 9]
^^^
[3, 4, 5, 7, 8]
^^^
sold
[3, 5, 7, 8]
^^^
sold
[5, 7, 8]
^^^
sold
[5, 8]
^^^
sold
[8]
^^^
sold
---
__
[0, 1, 2, 3, 4, 5, 6, 7, 8, 9]
[0, 1, 3, 4, 5, 6, 7, 8, 9]
[0, 1, 3, 4, 5, 6, 8, 9]
[0, 1, 3, 4, 5, 8, 9]
[0, 1, 3, 4, 5, 8]
[0, 1, 3, 4, 5]
[0, 3, 4, 5]
[0, 3, 5]
[0, 3]
[0]
producing
producing
producing
producing
producing
producing
producing
producing
producing
producing
Day 201:
Household 1: Income: 33.274846145063854, Goods: 66, Land: 2499, Labour: 5103, Capital: 5552
Household 2: Income: 571.9119488282788, Goods: 198, Land: 7560, Labour: 7219, Capital: 6302
Household 3: Income: 1629.1212338744367, Goods: 199, Land: 9138, Labour: 2939, Capital: 2999
Household 4: Income: 6.4799487692923865, Goods: 96, Land: 4046, Labour: 8483, Capital: 1448
Household 5: Income: 209.0393178124059, Goods: 190, Land: 6079, Labour: 9580, Capital: 3869
Household 6: Income: 106.30816039366353, Goods: 186, Land: 4048, Labour: 4088, Capital: 1590
Household 7: Income: 36.1974319078738, Goods: 138, Land: 3268, Labour: 2913, Capital: 7411
Household 8: Income: 1393.742274690759, Goods: 199, Land: 9732, Labour: 6577, Capital: 9204
Household 9: Income: 70.62540689606897, Goods: 174, Land: 1308, Labour: 8262, Capital: 2485
Household 10: Income: 39.45187809650316, Goods: 125, Land: 8313, Labour: 9228, Capital: 7212
Firm 1: Money: -209.7337513341799, Goods: 65, Land: 0, Labour: 0, Capital: 0, Goods Price: 15.676246295943141
Firm 2: Money: -483.8592609909805, Goods: 53, Land: 0, Labour: 0, Capital: 0, Goods Price: 18.658597586721417
Firm 3: Money: -953.1137137985517, Goods: 60, Land: 0, Labour: 0, Capital: 0, Goods Price: 41.766574538248676
Firm 4: Money: -687.3094163636296, Goods: 64, Land: 0, Labour: 0, Capital: 0, Goods Price: 26.79955716503823
Firm 5: Money: -399.187188906042, Goods: 49, Land: 0, Labour: 0, Capital: 0, Goods Price: 27.767378701027823
Firm 6: Money: 1073.2037825676427, Goods: 19, Land: 0, Labour: 0, Capital: 0, Goods Price: 19.393438762680113
Firm 7: Money: 1251.873585189577, Goods: 34, Land: 0, Labour: 0, Capital: 0, Goods Price: 6.131336997412615
Firm 8: Money: 965.346922709487, Goods: 31, Land: 0, Labour: 0, Capital: 0, Goods Price: 35.973006808302344
Firm 9: Money: 1019.0651361978983, Goods: 43, Land: 0, Labour: 0, Capital: 0, Goods Price: 21.83762274025291
Firm 10: Money: 494.6185024068612, Goods: 21, Land: 0, Labour: 0, Capital: 0, Goods Price: 21.670384725303155
Self.nfirms:  10
[0, 1, 2, 3, 4, 5, 6, 7, 8, 9]
^^^
sold
[0, 1, 3, 4, 5, 6, 7, 8, 9]
^^^
sold
[0, 1, 3, 4, 5, 6, 8, 9]
^^^
[0, 1, 3, 4, 5, 8, 9]
^^^
[1, 3, 4, 5, 8, 9]
^^^
sold
[1, 3, 4, 8, 9]
^^^
[1, 3, 4, 8]
^^^
sold
[3, 4, 8]
^^^
sold
[3, 8]
^^^
sold
[3]
^^^
---
__
[0, 1, 2, 3, 4, 5, 6, 7, 8, 9]
[0, 1, 2, 3, 4, 5, 6, 8, 9]
[0, 1, 2, 3, 4, 5, 6, 8]
[0, 1, 2, 3, 4, 6, 8]
[1, 2, 3, 4, 6, 8]
[1, 2, 3, 6, 8]
[1, 2, 3, 6]
[1, 2, 3]
[1, 3]
[1]
producing
producing
producing
producing
producing
producing
producing
producing
producing
producing
Day 202:
Household 1: Income: 6.3354428545380514, Goods: 67, Land: 2498, Labour: 5102, Capital: 5551
Household 2: Income: 577.8769036484578, Goods: 199, Land: 7559, Labour: 7218, Capital: 6301
Household 3: Income: 1665.7159253067507, Goods: 200, Land: 9137, Labour: 2938, Capital: 2998
Household 4: Income: 1.6373831946303443, Goods: 96, Land: 4045, Labour: 8482, Capital: 1447
Household 5: Income: 226.00830041004858, Goods: 191, Land: 6078, Labour: 9579, Capital: 3868
Household 6: Income: 108.82298094635894, Goods: 187, Land: 4047, Labour: 4087, Capital: 1589
Household 7: Income: 43.57656553144274, Goods: 139, Land: 3267, Labour: 2912, Capital: 7410
Household 8: Income: 1391.202393620239, Goods: 200, Land: 9731, Labour: 6576, Capital: 9203
Household 9: Income: 76.69766656644077, Goods: 175, Land: 1307, Labour: 8261, Capital: 2484
Household 10: Income: 57.962535484682384, Goods: 125, Land: 8312, Labour: 9227, Capital: 7211
Firm 1: Money: -227.84764293338742, Goods: 65, Land: 0, Labour: 0, Capital: 0, Goods Price: 41.0447017949294
Firm 2: Money: -507.3610155381888, Goods: 53, Land: 0, Labour: 0, Capital: 0, Goods Price: 41.02659420898924
Firm 3: Money: -983.7976879925932, Goods: 61, Land: 0, Labour: 0, Capital: 0, Goods Price: 37.98893979992586
Firm 4: Money: -675.5210257856687, Goods: 64, Land: 0, Labour: 0, Capital: 0, Goods Price: 26.79955716503823
Firm 5: Money: -399.9820643157575, Goods: 49, Land: 0, Labour: 0, Capital: 0, Goods Price: 27.767378701027823
Firm 6: Money: 1096.3754112439726, Goods: 19, Land: 0, Labour: 0, Capital: 0, Goods Price: 0.43292125251868807
Firm 7: Money: 1237.4107367533409, Goods: 34, Land: 0, Labour: 0, Capital: 0, Goods Price: 25.819840836714757
Firm 8: Money: 940.6474548803927, Goods: 32, Land: 0, Labour: 0, Capital: 0, Goods Price: 32.79954198620398
Firm 9: Money: 1016.7330829150096, Goods: 43, Land: 0, Labour: 0, Capital: 0, Goods Price: 29.40717611483343
Firm 10: Money: 514.5636983017193, Goods: 21, Land: 0, Labour: 0, Capital: 0, Goods Price: 6.341449680623664
Self.nfirms:  10
[0, 1, 2, 3, 4, 5, 6, 7, 8, 9]
^^^
sold
[0, 1, 2, 3, 4, 5, 6, 7, 9]
^^^
sold
[0, 2, 3, 4, 5, 6, 7, 9]
^^^
[0, 2, 4, 5, 6, 7, 9]
^^^
sold
[0, 2, 5, 6, 7, 9]
^^^
sold
[0, 5, 6, 7, 9]
^^^
[5, 6, 7, 9]
^^^
[5, 6, 7]
^^^
[5, 7]
^^^
sold
[5]
^^^
sold
---
__
[0, 1, 2, 3, 4, 5, 6, 7, 8, 9]
[0, 1, 2, 3, 4, 5, 7, 8, 9]
[0, 1, 2, 3, 4, 5, 7, 8]
[0, 2, 3, 4, 5, 7, 8]
[0, 3, 4, 5, 7, 8]
[0, 3, 4, 7, 8]
[3, 4, 7, 8]
[3, 7, 8]
[3, 8]
[8]
producing
producing
producing
producing
producing
producing
producing
producing
producing
producing
Day 203:
Household 1: Income: 24.267998317269118, Goods: 67, Land: 2497, Labour: 5101, Capital: 5550
Household 2: Income: 582.090362247977, Goods: 200, Land: 7558, Labour: 7217, Capital: 6300
Household 3: Income: 1649.4184576495957, Goods: 201, Land: 9136, Labour: 2937, Capital: 2997
Household 4: Income: 2.63552075825139, Goods: 96, Land: 4044, Labour: 8481, Capital: 1446
Household 5: Income: 238.70424495556045, Goods: 192, Land: 6077, Labour: 9578, Capital: 3867
Household 6: Income: 96.83742351448446, Goods: 188, Land: 4046, Labour: 4086, Capital: 1588
Household 7: Income: 54.11131739382875, Goods: 140, Land: 3266, Labour: 2911, Capital: 7409
Household 8: Income: 1371.628147507551, Goods: 201, Land: 9730, Labour: 6575, Capital: 9202
Household 9: Income: 92.16232728456943, Goods: 176, Land: 1306, Labour: 8260, Capital: 2483
Household 10: Income: 55.1778351789154, Goods: 126, Land: 8311, Labour: 9226, Capital: 7210
Firm 1: Money: -225.6559819749021, Goods: 65, Land: 0, Labour: 0, Capital: 0, Goods Price: 43.704486151212784
Firm 2: Money: -507.4834867447193, Goods: 53, Land: 0, Labour: 0, Capital: 0, Goods Price: 39.32956532159925
Firm 3: Money: -1001.7302434553244, Goods: 62, Land: 0, Labour: 0, Capital: 0, Goods Price: 25.237521068615287
Firm 4: Money: -668.8698728893199, Goods: 64, Land: 0, Labour: 0, Capital: 0, Goods Price: 26.79955716503823
Firm 5: Money: -406.2073997674685, Goods: 49, Land: 0, Labour: 0, Capital: 0, Goods Price: 33.8835809120034
Firm 6: Money: 1078.4525400778814, Goods: 19, Land: 0, Labour: 0, Capital: 0, Goods Price: 22.56690358477848
Firm 7: Money: 1222.577530443706, Goods: 35, Land: 0, Labour: 0, Capital: 0, Goods Price: 24.099727178221322
Firm 8: Money: 977.2461929934626, Goods: 32, Land: 0, Labour: 0, Capital: 0, Goods Price: 9.09821172073078
Firm 9: Money: 1022.3307806262516, Goods: 43, Land: 0, Labour: 0, Capital: 0, Goods Price: 29.046978495283202
Firm 10: Money: 509.36335097485903, Goods: 21, Land: 0, Labour: 0, Capital: 0, Goods Price: 16.158057857662854
Self.nfirms:  10
[0, 1, 2, 3, 4, 5, 6, 7, 8, 9]
^^^
sold
[0, 1, 2, 3, 4, 5, 7, 8, 9]
^^^
sold
[0, 1, 2, 3, 4, 5, 7, 8]
^^^
sold
[0, 1, 2, 3, 4, 5, 8]
^^^
sold
[0, 1, 2, 3, 4, 5]
^^^
sold
[0, 1, 2, 3, 5]
^^^
[1, 2, 3, 5]
^^^
sold
[1, 3, 5]
^^^
sold
[3, 5]
^^^
sold
[3]
^^^
---
__
[0, 1, 2, 3, 4, 5, 6, 7, 8, 9]
[0, 1, 2, 3, 4, 5, 6, 7, 9]
[0, 1, 2, 3, 4, 6, 7, 9]
[1, 2, 3, 4, 6, 7, 9]
[2, 3, 4, 6, 7, 9]
[2, 4, 6, 7, 9]
[2, 4, 7, 9]
[2, 7, 9]
[2, 9]
[9]
producing
producing
producing
producing
producing
producing
producing
producing
producing
producing
Day 204:
Household 1: Income: 21.13281444609537, Goods: 67, Land: 2496, Labour: 5100, Capital: 5549
Household 2: Income: 559.3820872978074, Goods: 201, Land: 7557, Labour: 7216, Capital: 6299
Household 3: Income: 1668.044758901101, Goods: 202, Land: 9135, Labour: 2936, Capital: 2996
Household 4: Income: 21.14617814643061, Goods: 96, Land: 4043, Labour: 8480, Capital: 1445
Household 5: Income: 234.8467207911631, Goods: 193, Land: 6076, Labour: 9577, Capital: 3866
Household 6: Income: 102.62049181394387, Goods: 189, Land: 4045, Labour: 4085, Capital: 1587
Household 7: Income: 35.01509488690719, Goods: 141, Land: 3265, Labour: 2910, Capital: 7408
Household 8: Income: 1400.9004846471043, Goods: 202, Land: 9729, Labour: 6574, Capital: 9201
Household 9: Income: 90.82846855258312, Goods: 177, Land: 1305, Labour: 8259, Capital: 2482
Household 10: Income: 65.91700504004146, Goods: 127, Land: 8310, Labour: 9225, Capital: 7209
Firm 1: Money: -219.2642230766075, Goods: 65, Land: 0, Labour: 0, Capital: 0, Goods Price: 43.10192830186962
Firm 2: Money: -546.1686497089255, Goods: 54, Land: 0, Labour: 0, Capital: 0, Goods Price: 41.02659420898924
Firm 3: Money: -1014.6987406740462, Goods: 62, Land: 0, Labour: 0, Capital: 0, Goods Price: 42.72933000714207
Firm 4: Money: -661.6453487734734, Goods: 64, Land: 0, Labour: 0, Capital: 0, Goods Price: 26.79955716503823
Firm 5: Money: -430.6087225395081, Goods: 50, Land: 0, Labour: 0, Capital: 0, Goods Price: 27.767378701027823
Firm 6: Money: 1082.3100642422785, Goods: 19, Land: 0, Labour: 0, Capital: 0, Goods Price: 20.50967707783826
Firm 7: Money: 1245.7715760275807, Goods: 35, Land: 0, Labour: 0, Capital: 0, Goods Price: 6.131336997412615
Firm 8: Money: 961.8800940988777, Goods: 32, Land: 0, Labour: 0, Capital: 0, Goods Price: 28.403453433721822
Firm 9: Money: 1029.1228736966775, Goods: 43, Land: 0, Labour: 0, Capital: 0, Goods Price: 26.233711292735062
Firm 10: Money: 520.5240172763972, Goods: 21, Land: 0, Labour: 0, Capital: 0, Goods Price: 6.341449680623664
Self.nfirms:  10
[0, 1, 2, 3, 4, 5, 6, 7, 8, 9]
^^^
[0, 1, 2, 3, 4, 5, 6, 7, 8]
^^^
sold
[0, 2, 3, 4, 5, 6, 7, 8]
^^^
sold
[0, 2, 3, 4, 6, 7, 8]
^^^
sold
[0, 2, 3, 6, 7, 8]
^^^
sold
[0, 3, 6, 7, 8]
^^^
sold
[0, 3, 6, 8]
^^^
sold
[0, 3, 6]
^^^
sold
[0, 3]
^^^
[0]
^^^
---
__
[0, 1, 2, 3, 4, 5, 6, 7, 8, 9]
[0, 1, 2, 4, 5, 6, 7, 8, 9]
[0, 1, 2, 4, 6, 7, 8, 9]
[0, 2, 4, 6, 7, 8, 9]
[0, 2, 4, 6, 7, 9]
[0, 4, 6, 7, 9]
[4, 6, 7, 9]
[6, 7, 9]
[6, 9]
[9]
producing
producing
producing
producing
producing
producing
producing
producing
producing
producing
Day 205:
Household 1: Income: 37.449980788033656, Goods: 67, Land: 2495, Labour: 5099, Capital: 5548
Household 2: Income: 567.333981593923, Goods: 202, Land: 7556, Labour: 7215, Capital: 6298
Household 3: Income: 1661.2494648036406, Goods: 203, Land: 9134, Labour: 2935, Capital: 2995
Household 4: Income: 37.157767480989264, Goods: 97, Land: 4042, Labour: 8479, Capital: 1444
Household 5: Income: 250.49111766844229, Goods: 194, Land: 6075, Labour: 9576, Capital: 3865
Household 6: Income: 94.57784736984736, Goods: 190, Land: 4044, Labour: 4084, Capital: 1586
Household 7: Income: 18.285209258769314, Goods: 142, Land: 3264, Labour: 2909, Capital: 7407
Household 8: Income: 1395.650477489052, Goods: 203, Land: 9728, Labour: 6573, Capital: 9200
Household 9: Income: 74.94552997403383, Goods: 178, Land: 1304, Labour: 8258, Capital: 2481
Household 10: Income: 43.144401563630396, Goods: 128, Land: 8309, Labour: 9224, Capital: 7208
Firm 1: Money: -207.3912401780034, Goods: 65, Land: 0, Labour: 0, Capital: 0, Goods Price: 35.96032484485077
Firm 2: Money: -518.0440884333055, Goods: 54, Land: 0, Labour: 0, Capital: 0, Goods Price: 18.658597586721417
Firm 3: Money: -1046.3470824038627, Goods: 63, Land: 0, Labour: 0, Capital: 0, Goods Price: 38.953307335700536
Firm 4: Money: -656.4595587279521, Goods: 64, Land: 0, Labour: 0, Capital: 0, Goods Price: 26.79955716503823
Firm 5: Money: -440.5731991091141, Goods: 50, Land: 0, Labour: 0, Capital: 0, Goods Price: 37.05704573410177
Firm 6: Money: 1083.1068682959901, Goods: 19, Land: 0, Labour: 0, Capital: 0, Goods Price: 22.206705965228252
Firm 7: Money: 1240.2746807894555, Goods: 35, Land: 0, Labour: 0, Capital: 0, Goods Price: 25.819840836714757
Firm 8: Money: 988.2210343079662, Goods: 32, Land: 0, Labour: 0, Capital: 0, Goods Price: 9.09821172073078
Firm 9: Money: 1032.049713967755, Goods: 43, Land: 0, Labour: 0, Capital: 0, Goods Price: 30.009733964176593
Firm 10: Money: 511.934138593137, Goods: 21, Land: 0, Labour: 0, Capital: 0, Goods Price: 14.437944199169422
Self.nfirms:  10
[0, 1, 2, 3, 4, 5, 6, 7, 8, 9]
^^^
sold
[0, 1, 2, 3, 5, 6, 7, 8, 9]
^^^
sold
[0, 2, 3, 5, 6, 7, 8, 9]
^^^
sold
[0, 2, 3, 5, 6, 7, 9]
^^^
[0, 2, 3, 5, 6, 7]
^^^
sold
[0, 3, 5, 6, 7]
^^^
[3, 5, 6, 7]
^^^
[5, 6, 7]
^^^
[5, 7]
^^^
sold
[7]
^^^
sold
---
__
[0, 1, 2, 3, 4, 5, 6, 7, 8, 9]
[0, 1, 2, 3, 4, 6, 7, 8, 9]
[0, 1, 2, 3, 4, 7, 8, 9]
[0, 1, 2, 3, 7, 8, 9]
[0, 1, 2, 3, 8, 9]
[0, 1, 3, 8, 9]
[0, 3, 8, 9]
[3, 8, 9]
[3, 9]
[9]
producing
producing
producing
producing
producing
producing
producing
producing
producing
producing
Day 206:
Household 1: Income: 10.44553551765257, Goods: 68, Land: 2494, Labour: 5098, Capital: 5547
Household 2: Income: 569.6715952082448, Goods: 203, Land: 7555, Labour: 7214, Capital: 6297
Household 3: Income: 1662.793331336627, Goods: 204, Land: 9133, Labour: 2934, Capital: 2994
Household 4: Income: 29.6665542064425, Goods: 98, Land: 4041, Labour: 8478, Capital: 1443
Household 5: Income: 277.0204861320755, Goods: 195, Land: 6074, Labour: 9575, Capital: 3864
Household 6: Income: 75.71186848438415, Goods: 191, Land: 4043, Labour: 4083, Capital: 1585
Household 7: Income: 36.79586664694854, Goods: 142, Land: 3263, Labour: 2908, Capital: 7406
Household 8: Income: 1394.7373742182751, Goods: 204, Land: 9727, Labour: 6572, Capital: 9199
Household 9: Income: 91.32765498655914, Goods: 179, Land: 1303, Labour: 8257, Capital: 2480
Household 10: Income: 30.739328204431104, Goods: 129, Land: 8308, Labour: 9223, Capital: 7207
Firm 1: Money: -198.6023436845213, Goods: 65, Land: 0, Labour: 0, Capital: 0, Goods Price: 41.0447017949294
Firm 2: Money: -532.244294128604, Goods: 54, Land: 0, Labour: 0, Capital: 0, Goods Price: 32.09712479546552
Firm 3: Money: -1064.279637866594, Goods: 64, Land: 0, Labour: 0, Capital: 0, Goods Price: 25.237521068615287
Firm 4: Money: -644.6711681499912, Goods: 64, Land: 0, Labour: 0, Capital: 0, Goods Price: 26.79955716503823
Firm 5: Money: -419.0907424932639, Goods: 50, Land: 0, Labour: 0, Capital: 0, Goods Price: 17.302898166729754
Firm 6: Money: 1090.6366624263273, Goods: 19, Land: 0, Labour: 0, Capital: 0, Goods Price: 23.169461434121647
Firm 7: Money: 1245.3802703193383, Goods: 35, Land: 0, Labour: 0, Capital: 0, Goods Price: 25.819840836714757
Firm 8: Money: 966.331321827331, Goods: 32, Land: 0, Labour: 0, Capital: 0, Goods Price: 35.61280918875211
Firm 9: Money: 1040.1254809967054, Goods: 43, Land: 0, Labour: 0, Capital: 0, Goods Price: 26.233711292735062
Firm 10: Money: 504.56190090405994, Goods: 21, Land: 0, Labour: 0, Capital: 0, Goods Price: 23.727611232243373
Self.nfirms:  10
[0, 1, 2, 3, 4, 5, 6, 7, 8, 9]
^^^
sold
[0, 1, 2, 3, 4, 5, 6, 7, 9]
^^^
sold
[0, 1, 3, 4, 5, 6, 7, 9]
^^^
[1, 3, 4, 5, 6, 7, 9]
^^^
[1, 3, 4, 5, 6, 7]
^^^
sold
[1, 3, 5, 6, 7]
^^^
sold
[1, 3, 6, 7]
^^^
sold
[1, 6, 7]
^^^
sold
[6, 7]
^^^
sold
[6]
^^^
---
__
[0, 1, 2, 3, 4, 5, 6, 7, 8, 9]
[0, 1, 2, 3, 4, 6, 7, 8, 9]
[1, 2, 3, 4, 6, 7, 8, 9]
[1, 2, 3, 6, 7, 8, 9]
[2, 3, 6, 7, 8, 9]
[2, 3, 7, 8, 9]
[2, 7, 8, 9]
[2, 7, 9]
[2, 9]
[9]
producing
producing
producing
producing
producing
producing
producing
producing
producing
producing
Day 207:
Household 1: Income: 28.95619290583179, Goods: 68, Land: 2493, Labour: 5097, Capital: 5546
Household 2: Income: 578.6032058326838, Goods: 204, Land: 7554, Labour: 7213, Capital: 6296
Household 3: Income: 1664.363161232571, Goods: 205, Land: 9132, Labour: 2933, Capital: 2993
Household 4: Income: 15.142190456364517, Goods: 99, Land: 4040, Labour: 8477, Capital: 1442
Household 5: Income: 287.41054524782425, Goods: 196, Land: 6073, Labour: 9574, Capital: 3863
Household 6: Income: 63.90201731378992, Goods: 192, Land: 4042, Labour: 4082, Capital: 1584
Household 7: Income: 13.314457701640556, Goods: 143, Land: 3262, Labour: 2907, Capital: 7405
Household 8: Income: 1392.8445546191747, Goods: 205, Land: 9726, Labour: 6571, Capital: 9198
Household 9: Income: 75.74865162468166, Goods: 180, Land: 1302, Labour: 8256, Capital: 2479
Household 10: Income: 21.69442746895646, Goods: 130, Land: 8307, Labour: 9222, Capital: 7206
Firm 1: Money: -190.77440856524473, Goods: 65, Land: 0, Labour: 0, Capital: 0, Goods Price: 41.0447017949294
Firm 2: Money: -548.5614604705422, Goods: 55, Land: 0, Labour: 0, Capital: 0, Goods Price: 18.658597586721417
Firm 3: Money: -1074.1656476975188, Goods: 64, Land: 0, Labour: 0, Capital: 0, Goods Price: 38.953307335700536
Firm 4: Money: -640.543199711836, Goods: 64, Land: 0, Labour: 0, Capital: 0, Goods Price: 26.79955716503823
Firm 5: Money: -427.9695639516045, Goods: 50, Land: 0, Labour: 0, Capital: 0, Goods Price: 27.767378701027823
Firm 6: Money: 1102.4465135969212, Goods: 19, Land: 0, Labour: 0, Capital: 0, Goods Price: 14.997350210197961
Firm 7: Money: 1244.3343257015567, Goods: 35, Land: 0, Labour: 0, Capital: 0, Goods Price: 33.02919659174505
Firm 8: Money: 1005.7433271429489, Goods: 32, Land: 0, Labour: 0, Capital: 0, Goods Price: 9.09821172073078
Firm 9: Money: 1045.389592889989, Goods: 43, Land: 0, Labour: 0, Capital: 0, Goods Price: 25.269343756960385
Firm 10: Money: 509.1781617542387, Goods: 21, Land: 0, Labour: 0, Capital: 0, Goods Price: 23.727611232243373
Self.nfirms:  10
[0, 1, 2, 3, 4, 5, 6, 7, 8, 9]
^^^
[0, 1, 2, 3, 4, 5, 6, 7, 8]
^^^
sold
[0, 1, 3, 4, 5, 6, 7, 8]
^^^
sold
[0, 1, 3, 5, 6, 7, 8]
^^^
[0, 1, 3, 5, 7, 8]
^^^
sold
[0, 1, 3, 7, 8]
^^^
[0, 1, 7, 8]
^^^
sold
[0, 1, 8]
^^^
sold
[0, 1]
^^^
sold
[0]
^^^
---
__
[0, 1, 2, 3, 4, 5, 6, 7, 8, 9]
[0, 1, 2, 3, 4, 5, 6, 7, 8]
[0, 1, 2, 3, 4, 5, 6, 8]
[0, 1, 2, 3, 4, 5, 8]
[0, 1, 2, 3, 5, 8]
[0, 1, 2, 3, 8]
[1, 2, 3, 8]
[1, 2, 8]
[2, 8]
[2]
producing
producing
producing
producing
producing
producing
producing
producing
producing
producing
Day 208:
Household 1: Income: 7.880599474162419, Goods: 69, Land: 2492, Labour: 5096, Capital: 5545
Household 2: Income: 602.5808611154812, Goods: 205, Land: 7553, Labour: 7212, Capital: 6295
Household 3: Income: 1655.7604387140302, Goods: 206, Land: 9131, Labour: 2932, Capital: 2992
Household 4: Income: 41.69157680445917, Goods: 99, Land: 4039, Labour: 8476, Capital: 1441
Household 5: Income: 297.76878167522784, Goods: 197, Land: 6072, Labour: 9573, Capital: 3862
Household 6: Income: 72.99487244169771, Goods: 193, Land: 4041, Labour: 4081, Capital: 1583
Household 7: Income: 26.468042101365256, Goods: 143, Land: 3261, Labour: 2906, Capital: 7404
Household 8: Income: 1394.3444410174393, Goods: 206, Land: 9725, Labour: 6570, Capital: 9197
Household 9: Income: 75.54560963949652, Goods: 181, Land: 1301, Labour: 8255, Capital: 2478
Household 10: Income: 40.20508485713568, Goods: 130, Land: 8306, Labour: 9221, Capital: 7205
Firm 1: Money: -222.9267995798852, Goods: 66, Land: 0, Labour: 0, Capital: 0, Goods Price: 41.0447017949294
Firm 2: Money: -562.3596252369097, Goods: 55, Land: 0, Labour: 0, Capital: 0, Goods Price: 38.2133270064411
Firm 3: Money: -1099.6977872163595, Goods: 65, Land: 0, Labour: 0, Capital: 0, Goods Price: 32.83710512472495
Firm 4: Money: -633.3186755959895, Goods: 64, Land: 0, Labour: 0, Capital: 0, Goods Price: 26.79955716503823
Firm 5: Money: -454.51895029969916, Goods: 51, Land: 0, Labour: 0, Capital: 0, Goods Price: 29.91544227708292
Firm 6: Money: 1101.1871696760572, Goods: 19, Land: 0, Labour: 0, Capital: 0, Goods Price: 18.429071226905435
Firm 7: Money: 1256.769336859653, Goods: 35, Land: 0, Labour: 0, Capital: 0, Goods Price: 25.819840836714757
Firm 8: Money: 1012.2056544195486, Goods: 32, Land: 0, Labour: 0, Capital: 0, Goods Price: 9.09821172073078
Firm 9: Money: 1046.1171811854215, Goods: 43, Land: 0, Labour: 0, Capital: 0, Goods Price: 29.40717611483343
Firm 10: Money: 508.3592330400945, Goods: 21, Land: 0, Labour: 0, Capital: 0, Goods Price: 23.36741361269315
Self.nfirms:  10
[0, 1, 2, 3, 4, 5, 6, 7, 8, 9]
^^^
[0, 1, 2, 3, 5, 6, 7, 8, 9]
^^^
sold
[0, 1, 3, 5, 6, 7, 8, 9]
^^^
sold
[0, 1, 3, 5, 6, 7, 9]
^^^
sold
[0, 1, 3, 5, 7, 9]
^^^
sold
[0, 1, 5, 7, 9]
^^^
sold
[0, 1, 5, 9]
^^^
sold
[0, 5, 9]
^^^
[0, 5]
^^^
sold
[0]
^^^
---
__
[0, 1, 2, 3, 4, 5, 6, 7, 8, 9]
[0, 1, 2, 4, 5, 6, 7, 8, 9]
[0, 1, 2, 5, 6, 7, 8, 9]
[0, 1, 2, 5, 6, 7, 9]
[0, 1, 5, 6, 7, 9]
[0, 1, 5, 6, 7]
[0, 1, 5, 7]
[0, 1, 5]
[1, 5]
[1]
producing
producing
producing
producing
producing
producing
producing
producing
producing
producing
Day 209:
Household 1: Income: 26.391256862341642, Goods: 69, Land: 2491, Labour: 5095, Capital: 5544
Household 2: Income: 628.2341008559042, Goods: 206, Land: 7552, Labour: 7211, Capital: 6294
Household 3: Income: 1661.4941983744784, Goods: 207, Land: 9130, Labour: 2931, Capital: 2991
Household 4: Income: 28.976658210655152, Goods: 100, Land: 4038, Labour: 8475, Capital: 1440
Household 5: Income: 299.622124723728, Goods: 198, Land: 6071, Labour: 9572, Capital: 3861
Household 6: Income: 54.4390404281422, Goods: 194, Land: 4040, Labour: 4080, Capital: 1582
Household 7: Income: 27.74935869447012, Goods: 144, Land: 3260, Labour: 2905, Capital: 7403
Household 8: Income: 1389.8440024685437, Goods: 207, Land: 9724, Labour: 6569, Capital: 9196
Household 9: Income: 58.60608648541889, Goods: 182, Land: 1300, Labour: 8254, Capital: 2477
Household 10: Income: 14.89379078406387, Goods: 131, Land: 8305, Labour: 9220, Capital: 7204
Firm 1: Money: -215.814885652627, Goods: 66, Land: 0, Labour: 0, Capital: 0, Goods Price: 41.0447017949294
Firm 2: Money: -537.0483311638378, Goods: 55, Land: 0, Labour: 0, Capital: 0, Goods Price: 18.658597586721417
Firm 3: Money: -1099.5733994824636, Goods: 65, Land: 0, Labour: 0, Capital: 0, Goods Price: 38.953307335700536
Firm 4: Money: -621.5302850180286, Goods: 64, Land: 0, Labour: 0, Capital: 0, Goods Price: 26.79955716503823
Firm 5: Money: -452.790641251221, Goods: 51, Land: 0, Labour: 0, Capital: 0, Goods Price: 29.91544227708292
Firm 6: Money: 1107.1127236338657, Goods: 19, Land: 0, Labour: 0, Capital: 0, Goods Price: 14.997350210197961
Firm 7: Money: 1263.7151059212129, Goods: 35, Land: 0, Labour: 0, Capital: 0, Goods Price: 24.099727178221322
Firm 8: Money: 990.6880213772995, Goods: 32, Land: 0, Labour: 0, Capital: 0, Goods Price: 35.61280918875211
Firm 9: Money: 1054.43469202762, Goods: 43, Land: 0, Labour: 0, Capital: 0, Goods Price: 25.269343756960385
Firm 10: Money: 487.6134268128605, Goods: 22, Land: 0, Labour: 0, Capital: 0, Goods Price: 23.727611232243373
Self.nfirms:  10
[0, 1, 2, 3, 4, 5, 6, 7, 8, 9]
^^^
sold
[0, 1, 2, 3, 5, 6, 7, 8, 9]
^^^
[1, 2, 3, 5, 6, 7, 8, 9]
^^^
sold
[1, 2, 3, 5, 6, 8, 9]
^^^
sold
[1, 2, 3, 6, 8, 9]
^^^
sold
[1, 3, 6, 8, 9]
^^^
[1, 3, 8, 9]
^^^
sold
[1, 3, 9]
^^^
[1, 3]
^^^
[1]
^^^
sold
---
__
[0, 1, 2, 3, 4, 5, 6, 7, 8, 9]
[1, 2, 3, 4, 5, 6, 7, 8, 9]
[1, 2, 3, 4, 5, 7, 8, 9]
[2, 3, 4, 5, 7, 8, 9]
[2, 4, 5, 7, 8, 9]
[4, 5, 7, 8, 9]
[5, 7, 8, 9]
[5, 7, 9]
[5, 9]
[5]
producing
producing
producing
producing
producing
producing
producing
producing
producing
producing
Day 210:
Household 1: Income: 23.256072991167894, Goods: 69, Land: 2490, Labour: 5094, Capital: 5543
Household 2: Income: 647.9882021068601, Goods: 207, Land: 7551, Labour: 7210, Capital: 6293
Household 3: Income: 1667.262074860961, Goods: 208, Land: 9129, Labour: 2930, Capital: 2990
Household 4: Income: -0.32425219186400245, Goods: 101, Land: 4037, Labour: 8474, Capital: 1439
Household 5: Income: 294.60389291186584, Goods: 199, Land: 6070, Labour: 9571, Capital: 3860
Household 6: Income: 47.104042266900414, Goods: 195, Land: 4039, Labour: 4079, Capital: 1581
Household 7: Income: 28.27770123089873, Goods: 145, Land: 3259, Labour: 2904, Capital: 7402
Household 8: Income: 1389.8021563420914, Goods: 208, Land: 9723, Labour: 6568, Capital: 9195
Household 9: Income: 50.47284836141311, Goods: 183, Land: 1299, Labour: 8253, Capital: 2476
Household 10: Income: 33.40444817224309, Goods: 131, Land: 8304, Labour: 9219, Capital: 7203
Firm 1: Money: -242.45494979962714, Goods: 67, Land: 0, Labour: 0, Capital: 0, Goods Price: 35.532374927289105
Firm 2: Money: -552.186292593319, Goods: 55, Land: 0, Labour: 0, Capital: 0, Goods Price: 32.09712479546552
Firm 3: Money: -1093.332809537592, Goods: 65, Land: 0, Labour: 0, Capital: 0, Goods Price: 38.953307335700536
Firm 4: Money: -609.7418944400678, Goods: 64, Land: 0, Labour: 0, Capital: 0, Goods Price: 26.79955716503823
Firm 5: Money: -482.34379869846146, Goods: 52, Land: 0, Labour: 0, Capital: 0, Goods Price: 32.91921337622873
Firm 6: Money: 1103.7727738620683, Goods: 19, Land: 0, Labour: 0, Capital: 0, Goods Price: 20.50967707783826
Firm 7: Money: 1295.8751047031983, Goods: 35, Land: 0, Labour: 0, Capital: 0, Goods Price: 6.131336997412615
Firm 8: Money: 1023.6649461219204, Goods: 32, Land: 0, Labour: 0, Capital: 0, Goods Price: 9.09821172073078
Firm 9: Money: 1054.4765381540724, Goods: 43, Land: 0, Labour: 0, Capital: 0, Goods Price: 29.40717611483343
Firm 10: Money: 487.48024026769633, Goods: 22, Land: 0, Labour: 0, Capital: 0, Goods Price: 23.36741361269315
Self.nfirms:  10
[0, 1, 2, 3, 4, 5, 6, 7, 8, 9]
^^^
[0, 1, 2, 3, 4, 5, 7, 8, 9]
^^^
[0, 1, 2, 4, 5, 7, 8, 9]
^^^
sold
[0, 1, 2, 5, 7, 8, 9]
^^^
[1, 2, 5, 7, 8, 9]
^^^
sold
[1, 5, 7, 8, 9]
^^^
sold
[1, 5, 7, 9]
^^^
sold
[1, 7, 9]
^^^
sold
[1, 9]
^^^
sold
[9]
^^^
sold
---
__
[0, 1, 2, 3, 4, 5, 6, 7, 8, 9]
[0, 1, 2, 3, 4, 6, 7, 8, 9]
[0, 2, 3, 4, 6, 7, 8, 9]
[0, 3, 4, 6, 7, 8, 9]
[0, 4, 6, 7, 8, 9]
[0, 6, 7, 8, 9]
[0, 6, 8, 9]
[0, 6, 9]
[0, 6]
[6]
producing
producing
producing
producing
producing
producing
producing
producing
producing
producing
Day 211:
Household 1: Income: 39.57323933310618, Goods: 69, Land: 2489, Labour: 5093, Capital: 5542
Household 2: Income: 659.8862015871724, Goods: 208, Land: 7550, Labour: 7209, Capital: 6292
Household 3: Income: 1673.481359178827, Goods: 209, Land: 9128, Labour: 2929, Capital: 2989
Household 4: Income: 26.225134156230652, Goods: 101, Land: 4036, Labour: 8473, Capital: 1438
Household 5: Income: 310.6363248044708, Goods: 200, Land: 6069, Labour: 9570, Capital: 3859
Household 6: Income: 39.63799230918925, Goods: 196, Land: 4038, Labour: 4078, Capital: 1580
Household 7: Income: 33.95980596707767, Goods: 146, Land: 3258, Labour: 2903, Capital: 7401
Household 8: Income: 1397.5762839456659, Goods: 209, Land: 9722, Labour: 6567, Capital: 9194
Household 9: Income: 24.006598819660155, Goods: 184, Land: 1298, Labour: 8252, Capital: 2475
Household 10: Income: 39.659194122089595, Goods: 132, Land: 8303, Labour: 9218, Capital: 7202
Firm 1: Money: -242.7991259042742, Goods: 67, Land: 0, Labour: 0, Capital: 0, Goods Price: 43.704486151212784
Firm 2: Money: -568.5034589352572, Goods: 56, Land: 0, Labour: 0, Capital: 0, Goods Price: 18.658597586721417
Firm 3: Money: -1089.1043418614538, Goods: 65, Land: 0, Labour: 0, Capital: 0, Goods Price: 37.98893979992586
Firm 4: Money: -650.8736206281137, Goods: 65, Land: 0, Labour: 0, Capital: 0, Goods Price: 49.42062596490497
Firm 5: Money: -480.3357556254788, Goods: 52, Land: 0, Labour: 0, Capital: 0, Goods Price: 29.91544227708292
Firm 6: Money: 1112.119769876679, Goods: 19, Land: 0, Labour: 0, Capital: 0, Goods Price: 13.277236551704526
Firm 7: Money: 1274.4083791881783, Goods: 35, Land: 0, Labour: 0, Capital: 0, Goods Price: 33.38939421129528
Firm 8: Money: 1009.3566688347017, Goods: 32, Land: 0, Labour: 0, Capital: 0, Goods Price: 28.403453433721822
Firm 9: Money: 1064.3528659186898, Goods: 43, Land: 0, Labour: 0, Capital: 0, Goods Price: 26.233711292735062
Firm 10: Money: 493.79353000526504, Goods: 22, Land: 0, Labour: 0, Capital: 0, Goods Price: 21.670384725303155
Self.nfirms:  10
[0, 1, 2, 3, 4, 5, 6, 7, 8, 9]
^^^
[1, 2, 3, 4, 5, 6, 7, 8, 9]
^^^
sold
[1, 2, 3, 4, 5, 6, 7, 8]
^^^
sold
[1, 2, 3, 4, 5, 6, 8]
^^^
sold
[1, 2, 3, 4, 6, 8]
^^^
sold
[1, 2, 3, 6, 8]
^^^
sold
[1, 2, 3, 6]
^^^
sold
[2, 3, 6]
^^^
[2, 6]
^^^
sold
[2]
^^^
sold
---
__
[0, 1, 2, 3, 4, 5, 6, 7, 8, 9]
[0, 2, 3, 4, 5, 6, 7, 8, 9]
[0, 2, 3, 5, 6, 7, 8, 9]
[0, 2, 3, 5, 6, 7, 8]
[0, 2, 3, 5, 7, 8]
[2, 3, 5, 7, 8]
[2, 5, 7, 8]
[2, 5, 7]
[2, 5]
[5]
producing
producing
producing
producing
producing
producing
producing
producing
producing
producing
Day 212:
Household 1: Income: 18.236374434690035, Goods: 70, Land: 2488, Labour: 5092, Capital: 5541
Household 2: Income: 661.2482588370309, Goods: 209, Land: 7549, Labour: 7208, Capital: 6291
Household 3: Income: 1661.9510185814727, Goods: 210, Land: 9127, Labour: 2928, Capital: 2988
Household 4: Income: 27.223271719851695, Goods: 101, Land: 4035, Labour: 8472, Capital: 1437
Household 5: Income: 306.5663824017533, Goods: 201, Land: 6068, Labour: 9569, Capital: 3858
Household 6: Income: 36.114154520201495, Goods: 197, Land: 4037, Labour: 4077, Capital: 1579
Household 7: Income: 25.336674964253305, Goods: 147, Land: 3257, Labour: 2902, Capital: 7400
Household 8: Income: 1397.4566351933568, Goods: 210, Land: 9721, Labour: 6566, Capital: 9193
Household 9: Income: 27.801912527408927, Goods: 185, Land: 1297, Labour: 8251, Capital: 2474
Household 10: Income: 22.34920461925342, Goods: 133, Land: 8302, Labour: 9217, Capital: 7201
Firm 1: Money: -276.64854580630464, Goods: 68, Land: 0, Labour: 0, Capital: 0, Goods Price: 42.74173068231939
Firm 2: Money: -567.7997745709841, Goods: 56, Land: 0, Labour: 0, Capital: 0, Goods Price: 18.658597586721417
Firm 3: Money: -1087.125527746496, Goods: 65, Land: 0, Labour: 0, Capital: 0, Goods Price: 38.953307335700536
Firm 4: Money: -624.0045175169083, Goods: 65, Land: 0, Labour: 0, Capital: 0, Goods Price: 26.79955716503823
Firm 5: Money: -477.60329000651484, Goods: 52, Land: 0, Labour: 0, Capital: 0, Goods Price: 27.767378701027823
Firm 6: Money: 1133.4566347750952, Goods: 19, Land: 0, Labour: 0, Capital: 0, Goods Price: 0.43292125251868807
Firm 7: Money: 1280.571790325427, Goods: 35, Land: 0, Labour: 0, Capital: 0, Goods Price: 33.38939421129528
Firm 8: Money: 1032.601053366099, Goods: 32, Land: 0, Labour: 0, Capital: 0, Goods Price: 9.09821172073078
Firm 9: Money: 1073.6143751244776, Goods: 43, Land: 0, Labour: 0, Capital: 0, Goods Price: 21.83762274025291
Firm 10: Money: 495.71095934926194, Goods: 22, Land: 0, Labour: 0, Capital: 0, Goods Price: 21.670384725303155
Self.nfirms:  10
[0, 1, 2, 3, 4, 5, 6, 7, 8, 9]
^^^
[0, 1, 2, 4, 5, 6, 7, 8, 9]
^^^
[0, 1, 2, 4, 5, 6, 7, 9]
^^^
sold
[0, 1, 2, 4, 5, 6, 9]
^^^
[0, 1, 2, 4, 5, 9]
^^^
sold
[0, 1, 2, 4, 9]
^^^
[0, 1, 2, 4]
^^^
[0, 1, 2]
^^^
sold
[0, 2]
^^^
sold
[0]
^^^
---
__
[0, 1, 2, 3, 4, 5, 6, 7, 8, 9]
[0, 1, 2, 3, 4, 5, 6, 7, 9]
[0, 1, 3, 4, 5, 6, 7, 9]
[0, 1, 3, 5, 6, 7, 9]
[0, 3, 5, 6, 7, 9]
[0, 5, 6, 7, 9]
[0, 5, 6, 9]
[0, 6, 9]
[6, 9]
[6]
producing
producing
producing
producing
producing
producing
producing
producing
producing
producing
Day 213:
Household 1: Income: 19.234511998311078, Goods: 70, Land: 2487, Labour: 5091, Capital: 5540
Household 2: Income: 663.6303923636759, Goods: 210, Land: 7548, Labour: 7207, Capital: 6290
Household 3: Income: 1706.6906889825204, Goods: 211, Land: 9126, Labour: 2927, Capital: 2987
Household 4: Income: 40.39574037319588, Goods: 102, Land: 4034, Labour: 8471, Capital: 1436
Household 5: Income: 295.27667422047693, Goods: 202, Land: 6067, Labour: 9568, Capital: 3857
Household 6: Income: 30.483943619949386, Goods: 198, Land: 4036, Labour: 4076, Capital: 1578
Household 7: Income: 56.02064915829496, Goods: 147, Land: 3256, Labour: 2901, Capital: 7399
Household 8: Income: 1418.825304375564, Goods: 211, Land: 9720, Labour: 6565, Capital: 9192
Household 9: Income: 35.80366225193272, Goods: 185, Land: 1296, Labour: 8250, Capital: 2473
Household 10: Income: 25.708849294867818, Goods: 133, Land: 8301, Labour: 9216, Capital: 7200
Firm 1: Money: -303.7165598708664, Goods: 69, Land: 0, Labour: 0, Capital: 0, Goods Price: 35.96032484485077
Firm 2: Money: -606.8451351547403, Goods: 57, Land: 0, Labour: 0, Capital: 0, Goods Price: 41.386791828539465
Firm 3: Money: -1117.8095019405378, Goods: 66, Land: 0, Labour: 0, Capital: 0, Goods Price: 37.98893979992586
Firm 4: Money: -634.8371957388141, Goods: 65, Land: 0, Labour: 0, Capital: 0, Goods Price: 49.42062596490497
Firm 5: Money: -503.7247264370479, Goods: 53, Land: 0, Labour: 0, Capital: 0, Goods Price: 29.48749235952126
Firm 6: Money: 1121.8469408375697, Goods: 19, Land: 0, Labour: 0, Capital: 0, Goods Price: 13.277236551704526
Firm 7: Money: 1291.3740291356014, Goods: 35, Land: 0, Labour: 0, Capital: 0, Goods Price: 30.21592938919691
Firm 8: Money: 1045.4984612136957, Goods: 32, Land: 0, Labour: 0, Capital: 0, Goods Price: 9.09821172073078
Firm 9: Money: 1072.281726741163, Goods: 43, Land: 0, Labour: 0, Capital: 0, Goods Price: 27.349949607893212
Firm 10: Money: 510.91858966761305, Goods: 22, Land: 0, Labour: 0, Capital: 0, Goods Price: 6.341449680623664
Self.nfirms:  10
[0, 1, 2, 3, 4, 5, 6, 7, 8, 9]
^^^
sold
[0, 1, 2, 3, 4, 5, 6, 8, 9]
^^^
sold
[0, 2, 3, 4, 5, 6, 8, 9]
^^^
[0, 2, 3, 4, 5, 6, 8]
^^^
[0, 2, 3, 4, 6, 8]
^^^
sold
[0, 3, 4, 6, 8]
^^^
[0, 4, 6, 8]
^^^
sold
[0, 6, 8]
^^^
[0, 8]
^^^
sold
[0]
^^^
---
__
[0, 1, 2, 3, 4, 5, 6, 7, 8, 9]
[0, 1, 2, 3, 4, 5, 6, 7, 8]
[0, 1, 2, 3, 4, 5, 6, 7]
[0, 2, 3, 4, 5, 6, 7]
[0, 2, 3, 5, 6, 7]
[0, 3, 5, 6, 7]
[0, 3, 6, 7]
[0, 6, 7]
[0, 6]
[0]
producing
producing
producing
producing
producing
producing
producing
producing
producing
producing
Day 214:
Household 1: Income: 14.391946423649037, Goods: 70, Land: 2486, Labour: 5090, Capital: 5539
Household 2: Income: 688.1528153572979, Goods: 211, Land: 7547, Labour: 7206, Capital: 6289
Household 3: Income: 1711.427777612321, Goods: 212, Land: 9125, Labour: 2926, Capital: 2986
Household 4: Income: 41.39387793681692, Goods: 102, Land: 4033, Labour: 8470, Capital: 1435
Household 5: Income: 287.95295075097323, Goods: 203, Land: 6066, Labour: 9567, Capital: 3856
Household 6: Income: 57.736196797283554, Goods: 198, Land: 4035, Labour: 4075, Capital: 1577
Household 7: Income: 17.74444816533377, Goods: 148, Land: 3255, Labour: 2900, Capital: 7398
Household 8: Income: 1443.9186166841437, Goods: 212, Land: 9719, Labour: 6564, Capital: 9191
Household 9: Income: 42.30348749105148, Goods: 186, Land: 1295, Labour: 8249, Capital: 2472
Household 10: Income: 44.219506683047044, Goods: 133, Land: 8300, Labour: 9215, Capital: 7199
Firm 1: Money: -337.926177392447, Goods: 70, Land: 0, Labour: 0, Capital: 0, Goods Price: 43.10192830186962
Firm 2: Money: -645.5302981189466, Goods: 58, Land: 0, Labour: 0, Capital: 0, Goods Price: 41.02659420898924
Firm 3: Money: -1111.1136807834664, Goods: 66, Land: 0, Labour: 0, Capital: 0, Goods Price: 34.55721878321838
Firm 4: Money: -653.3478531269934, Goods: 66, Land: 0, Labour: 0, Capital: 0, Goods Price: 26.79955716503823
Firm 5: Money: -508.2299482302654, Goods: 53, Land: 0, Labour: 0, Capital: 0, Goods Price: 33.8835809120034
Firm 6: Money: 1135.8058116252328, Goods: 19, Land: 0, Labour: 0, Capital: 0, Goods Price: 0.43292125251868807
Firm 7: Money: 1329.6502301285625, Goods: 35, Land: 0, Labour: 0, Capital: 0, Goods Price: 6.131336997412615
Firm 8: Money: 1050.4954256394678, Goods: 32, Land: 0, Labour: 0, Capital: 0, Goods Price: 9.09821172073078
Firm 9: Money: 1060.504827482433, Goods: 44, Land: 0, Labour: 0, Capital: 0, Goods Price: 20.11750908175948
Firm 10: Money: 497.50708396693045, Goods: 22, Land: 0, Labour: 0, Capital: 0, Goods Price: 21.670384725303155
Self.nfirms:  10
[0, 1, 2, 3, 4, 5, 6, 7, 8, 9]
^^^
sold
[0, 1, 2, 3, 4, 5, 6, 7, 8]
^^^
[0, 1, 2, 3, 5, 6, 7, 8]
^^^
[1, 2, 3, 5, 6, 7, 8]
^^^
sold
[1, 2, 3, 6, 7, 8]
^^^
[1, 2, 6, 7, 8]
^^^
sold
[1, 2, 6, 7]
^^^
sold
[1, 2, 6]
^^^
sold
[2, 6]
^^^
sold
[6]
^^^
---
__
[0, 1, 2, 3, 4, 5, 6, 7, 8, 9]
[0, 1, 2, 3, 4, 5, 6, 7, 8]
[1, 2, 3, 4, 5, 6, 7, 8]
[2, 3, 4, 5, 6, 7, 8]
[2, 3, 4, 5, 6, 8]
[2, 3, 4, 5, 8]
[2, 3, 4, 8]
[2, 4, 8]
[2, 4]
[2]
producing
producing
producing
producing
producing
producing
producing
producing
producing
producing
Day 215:
Household 1: Income: 9.549380848986992, Goods: 70, Land: 2485, Labour: 5089, Capital: 5538
Household 2: Income: 700.0508148376102, Goods: 212, Land: 7546, Labour: 7205, Capital: 6288
Household 3: Income: 1705.697506961535, Goods: 213, Land: 9124, Labour: 2925, Capital: 2985
Household 4: Income: 46.65461954875205, Goods: 103, Land: 4032, Labour: 8469, Capital: 1434
Household 5: Income: 283.4696089290854, Goods: 204, Land: 6065, Labour: 9566, Capital: 3855
Household 6: Income: 64.95581212982474, Goods: 199, Land: 4034, Labour: 4074, Capital: 1576
Household 7: Income: 47.816233329041395, Goods: 148, Land: 3254, Labour: 2899, Capital: 7397
Household 8: Income: 1468.3924329975628, Goods: 213, Land: 9718, Labour: 6563, Capital: 9190
Household 9: Income: 55.452610844826594, Goods: 187, Land: 1294, Labour: 8248, Capital: 2471
Household 10: Income: 10.88888798380632, Goods: 134, Land: 8299, Labour: 9214, Capital: 7198
Firm 1: Money: -328.93689971980524, Goods: 70, Land: 0, Labour: 0, Capital: 0, Goods Price: 38.96409594399658
Firm 2: Money: -661.8474644608848, Goods: 59, Land: 0, Labour: 0, Capital: 0, Goods Price: 18.658597586721417
Firm 3: Money: -1108.1704991327338, Goods: 66, Land: 0, Labour: 0, Capital: 0, Goods Price: 34.55721878321838
Firm 4: Money: -655.2510619353756, Goods: 66, Land: 0, Labour: 0, Capital: 0, Goods Price: 40.49115655138125
Firm 5: Money: -541.5607404158287, Goods: 54, Land: 0, Labour: 0, Capital: 0, Goods Price: 36.69684811455154
Firm 6: Money: 1136.92036711371, Goods: 19, Land: 0, Labour: 0, Capital: 0, Goods Price: 0.43292125251868807
Firm 7: Money: 1343.8418387297393, Goods: 35, Land: 0, Labour: 0, Capital: 0, Goods Price: 6.131336997412615
Firm 8: Money: 1030.6748214846084, Goods: 32, Land: 0, Labour: 0, Capital: 0, Goods Price: 33.91578030136212
Firm 9: Money: 1061.6648594334742, Goods: 44, Land: 0, Labour: 0, Capital: 0, Goods Price: 26.233711292735062
Firm 10: Money: 496.7939155844894, Goods: 22, Land: 0, Labour: 0, Capital: 0, Goods Price: 23.727611232243373
Self.nfirms:  10
[0, 1, 2, 3, 4, 5, 6, 7, 8, 9]
^^^
[0, 1, 2, 4, 5, 6, 7, 8, 9]
^^^
sold
[0, 2, 4, 5, 6, 7, 8, 9]
^^^
sold
[0, 2, 4, 5, 6, 8, 9]
^^^
[0, 2, 4, 5, 6, 8]
^^^
sold
[0, 2, 4, 6, 8]
^^^
sold
[0, 2, 6, 8]
^^^
sold
[0, 6, 8]
^^^
sold
[0, 8]
^^^
[8]
^^^
sold
---
__
[0, 1, 2, 3, 4, 5, 6, 7, 8, 9]
[0, 1, 2, 3, 4, 6, 7, 8, 9]
[0, 1, 2, 3, 4, 7, 8, 9]
[0, 1, 2, 4, 7, 8, 9]
[0, 1, 2, 4, 7, 8]
[0, 1, 2, 4, 7]
[0, 1, 4, 7]
[0, 4, 7]
[0, 4]
[0]
producing
producing
producing
producing
producing
producing
producing
producing
producing
producing
Day 216:
Household 1: Income: 12.90902552460139, Goods: 70, Land: 2484, Labour: 5088, Capital: 5537
Household 2: Income: 717.7447723222023, Goods: 213, Land: 7545, Labour: 7204, Capital: 6287
Household 3: Income: 1700.5542593441464, Goods: 214, Land: 9123, Labour: 2924, Capital: 2984
Household 4: Income: 43.39349852453823, Goods: 104, Land: 4031, Labour: 8468, Capital: 1433
Household 5: Income: 284.6627810956202, Goods: 205, Land: 6064, Labour: 9565, Capital: 3854
Household 6: Income: 42.655722427082054, Goods: 200, Land: 4033, Labour: 4073, Capital: 1575
Household 7: Income: 40.68134226432395, Goods: 149, Land: 3253, Labour: 2898, Capital: 7396
Household 8: Income: 1471.1861835071425, Goods: 214, Land: 9717, Labour: 6562, Capital: 9189
Household 9: Income: 42.47284105034909, Goods: 188, Land: 1293, Labour: 8247, Capital: 2470
Household 10: Income: 35.25682765506102, Goods: 135, Land: 8298, Labour: 9213, Capital: 7197
Firm 1: Money: -315.95712992532776, Goods: 70, Land: 0, Labour: 0, Capital: 0, Goods Price: 33.81226126879567
Firm 2: Money: -663.6669645548053, Goods: 59, Land: 0, Labour: 0, Capital: 0, Goods Price: 18.658597586721417
Firm 3: Money: -1143.5948635339919, Goods: 67, Land: 0, Labour: 0, Capital: 0, Goods Price: 42.72933000714207
Firm 4: Money: -654.7161112500023, Goods: 66, Land: 0, Labour: 0, Capital: 0, Goods Price: 46.60735876235683
Firm 5: Money: -540.5385210649708, Goods: 54, Land: 0, Labour: 0, Capital: 0, Goods Price: 34.99981922716155
Firm 6: Money: 1123.2789343806808, Goods: 19, Land: 0, Labour: 0, Capital: 0, Goods Price: 22.56690358477848
Firm 7: Money: 1338.344943491614, Goods: 35, Land: 0, Labour: 0, Capital: 0, Goods Price: 25.819840836714757
Firm 8: Money: 1033.6026775846042, Goods: 32, Land: 0, Labour: 0, Capital: 0, Goods Price: 35.61280918875211
Firm 9: Money: 1084.7280538397758, Goods: 44, Land: 0, Labour: 0, Capital: 0, Goods Price: 8.729472823383878
Firm 10: Money: 514.0587724097808, Goods: 22, Land: 0, Labour: 0, Capital: 0, Goods Price: 6.341449680623664
Self.nfirms:  10
[0, 1, 2, 3, 4, 5, 6, 7, 8, 9]
^^^
sold
[0, 1, 2, 3, 4, 5, 6, 7, 9]
^^^
sold
[0, 2, 3, 4, 5, 6, 7, 9]
^^^
[0, 2, 3, 4, 6, 7, 9]
^^^
sold
[0, 2, 3, 4, 7, 9]
^^^
[2, 3, 4, 7, 9]
^^^
sold
[3, 4, 7, 9]
^^^
sold
[3, 4, 9]
^^^
[4, 9]
^^^
[9]
^^^
---
__
[0, 1, 2, 3, 4, 5, 6, 7, 8, 9]
[0, 1, 2, 4, 5, 6, 7, 8, 9]
[1, 2, 4, 5, 6, 7, 8, 9]
[2, 4, 5, 6, 7, 8, 9]
[2, 4, 5, 6, 8, 9]
[2, 4, 5, 8, 9]
[2, 4, 8, 9]
[4, 8, 9]
[4, 8]
[8]
producing
producing
producing
producing
producing
producing
producing
producing
producing
producing
Day 217:
Household 1: Income: 16.268670200215787, Goods: 70, Land: 2483, Labour: 5087, Capital: 5536
Household 2: Income: 735.4558408935268, Goods: 214, Land: 7544, Labour: 7203, Capital: 6286
Household 3: Income: 1696.4950506525572, Goods: 215, Land: 9122, Labour: 2923, Capital: 2983
Household 4: Income: 49.864944738772586, Goods: 105, Land: 4030, Labour: 8467, Capital: 1432
Household 5: Income: 253.56527131702515, Goods: 206, Land: 6063, Labour: 9564, Capital: 3853
Household 6: Income: 69.2957865740822, Goods: 200, Land: 4032, Labour: 4072, Capital: 1574
Household 7: Income: 25.967901223545898, Goods: 150, Land: 3252, Labour: 2897, Capital: 7395
Household 8: Income: 1490.3795070642382, Goods: 215, Land: 9716, Labour: 6561, Capital: 9188
Household 9: Income: 40.73965425872214, Goods: 189, Land: 1292, Labour: 8246, Capital: 2469
Household 10: Income: 22.405873692696638, Goods: 136, Land: 8297, Labour: 9212, Capital: 7196
Firm 1: Money: -311.5665866896116, Goods: 70, Land: 0, Labour: 0, Capital: 0, Goods Price: 35.532374927289105
Firm 2: Money: -665.4864646487258, Goods: 59, Land: 0, Labour: 0, Capital: 0, Goods Price: 18.658597586721417
Firm 3: Money: -1161.527418996723, Goods: 68, Land: 0, Labour: 0, Capital: 0, Goods Price: 25.237521068615287
Firm 4: Money: -636.8115184610658, Goods: 66, Land: 0, Labour: 0, Capital: 0, Goods Price: 40.49115655138125
Firm 5: Money: -540.2940673039352, Goods: 54, Land: 0, Labour: 0, Capital: 0, Goods Price: 37.05704573410177
Firm 6: Money: 1105.38495977374, Goods: 20, Land: 0, Labour: 0, Capital: 0, Goods Price: 23.169461434121647
Firm 7: Money: 1348.1404635403087, Goods: 35, Land: 0, Labour: 0, Capital: 0, Goods Price: 30.21592938919691
Firm 8: Money: 1037.6618862761934, Goods: 32, Land: 0, Labour: 0, Capital: 0, Goods Price: 35.61280918875211
Firm 9: Money: 1077.1798233034087, Goods: 44, Land: 0, Labour: 0, Capital: 0, Goods Price: 27.349949607893212
Firm 10: Money: 513.9374676834524, Goods: 22, Land: 0, Labour: 0, Capital: 0, Goods Price: 6.341449680623664
Self.nfirms:  10
[0, 1, 2, 3, 4, 5, 6, 7, 8, 9]
^^^
[0, 1, 2, 3, 4, 5, 6, 7, 8]
^^^
[1, 2, 3, 4, 5, 6, 7, 8]
^^^
sold
[1, 2, 3, 4, 5, 7, 8]
^^^
[1, 2, 3, 5, 7, 8]
^^^
sold
[1, 2, 3, 7, 8]
^^^
sold
[1, 3, 7, 8]
^^^
sold
[3, 7, 8]
^^^
sold
[3, 8]
^^^
sold
[8]
^^^
sold
---
__
[0, 1, 2, 3, 4, 5, 6, 7, 8, 9]
[1, 2, 3, 4, 5, 6, 7, 8, 9]
[1, 2, 3, 4, 5, 6, 7, 8]
[1, 2, 3, 5, 6, 7, 8]
[1, 2, 5, 6, 7, 8]
[1, 5, 6, 7, 8]
[1, 6, 7, 8]
[1, 6, 7]
[1, 7]
[7]
producing
producing
producing
producing
producing
producing
producing
producing
producing
producing
Day 218:
Household 1: Income: 16.657533200570246, Goods: 70, Land: 2482, Labour: 5086, Capital: 5535
Household 2: Income: 734.5944831659285, Goods: 215, Land: 7543, Labour: 7202, Capital: 6285
Household 3: Income: 1727.5252586230172, Goods: 216, Land: 9121, Labour: 2922, Capital: 2982
Household 4: Income: 17.111104228135254, Goods: 106, Land: 4029, Labour: 8466, Capital: 1431
Household 5: Income: 231.6402708003106, Goods: 207, Land: 6062, Labour: 9563, Capital: 3852
Household 6: Income: 83.75074307704678, Goods: 201, Land: 4031, Labour: 4071, Capital: 1573
Household 7: Income: 22.022691429189166, Goods: 151, Land: 3251, Labour: 2896, Capital: 7394
Household 8: Income: 1485.0703152409792, Goods: 216, Land: 9715, Labour: 6560, Capital: 9187
Household 9: Income: 39.37403080034801, Goods: 190, Land: 1291, Labour: 8245, Capital: 2468
Household 10: Income: 40.299848299637546, Goods: 136, Land: 8296, Labour: 9211, Capital: 7195
Firm 1: Money: -302.73455910385997, Goods: 70, Land: 0, Labour: 0, Capital: 0, Goods Price: 33.81226126879567
Firm 2: Money: -679.9414211516904, Goods: 59, Land: 0, Labour: 0, Capital: 0, Goods Price: 33.81723845395895
Firm 3: Money: -1170.7198935440038, Goods: 68, Land: 0, Labour: 0, Capital: 0, Goods Price: 38.953307335700536
Firm 4: Money: -611.331528496762, Goods: 66, Land: 0, Labour: 0, Capital: 0, Goods Price: 26.79955716503823
Firm 5: Money: -573.6248594894985, Goods: 55, Land: 0, Labour: 0, Capital: 0, Goods Price: 36.69684811455154
Firm 6: Money: 1087.4909851667994, Goods: 21, Land: 0, Labour: 0, Capital: 0, Goods Price: 23.169461434121647
Firm 7: Money: 1352.1298147550333, Goods: 35, Land: 0, Labour: 0, Capital: 0, Goods Price: 31.332167704355054
Firm 8: Money: 1069.173448169987, Goods: 32, Land: 0, Labour: 0, Capital: 0, Goods Price: 9.09821172073078
Firm 9: Money: 1103.0765342499355, Goods: 44, Land: 0, Labour: 0, Capital: 0, Goods Price: 8.729472823383878
Firm 10: Money: 495.49224567132177, Goods: 22, Land: 0, Labour: 0, Capital: 0, Goods Price: 23.727611232243373
Self.nfirms:  10
[0, 1, 2, 3, 4, 5, 6, 7, 8, 9]
^^^
[0, 1, 2, 3, 4, 5, 6, 7, 8]
^^^
sold
[0, 1, 2, 3, 4, 5, 6, 7]
^^^
sold
[0, 1, 2, 3, 4, 5, 6]
^^^
[0, 1, 2, 3, 4, 5]
^^^
sold
[0, 2, 3, 4, 5]
^^^
sold
[0, 2, 3, 4]
^^^
[0, 2, 4]
^^^
sold
[0, 4]
^^^
[4]
^^^
sold
---
__
[0, 1, 2, 3, 4, 5, 6, 7, 8, 9]
[0, 1, 2, 4, 5, 6, 7, 8, 9]
[0, 1, 2, 5, 6, 7, 8, 9]
[0, 1, 2, 5, 6, 7, 8]
[1, 2, 5, 6, 7, 8]
[1, 5, 6, 7, 8]
[1, 6, 7, 8]
[1, 7, 8]
[1, 7]
[7]
producing
producing
producing
producing
producing
producing
producing
producing
producing
producing
Day 219:
Household 1: Income: 32.97469954250853, Goods: 70, Land: 2481, Labour: 5085, Capital: 5534
Household 2: Income: 721.452695848443, Goods: 216, Land: 7542, Labour: 7201, Capital: 6284
Household 3: Income: 1725.3278817924631, Goods: 217, Land: 9120, Labour: 2921, Capital: 2981
Household 4: Income: 17.499967228489712, Goods: 106, Land: 4028, Labour: 8465, Capital: 1430
Household 5: Income: 243.5402397524313, Goods: 208, Land: 6061, Labour: 9562, Capital: 3851
Household 6: Income: 70.60964222133029, Goods: 202, Land: 4030, Labour: 4070, Capital: 1572
Household 7: Income: 52.70666562323082, Goods: 151, Land: 3250, Labour: 2895, Capital: 7393
Household 8: Income: 1508.0059675101445, Goods: 217, Land: 9714, Labour: 6559, Capital: 9186
Household 9: Income: 63.911190412498726, Goods: 191, Land: 1290, Labour: 8244, Capital: 2467
Household 10: Income: 44.294347987954026, Goods: 137, Land: 8295, Labour: 9210, Capital: 7194
Firm 1: Money: -334.88695011850035, Goods: 71, Land: 0, Labour: 0, Capital: 0, Goods Price: 41.0447017949294
Firm 2: Money: -665.5444587710073, Goods: 59, Land: 0, Labour: 0, Capital: 0, Goods Price: 18.658597586721417
Firm 3: Money: -1201.4038677380456, Goods: 69, Land: 0, Labour: 0, Capital: 0, Goods Price: 37.98893979992586
Firm 4: Money: -613.2347373051441, Goods: 66, Land: 0, Labour: 0, Capital: 0, Goods Price: 40.49115655138125
Firm 5: Money: -607.9184071439552, Goods: 56, Land: 0, Labour: 0, Capital: 0, Goods Price: 37.659603583444934
Firm 6: Money: 1089.6883619973535, Goods: 21, Land: 0, Labour: 0, Capital: 0, Goods Price: 22.206705965228252
Firm 7: Money: 1365.2709156107499, Goods: 35, Land: 0, Labour: 0, Capital: 0, Goods Price: 25.819840836714757
Firm 8: Money: 1046.237795900822, Goods: 32, Land: 0, Labour: 0, Capital: 0, Goods Price: 35.973006808302344
Firm 9: Money: 1110.3527684119529, Goods: 44, Land: 0, Labour: 0, Capital: 0, Goods Price: 8.729472823383878
Firm 10: Money: 498.1723263287059, Goods: 22, Land: 0, Labour: 0, Capital: 0, Goods Price: 20.554146410145005
Self.nfirms:  10
[0, 1, 2, 3, 4, 5, 6, 7, 8, 9]
^^^
sold
[0, 1, 2, 3, 4, 5, 7, 8, 9]
^^^
[0, 1, 2, 4, 5, 7, 8, 9]
^^^
[0, 1, 2, 4, 5, 7, 8]
^^^
sold
[0, 1, 2, 5, 7, 8]
^^^
[1, 2, 5, 7, 8]
^^^
sold
[1, 5, 7, 8]
^^^
sold
[1, 5, 7]
^^^
sold
[5, 7]
^^^
sold
[5]
^^^
sold
---
__
[0, 1, 2, 3, 4, 5, 6, 7, 8, 9]
[0, 1, 2, 3, 4, 5, 6, 8, 9]
[0, 1, 2, 3, 4, 5, 8, 9]
[0, 1, 3, 4, 5, 8, 9]
[0, 1, 3, 5, 8, 9]
[0, 1, 3, 5, 8]
[0, 1, 3, 8]
[0, 1, 3]
[0, 1]
[1]
producing
producing
producing
producing
producing
producing
producing
producing
producing
producing
Day 220:
Household 1: Income: 29.41162593539734, Goods: 71, Land: 2480, Labour: 5084, Capital: 5533
Household 2: Income: 722.4387615415125, Goods: 217, Land: 7541, Labour: 7200, Capital: 6283
Household 3: Income: 1726.170752606903, Goods: 218, Land: 9119, Labour: 2920, Capital: 2980
Household 4: Income: 12.657401653827668, Goods: 106, Land: 4027, Labour: 8464, Capital: 1429
Household 5: Income: 229.7310018341464, Goods: 209, Land: 6060, Labour: 9561, Capital: 3850
Household 6: Income: 83.82129555506867, Goods: 203, Land: 4029, Labour: 4069, Capital: 1571
Household 7: Income: 31.372351648311714, Goods: 152, Land: 3249, Labour: 2894, Capital: 7392
Household 8: Income: 1525.8223699602838, Goods: 218, Land: 9713, Labour: 6558, Capital: 9185
Household 9: Income: 39.31761583176479, Goods: 192, Land: 1289, Labour: 8243, Capital: 2466
Household 10: Income: 47.84296707310541, Goods: 138, Land: 8294, Labour: 9209, Capital: 7193
Firm 1: Money: -330.8335197312309, Goods: 71, Land: 0, Labour: 0, Capital: 0, Goods Price: 43.10192830186962
Firm 2: Money: -679.3426235373746, Goods: 59, Land: 0, Labour: 0, Capital: 0, Goods Price: 38.2133270064411
Firm 3: Money: -1200.979646601822, Goods: 69, Land: 0, Labour: 0, Capital: 0, Goods Price: 41.766574538248676
Firm 4: Money: -592.3186138029545, Goods: 66, Land: 0, Labour: 0, Capital: 0, Goods Price: 26.79955716503823
Firm 5: Money: -608.5932166804872, Goods: 56, Land: 0, Labour: 0, Capital: 0, Goods Price: 37.659603583444934
Firm 6: Money: 1094.5309275720156, Goods: 22, Land: 0, Labour: 0, Capital: 0, Goods Price: 0.43292125251868807
Firm 7: Money: 1381.1826378704204, Goods: 35, Land: 0, Labour: 0, Capital: 0, Goods Price: 24.099727178221322
Firm 8: Money: 1058.4322342627884, Goods: 32, Land: 0, Labour: 0, Capital: 0, Goods Price: 28.403453433721822
Firm 9: Money: 1100.5157604208953, Goods: 44, Land: 0, Labour: 0, Capital: 0, Goods Price: 25.269343756960385
Firm 10: Money: 495.8769616798533, Goods: 22, Land: 0, Labour: 0, Capital: 0, Goods Price: 21.670384725303155
Self.nfirms:  10
[0, 1, 2, 3, 4, 5, 6, 7, 8, 9]
^^^
sold
[0, 1, 2, 3, 4, 5, 6, 8, 9]
^^^
sold
[0, 2, 3, 4, 5, 6, 8, 9]
^^^
[0, 2, 4, 5, 6, 8, 9]
^^^
[0, 2, 4, 5, 8, 9]
^^^
sold
[0, 4, 5, 8, 9]
^^^
[4, 5, 8, 9]
^^^
sold
[4, 8, 9]
^^^
[8, 9]
^^^
[8]
^^^
sold
---
__
[0, 1, 2, 3, 4, 5, 6, 7, 8, 9]
[0, 1, 2, 3, 4, 5, 6, 8, 9]
[0, 1, 2, 3, 5, 6, 8, 9]
[0, 1, 3, 5, 6, 8, 9]
[0, 3, 5, 6, 8, 9]
[0, 3, 5, 6, 9]
[0, 3, 5, 6]
[0, 5, 6]
[5, 6]
[5]
producing
producing
producing
producing
producing
producing
producing
producing
producing
producing
Day 221:
Household 1: Income: -3.4002981884568633, Goods: 72, Land: 2479, Labour: 5083, Capital: 5532
Household 2: Income: 718.3646969658912, Goods: 218, Land: 7540, Labour: 7199, Capital: 6282
Household 3: Income: 1746.0740005035093, Goods: 219, Land: 9118, Labour: 2919, Capital: 2979
Household 4: Income: 7.814836079165624, Goods: 106, Land: 4026, Labour: 8463, Capital: 1428
Household 5: Income: 232.19653391298067, Goods: 210, Land: 6059, Labour: 9560, Capital: 3849
Household 6: Income: 63.995847173942266, Goods: 204, Land: 4028, Labour: 4068, Capital: 1570
Household 7: Income: 47.689517990249996, Goods: 152, Land: 3248, Labour: 2893, Capital: 7391
Household 8: Income: 1550.296186273703, Goods: 219, Land: 9712, Labour: 6557, Capital: 9184
Household 9: Income: 27.12371068137178, Goods: 193, Land: 1288, Labour: 8242, Capital: 2465
Household 10: Income: 15.682968291119806, Goods: 139, Land: 8293, Labour: 9208, Capital: 7192
Firm 1: Money: -361.8696724307132, Goods: 72, Land: 0, Labour: 0, Capital: 0, Goods Price: 39.92846347977125
Firm 2: Money: -660.5495726042093, Goods: 59, Land: 0, Labour: 0, Capital: 0, Goods Price: 18.658597586721417
Firm 3: Money: -1193.6153989890581, Goods: 69, Land: 0, Labour: 0, Capital: 0, Goods Price: 40.069545650858686
Firm 4: Money: -603.1512920248603, Goods: 66, Land: 0, Labour: 0, Capital: 0, Goods Price: 49.42062596490497
Firm 5: Money: -596.3993115300942, Goods: 56, Land: 0, Labour: 0, Capital: 0, Goods Price: 27.767378701027823
Firm 6: Money: 1095.6454830604928, Goods: 22, Land: 0, Labour: 0, Capital: 0, Goods Price: 0.43292125251868807
Firm 7: Money: 1413.3426366524059, Goods: 35, Land: 0, Labour: 0, Capital: 0, Goods Price: 6.131336997412615
Firm 8: Money: 1071.3296421103846, Goods: 32, Land: 0, Labour: 0, Capital: 0, Goods Price: 28.403453433721822
Firm 9: Money: 1121.3553757119812, Goods: 44, Land: 0, Labour: 0, Capital: 0, Goods Price: 8.729472823383878
Firm 10: Money: 475.1311554526193, Goods: 23, Land: 0, Labour: 0, Capital: 0, Goods Price: 23.727611232243373
Self.nfirms:  10
[0, 1, 2, 3, 4, 5, 6, 7, 8, 9]
^^^
sold
[0, 1, 2, 3, 4, 5, 6, 8, 9]
^^^
sold
[0, 1, 2, 3, 5, 6, 8, 9]
^^^
[0, 1, 2, 5, 6, 8, 9]
^^^
sold
[0, 1, 2, 6, 8, 9]
^^^
[0, 1, 2, 6, 8]
^^^
sold
[0, 1, 2, 6]
^^^
[0, 1, 2]
^^^
sold
[0, 1]
^^^
[1]
^^^
sold
---
__
[0, 1, 2, 3, 4, 5, 6, 7, 8, 9]
[0, 1, 2, 4, 5, 6, 7, 8, 9]
[0, 1, 2, 4, 5, 6, 7, 8]
[0, 1, 2, 5, 6, 7, 8]
[0, 1, 5, 6, 7, 8]
[1, 5, 6, 7, 8]
[1, 5, 6, 7]
[5, 6, 7]
[5, 6]
[5]
producing
producing
producing
producing
producing
producing
producing
producing
producing
producing
Day 222:
Household 1: Income: 3.383637327197318, Goods: 72, Land: 2478, Labour: 5082, Capital: 5531
Household 2: Income: 710.9574547332126, Goods: 219, Land: 7539, Labour: 7198, Capital: 6281
Household 3: Income: 1768.8981281772883, Goods: 220, Land: 9117, Labour: 2918, Capital: 2978
Household 4: Income: 26.32549346734485, Goods: 106, Land: 4025, Labour: 8462, Capital: 1427
Household 5: Income: 210.97744985359054, Goods: 211, Land: 6058, Labour: 9559, Capital: 3848
Household 6: Income: 85.62369348757282, Goods: 205, Land: 4027, Labour: 4067, Capital: 1569
Household 7: Income: 56.29976118900123, Goods: 153, Land: 3247, Labour: 2892, Capital: 7390
Household 8: Income: 1554.8523797228722, Goods: 220, Land: 9711, Labour: 6556, Capital: 9183
Household 9: Income: 57.510858640547845, Goods: 194, Land: 1287, Labour: 8241, Capital: 2464
Household 10: Income: 19.042612966734204, Goods: 139, Land: 8292, Labour: 9207, Capital: 7191
Firm 1: Money: -332.20033363631984, Goods: 72, Land: 0, Labour: 0, Capital: 0, Goods Price: 15.676246295943141
Firm 2: Money: -668.2315351596012, Goods: 59, Land: 0, Labour: 0, Capital: 0, Goods Price: 32.09712479546552
Firm 3: Money: -1224.2993731831, Goods: 70, Land: 0, Labour: 0, Capital: 0, Goods Price: 37.98893979992586
Firm 4: Money: -621.6619494130396, Goods: 67, Land: 0, Labour: 0, Capital: 0, Goods Price: 26.79955716503823
Firm 5: Money: -622.5207479606271, Goods: 57, Land: 0, Labour: 0, Capital: 0, Goods Price: 29.48749235952126
Firm 6: Money: 1079.7798384013413, Goods: 22, Land: 0, Labour: 0, Capital: 0, Goods Price: 20.50967707783826
Firm 7: Money: 1393.7133534265993, Goods: 35, Land: 0, Labour: 0, Capital: 0, Goods Price: 33.38939421129528
Firm 8: Money: 1069.1172507811261, Goods: 32, Land: 0, Labour: 0, Capital: 0, Goods Price: 35.61280918875211
Firm 9: Money: 1108.150881600139, Goods: 44, Land: 0, Labour: 0, Capital: 0, Goods Price: 26.233711292735062
Firm 10: Money: 491.33819067054463, Goods: 23, Land: 0, Labour: 0, Capital: 0, Goods Price: 6.341449680623664
Self.nfirms:  10
[0, 1, 2, 3, 4, 5, 6, 7, 8, 9]
^^^
sold
[0, 2, 3, 4, 5, 6, 7, 8, 9]
^^^
[2, 3, 4, 5, 6, 7, 8, 9]
^^^
sold
[2, 3, 4, 5, 6, 7, 9]
^^^
[2, 3, 4, 5, 6, 7]
^^^
sold
[2, 3, 5, 6, 7]
^^^
sold
[3, 5, 6, 7]
^^^
[3, 5, 7]
^^^
[5, 7]
^^^
sold
[5]
^^^
sold
---
__
[0, 1, 2, 3, 4, 5, 6, 7, 8, 9]
[0, 1, 2, 4, 5, 6, 7, 8, 9]
[0, 1, 2, 4, 5, 7, 8, 9]
[0, 1, 4, 5, 7, 8, 9]
[0, 1, 4, 7, 8, 9]
[0, 1, 4, 7, 8]
[0, 1, 7, 8]
[0, 7, 8]
[0, 7]
[0]
producing
producing
producing
producing
producing
producing
producing
producing
producing
producing
Day 223:
Household 1: Income: 19.700803669135603, Goods: 72, Land: 2477, Labour: 5081, Capital: 5530
Household 2: Income: 711.4439888564175, Goods: 220, Land: 7538, Labour: 7197, Capital: 6280
Household 3: Income: 1775.3034777797077, Goods: 221, Land: 9116, Labour: 2917, Capital: 2977
Household 4: Income: 52.8748798154395, Goods: 106, Land: 4024, Labour: 8461, Capital: 1426
Household 5: Income: 230.9287837420115, Goods: 212, Land: 6057, Labour: 9558, Capital: 3847
Household 6: Income: 91.6963184415774, Goods: 206, Land: 4026, Labour: 4066, Capital: 1568
Household 7: Income: 39.15429762258573, Goods: 154, Land: 3246, Labour: 2891, Capital: 7389
Household 8: Income: 1544.146308100058, Goods: 221, Land: 9710, Labour: 6555, Capital: 9182
Household 9: Income: 43.76910570838358, Goods: 195, Land: 1286, Labour: 8240, Capital: 2463
Household 10: Income: 15.907429095560456, Goods: 139, Land: 8291, Labour: 9206, Capital: 7190
Firm 1: Money: -352.1516675247407, Goods: 72, Land: 0, Labour: 0, Capital: 0, Goods Price: 41.0447017949294
Firm 2: Money: -656.4924421715942, Goods: 59, Land: 0, Labour: 0, Capital: 0, Goods Price: 18.658597586721417
Firm 3: Money: -1258.7609821154647, Goods: 71, Land: 0, Labour: 0, Capital: 0, Goods Price: 41.766574538248676
Firm 4: Money: -625.285271879915, Goods: 67, Land: 0, Labour: 0, Capital: 0, Goods Price: 42.21127020987468
Firm 5: Money: -621.2203888297108, Goods: 57, Land: 0, Labour: 0, Capital: 0, Goods Price: 29.91544227708292
Firm 6: Money: 1084.0328213481175, Goods: 22, Land: 0, Labour: 0, Capital: 0, Goods Price: 18.429071226905435
Firm 7: Money: 1429.173555848056, Goods: 35, Land: 0, Labour: 0, Capital: 0, Goods Price: 6.131336997412615
Firm 8: Money: 1081.985863013056, Goods: 32, Land: 0, Labour: 0, Capital: 0, Goods Price: 26.68333977522839
Firm 9: Money: 1090.257780130433, Goods: 45, Land: 0, Labour: 0, Capital: 0, Goods Price: 26.233711292735062
Firm 10: Money: 470.5923844433106, Goods: 24, Land: 0, Labour: 0, Capital: 0, Goods Price: 23.727611232243373
Self.nfirms:  10
[0, 1, 2, 3, 4, 5, 6, 7, 8, 9]
^^^
sold
[0, 2, 3, 4, 5, 6, 7, 8, 9]
^^^
sold
[0, 2, 3, 5, 6, 7, 8, 9]
^^^
[0, 2, 3, 5, 6, 7, 8]
^^^
[0, 2, 5, 6, 7, 8]
^^^
sold
[0, 5, 6, 7, 8]
^^^
sold
[0, 5, 6, 8]
^^^
sold
[0, 5, 6]
^^^
[0, 5]
^^^
[5]
^^^
sold
---
__
[0, 1, 2, 3, 4, 5, 6, 7, 8, 9]
[0, 1, 2, 3, 4, 5, 6, 7, 8]
[0, 2, 3, 4, 5, 6, 7, 8]
[0, 2, 3, 4, 5, 7, 8]
[2, 3, 4, 5, 7, 8]
[3, 4, 5, 7, 8]
[3, 4, 5, 7]
[3, 5, 7]
[3, 5]
[5]
producing
producing
producing
producing
producing
producing
producing
producing
producing
producing
Day 224:
Household 1: Income: 27.15503632731167, Goods: 73, Land: 2476, Labour: 5080, Capital: 5529
Household 2: Income: 726.6355523438648, Goods: 221, Land: 7537, Labour: 7196, Capital: 6279
Household 3: Income: 1769.8145095758289, Goods: 222, Land: 9115, Labour: 2916, Capital: 2976
Household 4: Income: 25.95858324548704, Goods: 107, Land: 4023, Labour: 8460, Capital: 1425
Household 5: Income: 233.9859677632524, Goods: 213, Land: 6056, Labour: 9557, Capital: 3846
Household 6: Income: 93.90297872419336, Goods: 207, Land: 4025, Labour: 4065, Capital: 1567
Household 7: Income: 69.22608278629336, Goods: 154, Land: 3245, Labour: 2890, Capital: 7388
Household 8: Income: 1545.6461944983225, Goods: 222, Land: 9709, Labour: 6554, Capital: 9181
Household 9: Income: 17.455417469156224, Goods: 196, Land: 1285, Labour: 8239, Capital: 2462
Household 10: Income: 32.22459543749874, Goods: 139, Land: 8290, Labour: 9205, Capital: 7189
Firm 1: Money: -382.2234526884482, Goods: 73, Land: 0, Labour: 0, Capital: 0, Goods Price: 38.96409594399658
Firm 2: Money: -650.735877518242, Goods: 59, Land: 0, Labour: 0, Capital: 0, Goods Price: 18.658597586721417
Firm 3: Money: -1286.013235292799, Goods: 72, Land: 0, Labour: 0, Capital: 0, Goods Price: 34.55721878321838
Firm 4: Money: -602.649034719232, Goods: 67, Land: 0, Labour: 0, Capital: 0, Goods Price: 26.79955716503823
Firm 5: Money: -625.8633370011634, Goods: 57, Land: 0, Labour: 0, Capital: 0, Goods Price: 33.8835809120034
Firm 6: Money: 1104.2013484183476, Goods: 22, Land: 0, Labour: 0, Capital: 0, Goods Price: 0.43292125251868807
Firm 7: Money: 1425.3967742684242, Goods: 35, Land: 0, Labour: 0, Capital: 0, Goods Price: 24.099727178221322
Firm 8: Money: 1081.2157497635217, Goods: 32, Land: 0, Labour: 0, Capital: 0, Goods Price: 33.91578030136212
Firm 9: Money: 1091.9497359616403, Goods: 45, Land: 0, Labour: 0, Capital: 0, Goods Price: 29.40717611483343
Firm 10: Money: 469.77345572916636, Goods: 24, Land: 0, Labour: 0, Capital: 0, Goods Price: 23.36741361269315
Self.nfirms:  10
[0, 1, 2, 3, 4, 5, 6, 7, 8, 9]
^^^
[0, 1, 2, 3, 5, 6, 7, 8, 9]
^^^
[1, 2, 3, 5, 6, 7, 8, 9]
^^^
sold
[1, 3, 5, 6, 7, 8, 9]
^^^
sold
[1, 3, 6, 7, 8, 9]
^^^
[1, 3, 6, 7, 9]
^^^
sold
[3, 6, 7, 9]
^^^
[6, 7, 9]
^^^
[6, 7]
^^^
sold
[7]
^^^
sold
---
__
[0, 1, 2, 3, 4, 5, 6, 7, 8, 9]
[0, 1, 3, 4, 5, 6, 7, 8, 9]
[0, 1, 3, 4, 5, 6, 7, 9]
[0, 1, 3, 4, 6, 7, 9]
[0, 1, 4, 6, 7, 9]
[0, 1, 4, 6, 7]
[0, 4, 6, 7]
[0, 4, 6]
[0, 4]
[0]
producing
producing
producing
producing
producing
producing
producing
producing
producing
producing
Day 225:
Household 1: Income: 20.663824257628185, Goods: 74, Land: 2475, Labour: 5079, Capital: 5528
Household 2: Income: 711.7239746518164, Goods: 222, Land: 7536, Labour: 7195, Capital: 6278
Household 3: Income: 1788.4408108273342, Goods: 223, Land: 9114, Labour: 2915, Capital: 2975
Household 4: Income: 7.244496925811021, Goods: 108, Land: 4022, Labour: 8459, Capital: 1424
Household 5: Income: 218.92111004776973, Goods: 214, Land: 6055, Labour: 9556, Capital: 3845
Household 6: Income: 87.77858112323312, Goods: 208, Land: 4024, Labour: 4064, Capital: 1566
Household 7: Income: 73.28453475158092, Goods: 155, Land: 3244, Labour: 2889, Capital: 7387
Household 8: Income: 1583.583822106088, Goods: 223, Land: 9708, Labour: 6553, Capital: 9180
Household 9: Income: 36.038683087274876, Goods: 196, Land: 1284, Labour: 8238, Capital: 2461
Household 10: Income: 53.893719578645914, Goods: 139, Land: 8289, Labour: 9204, Capital: 7188
Firm 1: Money: -380.5720839973698, Goods: 73, Land: 0, Labour: 0, Capital: 0, Goods Price: 43.10192830186962
Firm 2: Money: -667.3473094871579, Goods: 59, Land: 0, Labour: 0, Capital: 0, Goods Price: 41.02659420898924
Firm 3: Money: -1316.6972094868408, Goods: 73, Land: 0, Labour: 0, Capital: 0, Goods Price: 37.98893979992586
Firm 4: Money: -590.8606441412711, Goods: 67, Land: 0, Labour: 0, Capital: 0, Goods Price: 26.79955716503823
Firm 5: Money: -619.738939400203, Goods: 57, Land: 0, Labour: 0, Capital: 0, Goods Price: 29.48749235952126
Firm 6: Money: 1085.239148081505, Goods: 22, Land: 0, Labour: 0, Capital: 0, Goods Price: 20.50967707783826
Firm 7: Money: 1424.5062274605145, Goods: 35, Land: 0, Labour: 0, Capital: 0, Goods Price: 30.21592938919691
Firm 8: Money: 1062.632484145403, Goods: 33, Land: 0, Labour: 0, Capital: 0, Goods Price: 26.68333977522839
Firm 9: Money: 1096.906134049247, Goods: 45, Land: 0, Labour: 0, Capital: 0, Goods Price: 30.009733964176593
Firm 10: Money: 491.41568051141473, Goods: 24, Land: 0, Labour: 0, Capital: 0, Goods Price: 6.341449680623664
Self.nfirms:  10
[0, 1, 2, 3, 4, 5, 6, 7, 8, 9]
^^^
sold
[0, 1, 2, 3, 4, 6, 7, 8, 9]
^^^
sold
[0, 1, 2, 3, 6, 7, 8, 9]
^^^
sold
[0, 1, 2, 3, 7, 8, 9]
^^^
sold
[0, 2, 3, 7, 8, 9]
^^^
sold
[0, 2, 3, 7, 8]
^^^
sold
[0, 2, 3, 8]
^^^
sold
[0, 3, 8]
^^^
[0, 8]
^^^
[0]
^^^
---
__
[0, 1, 2, 3, 4, 5, 6, 7, 8, 9]
[0, 1, 2, 3, 5, 6, 7, 8, 9]
[0, 1, 2, 3, 5, 7, 8, 9]
[0, 1, 3, 5, 7, 8, 9]
[0, 3, 5, 7, 8, 9]
[0, 3, 7, 8, 9]
[0, 3, 8, 9]
[0, 8, 9]
[0, 9]
[9]
producing
producing
producing
producing
producing
producing
producing
producing
producing
producing
Day 226:
Household 1: Income: 17.528640386454438, Goods: 74, Land: 2474, Labour: 5078, Capital: 5527
Household 2: Income: 706.0368460776311, Goods: 223, Land: 7535, Labour: 7194, Capital: 6277
Household 3: Income: 1827.2719528002772, Goods: 224, Land: 9113, Labour: 2914, Capital: 2974
Household 4: Income: 10.604141601425418, Goods: 108, Land: 4021, Labour: 8458, Capital: 1423
Household 5: Income: 221.39549349438357, Goods: 215, Land: 6054, Labour: 9555, Capital: 3844
Household 6: Income: 85.32183504507938, Goods: 209, Land: 4023, Labour: 4063, Capital: 1565
Household 7: Income: 59.210039073208364, Goods: 156, Land: 3243, Labour: 2888, Capital: 7386
Household 8: Income: 1579.4646316948372, Goods: 224, Land: 9707, Labour: 6552, Capital: 9179
Household 9: Income: 54.62194870539352, Goods: 196, Land: 1283, Labour: 8237, Capital: 2460
Household 10: Income: 72.5580018268829, Goods: 140, Land: 8288, Labour: 9203, Capital: 7187
Firm 1: Money: -376.44326240512765, Goods: 73, Land: 0, Labour: 0, Capital: 0, Goods Price: 43.704486151212784
Firm 2: Money: -704.335443563974, Goods: 60, Land: 0, Labour: 0, Capital: 0, Goods Price: 39.32956532159925
Firm 3: Money: -1317.0052654085534, Goods: 73, Land: 0, Labour: 0, Capital: 0, Goods Price: 42.126772157798904
Firm 4: Money: -631.992370329317, Goods: 68, Land: 0, Labour: 0, Capital: 0, Goods Price: 49.42062596490497
Firm 5: Money: -645.8603758307358, Goods: 58, Land: 0, Labour: 0, Capital: 0, Goods Price: 29.48749235952126
Firm 6: Money: 1088.2334568044673, Goods: 22, Land: 0, Labour: 0, Capital: 0, Goods Price: 18.429071226905435
Firm 7: Money: 1456.219593840375, Goods: 35, Land: 0, Labour: 0, Capital: 0, Goods Price: 6.131336997412615
Firm 8: Money: 1067.629448571175, Goods: 33, Land: 0, Labour: 0, Capital: 0, Goods Price: 26.68333977522839
Firm 9: Money: 1106.2411126576383, Goods: 45, Land: 0, Labour: 0, Capital: 0, Goods Price: 26.233711292735062
Firm 10: Money: 490.3566200509038, Goods: 24, Land: 0, Labour: 0, Capital: 0, Goods Price: 6.341449680623664
Self.nfirms:  10
[0, 1, 2, 3, 4, 5, 6, 7, 8, 9]
^^^
[0, 1, 2, 3, 4, 5, 7, 8, 9]
^^^
sold
[0, 1, 2, 3, 5, 7, 8, 9]
^^^
sold
[0, 1, 3, 5, 7, 8, 9]
^^^
sold
[0, 1, 3, 7, 8, 9]
^^^
[0, 1, 7, 8, 9]
^^^
sold
[0, 1, 7, 9]
^^^
[1, 7, 9]
^^^
sold
[1, 7]
^^^
sold
[7]
^^^
sold
---
__
[0, 1, 2, 3, 4, 5, 6, 7, 8, 9]
[0, 1, 3, 4, 5, 6, 7, 8, 9]
[0, 1, 3, 4, 5, 6, 8, 9]
[0, 1, 4, 5, 6, 8, 9]
[0, 1, 4, 6, 8, 9]
[0, 4, 6, 8, 9]
[4, 6, 8, 9]
[4, 8, 9]
[4, 8]
[8]
producing
producing
producing
producing
producing
producing
producing
producing
producing
producing
Day 227:
Household 1: Income: 24.312575902108616, Goods: 74, Land: 2473, Labour: 5077, Capital: 5526
Household 2: Income: 711.6602931026739, Goods: 224, Land: 7534, Labour: 7193, Capital: 6276
Household 3: Income: 1802.5985609731465, Goods: 225, Land: 9112, Labour: 2913, Capital: 2973
Household 4: Income: 11.602279165046461, Goods: 108, Land: 4020, Labour: 8457, Capital: 1422
Household 5: Income: 255.72747974351066, Goods: 216, Land: 6053, Labour: 9554, Capital: 3843
Household 6: Income: 70.64834241872188, Goods: 210, Land: 4022, Labour: 4062, Capital: 1564
Household 7: Income: 64.38771794713985, Goods: 157, Land: 3242, Labour: 2887, Capital: 7385
Household 8: Income: 1585.7879215195376, Goods: 225, Land: 9706, Labour: 6551, Capital: 9178
Household 9: Income: 37.51397773403383, Goods: 197, Land: 1282, Labour: 8236, Capital: 2459
Household 10: Income: 69.08656127869209, Goods: 141, Land: 8287, Labour: 9202, Capital: 7186
Firm 1: Money: -340.5870874305815, Goods: 73, Land: 0, Labour: 0, Capital: 0, Goods Price: 15.676246295943141
Firm 2: Money: -706.1549436578945, Goods: 60, Land: 0, Labour: 0, Capital: 0, Goods Price: 39.32956532159925
Firm 3: Money: -1304.7724167247466, Goods: 73, Land: 0, Labour: 0, Capital: 0, Goods Price: 32.83710512472495
Firm 4: Money: -628.1045336375286, Goods: 68, Land: 0, Labour: 0, Capital: 0, Goods Price: 49.7808235844552
Firm 5: Money: -652.3041780061815, Goods: 58, Land: 0, Labour: 0, Capital: 0, Goods Price: 37.659603583444934
Firm 6: Money: 1090.4058339003109, Goods: 22, Land: 0, Labour: 0, Capital: 0, Goods Price: 18.429071226905435
Firm 7: Money: 1437.9263331474533, Goods: 35, Land: 0, Labour: 0, Capital: 0, Goods Price: 30.21592938919691
Firm 8: Money: 1066.6313110075541, Goods: 34, Land: 0, Labour: 0, Capital: 0, Goods Price: 9.09821172073078
Firm 9: Money: 1085.5347439853842, Goods: 46, Land: 0, Labour: 0, Capital: 0, Goods Price: 29.046978495283202
Firm 10: Money: 485.1562727240435, Goods: 24, Land: 0, Labour: 0, Capital: 0, Goods Price: 16.158057857662854
Self.nfirms:  10
[0, 1, 2, 3, 4, 5, 6, 7, 8, 9]
^^^
[1, 2, 3, 4, 5, 6, 7, 8, 9]
^^^
sold
[1, 2, 3, 4, 6, 7, 8, 9]
^^^
sold
[1, 3, 4, 6, 7, 8, 9]
^^^
[1, 3, 4, 7, 8, 9]
^^^
sold
[3, 4, 7, 8, 9]
^^^
sold
[3, 4, 8, 9]
^^^
sold
[3, 4, 8]
^^^
sold
[3, 8]
^^^
[8]
^^^
---
__
[0, 1, 2, 3, 4, 5, 6, 7, 8, 9]
[0, 1, 2, 3, 5, 6, 7, 8, 9]
[1, 2, 3, 5, 6, 7, 8, 9]
[1, 2, 3, 5, 6, 7, 9]
[1, 3, 5, 6, 7, 9]
[1, 3, 5, 6, 9]
[3, 5, 6, 9]
[5, 6, 9]
[6, 9]
[6]
producing
producing
producing
producing
producing
producing
producing
producing
producing
producing
Day 228:
Household 1: Income: 38.24941813985011, Goods: 74, Land: 2472, Labour: 5076, Capital: 5525
Household 2: Income: 712.7232969118481, Goods: 225, Land: 7533, Labour: 7192, Capital: 6275
Household 3: Income: 1812.487484278148, Goods: 226, Land: 9111, Labour: 2912, Capital: 2972
Household 4: Income: 12.600416728667504, Goods: 108, Land: 4019, Labour: 8456, Capital: 1421
Household 5: Income: 268.61511458068264, Goods: 217, Land: 6052, Labour: 9553, Capital: 3842
Household 6: Income: 73.16316297141731, Goods: 211, Land: 4021, Labour: 4061, Capital: 1563
Household 7: Income: 59.93067501939406, Goods: 158, Land: 3241, Labour: 2886, Capital: 7384
Household 8: Income: 1605.7293991529164, Goods: 226, Land: 9705, Labour: 6550, Capital: 9177
Household 9: Income: 49.290876992763884, Goods: 197, Land: 1281, Labour: 8235, Capital: 2458
Household 10: Income: 47.76101141417469, Goods: 142, Land: 8286, Labour: 9201, Capital: 7185
Firm 1: Money: -360.7582055367292, Goods: 73, Land: 0, Labour: 0, Capital: 0, Goods Price: 43.10192830186962
Firm 2: Money: -744.8401066221007, Goods: 61, Land: 0, Labour: 0, Capital: 0, Goods Price: 41.02659420898924
Firm 3: Money: -1306.6601512595837, Goods: 73, Land: 0, Labour: 0, Capital: 0, Goods Price: 37.98893979992586
Firm 4: Money: -646.6151910257079, Goods: 69, Land: 0, Labour: 0, Capital: 0, Goods Price: 26.79955716503823
Firm 5: Money: -666.2410202439229, Goods: 59, Land: 0, Labour: 0, Capital: 0, Goods Price: 17.302898166729754
Firm 6: Money: 1090.5560218530136, Goods: 22, Land: 0, Labour: 0, Capital: 0, Goods Price: 19.393438762680113
Firm 7: Money: 1456.5140303011124, Goods: 35, Land: 0, Labour: 0, Capital: 0, Goods Price: 25.819840836714757
Firm 8: Money: 1071.2561959949403, Goods: 34, Land: 0, Labour: 0, Capital: 0, Goods Price: 9.09821172073078
Firm 9: Money: 1098.443039266786, Goods: 46, Land: 0, Labour: 0, Capital: 0, Goods Price: 20.11750908175948
Firm 10: Money: 494.8515761747545, Goods: 24, Land: 0, Labour: 0, Capital: 0, Goods Price: 6.341449680623664
Self.nfirms:  10
[0, 1, 2, 3, 4, 5, 6, 7, 8, 9]
^^^
sold
[0, 1, 2, 3, 4, 5, 6, 7, 9]
^^^
sold
[0, 1, 3, 4, 5, 6, 7, 9]
^^^
sold
[0, 3, 4, 5, 6, 7, 9]
^^^
[3, 4, 5, 6, 7, 9]
^^^
[3, 4, 5, 6, 7]
^^^
sold
[3, 4, 6, 7]
^^^
sold
[3, 6, 7]
^^^
[6, 7]
^^^
sold
[6]
^^^
---
__
[0, 1, 2, 3, 4, 5, 6, 7, 8, 9]
[0, 1, 2, 3, 4, 6, 7, 8, 9]
[0, 1, 2, 4, 6, 7, 8, 9]
[1, 2, 4, 6, 7, 8, 9]
[1, 2, 4, 7, 8, 9]
[1, 4, 7, 8, 9]
[1, 4, 7, 8]
[1, 4, 8]
[1, 8]
[1]
producing
producing
producing
producing
producing
producing
producing
producing
producing
producing
Day 229:
Household 1: Income: 5.575594831220907, Goods: 75, Land: 2471, Labour: 5075, Capital: 5524
Household 2: Income: 699.4992802632908, Goods: 226, Land: 7532, Labour: 7191, Capital: 6274
Household 3: Income: 1816.1566707149857, Goods: 227, Land: 9110, Labour: 2911, Capital: 2971
Household 4: Income: 30.53297219139857, Goods: 108, Land: 4018, Labour: 8455, Capital: 1420
Household 5: Income: 264.9590426339854, Goods: 218, Land: 6051, Labour: 9552, Capital: 3841
Household 6: Income: 48.252301518186265, Goods: 212, Land: 4020, Labour: 4060, Capital: 1562
Household 7: Income: 48.142284441433084, Goods: 159, Land: 3240, Labour: 2885, Capital: 7383
Household 8: Income: 1629.5422523126965, Goods: 227, Land: 9704, Labour: 6549, Capital: 9176
Household 9: Income: 68.41512574519214, Goods: 198, Land: 1280, Labour: 8234, Capital: 2457
Household 10: Income: 55.53459014410424, Goods: 143, Land: 8285, Labour: 9200, Capital: 7184
Firm 1: Money: -326.077959631024, Goods: 73, Land: 0, Labour: 0, Capital: 0, Goods Price: 15.676246295943141
Firm 2: Money: -745.9619827282053, Goods: 61, Land: 0, Labour: 0, Capital: 0, Goods Price: 41.386791828539465
Firm 3: Money: -1285.1349478980314, Goods: 73, Land: 0, Labour: 0, Capital: 0, Goods Price: 25.237521068615287
Firm 4: Money: -634.826800447747, Goods: 69, Land: 0, Labour: 0, Capital: 0, Goods Price: 26.79955716503823
Firm 5: Money: -677.380310314753, Goods: 59, Land: 0, Labour: 0, Capital: 0, Goods Price: 27.767378701027823
Firm 6: Money: 1088.8573101389427, Goods: 22, Land: 0, Labour: 0, Capital: 0, Goods Price: 22.206705965228252
Firm 7: Money: 1462.3053619999753, Goods: 35, Land: 0, Labour: 0, Capital: 0, Goods Price: 25.819840836714757
Firm 8: Money: 1060.452273577064, Goods: 34, Land: 0, Labour: 0, Capital: 0, Goods Price: 32.79954198620398
Firm 9: Money: 1076.7739151256385, Goods: 47, Land: 0, Labour: 0, Capital: 0, Goods Price: 30.009733964176593
Firm 10: Money: 481.44007047407183, Goods: 24, Land: 0, Labour: 0, Capital: 0, Goods Price: 21.670384725303155
Self.nfirms:  10
[0, 1, 2, 3, 4, 5, 6, 7, 8, 9]
^^^
[1, 2, 3, 4, 5, 6, 7, 8, 9]
^^^
sold
[1, 3, 4, 5, 6, 7, 8, 9]
^^^
sold
[1, 3, 4, 6, 7, 8, 9]
^^^
sold
[1, 3, 4, 6, 7, 9]
^^^
sold
[1, 3, 4, 6, 9]
^^^
[1, 3, 4, 6]
^^^
sold
[3, 4, 6]
^^^
sold
[4, 6]
^^^
[4]
^^^
sold
---
__
[0, 1, 2, 3, 4, 5, 6, 7, 8, 9]
[0, 1, 2, 3, 5, 6, 7, 8, 9]
[0, 1, 2, 3, 5, 6, 7, 9]
[0, 1, 2, 3, 6, 7, 9]
[0, 1, 2, 3, 6, 7]
[0, 1, 2, 3, 6]
[0, 1, 2, 6]
[1, 2, 6]
[2, 6]
[2]
producing
producing
producing
producing
producing
producing
producing
producing
producing
producing
Day 230:
Household 1: Income: 5.9644578315753645, Goods: 75, Land: 2470, Labour: 5074, Capital: 5523
Household 2: Income: 708.4010216254953, Goods: 227, Land: 7531, Labour: 7190, Capital: 6273
Household 3: Income: 1826.0831571585084, Goods: 228, Land: 9109, Labour: 2910, Capital: 2970
Household 4: Income: 22.478545806132544, Goods: 109, Land: 4017, Labour: 8454, Capital: 1419
Household 5: Income: 278.5736916520183, Goods: 219, Land: 6050, Labour: 9551, Capital: 3840
Household 6: Income: 54.34110010392628, Goods: 213, Land: 4019, Labour: 4059, Capital: 1561
Household 7: Income: 35.908013260307015, Goods: 160, Land: 3239, Labour: 2884, Capital: 7382
Household 8: Income: 1624.4392559144578, Goods: 228, Land: 9703, Labour: 6548, Capital: 9175
Household 9: Income: 36.09445930218883, Goods: 199, Land: 1279, Labour: 8233, Capital: 2456
Household 10: Income: 22.100358306790294, Goods: 144, Land: 8284, Labour: 9199, Capital: 7183
Firm 1: Money: -344.9130552042867, Goods: 73, Land: 0, Labour: 0, Capital: 0, Goods Price: 39.92846347977125
Firm 2: Money: -744.3247295248844, Goods: 61, Land: 0, Labour: 0, Capital: 0, Goods Price: 41.02659420898924
Firm 3: Money: -1280.933092023485, Goods: 73, Land: 0, Labour: 0, Capital: 0, Goods Price: 25.237521068615287
Firm 4: Money: -623.0384098697862, Goods: 69, Land: 0, Labour: 0, Capital: 0, Goods Price: 26.79955716503823
Firm 5: Money: -677.5147648972888, Goods: 59, Land: 0, Labour: 0, Capital: 0, Goods Price: 29.48749235952126
Firm 6: Money: 1080.8555604144187, Goods: 23, Land: 0, Labour: 0, Capital: 0, Goods Price: 13.277236551704526
Firm 7: Money: 1496.1854744404543, Goods: 35, Land: 0, Labour: 0, Capital: 0, Goods Price: 6.131336997412615
Firm 8: Money: 1063.395243953495, Goods: 34, Land: 0, Labour: 0, Capital: 0, Goods Price: 33.91578030136212
Firm 9: Money: 1102.2338547507572, Goods: 47, Land: 0, Labour: 0, Capital: 0, Goods Price: 8.729472823383878
Firm 10: Money: 480.7269020916308, Goods: 24, Land: 0, Labour: 0, Capital: 0, Goods Price: 23.727611232243373
Self.nfirms:  10
[0, 1, 2, 3, 4, 5, 6, 7, 8, 9]
^^^
sold
[0, 1, 3, 4, 5, 6, 7, 8, 9]
^^^
sold
[0, 1, 3, 4, 6, 7, 8, 9]
^^^
[0, 1, 4, 6, 7, 8, 9]
^^^
sold
[0, 4, 6, 7, 8, 9]
^^^
sold
[0, 4, 6, 8, 9]
^^^
[4, 6, 8, 9]
^^^
sold
[4, 6, 9]
^^^
[4, 9]
^^^
sold
[9]
^^^
---
__
[0, 1, 2, 3, 4, 5, 6, 7, 8, 9]
[0, 1, 2, 3, 4, 5, 6, 7, 9]
[0, 1, 2, 3, 4, 5, 6, 9]
[0, 1, 2, 3, 4, 5, 6]
[1, 2, 3, 4, 5, 6]
[1, 3, 4, 5, 6]
[1, 3, 5, 6]
[1, 3, 5]
[3, 5]
[3]
producing
producing
producing
producing
producing
producing
producing
producing
producing
producing
Day 231:
Household 1: Income: 6.353320831929823, Goods: 75, Land: 2469, Labour: 5073, Capital: 5522
Household 2: Income: 709.236692785287, Goods: 228, Land: 7530, Labour: 7189, Capital: 6272
Household 3: Income: 1857.9785122603703, Goods: 229, Land: 9108, Labour: 2909, Capital: 2969
Household 4: Income: 49.546559870694345, Goods: 109, Land: 4016, Labour: 8453, Capital: 1418
Household 5: Income: 307.5513071225026, Goods: 220, Land: 6049, Labour: 9550, Capital: 3839
Household 6: Income: 49.48266909601032, Goods: 214, Land: 4018, Labour: 4058, Capital: 1560
Household 7: Income: 32.77282938913326, Goods: 160, Land: 3238, Labour: 2883, Capital: 7381
Household 8: Income: 1627.7170843571469, Goods: 229, Land: 9702, Labour: 6547, Capital: 9174
Household 9: Income: 21.432973455481616, Goods: 200, Land: 1278, Labour: 8232, Capital: 2455
Household 10: Income: 25.460002982404692, Goods: 144, Land: 8283, Labour: 9198, Capital: 7182
Firm 1: Money: -336.21353712778085, Goods: 73, Land: 0, Labour: 0, Capital: 0, Goods Price: 35.96032484485077
Firm 2: Money: -783.3700901086406, Goods: 62, Land: 0, Labour: 0, Capital: 0, Goods Price: 41.386791828539465
Firm 3: Money: -1312.5814337533016, Goods: 74, Land: 0, Labour: 0, Capital: 0, Goods Price: 38.953307335700536
Firm 4: Money: -639.008325773304, Goods: 69, Land: 0, Labour: 0, Capital: 0, Goods Price: 49.42062596490497
Firm 5: Money: -709.1485281954623, Goods: 60, Land: 0, Labour: 0, Capital: 0, Goods Price: 34.99981922716155
Firm 6: Money: 1082.0901817760791, Goods: 23, Land: 0, Labour: 0, Capital: 0, Goods Price: 13.277236551704526
Firm 7: Money: 1501.976806139317, Goods: 35, Land: 0, Labour: 0, Capital: 0, Goods Price: 6.131336997412615
Firm 8: Money: 1073.9045352469072, Goods: 34, Land: 0, Labour: 0, Capital: 0, Goods Price: 28.403453433721822
Firm 9: Money: 1101.844991750403, Goods: 48, Land: 0, Labour: 0, Capital: 0, Goods Price: 8.729472823383878
Firm 10: Money: 500.03049298724744, Goods: 24, Land: 0, Labour: 0, Capital: 0, Goods Price: 6.341449680623664
Self.nfirms:  10
[0, 1, 2, 3, 4, 5, 6, 7, 8, 9]
^^^
[0, 1, 2, 4, 5, 6, 7, 8, 9]
^^^
sold
[0, 1, 2, 4, 5, 6, 7, 9]
^^^
[0, 1, 2, 4, 5, 6, 7]
^^^
sold
[0, 1, 4, 5, 6, 7]
^^^
sold
[0, 1, 5, 6, 7]
^^^
[0, 1, 5, 7]
^^^
sold
[0, 5, 7]
^^^
sold
[0, 7]
^^^
sold
[0]
^^^
---
__
[0, 1, 2, 3, 4, 5, 6, 7, 8, 9]
[0, 1, 2, 3, 4, 6, 7, 8, 9]
[0, 1, 2, 3, 4, 7, 8, 9]
[0, 1, 2, 3, 4, 7, 8]
[1, 2, 3, 4, 7, 8]
[1, 2, 3, 4, 8]
[1, 2, 3, 8]
[1, 3, 8]
[3, 8]
[3]
producing
producing
producing
producing
producing
producing
producing
producing
producing
producing
Day 232:
Household 1: Income: 22.670487173868107, Goods: 75, Land: 2468, Labour: 5072, Capital: 5521
Household 2: Income: 695.2330847591686, Goods: 229, Land: 7529, Labour: 7188, Capital: 6271
Household 3: Income: 1853.9633780829145, Goods: 230, Land: 9107, Labour: 2908, Capital: 2968
Household 4: Income: 59.503209807632196, Goods: 110, Land: 4015, Labour: 8452, Capital: 1417
Household 5: Income: 312.98344999117927, Goods: 221, Land: 6048, Labour: 9549, Capital: 3838
Household 6: Income: 41.80015527866988, Goods: 215, Land: 4017, Labour: 4057, Capital: 1559
Household 7: Income: -3.563141606249153, Goods: 161, Land: 3237, Labour: 2882, Capital: 7380
Household 8: Income: 1620.7976410113422, Goods: 230, Land: 9701, Labour: 6546, Capital: 9173
Household 9: Income: 27.82215131324152, Goods: 201, Land: 1277, Labour: 8231, Capital: 2454
Household 10: Income: 43.970660370583914, Goods: 144, Land: 8282, Labour: 9197, Capital: 7181
Firm 1: Money: -328.5310233104404, Goods: 73, Land: 0, Labour: 0, Capital: 0, Goods Price: 35.532374927289105
Firm 2: Money: -762.3413300875596, Goods: 62, Land: 0, Labour: 0, Capital: 0, Goods Price: 18.658597586721417
Firm 3: Money: -1295.7216132190358, Goods: 74, Land: 0, Labour: 0, Capital: 0, Goods Price: 25.237521068615287
Firm 4: Money: -657.5189831614833, Goods: 70, Land: 0, Labour: 0, Capital: 0, Goods Price: 26.79955716503823
Firm 5: Money: -710.5826108852016, Goods: 60, Land: 0, Labour: 0, Capital: 0, Goods Price: 36.69684811455154
Firm 6: Money: 1076.6580389074022, Goods: 23, Land: 0, Labour: 0, Capital: 0, Goods Price: 20.50967707783826
Firm 7: Money: 1510.178951346891, Goods: 35, Land: 0, Labour: 0, Capital: 0, Goods Price: 6.131336997412615
Firm 8: Money: 1079.2323897199237, Goods: 34, Land: 0, Labour: 0, Capital: 0, Goods Price: 35.973006808302344
Firm 9: Money: 1083.9518902806972, Goods: 49, Land: 0, Labour: 0, Capital: 0, Goods Price: 26.233711292735062
Firm 10: Money: 496.55025931888053, Goods: 24, Land: 0, Labour: 0, Capital: 0, Goods Price: 14.437944199169422
Self.nfirms:  10
[0, 1, 2, 3, 4, 5, 6, 7, 8, 9]
^^^
[0, 1, 2, 3, 4, 5, 6, 7, 8]
^^^
sold
[0, 1, 2, 3, 4, 5, 6, 8]
^^^
sold
[0, 1, 2, 3, 4, 6, 8]
^^^
[1, 2, 3, 4, 6, 8]
^^^
sold
[1, 2, 3, 6, 8]
^^^
sold
[2, 3, 6, 8]
^^^
[2, 3, 8]
^^^
sold
[3, 8]
^^^
sold
[8]
^^^
sold
---
__
[0, 1, 2, 3, 4, 5, 6, 7, 8, 9]
[0, 1, 2, 3, 4, 5, 6, 7, 9]
[0, 2, 3, 4, 5, 6, 7, 9]
[0, 3, 4, 5, 6, 7, 9]
[0, 3, 4, 5, 7, 9]
[0, 3, 5, 7, 9]
[0, 3, 5, 9]
[0, 5, 9]
[5, 9]
[5]
producing
producing
producing
producing
producing
producing
producing
producing
producing
producing
Day 233:
Household 1: Income: 41.18114456204733, Goods: 75, Land: 2467, Labour: 5071, Capital: 5520
Household 2: Income: 723.8531992229098, Goods: 230, Land: 7528, Labour: 7187, Capital: 6270
Household 3: Income: 1872.6764381472765, Goods: 231, Land: 9106, Labour: 2907, Capital: 2967
Household 4: Income: 52.81924579793562, Goods: 111, Land: 4014, Labour: 8451, Capital: 1416
Household 5: Income: 339.00882903854955, Goods: 222, Land: 6047, Labour: 9548, Capital: 3837
Household 6: Income: 27.768274627489802, Goods: 216, Land: 4016, Labour: 4056, Capital: 1558
Household 7: Income: 13.36559232768181, Goods: 161, Land: 3236, Labour: 2881, Capital: 7379
Household 8: Income: 1620.4668575086648, Goods: 231, Land: 9700, Labour: 6545, Capital: 9172
Household 9: Income: 16.378599620939426, Goods: 202, Land: 1276, Labour: 8230, Capital: 2453
Household 10: Income: 10.536428533269966, Goods: 145, Land: 8281, Labour: 9196, Capital: 7180
Firm 1: Money: -321.84705930074375, Goods: 73, Land: 0, Labour: 0, Capital: 0, Goods Price: 35.96032484485077
Firm 2: Money: -784.7117320431746, Goods: 62, Land: 0, Labour: 0, Capital: 0, Goods Price: 39.32956532159925
Firm 3: Money: -1306.2933652189408, Goods: 74, Land: 0, Labour: 0, Capital: 0, Goods Price: 38.953307335700536
Firm 4: Money: -645.7305925835225, Goods: 70, Land: 0, Labour: 0, Capital: 0, Goods Price: 26.79955716503823
Firm 5: Money: -743.9134030707648, Goods: 61, Land: 0, Labour: 0, Capital: 0, Goods Price: 36.69684811455154
Firm 6: Money: 1088.1015905997042, Goods: 23, Land: 0, Labour: 0, Capital: 0, Goods Price: 13.277236551704526
Firm 7: Money: 1516.3423624841396, Goods: 35, Land: 0, Labour: 0, Capital: 0, Goods Price: 6.131336997412615
Firm 8: Money: 1093.2642703711035, Goods: 34, Land: 0, Labour: 0, Capital: 0, Goods Price: 28.403453433721822
Firm 9: Money: 1067.023156346766, Goods: 50, Land: 0, Labour: 0, Capital: 0, Goods Price: 25.269343756960385
Firm 10: Money: 486.7672081210923, Goods: 24, Land: 0, Labour: 0, Capital: 0, Goods Price: 23.727611232243373
Self.nfirms:  10
[0, 1, 2, 3, 4, 5, 6, 7, 8, 9]
^^^
[1, 2, 3, 4, 5, 6, 7, 8, 9]
^^^
sold
[1, 3, 4, 5, 6, 7, 8, 9]
^^^
sold
[1, 3, 4, 5, 6, 8, 9]
^^^
sold
[1, 3, 4, 6, 8, 9]
^^^
sold
[1, 3, 6, 8, 9]
^^^
[1, 3, 6, 8]
^^^
[1, 6, 8]
^^^
[1, 8]
^^^
sold
[8]
^^^
---
__
[0, 1, 2, 3, 4, 5, 6, 7, 8, 9]
[0, 1, 2, 3, 4, 5, 6, 8, 9]
[0, 2, 3, 4, 5, 6, 8, 9]
[0, 2, 4, 5, 6, 8, 9]
[2, 4, 5, 6, 8, 9]
[4, 5, 6, 8, 9]
[4, 5, 6, 8]
[4, 5, 6]
[5, 6]
[6]
producing
producing
producing
producing
producing
producing
producing
producing
producing
producing
Day 234:
Household 1: Income: 31.12285739566522, Goods: 76, Land: 2466, Labour: 5070, Capital: 5519
Household 2: Income: 729.5890082200078, Goods: 231, Land: 7527, Labour: 7186, Capital: 6269
Household 3: Income: 1897.9016759934568, Goods: 232, Land: 9105, Labour: 2906, Capital: 2966
Household 4: Income: 10.463410068121835, Goods: 112, Land: 4013, Labour: 8450, Capital: 1415
Household 5: Income: 350.39017027420306, Goods: 223, Land: 6046, Labour: 9547, Capital: 3836
Household 6: Income: 12.32832772597898, Goods: 217, Land: 4015, Labour: 4055, Capital: 1557
Household 7: Income: 31.876249715861036, Goods: 161, Land: 3235, Labour: 2880, Capital: 7378
Household 8: Income: 1608.676746960051, Goods: 232, Land: 9699, Labour: 6544, Capital: 9171
Household 9: Income: 46.13429317162181, Goods: 202, Land: 1275, Labour: 8229, Capital: 2452
Household 10: Income: 7.401244662096217, Goods: 145, Land: 8280, Labour: 9195, Capital: 7179
Firm 1: Money: -352.883212000226, Goods: 74, Land: 0, Labour: 0, Capital: 0, Goods Price: 39.92846347977125
Firm 2: Money: -771.7227268636886, Goods: 62, Land: 0, Labour: 0, Capital: 0, Goods Price: 32.09712479546552
Firm 3: Money: -1340.7549741513055, Goods: 75, Land: 0, Labour: 0, Capital: 0, Goods Price: 41.766574538248676
Firm 4: Money: -639.0794396871737, Goods: 70, Land: 0, Labour: 0, Capital: 0, Goods Price: 26.79955716503823
Firm 5: Money: -743.0112495930904, Goods: 61, Land: 0, Labour: 0, Capital: 0, Goods Price: 34.99981922716155
Firm 6: Money: 1087.616098302871, Goods: 23, Land: 0, Labour: 0, Capital: 0, Goods Price: 14.997350210197961
Firm 7: Money: 1530.5339710853164, Goods: 35, Land: 0, Labour: 0, Capital: 0, Goods Price: 6.131336997412615
Firm 8: Money: 1117.5664765098668, Goods: 34, Land: 0, Labour: 0, Capital: 0, Goods Price: 9.09821172073078
Firm 9: Money: 1066.6342933464118, Goods: 51, Land: 0, Labour: 0, Capital: 0, Goods Price: 8.729472823383878
Firm 10: Money: 486.27382395637807, Goods: 24, Land: 0, Labour: 0, Capital: 0, Goods Price: 23.727611232243373
Self.nfirms:  10
[0, 1, 2, 3, 4, 5, 6, 7, 8, 9]
^^^
sold
[0, 2, 3, 4, 5, 6, 7, 8, 9]
^^^
[0, 2, 3, 5, 6, 7, 8, 9]
^^^
sold
[0, 2, 3, 5, 6, 8, 9]
^^^
[2, 3, 5, 6, 8, 9]
^^^
sold
[3, 5, 6, 8, 9]
^^^
sold
[3, 5, 8, 9]
^^^
[3, 8, 9]
^^^
[8, 9]
^^^
[8]
^^^
sold
---
__
[0, 1, 2, 3, 4, 5, 6, 7, 8, 9]
[0, 1, 2, 4, 5, 6, 7, 8, 9]
[1, 2, 4, 5, 6, 7, 8, 9]
[1, 2, 4, 5, 6, 7, 9]
[1, 2, 4, 6, 7, 9]
[1, 2, 4, 7, 9]
[2, 4, 7, 9]
[2, 4, 9]
[2, 4]
[4]
producing
producing
producing
producing
producing
producing
producing
producing
producing
producing
Day 235:
Household 1: Income: 37.9067929113194, Goods: 76, Land: 2465, Labour: 5069, Capital: 5518
Household 2: Income: 738.9134521413777, Goods: 232, Land: 7526, Labour: 7185, Capital: 6268
Household 3: Income: 1901.9776059498924, Goods: 233, Land: 9104, Labour: 2905, Capital: 2965
Household 4: Income: -5.435580236543358, Goods: 113, Land: 4012, Labour: 8449, Capital: 1414
Household 5: Income: 357.07925638487893, Goods: 224, Land: 6045, Labour: 9546, Capital: 3835
Household 6: Income: 25.504580578632567, Goods: 217, Land: 4014, Labour: 4054, Capital: 1556
Household 7: Income: 55.48158822579697, Goods: 162, Land: 3234, Labour: 2879, Capital: 7377
Household 8: Income: 1625.713260739749, Goods: 233, Land: 9698, Labour: 6543, Capital: 9170
Household 9: Income: 63.63259663074412, Goods: 203, Land: 1274, Labour: 8228, Capital: 2451
Household 10: Income: 29.07036880324339, Goods: 145, Land: 8279, Labour: 9194, Capital: 7178
Firm 1: Money: -359.6671475158803, Goods: 75, Land: 0, Labour: 0, Capital: 0, Goods Price: 15.676246295943141
Firm 2: Money: -779.7168458763767, Goods: 62, Land: 0, Labour: 0, Capital: 0, Goods Price: 39.32956532159925
Firm 3: Money: -1366.2871136701463, Goods: 76, Land: 0, Labour: 0, Capital: 0, Goods Price: 32.83710512472495
Firm 4: Money: -647.0988507065314, Goods: 70, Land: 0, Labour: 0, Capital: 0, Goods Price: 46.60735876235683
Firm 5: Money: -772.5644070403308, Goods: 62, Land: 0, Labour: 0, Capital: 0, Goods Price: 32.91921337622873
Firm 6: Money: 1103.2950827490274, Goods: 23, Land: 0, Labour: 0, Capital: 0, Goods Price: 0.43292125251868807
Firm 7: Money: 1517.8277200921607, Goods: 35, Land: 0, Labour: 0, Capital: 0, Goods Price: 33.02919659174505
Firm 8: Money: 1097.727379918393, Goods: 34, Land: 0, Labour: 0, Capital: 0, Goods Price: 35.973006808302344
Firm 9: Money: 1050.912988142569, Goods: 51, Land: 0, Labour: 0, Capital: 0, Goods Price: 30.009733964176593
Firm 10: Money: 492.78431687044764, Goods: 24, Land: 0, Labour: 0, Capital: 0, Goods Price: 16.158057857662854
Self.nfirms:  10
[0, 1, 2, 3, 4, 5, 6, 7, 8, 9]
^^^
[0, 1, 2, 4, 5, 6, 7, 8, 9]
^^^
[0, 1, 2, 4, 6, 7, 8, 9]
^^^
[0, 1, 2, 4, 6, 7, 8]
^^^
[1, 2, 4, 6, 7, 8]
^^^
sold
[1, 2, 4, 6, 8]
^^^
sold
[2, 4, 6, 8]
^^^
sold
[4, 6, 8]
^^^
sold
[6, 8]
^^^
[8]
^^^
sold
---
__
[0, 1, 2, 3, 4, 5, 6, 7, 8, 9]
[0, 2, 3, 4, 5, 6, 7, 8, 9]
[0, 2, 3, 5, 6, 7, 8, 9]
[0, 2, 3, 5, 6, 7, 8]
[0, 2, 5, 6, 7, 8]
[0, 2, 5, 7, 8]
[0, 5, 7, 8]
[0, 7, 8]
[7, 8]
[7]
producing
producing
producing
producing
producing
producing
producing
producing
producing
producing
Day 236:
Household 1: Income: 48.19365112449263, Goods: 77, Land: 2464, Labour: 5068, Capital: 5517
Household 2: Income: 757.5068457448687, Goods: 233, Land: 7525, Labour: 7184, Capital: 6267
Household 3: Income: 1905.3740690580198, Goods: 234, Land: 9103, Labour: 2904, Capital: 2964
Household 4: Income: 21.63243382801845, Goods: 113, Land: 4011, Labour: 8448, Capital: 1413
Household 5: Income: 345.77890184108355, Goods: 225, Land: 6044, Labour: 9545, Capital: 3834
Household 6: Income: 59.426951011648235, Goods: 217, Land: 4013, Labour: 4053, Capital: 1555
Household 7: Income: 34.456037835392344, Goods: 163, Land: 3233, Labour: 2878, Capital: 7376
Household 8: Income: 1607.389706658805, Goods: 234, Land: 9697, Labour: 6542, Capital: 9169
Household 9: Income: 47.30723110157278, Goods: 204, Land: 1273, Labour: 8227, Capital: 2450
Household 10: Income: 32.43001347885779, Goods: 145, Land: 8278, Labour: 9193, Capital: 7177
Firm 1: Money: -386.735161580442, Goods: 76, Land: 0, Labour: 0, Capital: 0, Goods Price: 35.96032484485077
Firm 2: Money: -783.113308984504, Goods: 62, Land: 0, Labour: 0, Capital: 0, Goods Price: 41.02659420898924
Firm 3: Money: -1397.9354553999628, Goods: 77, Land: 0, Labour: 0, Capital: 0, Goods Price: 38.953307335700536
Firm 4: Money: -638.5747937158937, Goods: 70, Land: 0, Labour: 0, Capital: 0, Goods Price: 42.21127020987468
Firm 5: Money: -786.5012492780722, Goods: 63, Land: 0, Labour: 0, Capital: 0, Goods Price: 17.302898166729754
Firm 6: Money: 1091.710876522938, Goods: 23, Land: 0, Labour: 0, Capital: 0, Goods Price: 20.50967707783826
Firm 7: Money: 1531.6591310737872, Goods: 35, Land: 0, Labour: 0, Capital: 0, Goods Price: 33.38939421129528
Firm 8: Money: 1114.0527454475641, Goods: 34, Land: 0, Labour: 0, Capital: 0, Goods Price: 26.68333977522839
Firm 9: Money: 1060.5187990030909, Goods: 51, Land: 0, Labour: 0, Capital: 0, Goods Price: 25.269343756960385
Firm 10: Money: 502.4796203211586, Goods: 24, Land: 0, Labour: 0, Capital: 0, Goods Price: 6.341449680623664
Self.nfirms:  10
[0, 1, 2, 3, 4, 5, 6, 7, 8, 9]
^^^
sold
[0, 2, 3, 4, 5, 6, 7, 8, 9]
^^^
sold
[0, 3, 4, 5, 6, 7, 8, 9]
^^^
sold
[0, 3, 4, 6, 7, 8, 9]
^^^
sold
[0, 4, 6, 7, 8, 9]
^^^
sold
[0, 4, 6, 7, 9]
^^^
[0, 4, 6, 7]
^^^
[0, 4, 7]
^^^
sold
[0, 7]
^^^
[7]
^^^
sold
---
__
[0, 1, 2, 3, 4, 5, 6, 7, 8, 9]
[0, 1, 2, 3, 4, 5, 7, 8, 9]
[0, 1, 2, 3, 5, 7, 8, 9]
[0, 1, 2, 3, 7, 8, 9]
[0, 1, 3, 7, 8, 9]
[0, 3, 7, 8, 9]
[0, 3, 7, 8]
[0, 3, 7]
[3, 7]
[3]
producing
producing
producing
producing
producing
producing
producing
producing
producing
producing
Day 237:
Household 1: Income: 23.569529958308337, Goods: 78, Land: 2463, Labour: 5067, Capital: 5516
Household 2: Income: 736.2917867360371, Goods: 234, Land: 7524, Labour: 7183, Capital: 6266
Household 3: Income: 1916.581014650342, Goods: 235, Land: 9102, Labour: 2903, Capital: 2963
Household 4: Income: 24.620589902498644, Goods: 114, Land: 4010, Labour: 8447, Capital: 1412
Household 5: Income: 343.9786041836265, Goods: 226, Land: 6043, Labour: 9544, Capital: 3833
Household 6: Income: 46.15954011370217, Goods: 218, Land: 4012, Labour: 4052, Capital: 1554
Household 7: Income: 29.839776985213526, Goods: 164, Land: 3232, Labour: 2877, Capital: 7375
Household 8: Income: 1607.419137213723, Goods: 235, Land: 9696, Labour: 6541, Capital: 9168
Household 9: Income: 41.68552862374342, Goods: 205, Land: 1272, Labour: 8226, Capital: 2449
Household 10: Income: 29.29482960768404, Goods: 145, Land: 8277, Labour: 9192, Capital: 7176
Firm 1: Money: -379.64329397434983, Goods: 76, Land: 0, Labour: 0, Capital: 0, Goods Price: 42.74173068231939
Firm 2: Money: -760.0416279979631, Goods: 62, Land: 0, Labour: 0, Capital: 0, Goods Price: 18.658597586721417
Firm 3: Money: -1397.9648859548809, Goods: 77, Land: 0, Labour: 0, Capital: 0, Goods Price: 42.126772157798904
Firm 4: Money: -617.9772906255359, Goods: 70, Land: 0, Labour: 0, Capital: 0, Goods Price: 26.79955716503823
Firm 5: Money: -797.1001843949061, Goods: 63, Land: 0, Labour: 0, Capital: 0, Goods Price: 29.48749235952126
Firm 6: Money: 1093.5111741803948, Goods: 23, Land: 0, Labour: 0, Capital: 0, Goods Price: 20.50967707783826
Firm 7: Money: 1534.794314944961, Goods: 36, Land: 0, Labour: 0, Capital: 0, Goods Price: 6.131336997412615
Firm 8: Money: 1118.1119541391536, Goods: 34, Land: 0, Labour: 0, Capital: 0, Goods Price: 26.68333977522839
Firm 9: Money: 1066.830665629333, Goods: 51, Land: 0, Labour: 0, Capital: 0, Goods Price: 26.233711292735062
Firm 10: Money: 507.0958811713375, Goods: 24, Land: 0, Labour: 0, Capital: 0, Goods Price: 6.341449680623664
Self.nfirms:  10
[0, 1, 2, 3, 4, 5, 6, 7, 8, 9]
^^^
[1, 2, 3, 4, 5, 6, 7, 8, 9]
^^^
[1, 2, 3, 4, 5, 6, 7, 9]
^^^
sold
[1, 2, 3, 4, 5, 6, 9]
^^^
sold
[1, 2, 3, 4, 6, 9]
^^^
sold
[1, 2, 3, 6, 9]
^^^
[1, 2, 3, 6]
^^^
sold
[1, 3, 6]
^^^
sold
[3, 6]
^^^
[6]
^^^
sold
---
__
[0, 1, 2, 3, 4, 5, 6, 7, 8, 9]
[0, 1, 2, 3, 4, 5, 6, 7, 9]
[1, 2, 3, 4, 5, 6, 7, 9]
[1, 2, 4, 5, 6, 7, 9]
[2, 4, 5, 6, 7, 9]
[2, 4, 5, 6, 7]
[2, 4, 5, 7]
[2, 4, 5]
[2, 4]
[4]
producing
producing
producing
producing
producing
producing
producing
producing
producing
producing
Day 238:
Household 1: Income: 30.445660691036252, Goods: 79, Land: 2462, Labour: 5066, Capital: 5515
Household 2: Income: 747.1713987222505, Goods: 235, Land: 7523, Labour: 7182, Capital: 6265
Household 3: Income: 1923.8748787611828, Goods: 236, Land: 9101, Labour: 2902, Capital: 2962
Household 4: Income: 25.618727466119687, Goods: 114, Land: 4009, Labour: 8446, Capital: 1411
Household 5: Income: 339.7797933629856, Goods: 227, Land: 6042, Labour: 9543, Capital: 3832
Household 6: Income: 55.260125838023924, Goods: 219, Land: 4011, Labour: 4051, Capital: 1553
Household 7: Income: 21.644595899950822, Goods: 165, Land: 3231, Labour: 2876, Capital: 7374
Household 8: Income: 1624.391717843448, Goods: 236, Land: 9695, Labour: 6540, Capital: 9167
Household 9: Income: 66.60547911225012, Goods: 205, Land: 1271, Labour: 8225, Capital: 2448
Household 10: Income: 2.355426317158237, Goods: 146, Land: 8276, Labour: 9191, Capital: 7175
Firm 1: Money: -404.5632444628566, Goods: 77, Land: 0, Labour: 0, Capital: 0, Goods Price: 33.81226126879567
Firm 2: Money: -782.066137875508, Goods: 62, Land: 0, Labour: 0, Capital: 0, Goods Price: 41.386791828539465
Firm 3: Money: -1415.897441417612, Goods: 78, Land: 0, Labour: 0, Capital: 0, Goods Price: 25.237521068615287
Firm 4: Money: -606.1889000475751, Goods: 70, Land: 0, Labour: 0, Capital: 0, Goods Price: 26.79955716503823
Firm 5: Money: -796.5157823519971, Goods: 63, Land: 0, Labour: 0, Capital: 0, Goods Price: 29.48749235952126
Firm 6: Money: 1095.8620338572136, Goods: 23, Land: 0, Labour: 0, Capital: 0, Goods Price: 19.393438762680113
Firm 7: Money: 1522.0880639518052, Goods: 36, Land: 0, Labour: 0, Capital: 0, Goods Price: 33.02919659174505
Firm 8: Money: 1140.3219671810373, Goods: 34, Land: 0, Labour: 0, Capital: 0, Goods Price: 9.09821172073078
Firm 9: Money: 1069.8941057985005, Goods: 51, Land: 0, Labour: 0, Capital: 0, Goods Price: 27.349949607893212
Firm 10: Money: 506.9745764450093, Goods: 24, Land: 0, Labour: 0, Capital: 0, Goods Price: 6.341449680623664
Self.nfirms:  10
[0, 1, 2, 3, 4, 5, 6, 7, 8, 9]
^^^
sold
[0, 1, 3, 4, 5, 6, 7, 8, 9]
^^^
sold
[0, 3, 4, 5, 6, 7, 8, 9]
^^^
sold
[0, 3, 4, 5, 6, 8, 9]
^^^
[0, 3, 5, 6, 8, 9]
^^^
sold
[0, 3, 6, 8, 9]
^^^
sold
[0, 3, 6, 9]
^^^
[0, 3, 9]
^^^
[3, 9]
^^^
[9]
^^^
---
__
[0, 1, 2, 3, 4, 5, 6, 7, 8, 9]
[0, 1, 2, 3, 5, 6, 7, 8, 9]
[0, 1, 2, 3, 5, 6, 7, 8]
[0, 1, 2, 5, 6, 7, 8]
[0, 1, 2, 5, 6, 7]
[0, 1, 2, 5, 7]
[0, 2, 5, 7]
[2, 5, 7]
[5, 7]
[5]
producing
producing
producing
producing
producing
producing
producing
producing
producing
producing
Day 239:
Household 1: Income: 33.80530536665065, Goods: 79, Land: 2461, Labour: 5065, Capital: 5514
Household 2: Income: 761.82616024267, Goods: 236, Land: 7522, Labour: 7181, Capital: 6264
Household 3: Income: 1947.2074684282293, Goods: 237, Land: 9100, Labour: 2901, Capital: 2961
Household 4: Income: 52.68674153068149, Goods: 114, Land: 4008, Labour: 8445, Capital: 1410
Household 5: Income: 324.71493564750295, Goods: 228, Land: 6041, Labour: 9542, Capital: 3831
Household 6: Income: 64.35298096593172, Goods: 220, Land: 4010, Labour: 4050, Capital: 1552
Household 7: Income: 51.197753347191295, Goods: 165, Land: 3230, Labour: 2875, Capital: 7373
Household 8: Income: 1615.0387900048047, Goods: 237, Land: 9694, Labour: 6539, Capital: 9166
Household 9: Income: 67.96447322348793, Goods: 206, Land: 1270, Labour: 8224, Capital: 2447
Household 10: Income: 20.86608370533746, Goods: 146, Land: 8275, Labour: 9190, Capital: 7174
Firm 1: Money: -431.6312585274183, Goods: 78, Land: 0, Labour: 0, Capital: 0, Goods Price: 35.96032484485077
Firm 2: Money: -783.5254403498785, Goods: 62, Land: 0, Labour: 0, Capital: 0, Goods Price: 41.02659420898924
Firm 3: Money: -1417.2564355288498, Goods: 78, Land: 0, Labour: 0, Capital: 0, Goods Price: 32.83710512472495
Firm 4: Money: -594.4005094696142, Goods: 70, Land: 0, Labour: 0, Capital: 0, Goods Price: 26.79955716503823
Firm 5: Money: -826.0689397992376, Goods: 64, Land: 0, Labour: 0, Capital: 0, Goods Price: 32.91921337622873
Firm 6: Money: 1095.9804169037156, Goods: 23, Land: 0, Labour: 0, Capital: 0, Goods Price: 20.50967707783826
Firm 7: Money: 1505.534743983677, Goods: 37, Land: 0, Labour: 0, Capital: 0, Goods Price: 25.819840836714757
Firm 8: Money: 1119.9094993700655, Goods: 34, Land: 0, Labour: 0, Capital: 0, Goods Price: 35.973006808302344
Firm 9: Money: 1052.0010043287946, Goods: 52, Land: 0, Labour: 0, Capital: 0, Goods Price: 26.233711292735062
Firm 10: Money: 506.85327171868107, Goods: 24, Land: 0, Labour: 0, Capital: 0, Goods Price: 6.341449680623664
Self.nfirms:  10
[0, 1, 2, 3, 4, 5, 6, 7, 8, 9]
^^^
sold
[0, 1, 2, 3, 4, 5, 6, 7, 9]
^^^
sold
[0, 1, 2, 3, 4, 5, 6, 9]
^^^
sold
[0, 1, 2, 3, 4, 6, 9]
^^^
[1, 2, 3, 4, 6, 9]
^^^
sold
[2, 3, 4, 6, 9]
^^^
sold
[2, 3, 6, 9]
^^^
sold
[3, 6, 9]
^^^
[3, 9]
^^^
[3]
^^^
---
__
[0, 1, 2, 3, 4, 5, 6, 7, 8, 9]
[0, 1, 2, 3, 4, 5, 6, 7, 9]
[0, 1, 2, 3, 4, 5, 7, 9]
[0, 1, 2, 3, 4, 5, 7]
[0, 1, 3, 4, 5, 7]
[0, 1, 4, 5, 7]
[0, 1, 4, 7]
[0, 1, 4]
[0, 1]
[1]
producing
producing
producing
producing
producing
producing
producing
producing
producing
producing
Day 240:
Household 1: Income: 5.2288206491572105, Goods: 80, Land: 2460, Labour: 5064, Capital: 5513
Household 2: Income: 758.5375448316688, Goods: 237, Land: 7521, Labour: 7180, Capital: 6263
Household 3: Income: 1959.460846705567, Goods: 238, Land: 9099, Labour: 2900, Capital: 2960
Household 4: Income: 24.562180255061534, Goods: 115, Land: 4007, Labour: 8444, Capital: 1409
Household 5: Income: 323.8635632705491, Goods: 229, Land: 6040, Labour: 9541, Capital: 3830
Household 6: Income: 86.9015313431524, Goods: 221, Land: 4009, Labour: 4049, Capital: 1551
Household 7: Income: 50.97049054475872, Goods: 166, Land: 3229, Labour: 2874, Capital: 7372
Household 8: Income: 1621.2528131579859, Goods: 238, Land: 9693, Labour: 6538, Capital: 9165
Household 9: Income: 47.8890483858329, Goods: 207, Land: 1269, Labour: 8223, Capital: 2446
Household 10: Income: 24.225728380951857, Goods: 146, Land: 8274, Labour: 9189, Capital: 7173
Firm 1: Money: -429.2179080159987, Goods: 78, Land: 0, Labour: 0, Capital: 0, Goods Price: 38.96409594399658
Firm 2: Money: -755.4008790742585, Goods: 62, Land: 0, Labour: 0, Capital: 0, Goods Price: 18.658597586721417
Firm 3: Money: -1444.508688706184, Goods: 79, Land: 0, Labour: 0, Capital: 0, Goods Price: 34.55721878321838
Firm 4: Money: -605.23318769152, Goods: 70, Land: 0, Labour: 0, Capital: 0, Goods Price: 49.42062596490497
Firm 5: Money: -828.8243551867025, Goods: 64, Land: 0, Labour: 0, Capital: 0, Goods Price: 34.99981922716155
Firm 6: Money: 1099.2690323147172, Goods: 23, Land: 0, Labour: 0, Capital: 0, Goods Price: 19.393438762680113
Firm 7: Money: 1512.3604471720532, Goods: 37, Land: 0, Labour: 0, Capital: 0, Goods Price: 24.099727178221322
Firm 8: Money: 1126.9451978661632, Goods: 34, Land: 0, Labour: 0, Capital: 0, Goods Price: 35.973006808302344
Firm 9: Money: 1080.5774890462883, Goods: 52, Land: 0, Labour: 0, Capital: 0, Goods Price: 8.729472823383878
Firm 10: Money: 508.1973298431802, Goods: 24, Land: 0, Labour: 0, Capital: 0, Goods Price: 6.341449680623664
Self.nfirms:  10
[0, 1, 2, 3, 4, 5, 6, 7, 8, 9]
^^^
[0, 1, 2, 4, 5, 6, 7, 8, 9]
^^^
sold
[0, 1, 2, 4, 5, 6, 8, 9]
^^^
sold
[0, 1, 2, 4, 5, 8, 9]
^^^
[1, 2, 4, 5, 8, 9]
^^^
sold
[1, 4, 5, 8, 9]
^^^
sold
[4, 5, 8, 9]
^^^
sold
[4, 5, 8]
^^^
sold
[4, 8]
^^^
sold
[4]
^^^
sold
---
__
[0, 1, 2, 3, 4, 5, 6, 7, 8, 9]
[0, 1, 2, 3, 4, 5, 6, 8, 9]
[0, 1, 2, 3, 5, 6, 8, 9]
[1, 2, 3, 5, 6, 8, 9]
[1, 2, 5, 6, 8, 9]
[1, 5, 6, 8, 9]
[1, 5, 8, 9]
[1, 8, 9]
[8, 9]
[8]
producing
producing
producing
producing
producing
producing
producing
producing
producing
producing
Day 241:
Household 1: Income: 19.1656628868987, Goods: 80, Land: 2459, Labour: 5063, Capital: 5512
Household 2: Income: 743.2399891598399, Goods: 238, Land: 7520, Labour: 7179, Capital: 6262
Household 3: Income: 1955.2128123942286, Goods: 239, Land: 9098, Labour: 2899, Capital: 2959
Household 4: Income: 13.45109085809457, Goods: 116, Land: 4006, Labour: 8443, Capital: 1408
Household 5: Income: 334.4958609978037, Goods: 230, Land: 6039, Labour: 9540, Capital: 3829
Household 6: Income: 76.82743545700016, Goods: 222, Land: 4008, Labour: 4048, Capital: 1550
Household 7: Income: 75.0944567711618, Goods: 167, Land: 3228, Labour: 2873, Capital: 7371
Household 8: Income: 1607.7053420271254, Goods: 239, Land: 9692, Labour: 6537, Capital: 9164
Household 9: Income: 26.173104522356937, Goods: 208, Land: 1268, Labour: 8222, Capital: 2445
Household 10: Income: 25.511239915361433, Goods: 147, Land: 8273, Labour: 9188, Capital: 7172
Firm 1: Money: -421.96334411621984, Goods: 78, Land: 0, Labour: 0, Capital: 0, Goods Price: 38.96409594399658
Firm 2: Money: -756.5346369991988, Goods: 62, Land: 0, Labour: 0, Capital: 0, Goods Price: 18.658597586721417
Firm 3: Money: -1438.2680987613123, Goods: 79, Land: 0, Labour: 0, Capital: 0, Goods Price: 34.55721878321838
Firm 4: Money: -600.9851533801813, Goods: 70, Land: 0, Labour: 0, Capital: 0, Goods Price: 49.42062596490497
Firm 5: Money: -811.9223095359861, Goods: 64, Land: 0, Labour: 0, Capital: 0, Goods Price: 17.302898166729754
Firm 6: Money: 1097.0092703646483, Goods: 23, Land: 0, Labour: 0, Capital: 0, Goods Price: 22.56690358477848
Firm 7: Money: 1515.495631043227, Goods: 38, Land: 0, Labour: 0, Capital: 0, Goods Price: 6.131336997412615
Firm 8: Money: 1133.9993887988755, Goods: 34, Land: 0, Labour: 0, Capital: 0, Goods Price: 33.91578030136212
Firm 9: Money: 1074.7484087248629, Goods: 52, Land: 0, Labour: 0, Capital: 0, Goods Price: 20.11750908175948
Firm 10: Money: 498.6008939638378, Goods: 24, Land: 0, Labour: 0, Capital: 0, Goods Price: 20.554146410145005
Self.nfirms:  10
[0, 1, 2, 3, 4, 5, 6, 7, 8, 9]
^^^
sold
[0, 1, 2, 3, 4, 5, 7, 8, 9]
^^^
sold
[0, 1, 2, 3, 4, 5, 7, 9]
^^^
sold
[0, 1, 3, 4, 5, 7, 9]
^^^
[1, 3, 4, 5, 7, 9]
^^^
sold
[1, 3, 4, 7, 9]
^^^
sold
[1, 3, 7, 9]
^^^
[1, 7, 9]
^^^
[1, 7]
^^^
sold
[1]
^^^
sold
---
__
[0, 1, 2, 3, 4, 5, 6, 7, 8, 9]
[0, 1, 2, 3, 4, 6, 7, 8, 9]
[0, 2, 3, 4, 6, 7, 8, 9]
[0, 2, 3, 4, 6, 8, 9]
[0, 2, 3, 4, 6, 8]
[0, 2, 3, 4, 8]
[0, 3, 4, 8]
[0, 3, 8]
[0, 8]
[8]
producing
producing
producing
producing
producing
producing
producing
producing
producing
producing
Day 242:
Household 1: Income: 25.94959840255288, Goods: 80, Land: 2458, Labour: 5062, Capital: 5511
Household 2: Income: 729.6789815776647, Goods: 239, Land: 7519, Labour: 7178, Capital: 6261
Household 3: Income: 1957.5262994110747, Goods: 240, Land: 9097, Labour: 2898, Capital: 2958
Household 4: Income: 29.768257200032853, Goods: 116, Land: 4005, Labour: 8442, Capital: 1407
Household 5: Income: 331.7715342685052, Goods: 231, Land: 6038, Labour: 9539, Capital: 3828
Household 6: Income: 85.5100981927513, Goods: 223, Land: 4007, Labour: 4047, Capital: 1549
Household 7: Income: 90.12636993775186, Goods: 168, Land: 3227, Labour: 2872, Capital: 7370
Household 8: Income: 1603.93757120852, Goods: 240, Land: 9691, Labour: 6536, Capital: 9163
Household 9: Income: 25.70323671972848, Goods: 209, Land: 1267, Labour: 8221, Capital: 2444
Household 10: Income: 0.18745378887312203, Goods: 148, Land: 8272, Labour: 9187, Capital: 7171
Firm 1: Money: -393.25837285760116, Goods: 78, Land: 0, Labour: 0, Capital: 0, Goods Price: 15.676246295943141
Firm 2: Money: -758.2340712199359, Goods: 62, Land: 0, Labour: 0, Capital: 0, Goods Price: 18.658597586721417
Firm 3: Money: -1439.578569754406, Goods: 79, Land: 0, Labour: 0, Capital: 0, Goods Price: 40.069545650858686
Firm 4: Money: -597.2173825615762, Goods: 70, Land: 0, Labour: 0, Capital: 0, Goods Price: 49.7808235844552
Firm 5: Money: -826.9542227025761, Goods: 64, Land: 0, Labour: 0, Capital: 0, Goods Price: 32.91921337622873
Firm 6: Money: 1080.078051226601, Goods: 24, Land: 0, Labour: 0, Capital: 0, Goods Price: 22.206705965228252
Firm 7: Money: 1523.124405031303, Goods: 38, Land: 0, Labour: 0, Capital: 0, Goods Price: 6.131336997412615
Firm 8: Money: 1115.4161231807568, Goods: 35, Land: 0, Labour: 0, Capital: 0, Goods Price: 26.68333977522839
Firm 9: Money: 1075.908440675904, Goods: 52, Land: 0, Labour: 0, Capital: 0, Goods Price: 26.233711292735062
Firm 10: Money: 507.61324336649886, Goods: 24, Land: 0, Labour: 0, Capital: 0, Goods Price: 16.158057857662854
Self.nfirms:  10
[0, 1, 2, 3, 4, 5, 6, 7, 8, 9]
^^^
[0, 1, 2, 4, 5, 6, 7, 8, 9]
^^^
sold
[0, 1, 4, 5, 6, 7, 8, 9]
^^^
sold
[0, 1, 5, 6, 7, 8, 9]
^^^
[1, 5, 6, 7, 8, 9]
^^^
[1, 5, 7, 8, 9]
^^^
[1, 5, 7, 9]
^^^
[1, 5, 7]
^^^
sold
[1, 5]
^^^
sold
[5]
^^^
sold
---
__
[0, 1, 2, 3, 4, 5, 6, 7, 8, 9]
[1, 2, 3, 4, 5, 6, 7, 8, 9]
[1, 2, 3, 4, 6, 7, 8, 9]
[1, 2, 3, 6, 7, 8, 9]
[1, 3, 6, 7, 8, 9]
[1, 6, 7, 8, 9]
[1, 6, 7, 9]
[6, 7, 9]
[6, 9]
[9]
producing
producing
producing
producing
producing
producing
producing
producing
producing
producing
Day 243:
Household 1: Income: 29.309243078167277, Goods: 80, Land: 2457, Labour: 5061, Capital: 5510
Household 2: Income: 752.4959292129972, Goods: 240, Land: 7518, Labour: 7177, Capital: 6260
Household 3: Income: 1976.4651797719062, Goods: 241, Land: 9096, Labour: 2897, Capital: 2957
Household 4: Income: -4.8476001368561255, Goods: 117, Land: 4004, Labour: 8441, Capital: 1406
Household 5: Income: 348.7405168661478, Goods: 232, Land: 6037, Labour: 9538, Capital: 3827
Household 6: Income: 91.77497805393043, Goods: 224, Land: 4006, Labour: 4046, Capital: 1548
Household 7: Income: 66.39921299943516, Goods: 169, Land: 3226, Labour: 2871, Capital: 7369
Household 8: Income: 1620.7136031339105, Goods: 241, Land: 9690, Labour: 6535, Capital: 9162
Household 9: Income: 37.480135978458534, Goods: 209, Land: 1266, Labour: 8220, Capital: 2443
Household 10: Income: 18.081428395814036, Goods: 148, Land: 8271, Labour: 9186, Capital: 7170
Firm 1: Money: -411.3722644568086, Goods: 78, Land: 0, Labour: 0, Capital: 0, Goods Price: 41.0447017949294
Firm 2: Money: -778.9225585645959, Goods: 62, Land: 0, Labour: 0, Capital: 0, Goods Price: 38.2133270064411
Firm 3: Money: -1474.400376306321, Goods: 80, Land: 0, Labour: 0, Capital: 0, Goods Price: 42.126772157798904
Firm 4: Money: -585.068794364065, Goods: 70, Land: 0, Labour: 0, Capital: 0, Goods Price: 49.42062596490497
Firm 5: Money: -856.5073801498165, Goods: 65, Land: 0, Labour: 0, Capital: 0, Goods Price: 32.91921337622873
Firm 6: Money: 1080.2298512461848, Goods: 24, Land: 0, Labour: 0, Capital: 0, Goods Price: 23.169461434121647
Firm 7: Money: 1526.2595889024767, Goods: 39, Land: 0, Labour: 0, Capital: 0, Goods Price: 6.131336997412615
Firm 8: Money: 1126.5934173698597, Goods: 35, Land: 0, Labour: 0, Capital: 0, Goods Price: 28.403453433721822
Firm 9: Money: 1086.3243872443888, Goods: 52, Land: 0, Labour: 0, Capital: 0, Goods Price: 20.11750908175948
Firm 10: Money: 517.3085468172096, Goods: 24, Land: 0, Labour: 0, Capital: 0, Goods Price: 6.341449680623664
Self.nfirms:  10
[0, 1, 2, 3, 4, 5, 6, 7, 8, 9]
^^^
sold
[0, 1, 2, 3, 4, 5, 7, 8, 9]
^^^
sold
[0, 1, 2, 3, 4, 5, 7, 9]
^^^
sold
[0, 1, 2, 3, 4, 5, 9]
^^^
[0, 1, 2, 3, 4, 5]
^^^
[0, 1, 2, 4, 5]
^^^
sold
[0, 1, 2, 4]
^^^
[1, 2, 4]
^^^
sold
[1, 2]
^^^
sold
[2]
^^^
sold
---
__
[0, 1, 2, 3, 4, 5, 6, 7, 8, 9]
[0, 1, 2, 3, 4, 5, 6, 8, 9]
[0, 2, 3, 4, 5, 6, 8, 9]
[0, 2, 3, 4, 6, 8, 9]
[0, 2, 3, 4, 6, 9]
[0, 3, 4, 6, 9]
[0, 3, 4, 9]
[0, 3, 4]
[0, 4]
[4]
producing
producing
producing
producing
producing
producing
producing
producing
producing
producing
Day 244:
Household 1: Income: 32.668887753781675, Goods: 80, Land: 2456, Labour: 5060, Capital: 5509
Household 2: Income: 773.9570570928054, Goods: 241, Land: 7517, Labour: 7176, Capital: 6259
Household 3: Income: 1993.7193283412303, Goods: 242, Land: 9095, Labour: 2896, Capital: 2956
Household 4: Income: 11.46956620508216, Goods: 117, Land: 4003, Labour: 8440, Capital: 1405
Household 5: Income: 341.36213949541144, Goods: 233, Land: 6036, Labour: 9537, Capital: 3826
Household 6: Income: 104.16563393333463, Goods: 225, Land: 4005, Labour: 4045, Capital: 1547
Household 7: Income: 57.125879891423224, Goods: 170, Land: 3225, Labour: 2870, Capital: 7368
Household 8: Income: 1613.76249779649, Goods: 242, Land: 9689, Labour: 6534, Capital: 9161
Household 9: Income: 44.19007390078834, Goods: 210, Land: 1265, Labour: 8219, Capital: 2442
Household 10: Income: 53.50579279707189, Goods: 148, Land: 8270, Labour: 9185, Capital: 7169
Firm 1: Money: -441.4440496205161, Goods: 79, Land: 0, Labour: 0, Capital: 0, Goods Price: 38.96409594399658
Firm 2: Money: -795.2397249065341, Goods: 63, Land: 0, Labour: 0, Capital: 0, Goods Price: 18.658597586721417
Firm 3: Money: -1470.4796224358597, Goods: 80, Land: 0, Labour: 0, Capital: 0, Goods Price: 42.72933000714207
Firm 4: Money: -618.9911647970805, Goods: 71, Land: 0, Labour: 0, Capital: 0, Goods Price: 42.21127020987468
Firm 5: Money: -860.3941481288747, Goods: 65, Land: 0, Labour: 0, Capital: 0, Goods Price: 36.69684811455154
Firm 6: Money: 1084.4701490421987, Goods: 24, Land: 0, Labour: 0, Capital: 0, Goods Price: 22.56690358477848
Firm 7: Money: 1509.2609034031084, Goods: 39, Land: 0, Labour: 0, Capital: 0, Goods Price: 31.332167704355054
Firm 8: Money: 1126.136471635784, Goods: 35, Land: 0, Labour: 0, Capital: 0, Goods Price: 32.79954198620398
Firm 9: Money: 1090.624131601898, Goods: 52, Land: 0, Labour: 0, Capital: 0, Goods Price: 20.11750908175948
Firm 10: Money: 517.1872420908812, Goods: 24, Land: 0, Labour: 0, Capital: 0, Goods Price: 6.341449680623664
Self.nfirms:  10
[0, 1, 2, 3, 4, 5, 6, 7, 8, 9]
^^^
sold
[0, 1, 2, 3, 4, 5, 6, 8, 9]
^^^
sold
[0, 1, 2, 3, 4, 5, 6, 8]
^^^
sold
[0, 1, 3, 4, 5, 6, 8]
^^^
sold
[0, 1, 3, 4, 5, 6]
^^^
sold
[0, 1, 3, 4, 6]
^^^
sold
[0, 1, 3, 6]
^^^
[1, 3, 6]
^^^
[1, 6]
^^^
sold
[1]
^^^
sold
---
__
[0, 1, 2, 3, 4, 5, 6, 7, 8, 9]
[0, 1, 2, 4, 5, 6, 7, 8, 9]
[0, 1, 2, 4, 5, 6, 7, 9]
[0, 1, 2, 4, 6, 7, 9]
[0, 1, 2, 4, 7, 9]
[0, 1, 2, 4, 7]
[0, 1, 4, 7]
[0, 1, 7]
[0, 7]
[7]
producing
producing
producing
producing
producing
producing
producing
producing
producing
producing
Day 245:
Household 1: Income: -8.43093325782596, Goods: 81, Land: 2455, Labour: 5059, Capital: 5508
Household 2: Income: 762.7955387092406, Goods: 242, Land: 7516, Labour: 7175, Capital: 6258
Household 3: Income: 1985.3462604282306, Goods: 243, Land: 9094, Labour: 2895, Capital: 2955
Household 4: Income: 8.334382333908412, Goods: 117, Land: 4002, Labour: 8439, Capital: 1404
Household 5: Income: 371.2604590294859, Goods: 234, Land: 6035, Labour: 9536, Capital: 3825
Household 6: Income: 103.02890313230894, Goods: 226, Land: 4004, Labour: 4044, Capital: 1546
Household 7: Income: 46.73136121760096, Goods: 171, Land: 3224, Labour: 2869, Capital: 7367
Household 8: Income: 1609.9217764468995, Goods: 243, Land: 9688, Labour: 6533, Capital: 9160
Household 9: Income: 34.46444523575229, Goods: 211, Land: 1264, Labour: 8218, Capital: 2441
Household 10: Income: 54.0672340124021, Goods: 149, Land: 8269, Labour: 9184, Capital: 7168
Firm 1: Money: -439.7926809294377, Goods: 79, Land: 0, Labour: 0, Capital: 0, Goods Price: 43.10192830186962
Firm 2: Money: -811.5568912484723, Goods: 64, Land: 0, Labour: 0, Capital: 0, Goods Price: 18.658597586721417
Firm 3: Money: -1463.2965263597714, Goods: 80, Land: 0, Labour: 0, Capital: 0, Goods Price: 40.069545650858686
Firm 4: Money: -614.863196358925, Goods: 71, Land: 0, Labour: 0, Capital: 0, Goods Price: 42.21127020987468
Firm 5: Money: -854.8882043420738, Goods: 65, Land: 0, Labour: 0, Capital: 0, Goods Price: 32.91921337622873
Firm 6: Money: 1110.815242540627, Goods: 24, Land: 0, Labour: 0, Capital: 0, Goods Price: 0.43292125251868807
Firm 7: Money: 1548.6533427112277, Goods: 39, Land: 0, Labour: 0, Capital: 0, Goods Price: 6.131336997412615
Firm 8: Money: 1130.1956803273736, Goods: 35, Land: 0, Labour: 0, Capital: 0, Goods Price: 32.79954198620398
Firm 9: Money: 1094.602957469776, Goods: 52, Land: 0, Labour: 0, Capital: 0, Goods Price: 20.11750908175948
Firm 10: Money: 499.6678939940973, Goods: 24, Land: 0, Labour: 0, Capital: 0, Goods Price: 23.36741361269315
Self.nfirms:  10
[0, 1, 2, 3, 4, 5, 6, 7, 8, 9]
^^^
sold
[0, 1, 2, 3, 5, 6, 7, 8, 9]
^^^
sold
[0, 1, 2, 3, 5, 7, 8, 9]
^^^
sold
[0, 2, 3, 5, 7, 8, 9]
^^^
sold
[0, 3, 5, 7, 8, 9]
^^^
sold
[0, 3, 5, 7, 8]
^^^
[0, 5, 7, 8]
^^^
[5, 7, 8]
^^^
sold
[7, 8]
^^^
sold
[8]
^^^
sold
---
__
[0, 1, 2, 3, 4, 5, 6, 7, 8, 9]
[0, 1, 2, 3, 5, 6, 7, 8, 9]
[0, 2, 3, 5, 6, 7, 8, 9]
[0, 2, 3, 6, 7, 8, 9]
[2, 3, 6, 7, 8, 9]
[2, 3, 6, 8, 9]
[2, 3, 6, 9]
[2, 6, 9]
[2, 6]
[6]
producing
producing
producing
producing
producing
producing
producing
producing
producing
producing
Day 246:
Household 1: Income: -5.071288582211562, Goods: 81, Land: 2454, Labour: 5058, Capital: 5507
Household 2: Income: 771.2978940498473, Goods: 243, Land: 7515, Labour: 7174, Capital: 6257
Household 3: Income: 2022.8036245432625, Goods: 244, Land: 9093, Labour: 2894, Capital: 2954
Household 4: Income: 8.72324533426287, Goods: 117, Land: 4001, Labour: 8438, Capital: 1403
Household 5: Income: 381.8927567567405, Goods: 235, Land: 6034, Labour: 9535, Capital: 3824
Household 6: Income: 79.00869977107283, Goods: 227, Land: 4003, Labour: 4043, Capital: 1545
Household 7: Income: 60.07948021596246, Goods: 172, Land: 3223, Labour: 2868, Capital: 7366
Household 8: Income: 1598.5745825569966, Goods: 244, Land: 9687, Labour: 6532, Capital: 9159
Household 9: Income: 59.15317745003443, Goods: 212, Land: 1263, Labour: 8217, Capital: 2440
Household 10: Income: 49.62063732014056, Goods: 150, Land: 8268, Labour: 9183, Capital: 7167
Firm 1: Money: -434.90195648474986, Goods: 79, Land: 0, Labour: 0, Capital: 0, Goods Price: 42.74173068231939
Firm 2: Money: -826.1291763821567, Goods: 64, Land: 0, Labour: 0, Capital: 0, Goods Price: 32.09712479546552
Firm 3: Money: -1493.9805005538133, Goods: 81, Land: 0, Labour: 0, Capital: 0, Goods Price: 37.98893979992586
Firm 4: Money: -612.6081320150583, Goods: 71, Land: 0, Labour: 0, Capital: 0, Goods Price: 46.60735876235683
Firm 5: Money: -859.3656483516393, Goods: 65, Land: 0, Labour: 0, Capital: 0, Goods Price: 37.659603583444934
Firm 6: Money: 1089.915881570028, Goods: 24, Land: 0, Labour: 0, Capital: 0, Goods Price: 22.56690358477848
Firm 7: Money: 1537.1669840794996, Goods: 39, Land: 0, Labour: 0, Capital: 0, Goods Price: 25.819840836714757
Firm 8: Money: 1133.0185848306214, Goods: 35, Land: 0, Labour: 0, Capital: 0, Goods Price: 33.91578030136212
Firm 9: Money: 1111.5499496651018, Goods: 52, Land: 0, Labour: 0, Capital: 0, Goods Price: 8.729472823383878
Firm 10: Money: 496.308249318483, Goods: 25, Land: 0, Labour: 0, Capital: 0, Goods Price: 6.341449680623664
Self.nfirms:  10
[0, 1, 2, 3, 4, 5, 6, 7, 8, 9]
^^^
sold
[0, 1, 2, 3, 5, 6, 7, 8, 9]
^^^
sold
[0, 2, 3, 5, 6, 7, 8, 9]
^^^
[0, 2, 3, 5, 6, 7, 8]
^^^
sold
[0, 2, 3, 6, 7, 8]
^^^
sold
[0, 2, 3, 6, 7]
^^^
sold
[0, 3, 6, 7]
^^^
[3, 6, 7]
^^^
[6, 7]
^^^
sold
[6]
^^^
sold
---
__
[0, 1, 2, 3, 4, 5, 6, 7, 8, 9]
[0, 1, 2, 3, 4, 5, 6, 8, 9]
[0, 1, 2, 4, 5, 6, 8, 9]
[0, 1, 2, 4, 5, 6, 8]
[0, 1, 2, 5, 6, 8]
[0, 1, 5, 6, 8]
[0, 1, 6, 8]
[1, 6, 8]
[6, 8]
[8]
producing
producing
producing
producing
producing
producing
producing
producing
producing
producing
Day 247:
Household 1: Income: -4.682425581857103, Goods: 81, Land: 2453, Labour: 5057, Capital: 5506
Household 2: Income: 763.3076148286817, Goods: 244, Land: 7514, Labour: 7173, Capital: 6256
Household 3: Income: 2021.4102577797519, Goods: 245, Land: 9092, Labour: 2893, Capital: 2953
Household 4: Income: 35.27263168235752, Goods: 117, Land: 4000, Labour: 8437, Capital: 1402
Household 5: Income: 383.6045566397424, Goods: 236, Land: 6033, Labour: 9534, Capital: 3823
Household 6: Income: 58.271185239134724, Goods: 228, Land: 4002, Labour: 4042, Capital: 1544
Household 7: Income: 41.18936064405422, Goods: 173, Land: 3222, Labour: 2867, Capital: 7365
Household 8: Income: 1618.1289144150253, Goods: 245, Land: 9686, Labour: 6531, Capital: 9158
Household 9: Income: 69.85290630079054, Goods: 213, Land: 1262, Labour: 8216, Capital: 2439
Household 10: Income: 0.5119253203028036, Goods: 151, Land: 8267, Labour: 9182, Capital: 7166
Firm 1: Money: -427.41572654840843, Goods: 79, Land: 0, Labour: 0, Capital: 0, Goods Price: 41.0447017949294
Firm 2: Money: -811.9869648091396, Goods: 64, Land: 0, Labour: 0, Capital: 0, Goods Price: 18.658597586721417
Firm 3: Money: -1490.4215563697833, Goods: 81, Land: 0, Labour: 0, Capital: 0, Goods Price: 38.953307335700536
Firm 4: Money: -594.7035392261218, Goods: 71, Land: 0, Labour: 0, Capital: 0, Goods Price: 40.49115655138125
Firm 5: Money: -885.9150346997341, Goods: 66, Land: 0, Labour: 0, Capital: 0, Goods Price: 29.91544227708292
Firm 6: Money: 1101.6965461107766, Goods: 24, Land: 0, Labour: 0, Capital: 0, Goods Price: 14.997350210197961
Firm 7: Money: 1534.823086107985, Goods: 39, Land: 0, Labour: 0, Capital: 0, Goods Price: 33.38939421129528
Firm 8: Money: 1162.461038398639, Goods: 35, Land: 0, Labour: 0, Capital: 0, Goods Price: 9.09821172073078
Firm 9: Money: 1115.729628149428, Goods: 52, Land: 0, Labour: 0, Capital: 0, Goods Price: 8.729472823383878
Firm 10: Money: 475.92264071079904, Goods: 26, Land: 0, Labour: 0, Capital: 0, Goods Price: 23.36741361269315
Self.nfirms:  10
[0, 1, 2, 3, 4, 5, 6, 7, 8, 9]
^^^
sold
[0, 1, 3, 4, 5, 6, 7, 8, 9]
^^^
sold
[0, 1, 3, 4, 5, 6, 7, 9]
^^^
sold
[0, 1, 3, 4, 6, 7, 9]
^^^
[0, 1, 4, 6, 7, 9]
^^^
[1, 4, 6, 7, 9]
^^^
[1, 4, 6, 7]
^^^
sold
[1, 4, 7]
^^^
sold
[1, 7]
^^^
sold
[7]
^^^
sold
---
__
[0, 1, 2, 3, 4, 5, 6, 7, 8, 9]
[0, 1, 2, 3, 4, 5, 7, 8, 9]
[0, 1, 3, 4, 5, 7, 8, 9]
[0, 1, 4, 5, 7, 8, 9]
[0, 1, 4, 5, 7, 8]
[0, 1, 4, 5, 7]
[0, 1, 5, 7]
[0, 1, 7]
[0, 7]
[7]
producing
producing
producing
producing
producing
producing
producing
producing
producing
producing
Day 248:
Household 1: Income: -3.6842880182360576, Goods: 81, Land: 2452, Labour: 5056, Capital: 5505
Household 2: Income: 788.7174044361177, Goods: 245, Land: 7513, Labour: 7172, Capital: 6255
Household 3: Income: 2057.4846377125878, Goods: 246, Land: 9091, Labour: 2892, Capital: 2952
Household 4: Income: 20.417863375724377, Goods: 118, Land: 3999, Labour: 8436, Capital: 1401
Household 5: Income: 385.77797903254157, Goods: 237, Land: 6032, Labour: 9533, Capital: 3822
Household 6: Income: 43.49050275978547, Goods: 229, Land: 4001, Labour: 4041, Capital: 1543
Household 7: Income: 21.334873536371298, Goods: 174, Land: 3221, Labour: 2866, Capital: 7364
Household 8: Income: 1637.322237972121, Goods: 246, Land: 9685, Labour: 6530, Capital: 9157
Household 9: Income: 55.95826492926237, Goods: 214, Land: 1261, Labour: 8215, Capital: 2438
Household 10: Income: 18.405899927243716, Goods: 151, Land: 8266, Labour: 9181, Capital: 7165
Firm 1: Money: -458.4518792478907, Goods: 80, Land: 0, Labour: 0, Capital: 0, Goods Price: 39.92846347977125
Firm 2: Money: -813.8064649030601, Goods: 64, Land: 0, Labour: 0, Capital: 0, Goods Price: 18.658597586721417
Firm 3: Money: -1479.782042439003, Goods: 81, Land: 0, Labour: 0, Capital: 0, Goods Price: 32.83710512472495
Firm 4: Money: -596.4084845237988, Goods: 71, Land: 0, Labour: 0, Capital: 0, Goods Price: 49.42062596490497
Firm 5: Money: -891.3283291082748, Goods: 66, Land: 0, Labour: 0, Capital: 0, Goods Price: 37.05704573410177
Firm 6: Money: 1102.0169844860834, Goods: 24, Land: 0, Labour: 0, Capital: 0, Goods Price: 23.169461434121647
Firm 7: Money: 1512.7574392722165, Goods: 40, Land: 0, Labour: 0, Capital: 0, Goods Price: 31.332167704355054
Firm 8: Money: 1166.5202470902284, Goods: 35, Land: 0, Labour: 0, Capital: 0, Goods Price: 9.09821172073078
Firm 9: Money: 1107.8589783242508, Goods: 52, Land: 0, Labour: 0, Capital: 0, Goods Price: 21.83762274025291
Firm 10: Money: 492.4552204781543, Goods: 26, Land: 0, Labour: 0, Capital: 0, Goods Price: 6.341449680623664
Self.nfirms:  10
[0, 1, 2, 3, 4, 5, 6, 7, 8, 9]
^^^
sold
[0, 1, 2, 3, 4, 5, 6, 8, 9]
^^^
sold
[0, 1, 2, 3, 4, 6, 8, 9]
^^^
[1, 2, 3, 4, 6, 8, 9]
^^^
sold
[1, 3, 4, 6, 8, 9]
^^^
[1, 3, 6, 8, 9]
^^^
sold
[3, 6, 8, 9]
^^^
[6, 8, 9]
^^^
sold
[6, 9]
^^^
[9]
^^^
---
__
[0, 1, 2, 3, 4, 5, 6, 7, 8, 9]
[0, 1, 2, 3, 4, 5, 6, 8, 9]
[1, 2, 3, 4, 5, 6, 8, 9]
[1, 2, 3, 5, 6, 8, 9]
[1, 3, 5, 6, 8, 9]
[1, 3, 5, 8, 9]
[1, 3, 5, 9]
[1, 5, 9]
[5, 9]
[5]
producing
producing
producing
producing
producing
producing
producing
producing
producing
producing
Day 249:
Household 1: Income: -8.5268535928981, Goods: 81, Land: 2451, Labour: 5055, Capital: 5504
Household 2: Income: 800.2946438518603, Goods: 246, Land: 7512, Labour: 7171, Capital: 6254
Household 3: Income: 2066.6295813145452, Goods: 247, Land: 9090, Labour: 2891, Capital: 2951
Household 4: Income: 46.96724972381903, Goods: 118, Land: 3998, Labour: 8435, Capital: 1400
Household 5: Income: 351.8672020513985, Goods: 238, Land: 6031, Labour: 9532, Capital: 3821
Household 6: Income: 66.03905313700615, Goods: 230, Land: 4000, Labour: 4040, Capital: 1542
Household 7: Income: 37.65203987830958, Goods: 174, Land: 3220, Labour: 2865, Capital: 7363
Household 8: Income: 1632.2990562279151, Goods: 247, Land: 9684, Labour: 6529, Capital: 9156
Household 9: Income: 49.10548595405649, Goods: 215, Land: 1260, Labour: 8214, Capital: 2437
Household 10: Income: 36.91655731542294, Goods: 151, Land: 8265, Labour: 9180, Capital: 7164
Firm 1: Money: -483.37182973639744, Goods: 81, Land: 0, Labour: 0, Capital: 0, Goods Price: 33.81226126879567
Firm 2: Money: -815.5058991237972, Goods: 64, Land: 0, Labour: 0, Capital: 0, Goods Price: 18.658597586721417
Firm 3: Money: -1475.2615661526247, Goods: 81, Land: 0, Labour: 0, Capital: 0, Goods Price: 34.55721878321838
Firm 4: Money: -561.9990251459712, Goods: 71, Land: 0, Labour: 0, Capital: 0, Goods Price: 26.79955716503823
Firm 5: Money: -884.9816010609716, Goods: 66, Land: 0, Labour: 0, Capital: 0, Goods Price: 29.91544227708292
Firm 6: Money: 1106.8595500607455, Goods: 25, Land: 0, Labour: 0, Capital: 0, Goods Price: 0.43292125251868807
Firm 7: Money: 1488.9947635490578, Goods: 41, Land: 0, Labour: 0, Capital: 0, Goods Price: 33.02919659174505
Firm 8: Money: 1144.6424164284292, Goods: 35, Land: 0, Labour: 0, Capital: 0, Goods Price: 35.973006808302344
Firm 9: Money: 1088.849638539387, Goods: 53, Land: 0, Labour: 0, Capital: 0, Goods Price: 27.349949607893212
Firm 10: Money: 479.5865818731321, Goods: 26, Land: 0, Labour: 0, Capital: 0, Goods Price: 20.554146410145005
Self.nfirms:  10
[0, 1, 2, 3, 4, 5, 6, 7, 8, 9]
^^^
[0, 1, 2, 3, 4, 5, 6, 7, 8]
^^^
sold
[0, 1, 2, 3, 4, 5, 6, 7]
^^^
sold
[0, 2, 3, 4, 5, 6, 7]
^^^
sold
[0, 2, 3, 4, 6, 7]
^^^
sold
[0, 2, 3, 4, 6]
^^^
sold
[0, 2, 3, 6]
^^^
sold
[0, 2, 6]
^^^
sold
[0, 2]
^^^
sold
[0]
^^^
---
__
[0, 1, 2, 3, 4, 5, 6, 7, 8, 9]
[0, 1, 2, 4, 5, 6, 7, 8, 9]
[0, 1, 2, 4, 5, 7, 8, 9]
[0, 1, 2, 4, 5, 8, 9]
[1, 2, 4, 5, 8, 9]
[1, 2, 4, 5, 8]
[1, 2, 5, 8]
[1, 5, 8]
[1, 5]
[1]
producing
producing
producing
producing
producing
producing
producing
producing
producing
producing
Day 250:
Household 1: Income: -5.167208917283702, Goods: 81, Land: 2450, Labour: 5054, Capital: 5503
Household 2: Income: 799.0730885047118, Goods: 247, Land: 7511, Labour: 7170, Capital: 6253
Household 3: Income: 2087.168744665594, Goods: 248, Land: 9089, Labour: 2890, Capital: 2950
Household 4: Income: 11.80020143688034, Goods: 119, Land: 3997, Labour: 8434, Capital: 1399
Household 5: Income: 368.8361846490411, Goods: 239, Land: 6030, Labour: 9531, Capital: 3820
Household 6: Income: 63.8827941709664, Goods: 231, Land: 3999, Labour: 4039, Capital: 1541
Household 7: Income: 22.8052089151015, Goods: 175, Land: 3219, Labour: 2864, Capital: 7362
Household 8: Income: 1651.1523542091763, Goods: 248, Land: 9683, Labour: 6528, Capital: 9155
Household 9: Income: 46.89635857400619, Goods: 216, Land: 1259, Labour: 8213, Capital: 2436
Household 10: Income: 15.726092623729425, Goods: 152, Land: 8264, Labour: 9179, Capital: 7163
Firm 1: Money: -483.49235633527286, Goods: 81, Land: 0, Labour: 0, Capital: 0, Goods Price: 41.0447017949294
Firm 2: Money: -830.0781842574817, Goods: 64, Land: 0, Labour: 0, Capital: 0, Goods Price: 32.09712479546552
Firm 3: Money: -1475.1343429853023, Goods: 81, Land: 0, Labour: 0, Capital: 0, Goods Price: 38.953307335700536
Firm 4: Money: -580.8523231272329, Goods: 71, Land: 0, Labour: 0, Capital: 0, Goods Price: 49.7808235844552
Firm 5: Money: -882.8253420949317, Goods: 66, Land: 0, Labour: 0, Capital: 0, Goods Price: 29.48749235952126
Firm 6: Money: 1086.3203867096968, Goods: 25, Land: 0, Labour: 0, Capital: 0, Goods Price: 22.206705965228252
Firm 7: Money: 1524.0947683509642, Goods: 41, Land: 0, Labour: 0, Capital: 0, Goods Price: 6.131336997412615
Firm 8: Money: 1176.5141759417731, Goods: 35, Land: 0, Labour: 0, Capital: 0, Goods Price: 9.09821172073078
Firm 9: Money: 1071.9209046054557, Goods: 54, Land: 0, Labour: 0, Capital: 0, Goods Price: 25.269343756960385
Firm 10: Money: 498.4155394528323, Goods: 26, Land: 0, Labour: 0, Capital: 0, Goods Price: 6.341449680623664
Self.nfirms:  10
[0, 1, 2, 3, 4, 5, 6, 7, 8, 9]
^^^
sold
[0, 2, 3, 4, 5, 6, 7, 8, 9]
^^^
sold
[0, 2, 3, 5, 6, 7, 8, 9]
^^^
sold
[0, 2, 3, 5, 6, 7, 9]
^^^
[0, 2, 3, 5, 6, 7]
^^^
[0, 2, 3, 5, 7]
^^^
[0, 2, 5, 7]
^^^
[2, 5, 7]
^^^
sold
[5, 7]
^^^
sold
[5]
^^^
sold
---
__
[0, 1, 2, 3, 4, 5, 6, 7, 8, 9]
[0, 2, 3, 4, 5, 6, 7, 8, 9]
[0, 2, 3, 4, 5, 6, 7, 8]
[0, 2, 3, 4, 5, 6, 7]
[0, 2, 3, 4, 5, 7]
[0, 2, 3, 4, 5]
[0, 2, 3, 4]
[2, 3, 4]
[3, 4]
[4]
producing
producing
producing
producing
producing
producing
producing
producing
producing
producing
Day 251:
Household 1: Income: 11.149957424654584, Goods: 81, Land: 2449, Labour: 5053, Capital: 5502
Household 2: Income: 790.2610472816639, Goods: 248, Land: 7510, Labour: 7169, Capital: 6252
Household 3: Income: 2089.7092728381404, Goods: 249, Land: 9088, Labour: 2889, Capital: 2949
Household 4: Income: -4.0987888677848545, Goods: 120, Land: 3996, Labour: 8433, Capital: 1398
Household 5: Income: 353.3323188596041, Goods: 240, Land: 6029, Labour: 9530, Capital: 3819
Household 6: Income: 36.04309674363347, Goods: 232, Land: 3998, Labour: 4038, Capital: 1540
Household 7: Income: 45.51327758334993, Goods: 176, Land: 3218, Labour: 2863, Capital: 7361
Household 8: Income: 1664.2535593125003, Goods: 249, Land: 9682, Labour: 6527, Capital: 9154
Household 9: Income: 33.40874967135758, Goods: 217, Land: 1258, Labour: 8212, Capital: 2435
Household 10: Income: 20.34120460069103, Goods: 153, Land: 8263, Labour: 9178, Capital: 7162
Firm 1: Money: -480.1324612316477, Goods: 81, Land: 0, Labour: 0, Capital: 0, Goods Price: 43.10192830186962
Firm 2: Money: -846.3953505994199, Goods: 65, Land: 0, Labour: 0, Capital: 0, Goods Price: 18.658597586721417
Firm 3: Money: -1467.929385504656, Goods: 81, Land: 0, Labour: 0, Capital: 0, Goods Price: 37.98893979992586
Firm 4: Money: -551.2199038114672, Goods: 71, Land: 0, Labour: 0, Capital: 0, Goods Price: 26.79955716503823
Firm 5: Money: -880.8422822387876, Goods: 66, Land: 0, Labour: 0, Capital: 0, Goods Price: 27.767378701027823
Firm 6: Money: 1109.3287927840668, Goods: 25, Land: 0, Labour: 0, Capital: 0, Goods Price: 0.43292125251868807
Firm 7: Money: 1513.0855462451987, Goods: 41, Land: 0, Labour: 0, Capital: 0, Goods Price: 31.332167704355054
Firm 8: Money: 1170.1063420763785, Goods: 35, Land: 0, Labour: 0, Capital: 0, Goods Price: 28.403453433721822
Firm 9: Money: 1072.3229483514583, Goods: 54, Land: 0, Labour: 0, Capital: 0, Goods Price: 29.046978495283202
Firm 10: Money: 488.8191035734899, Goods: 26, Land: 0, Labour: 0, Capital: 0, Goods Price: 20.554146410145005
Self.nfirms:  10
[0, 1, 2, 3, 4, 5, 6, 7, 8, 9]
^^^
[1, 2, 3, 4, 5, 6, 7, 8, 9]
^^^
[1, 2, 3, 4, 5, 7, 8, 9]
^^^
sold
[1, 2, 3, 4, 5, 8, 9]
^^^
sold
[1, 2, 3, 4, 8, 9]
^^^
[1, 2, 3, 4, 9]
^^^
sold
[1, 2, 3, 9]
^^^
sold
[1, 3, 9]
^^^
sold
[3, 9]
^^^
[9]
^^^
---
__
[0, 1, 2, 3, 4, 5, 6, 7, 8, 9]
[0, 1, 2, 3, 4, 5, 6, 8, 9]
[0, 1, 2, 3, 5, 6, 8, 9]
[1, 2, 3, 5, 6, 8, 9]
[1, 2, 3, 6, 8, 9]
[1, 2, 6, 8, 9]
[2, 6, 8, 9]
[2, 8, 9]
[8, 9]
[8]
producing
producing
producing
producing
producing
producing
producing
producing
producing
producing
Day 252:
Household 1: Income: 17.933892940308763, Goods: 81, Land: 2448, Labour: 5052, Capital: 5501
Household 2: Income: 823.4487607434979, Goods: 249, Land: 7509, Labour: 7168, Capital: 6251
Household 3: Income: 2086.368368210317, Goods: 250, Land: 9087, Labour: 2888, Capital: 2948
Household 4: Income: -8.941354442446897, Goods: 120, Land: 3995, Labour: 8432, Capital: 1397
Household 5: Income: 332.7149195123219, Goods: 241, Land: 6028, Labour: 9529, Capital: 3818
Household 6: Income: 35.88611830619461, Goods: 233, Land: 3997, Labour: 4037, Capital: 1539
Household 7: Income: 28.629656801079555, Goods: 177, Land: 3217, Labour: 2862, Capital: 7360
Household 8: Income: 1675.7332768922513, Goods: 250, Land: 9681, Labour: 6526, Capital: 9153
Household 9: Income: 48.241955980992536, Goods: 217, Land: 1257, Labour: 8211, Capital: 2434
Household 10: Income: 16.77813099357983, Goods: 154, Land: 8262, Labour: 9177, Capital: 7161
Firm 1: Money: -447.28965761515593, Goods: 81, Land: 0, Labour: 0, Capital: 0, Goods Price: 15.676246295943141
Firm 2: Money: -840.6387859460676, Goods: 65, Land: 0, Labour: 0, Capital: 0, Goods Price: 18.658597586721417
Firm 3: Money: -1495.1816386819903, Goods: 82, Land: 0, Labour: 0, Capital: 0, Goods Price: 34.55721878321838
Firm 4: Money: -569.7305611996466, Goods: 72, Land: 0, Labour: 0, Capital: 0, Goods Price: 26.79955716503823
Firm 5: Money: -887.6332939862951, Goods: 66, Land: 0, Labour: 0, Capital: 0, Goods Price: 33.8835809120034
Firm 6: Money: 1111.50116987991, Goods: 25, Land: 0, Labour: 0, Capital: 0, Goods Price: 0.43292125251868807
Firm 7: Money: 1498.252339935564, Goods: 42, Land: 0, Labour: 0, Capital: 0, Goods Price: 24.099727178221322
Firm 8: Money: 1175.4341965493948, Goods: 35, Land: 0, Labour: 0, Capital: 0, Goods Price: 35.973006808302344
Firm 9: Money: 1080.7228401813675, Goods: 54, Land: 0, Labour: 0, Capital: 0, Goods Price: 27.349949607893212
Firm 10: Money: 484.82671003724727, Goods: 26, Land: 0, Labour: 0, Capital: 0, Goods Price: 23.36741361269315
Self.nfirms:  10
[0, 1, 2, 3, 4, 5, 6, 7, 8, 9]
^^^
sold
[0, 1, 2, 3, 4, 5, 6, 8, 9]
^^^
[0, 1, 2, 3, 4, 5, 8, 9]
^^^
sold
[0, 1, 2, 3, 4, 5, 9]
^^^
sold
[0, 1, 2, 3, 4, 9]
^^^
[0, 1, 2, 3, 4]
^^^
sold
[0, 1, 3, 4]
^^^
[1, 3, 4]
^^^
sold
[3, 4]
^^^
[4]
^^^
sold
---
__
[0, 1, 2, 3, 4, 5, 6, 7, 8, 9]
[0, 2, 3, 4, 5, 6, 7, 8, 9]
[0, 2, 3, 5, 6, 7, 8, 9]
[0, 2, 3, 5, 6, 7, 9]
[0, 2, 3, 5, 6, 9]
[0, 2, 3, 5, 6]
[0, 2, 5, 6]
[0, 2, 6]
[2, 6]
[2]
producing
producing
producing
producing
producing
producing
producing
producing
producing
producing
Day 253:
Household 1: Income: 24.71782845596294, Goods: 81, Land: 2447, Labour: 5051, Capital: 5500
Household 2: Income: 849.1940831643902, Goods: 250, Land: 7508, Labour: 7167, Capital: 6250
Household 3: Income: 2113.7389881464774, Goods: 251, Land: 9086, Labour: 2887, Capital: 2947
Household 4: Income: -13.783920017108942, Goods: 120, Land: 3994, Labour: 8431, Capital: 1396
Household 5: Income: 321.315867554906, Goods: 242, Land: 6027, Labour: 9528, Capital: 3817
Household 6: Income: 37.97656119900073, Goods: 234, Land: 3996, Labour: 4036, Capital: 1538
Household 7: Income: 7.554063369410183, Goods: 178, Land: 3216, Labour: 2861, Capital: 7359
Household 8: Income: 1689.4854708578473, Goods: 251, Land: 9680, Labour: 6525, Capital: 9152
Household 9: Income: 55.694611579994145, Goods: 218, Land: 1256, Labour: 8210, Capital: 2433
Household 10: Income: 20.137775669194227, Goods: 154, Land: 8261, Labour: 9176, Capital: 7160
Firm 1: Money: -441.5004565662046, Goods: 81, Land: 0, Labour: 0, Capital: 0, Goods Price: 15.676246295943141
Firm 2: Money: -848.3207485014595, Goods: 65, Land: 0, Labour: 0, Capital: 0, Goods Price: 32.09712479546552
Firm 3: Money: -1522.4338918593246, Goods: 83, Land: 0, Labour: 0, Capital: 0, Goods Price: 34.55721878321838
Firm 4: Money: -582.8872099006163, Goods: 72, Land: 0, Labour: 0, Capital: 0, Goods Price: 46.60735876235683
Firm 5: Money: -890.9158920491288, Goods: 66, Land: 0, Labour: 0, Capital: 0, Goods Price: 37.05704573410177
Firm 6: Money: 1112.7357912415707, Goods: 25, Land: 0, Labour: 0, Capital: 0, Goods Price: 0.43292125251868807
Firm 7: Money: 1494.4284600519227, Goods: 42, Land: 0, Labour: 0, Capital: 0, Goods Price: 33.02919659174505
Firm 8: Money: 1174.4360589857738, Goods: 36, Land: 0, Labour: 0, Capital: 0, Goods Price: 9.09821172073078
Firm 9: Money: 1061.7135003965036, Goods: 55, Land: 0, Labour: 0, Capital: 0, Goods Price: 27.349949607893212
Firm 10: Money: 503.7701033133137, Goods: 26, Land: 0, Labour: 0, Capital: 0, Goods Price: 6.341449680623664
Self.nfirms:  10
[0, 1, 2, 3, 4, 5, 6, 7, 8, 9]
^^^
sold
[0, 1, 2, 3, 4, 5, 6, 8, 9]
^^^
[1, 2, 3, 4, 5, 6, 8, 9]
^^^
sold
[2, 3, 4, 5, 6, 8, 9]
^^^
[2, 4, 5, 6, 8, 9]
^^^
[2, 4, 5, 6, 8]
^^^
[2, 4, 5, 8]
^^^
sold
[2, 5, 8]
^^^
sold
[5, 8]
^^^
sold
[8]
^^^
sold
---
__
[0, 1, 2, 3, 4, 5, 6, 7, 8, 9]
[1, 2, 3, 4, 5, 6, 7, 8, 9]
[1, 2, 3, 4, 6, 7, 8, 9]
[1, 2, 4, 6, 7, 8, 9]
[1, 2, 4, 6, 7, 9]
[1, 2, 4, 6, 9]
[1, 4, 6, 9]
[1, 6, 9]
[1, 9]
[9]
producing
producing
producing
producing
producing
producing
producing
producing
producing
producing
Day 254:
Household 1: Income: 41.03499479790123, Goods: 81, Land: 2446, Labour: 5050, Capital: 5499
Household 2: Income: 848.7761268119917, Goods: 251, Land: 7507, Labour: 7166, Capital: 6249
Household 3: Income: 2101.6818761583, Goods: 252, Land: 9085, Labour: 2886, Capital: 2946
Household 4: Income: -12.785782453487897, Goods: 120, Land: 3993, Labour: 8430, Capital: 1395
Household 5: Income: 340.51525387977466, Goods: 243, Land: 6026, Labour: 9527, Capital: 3816
Household 6: Income: 51.19031496090193, Goods: 235, Land: 3995, Labour: 4035, Capital: 1537
Household 7: Income: 24.482797303341147, Goods: 178, Land: 3215, Labour: 2860, Capital: 7358
Household 8: Income: 1734.705404751628, Goods: 252, Land: 9679, Labour: 6524, Capital: 9151
Household 9: Income: 31.15808070106489, Goods: 219, Land: 1255, Labour: 8209, Capital: 2432
Household 10: Income: 40.53577791243329, Goods: 155, Land: 8260, Labour: 9175, Capital: 7159
Firm 1: Money: -458.4981098502539, Goods: 81, Land: 0, Labour: 0, Capital: 0, Goods Price: 39.92846347977125
Firm 2: Money: -864.6379148433978, Goods: 66, Land: 0, Labour: 0, Capital: 0, Goods Price: 18.658597586721417
Firm 3: Money: -1518.2320359847781, Goods: 83, Land: 0, Labour: 0, Capital: 0, Goods Price: 34.55721878321838
Firm 4: Money: -624.3791337082125, Goods: 73, Land: 0, Labour: 0, Capital: 0, Goods Price: 49.7808235844552
Firm 5: Money: -889.2167696304962, Goods: 66, Land: 0, Labour: 0, Capital: 0, Goods Price: 37.659603583444934
Firm 6: Money: 1092.0765620173386, Goods: 25, Land: 0, Labour: 0, Capital: 0, Goods Price: 22.206705965228252
Firm 7: Money: 1501.3511443423788, Goods: 42, Land: 0, Labour: 0, Capital: 0, Goods Price: 31.332167704355054
Firm 8: Money: 1187.3334668333705, Goods: 36, Land: 0, Labour: 0, Capital: 0, Goods Price: 9.09821172073078
Firm 9: Money: 1044.7847664625724, Goods: 56, Land: 0, Labour: 0, Capital: 0, Goods Price: 25.269343756960385
Firm 10: Money: 495.18022463005366, Goods: 26, Land: 0, Labour: 0, Capital: 0, Goods Price: 14.437944199169422
Self.nfirms:  10
[0, 1, 2, 3, 4, 5, 6, 7, 8, 9]
^^^
sold
[0, 1, 2, 3, 5, 6, 7, 8, 9]
^^^
sold
[0, 1, 2, 3, 6, 7, 8, 9]
^^^
[0, 1, 2, 3, 7, 8, 9]
^^^
sold
[0, 1, 3, 7, 8, 9]
^^^
sold
[0, 3, 7, 8, 9]
^^^
[3, 7, 8, 9]
^^^
[3, 7, 9]
^^^
[7, 9]
^^^
[7]
^^^
sold
---
__
[0, 1, 2, 3, 4, 5, 6, 7, 8, 9]
[0, 1, 3, 4, 5, 6, 7, 8, 9]
[0, 1, 3, 5, 6, 7, 8, 9]
[0, 3, 5, 6, 7, 8, 9]
[3, 5, 6, 7, 8, 9]
[3, 5, 6, 7, 9]
[3, 5, 6, 9]
[5, 6, 9]
[6, 9]
[6]
producing
producing
producing
producing
producing
producing
producing
producing
producing
producing
Day 255:
Household 1: Income: 13.422877616182465, Goods: 82, Land: 2445, Labour: 5049, Capital: 5498
Household 2: Income: 869.0896340739761, Goods: 252, Land: 7506, Labour: 7165, Capital: 6248
Household 3: Income: 2091.825813763534, Goods: 253, Land: 9084, Labour: 2885, Capital: 2945
Household 4: Income: 14.28223161107391, Goods: 120, Land: 3992, Labour: 8429, Capital: 1394
Household 5: Income: 347.5994432285224, Goods: 244, Land: 6025, Labour: 9526, Capital: 3815
Household 6: Income: 34.67214698971064, Goods: 236, Land: 3994, Labour: 4034, Capital: 1536
Household 7: Income: 42.99345469152037, Goods: 178, Land: 3214, Labour: 2859, Capital: 7357
Household 8: Income: 1706.376929263474, Goods: 253, Land: 9678, Labour: 6523, Capital: 9150
Household 9: Income: 60.91377425174728, Goods: 219, Land: 1254, Labour: 8208, Capital: 2431
Household 10: Income: 52.755594571599545, Goods: 156, Land: 8259, Labour: 9174, Capital: 7158
Firm 1: Money: -485.56612391481565, Goods: 82, Land: 0, Labour: 0, Capital: 0, Goods Price: 35.96032484485077
Firm 2: Money: -872.3198773987897, Goods: 66, Land: 0, Labour: 0, Capital: 0, Goods Price: 32.09712479546552
Firm 3: Money: -1549.8803777145947, Goods: 84, Land: 0, Labour: 0, Capital: 0, Goods Price: 38.953307335700536
Firm 4: Money: -597.2698988506403, Goods: 73, Land: 0, Labour: 0, Capital: 0, Goods Price: 26.79955716503823
Firm 5: Money: -889.8915791670282, Goods: 66, Land: 0, Labour: 0, Capital: 0, Goods Price: 37.659603583444934
Firm 6: Money: 1093.5166620552457, Goods: 25, Land: 0, Labour: 0, Capital: 0, Goods Price: 22.56690358477848
Firm 7: Money: 1507.282889443065, Goods: 42, Land: 0, Labour: 0, Capital: 0, Goods Price: 33.02919659174505
Firm 8: Money: 1161.517760689118, Goods: 37, Land: 0, Labour: 0, Capital: 0, Goods Price: 33.91578030136212
Firm 9: Money: 1072.3968836442914, Goods: 56, Land: 0, Labour: 0, Capital: 0, Goods Price: 8.729472823383878
Firm 10: Money: 493.338806245232, Goods: 26, Land: 0, Labour: 0, Capital: 0, Goods Price: 16.158057857662854
Self.nfirms:  10
[0, 1, 2, 3, 4, 5, 6, 7, 8, 9]
^^^
sold
[0, 1, 2, 3, 4, 5, 6, 7, 9]
^^^
[0, 1, 2, 4, 5, 6, 7, 9]
^^^
sold
[0, 2, 4, 5, 6, 7, 9]
^^^
sold
[0, 2, 4, 5, 6, 7]
^^^
sold
[0, 2, 5, 6, 7]
^^^
sold
[0, 2, 6, 7]
^^^
[2, 6, 7]
^^^
sold
[6, 7]
^^^
sold
[6]
^^^
---
__
[0, 1, 2, 3, 4, 5, 6, 7, 8, 9]
[0, 1, 2, 3, 4, 5, 6, 7, 9]
[0, 1, 3, 4, 5, 6, 7, 9]
[0, 3, 4, 5, 6, 7, 9]
[0, 3, 4, 5, 6, 7]
[0, 3, 4, 5, 6]
[0, 3, 4, 6]
[0, 3, 6]
[0, 6]
[0]
producing
producing
producing
producing
producing
producing
producing
producing
producing
producing
Day 256:
Household 1: Income: 15.898610605427244, Goods: 83, Land: 2444, Labour: 5048, Capital: 5497
Household 2: Income: 883.7116456257733, Goods: 253, Land: 7505, Labour: 7164, Capital: 6247
Household 3: Income: 2090.3502176689512, Goods: 254, Land: 9083, Labour: 2884, Capital: 2944
Household 4: Income: 17.64187628668831, Goods: 120, Land: 3991, Labour: 8428, Capital: 1393
Household 5: Income: 344.88590510752, Goods: 245, Land: 6024, Labour: 9525, Capital: 3814
Household 6: Income: 33.64884892978145, Goods: 237, Land: 3993, Labour: 4033, Capital: 1535
Household 7: Income: 23.798362829424136, Goods: 179, Land: 3213, Labour: 2858, Capital: 7356
Household 8: Income: 1722.18057453898, Goods: 254, Land: 9677, Labour: 6522, Capital: 9149
Household 9: Income: 42.895575921032474, Goods: 220, Land: 1253, Labour: 8207, Capital: 2430
Household 10: Income: 39.051028288841096, Goods: 157, Land: 8258, Labour: 9173, Capital: 7157
Firm 1: Money: -488.17720054669695, Goods: 82, Land: 0, Labour: 0, Capital: 0, Goods Price: 43.10192830186962
Firm 2: Money: -853.1247855366934, Goods: 66, Land: 0, Labour: 0, Capital: 0, Goods Price: 18.658597586721417
Firm 3: Money: -1547.1668395935924, Goods: 84, Land: 0, Labour: 0, Capital: 0, Goods Price: 40.069545650858686
Firm 4: Money: -611.8919104024375, Goods: 73, Land: 0, Labour: 0, Capital: 0, Goods Price: 46.60735876235683
Firm 5: Money: -903.8284214047696, Goods: 67, Land: 0, Labour: 0, Capital: 0, Goods Price: 17.302898166729754
Firm 6: Money: 1094.0286596943797, Goods: 25, Land: 0, Labour: 0, Capital: 0, Goods Price: 23.169461434121647
Firm 7: Money: 1521.438014259655, Goods: 42, Land: 0, Labour: 0, Capital: 0, Goods Price: 24.099727178221322
Firm 8: Money: 1166.856430297825, Goods: 37, Land: 0, Labour: 0, Capital: 0, Goods Price: 35.61280918875211
Firm 9: Money: 1070.3609799755645, Goods: 56, Land: 0, Labour: 0, Capital: 0, Goods Price: 21.83762274025291
Firm 10: Money: 504.49947254677033, Goods: 26, Land: 0, Labour: 0, Capital: 0, Goods Price: 6.341449680623664
Self.nfirms:  10
[0, 1, 2, 3, 4, 5, 6, 7, 8, 9]
^^^
[0, 1, 2, 4, 5, 6, 7, 8, 9]
^^^
[0, 1, 2, 4, 5, 7, 8, 9]
^^^
[0, 1, 2, 5, 7, 8, 9]
^^^
[0, 1, 2, 5, 7, 8]
^^^
sold
[0, 1, 2, 7, 8]
^^^
sold
[0, 1, 7, 8]
^^^
sold
[0, 7, 8]
^^^
sold
[0, 8]
^^^
sold
[0]
^^^
---
__
[0, 1, 2, 3, 4, 5, 6, 7, 8, 9]
[0, 1, 2, 3, 4, 5, 6, 8, 9]
[0, 1, 2, 3, 4, 6, 8, 9]
[1, 2, 3, 4, 6, 8, 9]
[1, 2, 3, 6, 8, 9]
[1, 2, 3, 6, 9]
[1, 2, 6, 9]
[2, 6, 9]
[2, 9]
[2]
producing
producing
producing
producing
producing
producing
producing
producing
producing
producing
Day 257:
Household 1: Income: 33.83116606815831, Goods: 83, Land: 2443, Labour: 5047, Capital: 5496
Household 2: Income: 885.9265411374686, Goods: 254, Land: 7504, Labour: 7163, Capital: 6246
Household 3: Income: 2116.8642117357963, Goods: 255, Land: 9082, Labour: 2883, Capital: 2943
Household 4: Income: 44.19126263478296, Goods: 120, Land: 3990, Labour: 8427, Capital: 1392
Household 5: Income: 331.7671896208773, Goods: 246, Land: 6023, Labour: 9524, Capital: 3813
Household 6: Income: 37.826932779070454, Goods: 238, Land: 3992, Labour: 4032, Capital: 1534
Household 7: Income: 36.951947229148836, Goods: 179, Land: 3212, Labour: 2857, Capital: 7355
Household 8: Income: 1730.105174002758, Goods: 255, Land: 9676, Labour: 6521, Capital: 9148
Household 9: Income: 49.07464109558133, Goods: 221, Land: 1252, Labour: 8206, Capital: 2429
Household 10: Income: -0.36097702677680576, Goods: 158, Land: 8257, Labour: 9172, Capital: 7156
Firm 1: Money: -514.8172646936971, Goods: 83, Land: 0, Labour: 0, Capital: 0, Goods Price: 35.532374927289105
Firm 2: Money: -875.4951874923083, Goods: 66, Land: 0, Labour: 0, Capital: 0, Goods Price: 39.32956532159925
Firm 3: Money: -1565.0993950563236, Goods: 85, Land: 0, Labour: 0, Capital: 0, Goods Price: 25.237521068615287
Firm 4: Money: -602.9167870270246, Goods: 73, Land: 0, Labour: 0, Capital: 0, Goods Price: 49.42062596490497
Firm 5: Money: -917.2358409248384, Goods: 67, Land: 0, Labour: 0, Capital: 0, Goods Price: 29.91544227708292
Firm 6: Money: 1080.8750752946553, Goods: 26, Land: 0, Labour: 0, Capital: 0, Goods Price: 18.429071226905435
Firm 7: Money: 1522.9505860367553, Goods: 42, Land: 0, Labour: 0, Capital: 0, Goods Price: 30.21592938919691
Firm 8: Money: 1206.268435613443, Goods: 37, Land: 0, Labour: 0, Capital: 0, Goods Price: 9.09821172073078
Firm 9: Money: 1068.0289266926757, Goods: 56, Land: 0, Labour: 0, Capital: 0, Goods Price: 29.40717611483343
Firm 10: Money: 498.3204073722215, Goods: 26, Land: 0, Labour: 0, Capital: 0, Goods Price: 14.437944199169422
Self.nfirms:  10
[0, 1, 2, 3, 4, 5, 6, 7, 8, 9]
^^^
sold
[0, 1, 2, 3, 4, 5, 6, 8, 9]
^^^
sold
[0, 1, 2, 3, 4, 5, 6, 9]
^^^
[0, 1, 2, 3, 4, 5, 6]
^^^
[0, 1, 2, 3, 4, 6]
^^^
sold
[0, 2, 3, 4, 6]
^^^
[0, 2, 4, 6]
^^^
sold
[0, 2, 6]
^^^
[2, 6]
^^^
sold
[6]
^^^
---
__
[0, 1, 2, 3, 4, 5, 6, 7, 8, 9]
[0, 1, 2, 3, 4, 5, 6, 7, 9]
[0, 1, 2, 3, 4, 5, 6, 7]
[0, 1, 2, 3, 4, 6, 7]
[0, 2, 3, 4, 6, 7]
[0, 2, 3, 6, 7]
[2, 3, 6, 7]
[2, 3, 6]
[2, 6]
[6]
producing
producing
producing
producing
producing
producing
producing
producing
producing
producing
Day 258:
Household 1: Income: 7.51368897553996, Goods: 84, Land: 2442, Labour: 5046, Capital: 5495
Household 2: Income: 890.1503612912055, Goods: 255, Land: 7503, Labour: 7162, Capital: 6245
Household 3: Income: 2116.0371208120814, Goods: 256, Land: 9081, Labour: 2882, Capital: 2942
Household 4: Income: 56.84510357165999, Goods: 121, Land: 3989, Labour: 8426, Capital: 1391
Household 5: Income: 335.5018872839894, Goods: 247, Land: 6022, Labour: 9523, Capital: 3812
Household 6: Income: 58.130312055682545, Goods: 238, Land: 3991, Labour: 4031, Capital: 1533
Household 7: Income: 34.03313158453456, Goods: 180, Land: 3211, Labour: 2856, Capital: 7354
Household 8: Income: 1743.9042898103849, Goods: 256, Land: 9675, Labour: 6520, Capital: 9147
Household 9: Income: 29.43984813893954, Goods: 222, Land: 1251, Labour: 8205, Capital: 2428
Household 10: Income: 18.149680361402417, Goods: 158, Land: 8256, Labour: 9171, Capital: 7155
Firm 1: Money: -511.3854181269026, Goods: 83, Land: 0, Labour: 0, Capital: 0, Goods Price: 39.92846347977125
Firm 2: Money: -879.2518482199855, Goods: 66, Land: 0, Labour: 0, Capital: 0, Goods Price: 41.386791828539465
Firm 3: Money: -1572.8546638957155, Goods: 85, Land: 0, Labour: 0, Capital: 0, Goods Price: 41.766574538248676
Firm 4: Money: -621.4274444152039, Goods: 74, Land: 0, Labour: 0, Capital: 0, Goods Price: 26.79955716503823
Firm 5: Money: -916.9728947271878, Goods: 67, Land: 0, Labour: 0, Capital: 0, Goods Price: 29.91544227708292
Firm 6: Money: 1082.6753729521126, Goods: 26, Land: 0, Labour: 0, Capital: 0, Goods Price: 18.429071226905435
Firm 7: Money: 1508.1173797271206, Goods: 43, Land: 0, Labour: 0, Capital: 0, Goods Price: 24.099727178221322
Firm 8: Money: 1199.8606017480483, Goods: 37, Land: 0, Labour: 0, Capital: 0, Goods Price: 28.403453433721822
Firm 9: Money: 1092.8863084684513, Goods: 56, Land: 0, Labour: 0, Capital: 0, Goods Price: 8.729472823383878
Firm 10: Money: 495.7042276962665, Goods: 26, Land: 0, Labour: 0, Capital: 0, Goods Price: 21.670384725303155
Self.nfirms:  10
[0, 1, 2, 3, 4, 5, 6, 7, 8, 9]
^^^
sold
[0, 1, 2, 3, 4, 5, 7, 8, 9]
^^^
sold
[0, 1, 3, 4, 5, 7, 8, 9]
^^^
[1, 3, 4, 5, 7, 8, 9]
^^^
[1, 3, 4, 5, 7, 8]
^^^
sold
[1, 3, 5, 7, 8]
^^^
sold
[1, 5, 7, 8]
^^^
sold
[1, 7, 8]
^^^
sold
[1, 8]
^^^
sold
[8]
^^^
sold
---
__
[0, 1, 2, 3, 4, 5, 6, 7, 8, 9]
[0, 1, 2, 3, 4, 5, 6, 8, 9]
[0, 1, 2, 3, 4, 5, 6, 8]
[0, 1, 2, 4, 5, 6, 8]
[0, 1, 2, 4, 5, 8]
[0, 1, 2, 5, 8]
[0, 1, 2, 8]
[0, 2, 8]
[2, 8]
[2]
producing
producing
producing
producing
producing
producing
producing
producing
producing
producing
Day 259:
Household 1: Income: 14.297624491194139, Goods: 84, Land: 2441, Labour: 5045, Capital: 5494
Household 2: Income: 865.9846311295031, Goods: 256, Land: 7502, Labour: 7161, Capital: 6244
Household 3: Income: 2116.9965747035585, Goods: 257, Land: 9080, Labour: 2881, Capital: 2941
Household 4: Income: 45.24642329301412, Goods: 122, Land: 3988, Labour: 8425, Capital: 1390
Household 5: Income: 339.3723385641786, Goods: 248, Land: 6021, Labour: 9522, Capital: 3811
Household 6: Income: 49.1653446751949, Goods: 239, Land: 3990, Labour: 4030, Capital: 1532
Household 7: Income: 7.89748075715202, Goods: 181, Land: 3210, Labour: 2855, Capital: 7353
Household 8: Income: 1771.1280737297789, Goods: 257, Land: 9674, Labour: 6519, Capital: 9146
Household 9: Income: 13.55690956039024, Goods: 223, Land: 1250, Labour: 8204, Capital: 2427
Household 10: Income: 53.574044762660264, Goods: 158, Land: 8255, Labour: 9170, Capital: 7154
Firm 1: Money: -480.02128701581637, Goods: 83, Land: 0, Labour: 0, Capital: 0, Goods Price: 15.676246295943141
Firm 2: Money: -879.6533290869899, Goods: 66, Land: 0, Labour: 0, Capital: 0, Goods Price: 41.02659420898924
Firm 3: Money: -1570.5533192242451, Goods: 85, Land: 0, Labour: 0, Capital: 0, Goods Price: 42.72933000714207
Firm 4: Money: -662.9193682228001, Goods: 75, Land: 0, Labour: 0, Capital: 0, Goods Price: 49.7808235844552
Firm 5: Money: -916.3884926842791, Goods: 67, Land: 0, Labour: 0, Capital: 0, Goods Price: 29.91544227708292
Firm 6: Money: 1082.8255609048153, Goods: 26, Land: 0, Labour: 0, Capital: 0, Goods Price: 19.393438762680113
Firm 7: Money: 1508.513713189063, Goods: 43, Land: 0, Labour: 0, Capital: 0, Goods Price: 31.332167704355054
Firm 8: Money: 1226.201541957137, Goods: 37, Land: 0, Labour: 0, Capital: 0, Goods Price: 9.09821172073078
Firm 9: Money: 1079.3892955512276, Goods: 57, Land: 0, Labour: 0, Capital: 0, Goods Price: 21.83762274025291
Firm 10: Money: 502.44328405768596, Goods: 26, Land: 0, Labour: 0, Capital: 0, Goods Price: 14.437944199169422
Self.nfirms:  10
[0, 1, 2, 3, 4, 5, 6, 7, 8, 9]
^^^
[1, 2, 3, 4, 5, 6, 7, 8, 9]
^^^
sold
[1, 2, 3, 5, 6, 7, 8, 9]
^^^
sold
[1, 3, 5, 6, 7, 8, 9]
^^^
sold
[1, 3, 5, 6, 8, 9]
^^^
[1, 3, 5, 8, 9]
^^^
[1, 3, 8, 9]
^^^
sold
[3, 8, 9]
^^^
sold
[3, 8]
^^^
[3]
^^^
---
__
[0, 1, 2, 3, 4, 5, 6, 7, 8, 9]
[0, 1, 2, 3, 4, 6, 7, 8, 9]
[0, 1, 2, 3, 4, 6, 7, 9]
[0, 1, 2, 3, 6, 7, 9]
[0, 1, 3, 6, 7, 9]
[0, 3, 6, 7, 9]
[0, 3, 6, 7]
[0, 3, 7]
[3, 7]
[7]
producing
producing
producing
producing
producing
producing
producing
producing
producing
producing
Day 260:
Household 1: Income: 15.295762054815182, Goods: 84, Land: 2440, Labour: 5044, Capital: 5493
Household 2: Income: 872.5428981313768, Goods: 257, Land: 7501, Labour: 7160, Capital: 6243
Household 3: Income: 2129.1238695962943, Goods: 258, Land: 9079, Labour: 2880, Capital: 2940
Household 4: Income: 18.73725113818695, Goods: 123, Land: 3987, Labour: 8424, Capital: 1389
Household 5: Income: 315.3523879774178, Goods: 249, Land: 6020, Labour: 9521, Capital: 3810
Household 6: Income: 75.2867811057279, Goods: 239, Land: 3989, Labour: 4029, Capital: 1531
Household 7: Income: 26.408138145331243, Goods: 181, Land: 3209, Labour: 2854, Capital: 7352
Household 8: Income: 1764.7026435913617, Goods: 258, Land: 9673, Labour: 6518, Capital: 9145
Household 9: Income: 43.312603111072626, Goods: 223, Land: 1249, Labour: 8203, Capital: 2426
Household 10: Income: 62.83256181165258, Goods: 159, Land: 8254, Labour: 9169, Capital: 7153
Firm 1: Money: -503.1980815563173, Goods: 83, Land: 0, Labour: 0, Capital: 0, Goods Price: 43.704486151212784
Firm 2: Money: -864.9672950201139, Goods: 66, Land: 0, Labour: 0, Capital: 0, Goods Price: 32.09712479546552
Firm 3: Money: -1549.231733849558, Goods: 85, Land: 0, Labour: 0, Capital: 0, Goods Price: 25.237521068615287
Firm 4: Money: -681.4300256109794, Goods: 76, Land: 0, Labour: 0, Capital: 0, Goods Price: 26.79955716503823
Firm 5: Money: -916.9562707928804, Goods: 67, Land: 0, Labour: 0, Capital: 0, Goods Price: 29.48749235952126
Firm 6: Money: 1067.5913706541576, Goods: 27, Land: 0, Labour: 0, Capital: 0, Goods Price: 20.50967707783826
Firm 7: Money: 1511.9222738315557, Goods: 43, Land: 0, Labour: 0, Capital: 0, Goods Price: 33.02919659174505
Firm 8: Money: 1225.203404393516, Goods: 38, Land: 0, Labour: 0, Capital: 0, Goods Price: 9.09821172073078
Firm 9: Money: 1061.4961940815217, Goods: 58, Land: 0, Labour: 0, Capital: 0, Goods Price: 26.233711292735062
Firm 10: Money: 493.0323122982838, Goods: 26, Land: 0, Labour: 0, Capital: 0, Goods Price: 23.727611232243373
Self.nfirms:  10
[0, 1, 2, 3, 4, 5, 6, 7, 8, 9]
^^^
sold
[0, 1, 2, 3, 4, 5, 6, 8, 9]
^^^
sold
[0, 1, 3, 4, 5, 6, 8, 9]
^^^
sold
[0, 1, 3, 5, 6, 8, 9]
^^^
sold
[0, 1, 3, 5, 6, 9]
^^^
sold
[0, 1, 3, 6, 9]
^^^
[0, 1, 6, 9]
^^^
sold
[0, 6, 9]
^^^
[0, 9]
^^^
[0]
^^^
---
__
[0, 1, 2, 3, 4, 5, 6, 7, 8, 9]
[0, 1, 2, 3, 4, 5, 6, 8, 9]
[0, 1, 2, 3, 4, 5, 8, 9]
[0, 1, 3, 4, 5, 8, 9]
[1, 3, 4, 5, 8, 9]
[1, 4, 5, 8, 9]
[1, 4, 5, 9]
[1, 4, 5]
[4, 5]
[4]
producing
producing
producing
producing
producing
producing
producing
producing
producing
producing
Day 261:
Household 1: Income: 12.160578183641434, Goods: 84, Land: 2439, Labour: 5043, Capital: 5492
Household 2: Income: 849.5138631166374, Goods: 258, Land: 7500, Labour: 7159, Capital: 6242
Household 3: Income: 2137.5266626043244, Goods: 259, Land: 9078, Labour: 2879, Capital: 2939
Household 4: Income: 5.839843290590376, Goods: 124, Land: 3986, Labour: 8423, Capital: 1388
Household 5: Income: 324.2276291525796, Goods: 250, Land: 6019, Labour: 9520, Capital: 3809
Household 6: Income: 87.89065811757563, Goods: 240, Land: 3988, Labour: 4028, Capital: 1530
Household 7: Income: 43.33687207926221, Goods: 181, Land: 3208, Labour: 2853, Capital: 7351
Household 8: Income: 1753.125795095918, Goods: 259, Land: 9672, Labour: 6517, Capital: 9144
Household 9: Income: 51.34171447799194, Goods: 224, Land: 1248, Labour: 8202, Capital: 2425
Household 10: Income: 62.74466800887592, Goods: 160, Land: 8253, Labour: 9168, Capital: 7152
Firm 1: Money: -496.4461250384724, Goods: 83, Land: 0, Labour: 0, Capital: 0, Goods Price: 42.74173068231939
Firm 2: Money: -860.9308440252552, Goods: 66, Land: 0, Labour: 0, Capital: 0, Goods Price: 33.81723845395895
Firm 3: Money: -1560.482952843213, Goods: 85, Land: 0, Labour: 0, Capital: 0, Goods Price: 42.72933000714207
Firm 4: Money: -713.6322823855018, Goods: 77, Land: 0, Labour: 0, Capital: 0, Goods Price: 40.49115655138125
Firm 5: Money: -923.1434071970529, Goods: 67, Land: 0, Labour: 0, Capital: 0, Goods Price: 34.99981922716155
Firm 6: Money: 1069.1718840938881, Goods: 27, Land: 0, Labour: 0, Capital: 0, Goods Price: 22.56690358477848
Firm 7: Money: 1543.9257229557707, Goods: 43, Land: 0, Labour: 0, Capital: 0, Goods Price: 6.131336997412615
Firm 8: Money: 1238.1008122411126, Goods: 38, Land: 0, Labour: 0, Capital: 0, Goods Price: 9.09821172073078
Firm 9: Money: 1067.325982270602, Goods: 58, Land: 0, Labour: 0, Capital: 0, Goods Price: 25.269343756960385
Firm 10: Money: 475.4599708931481, Goods: 27, Land: 0, Labour: 0, Capital: 0, Goods Price: 20.554146410145005
Self.nfirms:  10
[0, 1, 2, 3, 4, 5, 6, 7, 8, 9]
^^^
sold
[0, 1, 2, 3, 4, 6, 7, 8, 9]
^^^
sold
[0, 2, 3, 4, 6, 7, 8, 9]
^^^
sold
[0, 2, 3, 4, 6, 7, 8]
^^^
sold
[0, 2, 3, 6, 7, 8]
^^^
[0, 2, 6, 7, 8]
^^^
sold
[0, 6, 7, 8]
^^^
sold
[0, 6, 8]
^^^
[6, 8]
^^^
sold
[6]
^^^
sold
---
__
[0, 1, 2, 3, 4, 5, 6, 7, 8, 9]
[0, 1, 2, 3, 4, 5, 6, 7, 8]
[0, 1, 2, 3, 4, 5, 6, 8]
[1, 2, 3, 4, 5, 6, 8]
[1, 3, 4, 5, 6, 8]
[3, 4, 5, 6, 8]
[3, 4, 5, 8]
[4, 5, 8]
[4, 5]
[5]
producing
producing
producing
producing
producing
producing
producing
producing
producing
producing
Day 262:
Household 1: Income: 13.158715747262477, Goods: 84, Land: 2438, Labour: 5042, Capital: 5491
Household 2: Income: 848.2970376116252, Goods: 259, Land: 7499, Labour: 7158, Capital: 6241
Household 3: Income: 2166.318736251145, Goods: 260, Land: 9077, Labour: 2878, Capital: 2938
Household 4: Income: 0.9972777159283337, Goods: 124, Land: 3985, Labour: 8422, Capital: 1387
Household 5: Income: 325.65932930033733, Goods: 251, Land: 6018, Labour: 9519, Capital: 3808
Household 6: Income: 87.18697375330267, Goods: 241, Land: 3987, Labour: 4027, Capital: 1529
Household 7: Income: 32.92995273026261, Goods: 182, Land: 3207, Labour: 2852, Capital: 7350
Household 8: Income: 1749.3792029793944, Goods: 260, Land: 9671, Labour: 6516, Capital: 9143
Household 9: Income: 58.05165240032175, Goods: 225, Land: 1247, Labour: 8201, Capital: 2424
Household 10: Income: 35.466277412480174, Goods: 161, Land: 8252, Labour: 9167, Capital: 7151
Firm 1: Money: -490.33546814426273, Goods: 83, Land: 0, Labour: 0, Capital: 0, Goods Price: 42.74173068231939
Firm 2: Money: -860.2271596609822, Goods: 66, Land: 0, Labour: 0, Capital: 0, Goods Price: 33.81723845395895
Firm 3: Money: -1556.7363607266896, Goods: 85, Land: 0, Labour: 0, Capital: 0, Goods Price: 42.126772157798904
Firm 4: Money: -732.1429397736811, Goods: 78, Land: 0, Labour: 0, Capital: 0, Goods Price: 26.79955716503823
Firm 5: Money: -922.0585293722831, Goods: 67, Land: 0, Labour: 0, Capital: 0, Goods Price: 32.91921337622873
Firm 6: Money: 1074.0144496685502, Goods: 28, Land: 0, Labour: 0, Capital: 0, Goods Price: 0.43292125251868807
Firm 7: Money: 1528.0432757715603, Goods: 43, Land: 0, Labour: 0, Capital: 0, Goods Price: 30.21592938919691
Firm 8: Money: 1242.160020932702, Goods: 38, Land: 0, Labour: 0, Capital: 0, Goods Price: 9.09821172073078
Firm 9: Money: 1077.7153170374947, Goods: 58, Land: 0, Labour: 0, Capital: 0, Goods Price: 20.11750908175948
Firm 10: Money: 489.1792834579552, Goods: 27, Land: 0, Labour: 0, Capital: 0, Goods Price: 6.341449680623664
Self.nfirms:  10
[0, 1, 2, 3, 4, 5, 6, 7, 8, 9]
^^^
sold
[0, 1, 2, 3, 5, 6, 7, 8, 9]
^^^
sold
[0, 2, 3, 5, 6, 7, 8, 9]
^^^
sold
[0, 2, 3, 6, 7, 8, 9]
^^^
[0, 2, 6, 7, 8, 9]
^^^
[2, 6, 7, 8, 9]
^^^
[2, 6, 7, 8]
^^^
sold
[2, 6, 8]
^^^
[2, 8]
^^^
sold
[2]
^^^
sold
---
__
[0, 1, 2, 3, 4, 5, 6, 7, 8, 9]
[0, 1, 3, 4, 5, 6, 7, 8, 9]
[0, 3, 4, 5, 6, 7, 8, 9]
[0, 3, 4, 5, 7, 8, 9]
[0, 3, 4, 5, 7, 8]
[0, 3, 4, 7, 8]
[0, 4, 7, 8]
[4, 7, 8]
[7, 8]
[7]
producing
producing
producing
producing
producing
producing
producing
producing
producing
producing
Day 263:
Household 1: Income: 19.942651262916655, Goods: 84, Land: 2437, Labour: 5041, Capital: 5490
Household 2: Income: 844.5303124223012, Goods: 260, Land: 7498, Labour: 7157, Capital: 6240
Household 3: Income: 2198.4797609684056, Goods: 261, Land: 9076, Labour: 2877, Capital: 2937
Household 4: Income: 19.507935104107553, Goods: 124, Land: 3984, Labour: 8421, Capital: 1386
Household 5: Income: 327.8490683920055, Goods: 252, Land: 6017, Labour: 9518, Capital: 3807
Household 6: Income: 96.27982888121043, Goods: 242, Land: 3986, Labour: 4026, Capital: 1528
Household 7: Income: 19.559638698053377, Goods: 183, Land: 3206, Labour: 2851, Capital: 7349
Household 8: Income: 1732.1591683875333, Goods: 261, Land: 9670, Labour: 6515, Capital: 9142
Household 9: Income: 77.26637242693408, Goods: 226, Land: 1246, Labour: 8200, Capital: 2423
Household 10: Income: 18.219234897633648, Goods: 162, Land: 8251, Labour: 9166, Capital: 7150
Firm 1: Money: -457.4807827089352, Goods: 83, Land: 0, Labour: 0, Capital: 0, Goods Price: 15.676246295943141
Firm 2: Money: -896.09905542264, Goods: 67, Land: 0, Labour: 0, Capital: 0, Goods Price: 38.2133270064411
Firm 3: Money: -1553.232128839959, Goods: 85, Land: 0, Labour: 0, Capital: 0, Goods Price: 41.766574538248676
Firm 4: Money: -720.3545491957202, Goods: 78, Land: 0, Labour: 0, Capital: 0, Goods Price: 26.79955716503823
Firm 5: Money: -924.2482684639515, Goods: 67, Land: 0, Labour: 0, Capital: 0, Goods Price: 34.99981922716155
Firm 6: Money: 1055.4890206531159, Goods: 28, Land: 0, Labour: 0, Capital: 0, Goods Price: 23.169461434121647
Firm 7: Money: 1546.6309729252193, Goods: 43, Land: 0, Labour: 0, Capital: 0, Goods Price: 25.819840836714757
Firm 8: Money: 1231.037220154804, Goods: 38, Land: 0, Labour: 0, Capital: 0, Goods Price: 26.68333977522839
Firm 9: Money: 1060.7865831035635, Goods: 59, Land: 0, Labour: 0, Capital: 0, Goods Price: 25.269343756960385
Firm 10: Money: 470.7340614458246, Goods: 27, Land: 0, Labour: 0, Capital: 0, Goods Price: 23.727611232243373
Self.nfirms:  10
[0, 1, 2, 3, 4, 5, 6, 7, 8, 9]
^^^
sold
[0, 1, 2, 3, 4, 5, 6, 7, 9]
^^^
sold
[0, 1, 2, 3, 4, 6, 7, 9]
^^^
[0, 1, 2, 3, 6, 7, 9]
^^^
sold
[0, 2, 3, 6, 7, 9]
^^^
sold
[0, 3, 6, 7, 9]
^^^
[0, 3, 6, 7]
^^^
[0, 6, 7]
^^^
sold
[0, 7]
^^^
sold
[0]
^^^
---
__
[0, 1, 2, 3, 4, 5, 6, 7, 8, 9]
[0, 1, 2, 3, 4, 5, 6, 7, 8]
[0, 1, 2, 3, 4, 5, 6, 8]
[0, 1, 2, 4, 5, 6, 8]
[0, 1, 2, 4, 5, 6]
[0, 1, 2, 4, 6]
[0, 2, 4, 6]
[0, 4, 6]
[4, 6]
[6]
producing
producing
producing
producing
producing
producing
producing
producing
producing
producing
Day 264:
Household 1: Income: 15.100085688254614, Goods: 84, Land: 2436, Labour: 5040, Capital: 5489
Household 2: Income: 859.2685413639082, Goods: 261, Land: 7497, Labour: 7156, Capital: 6239
Household 3: Income: 2217.478178165888, Goods: 262, Land: 9075, Labour: 2876, Capital: 2936
Household 4: Income: 22.86757977972195, Goods: 124, Land: 3983, Labour: 8420, Capital: 1385
Household 5: Income: 329.70241144050567, Goods: 253, Land: 6016, Labour: 9517, Capital: 3806
Household 6: Income: 72.70432119160033, Goods: 243, Land: 3985, Labour: 4025, Capital: 1527
Household 7: Income: 37.34902048223121, Goods: 184, Land: 3205, Labour: 2850, Capital: 7348
Household 8: Income: 1732.117322261081, Goods: 262, Land: 9669, Labour: 6514, Capital: 9141
Household 9: Income: 79.56260942586435, Goods: 227, Land: 1245, Labour: 8199, Capital: 2422
Household 10: Income: 19.21737246125469, Goods: 162, Land: 8250, Labour: 9165, Capital: 7149
Firm 1: Money: -476.7385813137118, Goods: 83, Land: 0, Labour: 0, Capital: 0, Goods Price: 41.0447017949294
Firm 2: Money: -934.7842183868463, Goods: 68, Land: 0, Labour: 0, Capital: 0, Goods Price: 41.02659420898924
Firm 3: Money: -1543.7872753762624, Goods: 85, Land: 0, Labour: 0, Capital: 0, Goods Price: 37.98893979992586
Firm 4: Money: -728.3739602150779, Goods: 78, Land: 0, Labour: 0, Capital: 0, Goods Price: 46.60735876235683
Firm 5: Money: -948.6495912359911, Goods: 68, Land: 0, Labour: 0, Capital: 0, Goods Price: 27.767378701027823
Firm 6: Money: 1082.4366720008873, Goods: 28, Land: 0, Labour: 0, Capital: 0, Goods Price: 0.43292125251868807
Firm 7: Money: 1530.077652957091, Goods: 44, Land: 0, Labour: 0, Capital: 0, Goods Price: 25.819840836714757
Firm 8: Money: 1253.6193126350738, Goods: 38, Land: 0, Labour: 0, Capital: 0, Goods Price: 9.09821172073078
Firm 9: Money: 1060.828429230016, Goods: 59, Land: 0, Labour: 0, Capital: 0, Goods Price: 29.40717611483343
Firm 10: Money: 487.06116253693335, Goods: 27, Land: 0, Labour: 0, Capital: 0, Goods Price: 6.341449680623664
Self.nfirms:  10
[0, 1, 2, 3, 4, 5, 6, 7, 8, 9]
^^^
sold
[0, 2, 3, 4, 5, 6, 7, 8, 9]
^^^
sold
[0, 2, 3, 4, 5, 6, 8, 9]
^^^
[0, 2, 3, 5, 6, 8, 9]
^^^
[0, 2, 5, 6, 8, 9]
^^^
sold
[0, 2, 6, 8, 9]
^^^
sold
[0, 2, 6, 9]
^^^
sold
[0, 6, 9]
^^^
[0, 9]
^^^
[0]
^^^
---
__
[0, 1, 2, 3, 4, 5, 6, 7, 8, 9]
[1, 2, 3, 4, 5, 6, 7, 8, 9]
[1, 2, 3, 4, 5, 6, 7, 8]
[1, 2, 3, 4, 5, 6, 7]
[1, 2, 3, 4, 5, 7]
[2, 3, 4, 5, 7]
[2, 4, 5, 7]
[4, 5, 7]
[4, 5]
[5]
producing
producing
producing
producing
producing
producing
producing
producing
producing
producing
Day 265:
Household 1: Income: 23.44134650439968, Goods: 85, Land: 2435, Labour: 5039, Capital: 5488
Household 2: Income: 882.8881383633377, Goods: 262, Land: 7496, Labour: 7155, Capital: 6238
Household 3: Income: 2227.6010848324117, Goods: 263, Land: 9074, Labour: 2875, Capital: 2935
Household 4: Income: 18.02501420505991, Goods: 124, Land: 3982, Labour: 8419, Capital: 1384
Household 5: Income: 312.3601419220214, Goods: 254, Land: 6015, Labour: 9516, Capital: 3805
Household 6: Income: 58.11114480993065, Goods: 244, Land: 3984, Labour: 4024, Capital: 1526
Household 7: Income: 54.277754416162175, Goods: 184, Land: 3204, Labour: 2849, Capital: 7347
Household 8: Income: 1760.8710316841675, Goods: 263, Land: 9668, Labour: 6513, Capital: 9140
Household 9: Income: 87.0094010246842, Goods: 228, Land: 1244, Labour: 8198, Capital: 2421
Household 10: Income: 20.215510024875734, Goods: 162, Land: 8249, Labour: 9164, Capital: 7148
Firm 1: Money: -510.58800121574217, Goods: 84, Land: 0, Labour: 0, Capital: 0, Goods Price: 42.74173068231939
Firm 2: Money: -951.1013847287845, Goods: 69, Land: 0, Labour: 0, Capital: 0, Goods Price: 18.658597586721417
Firm 3: Money: -1576.551855421237, Goods: 86, Land: 0, Labour: 0, Capital: 0, Goods Price: 40.069545650858686
Firm 4: Money: -710.4693674261414, Goods: 78, Land: 0, Labour: 0, Capital: 0, Goods Price: 40.49115655138125
Firm 5: Money: -958.6140678055971, Goods: 68, Land: 0, Labour: 0, Capital: 0, Goods Price: 37.05704573410177
Firm 6: Money: 1084.6090490967306, Goods: 28, Land: 0, Labour: 0, Capital: 0, Goods Price: 0.43292125251868807
Firm 7: Money: 1533.8837096121827, Goods: 44, Land: 0, Labour: 0, Capital: 0, Goods Price: 30.21592938919691
Firm 8: Money: 1257.55845545348, Goods: 38, Land: 0, Labour: 0, Capital: 0, Goods Price: 9.09821172073078
Firm 9: Money: 1071.669124530408, Goods: 59, Land: 0, Labour: 0, Capital: 0, Goods Price: 25.269343756960385
Firm 10: Money: 481.86081521007304, Goods: 27, Land: 0, Labour: 0, Capital: 0, Goods Price: 16.158057857662854
Self.nfirms:  10
[0, 1, 2, 3, 4, 5, 6, 7, 8, 9]
^^^
[1, 2, 3, 4, 5, 6, 7, 8, 9]
^^^
sold
[1, 2, 3, 4, 5, 6, 8, 9]
^^^
[1, 2, 3, 4, 5, 6, 8]
^^^
sold
[1, 3, 4, 5, 6, 8]
^^^
sold
[1, 3, 4, 5, 6]
^^^
sold
[3, 4, 5, 6]
^^^
sold
[3, 4, 6]
^^^
[4, 6]
^^^
sold
[6]
^^^
---
__
[0, 1, 2, 3, 4, 5, 6, 7, 8, 9]
[0, 1, 2, 4, 5, 6, 7, 8, 9]
[0, 1, 2, 4, 5, 6, 8, 9]
[0, 1, 2, 5, 6, 8, 9]
[0, 1, 2, 5, 6, 9]
[0, 1, 5, 6, 9]
[0, 1, 5, 9]
[0, 5, 9]
[5, 9]
[5]
producing
producing
producing
producing
producing
producing
producing
producing
producing
producing
Day 266:
Household 1: Income: 23.830209504754137, Goods: 85, Land: 2434, Labour: 5038, Capital: 5487
Household 2: Income: 866.5065437657094, Goods: 263, Land: 7495, Labour: 7154, Capital: 6237
Household 3: Income: 2224.903196832637, Goods: 264, Land: 9073, Labour: 2874, Capital: 2934
Household 4: Income: 34.34218054699819, Goods: 124, Land: 3981, Labour: 8418, Capital: 1383
Household 5: Income: 341.2181159834787, Goods: 255, Land: 6014, Labour: 9515, Capital: 3804
Household 6: Income: 35.81105510718797, Goods: 245, Land: 3983, Labour: 4023, Capital: 1525
Household 7: Income: 49.208522458082356, Goods: 185, Land: 3203, Labour: 2848, Capital: 7346
Household 8: Income: 1766.1653219228058, Goods: 264, Land: 9667, Labour: 6512, Capital: 9139
Household 9: Income: 104.5077044838065, Goods: 229, Land: 1243, Labour: 8197, Capital: 2420
Household 10: Income: 16.652436417764534, Goods: 163, Land: 8248, Labour: 9163, Capital: 7147
Firm 1: Money: -540.6597863794498, Goods: 85, Land: 0, Labour: 0, Capital: 0, Goods Price: 38.96409594399658
Firm 2: Money: -945.3448200754324, Goods: 69, Land: 0, Labour: 0, Capital: 0, Goods Price: 18.658597586721417
Firm 3: Money: -1566.0553147547394, Goods: 86, Land: 0, Labour: 0, Capital: 0, Goods Price: 32.83710512472495
Firm 4: Money: -690.1266151434496, Goods: 78, Land: 0, Labour: 0, Capital: 0, Goods Price: 26.79955716503823
Firm 5: Money: -957.9909239883962, Goods: 68, Land: 0, Labour: 0, Capital: 0, Goods Price: 36.69684811455154
Firm 6: Money: 1064.275364421928, Goods: 28, Land: 0, Labour: 0, Capital: 0, Goods Price: 22.56690358477848
Firm 7: Money: 1552.4714067658417, Goods: 44, Land: 0, Labour: 0, Capital: 0, Goods Price: 25.819840836714757
Firm 8: Money: 1239.776585368946, Goods: 38, Land: 0, Labour: 0, Capital: 0, Goods Price: 33.91578030136212
Firm 9: Money: 1071.2802615300538, Goods: 60, Land: 0, Labour: 0, Capital: 0, Goods Price: 8.729472823383878
Firm 10: Money: 476.2856003238966, Goods: 27, Land: 0, Labour: 0, Capital: 0, Goods Price: 20.554146410145005
Self.nfirms:  10
[0, 1, 2, 3, 4, 5, 6, 7, 8, 9]
^^^
[1, 2, 3, 4, 5, 6, 7, 8, 9]
^^^
sold
[1, 3, 4, 5, 6, 7, 8, 9]
^^^
sold
[3, 4, 5, 6, 7, 8, 9]
^^^
sold
[3, 4, 5, 6, 8, 9]
^^^
sold
[3, 4, 5, 6, 9]
^^^
[3, 4, 5, 6]
^^^
sold
[3, 4, 6]
^^^
[3, 6]
^^^
[3]
^^^
---
__
[0, 1, 2, 3, 4, 5, 6, 7, 8, 9]
[0, 1, 3, 4, 5, 6, 7, 8, 9]
[0, 1, 3, 4, 6, 7, 8, 9]
[0, 1, 3, 4, 6, 8, 9]
[0, 1, 3, 4, 6, 9]
[0, 1, 4, 6, 9]
[0, 1, 6, 9]
[0, 1, 6]
[0, 6]
[0]
producing
producing
producing
producing
producing
producing
producing
producing
producing
producing
Day 267:
Household 1: Income: 42.34086689293336, Goods: 85, Land: 2433, Labour: 5037, Capital: 5486
Household 2: Income: 878.4525220787989, Goods: 264, Land: 7494, Labour: 7153, Capital: 6236
Household 3: Income: 2226.096634085637, Goods: 265, Land: 9072, Labour: 2873, Capital: 2933
Household 4: Income: 9.556351753791176, Goods: 125, Land: 3980, Labour: 8417, Capital: 1382
Household 5: Income: 343.683648062313, Goods: 256, Land: 6013, Labour: 9514, Capital: 3803
Household 6: Income: 21.350824534000612, Goods: 246, Land: 3982, Labour: 4022, Capital: 1524
Household 7: Income: 27.424142400164364, Goods: 186, Land: 3202, Labour: 2847, Capital: 7345
Household 8: Income: 1761.6120214794935, Goods: 265, Land: 9666, Labour: 6511, Capital: 9138
Household 9: Income: 109.41925650671342, Goods: 230, Land: 1242, Labour: 8196, Capital: 2419
Household 10: Income: 32.969602759702816, Goods: 163, Land: 8247, Labour: 9162, Capital: 7146
Firm 1: Money: -574.5092062814801, Goods: 86, Land: 0, Labour: 0, Capital: 0, Goods Price: 42.74173068231939
Firm 2: Money: -961.6619864173706, Goods: 70, Land: 0, Labour: 0, Capital: 0, Goods Price: 18.658597586721417
Firm 3: Money: -1570.1437210136926, Goods: 86, Land: 0, Labour: 0, Capital: 0, Goods Price: 40.069545650858686
Firm 4: Money: -678.3382245654888, Goods: 78, Land: 0, Labour: 0, Capital: 0, Goods Price: 26.79955716503823
Firm 5: Money: -949.7362641114046, Goods: 68, Land: 0, Labour: 0, Capital: 0, Goods Price: 27.767378701027823
Firm 6: Money: 1080.3374673957387, Goods: 28, Land: 0, Labour: 0, Capital: 0, Goods Price: 14.997350210197961
Firm 7: Money: 1552.5306273793374, Goods: 44, Land: 0, Labour: 0, Capital: 0, Goods Price: 33.38939421129528
Firm 8: Money: 1277.491561797174, Goods: 38, Land: 0, Labour: 0, Capital: 0, Goods Price: 9.09821172073078
Firm 9: Money: 1059.977890688169, Goods: 60, Land: 0, Labour: 0, Capital: 0, Goods Price: 25.269343756960385
Firm 10: Money: 478.20302966789353, Goods: 27, Land: 0, Labour: 0, Capital: 0, Goods Price: 20.554146410145005
Self.nfirms:  10
[0, 1, 2, 3, 4, 5, 6, 7, 8, 9]
^^^
[1, 2, 3, 4, 5, 6, 7, 8, 9]
^^^
sold
[2, 3, 4, 5, 6, 7, 8, 9]
^^^
sold
[2, 3, 5, 6, 7, 8, 9]
^^^
sold
[2, 3, 5, 6, 7, 9]
^^^
sold
[2, 3, 5, 6, 9]
^^^
[2, 3, 5, 9]
^^^
[2, 3, 9]
^^^
[2, 9]
^^^
sold
[9]
^^^
sold
---
__
[0, 1, 2, 3, 4, 5, 6, 7, 8, 9]
[0, 1, 2, 3, 4, 6, 7, 8, 9]
[0, 1, 2, 3, 4, 7, 8, 9]
[0, 1, 2, 3, 4, 7, 9]
[0, 1, 2, 3, 7, 9]
[0, 1, 2, 3, 9]
[0, 1, 2, 3]
[0, 1, 2]
[0, 1]
[0]
producing
producing
producing
producing
producing
producing
producing
producing
producing
producing
Day 268:
Household 1: Income: 26.08654591256004, Goods: 86, Land: 2432, Labour: 5036, Capital: 5485
Household 2: Income: 898.7689299850729, Goods: 265, Land: 7493, Labour: 7152, Capital: 6235
Household 3: Income: 2204.326988006885, Goods: 266, Land: 9071, Labour: 2872, Capital: 2932
Household 4: Income: -3.950330657071984, Goods: 126, Land: 3979, Labour: 8416, Capital: 1381
Household 5: Income: 329.15493841694666, Goods: 257, Land: 6012, Labour: 9513, Capital: 3802
Household 6: Income: 47.990888681000754, Goods: 246, Land: 3981, Labour: 4021, Capital: 1523
Household 7: Income: 30.78378707577876, Goods: 186, Land: 3201, Labour: 2846, Capital: 7344
Household 8: Income: 1773.0917390592444, Goods: 266, Land: 9665, Labour: 6510, Capital: 9137
Household 9: Income: 127.68853873205006, Goods: 231, Land: 1241, Labour: 8195, Capital: 2418
Household 10: Income: 47.486407359151684, Goods: 164, Land: 8246, Labour: 9161, Capital: 7145
Firm 1: Money: -562.4484052116811, Goods: 86, Land: 0, Labour: 0, Capital: 0, Goods Price: 35.532374927289105
Firm 2: Money: -981.9783943236446, Goods: 70, Land: 0, Labour: 0, Capital: 0, Goods Price: 38.2133270064411
Firm 3: Money: -1568.9737289338157, Goods: 86, Land: 0, Labour: 0, Capital: 0, Goods Price: 42.72933000714207
Firm 4: Money: -710.5404813400111, Goods: 79, Land: 0, Labour: 0, Capital: 0, Goods Price: 40.49115655138125
Firm 5: Money: -933.4819431310311, Goods: 68, Land: 0, Labour: 0, Capital: 0, Goods Price: 17.302898166729754
Firm 6: Money: 1077.3392228068772, Goods: 28, Land: 0, Labour: 0, Capital: 0, Goods Price: 22.206705965228252
Firm 7: Money: 1530.4649805435688, Goods: 45, Land: 0, Labour: 0, Capital: 0, Goods Price: 31.332167704355054
Firm 8: Money: 1263.5141745571993, Goods: 38, Land: 0, Labour: 0, Capital: 0, Goods Price: 35.973006808302344
Firm 9: Money: 1080.4965874896238, Goods: 60, Land: 0, Labour: 0, Capital: 0, Goods Price: 8.729472823383878
Firm 10: Money: 491.2366000637205, Goods: 27, Land: 0, Labour: 0, Capital: 0, Goods Price: 6.341449680623664
Self.nfirms:  10
[0, 1, 2, 3, 4, 5, 6, 7, 8, 9]
^^^
[0, 1, 2, 3, 4, 5, 6, 7, 8]
^^^
sold
[0, 1, 2, 3, 5, 6, 7, 8]
^^^
sold
[0, 1, 2, 3, 5, 6, 7]
^^^
[1, 2, 3, 5, 6, 7]
^^^
[1, 2, 3, 5, 7]
^^^
sold
[1, 3, 5, 7]
^^^
sold
[1, 3, 5]
^^^
[1, 5]
^^^
sold
[1]
^^^
sold
---
__
[0, 1, 2, 3, 4, 5, 6, 7, 8, 9]
[0, 2, 3, 4, 5, 6, 7, 8, 9]
[0, 2, 3, 4, 5, 7, 8, 9]
[0, 2, 3, 5, 7, 8, 9]
[0, 2, 5, 7, 8, 9]
[0, 5, 7, 8, 9]
[0, 5, 8, 9]
[0, 5, 8]
[0, 8]
[8]
producing
producing
producing
producing
producing
producing
producing
producing
producing
producing
Day 269:
Household 1: Income: 40.02338815030153, Goods: 86, Land: 2431, Labour: 5035, Capital: 5484
Household 2: Income: 895.0146054709262, Goods: 266, Land: 7492, Labour: 7151, Capital: 6234
Household 3: Income: 2225.7890795149406, Goods: 267, Land: 9070, Labour: 2871, Capital: 2931
Household 4: Income: 23.11768340748982, Goods: 126, Land: 3978, Labour: 8415, Capital: 1380
Household 5: Income: 319.9865396026092, Goods: 258, Land: 6011, Labour: 9512, Capital: 3801
Household 6: Income: 68.15141591546121, Goods: 247, Land: 3980, Labour: 4020, Capital: 1522
Household 7: Income: 31.781924639399804, Goods: 186, Land: 3200, Labour: 2845, Capital: 7343
Household 8: Income: 1796.5378882403159, Goods: 267, Land: 9664, Labour: 6509, Capital: 9136
Household 9: Income: 104.99743872450338, Goods: 232, Land: 1240, Labour: 8194, Capital: 2417
Household 10: Income: 24.610041467303418, Goods: 165, Land: 8245, Labour: 9160, Capital: 7144
Firm 1: Money: -555.0484200099663, Goods: 86, Land: 0, Labour: 0, Capital: 0, Goods Price: 35.96032484485077
Firm 2: Money: -1017.8502900853024, Goods: 71, Land: 0, Labour: 0, Capital: 0, Goods Price: 38.2133270064411
Firm 3: Money: -1556.5997618353454, Goods: 86, Land: 0, Labour: 0, Capital: 0, Goods Price: 34.55721878321838
Firm 4: Money: -752.0324051476073, Goods: 80, Land: 0, Labour: 0, Capital: 0, Goods Price: 49.7808235844552
Firm 5: Money: -947.4187853687725, Goods: 69, Land: 0, Labour: 0, Capital: 0, Goods Price: 17.302898166729754
Firm 6: Money: 1077.491022826461, Goods: 28, Land: 0, Labour: 0, Capital: 0, Goods Price: 23.169461434121647
Firm 7: Money: 1534.5592833550415, Goods: 45, Land: 0, Labour: 0, Capital: 0, Goods Price: 33.02919659174505
Firm 8: Money: 1303.2863774923676, Goods: 38, Land: 0, Labour: 0, Capital: 0, Goods Price: 9.09821172073078
Firm 9: Money: 1075.8114141737674, Goods: 60, Land: 0, Labour: 0, Capital: 0, Goods Price: 20.11750908175948
Firm 10: Money: 474.84860455853, Goods: 27, Land: 0, Labour: 0, Capital: 0, Goods Price: 21.670384725303155
Self.nfirms:  10
[0, 1, 2, 3, 4, 5, 6, 7, 8, 9]
^^^
sold
[0, 1, 2, 3, 4, 5, 6, 7, 9]
^^^
[1, 2, 3, 4, 5, 6, 7, 9]
^^^
sold
[1, 3, 4, 5, 6, 7, 9]
^^^
sold
[1, 3, 4, 5, 6, 9]
^^^
[1, 3, 4, 5, 9]
^^^
sold
[1, 3, 5, 9]
^^^
sold
[1, 3, 5]
^^^
[1, 5]
^^^
sold
[5]
^^^
sold
---
__
[0, 1, 2, 3, 4, 5, 6, 7, 8, 9]
[1, 2, 3, 4, 5, 6, 7, 8, 9]
[1, 3, 4, 5, 6, 7, 8, 9]
[1, 3, 5, 6, 7, 8, 9]
[1, 5, 6, 7, 8, 9]
[1, 5, 6, 7, 9]
[5, 6, 7, 9]
[5, 7, 9]
[7, 9]
[9]
producing
producing
producing
producing
producing
producing
producing
producing
producing
producing
Day 270:
Household 1: Income: 4.99548790634667, Goods: 87, Land: 2430, Labour: 5034, Capital: 5483
Household 2: Income: 906.5918448866688, Goods: 267, Land: 7491, Labour: 7150, Capital: 6233
Household 3: Income: 2235.4859113529214, Goods: 268, Land: 9069, Labour: 2870, Capital: 2930
Household 4: Income: 18.27511783282778, Goods: 126, Land: 3977, Labour: 8414, Capital: 1379
Household 5: Income: 322.3535594754372, Goods: 259, Land: 6010, Labour: 9511, Capital: 3800
Household 6: Income: 74.75884221766839, Goods: 248, Land: 3979, Labour: 4019, Capital: 1521
Household 7: Income: 61.335082086640284, Goods: 186, Land: 3199, Labour: 2844, Capital: 7342
Household 8: Income: 1807.5187947549987, Goods: 268, Land: 9663, Labour: 6508, Capital: 9135
Household 9: Income: 95.6336290595057, Goods: 233, Land: 1239, Labour: 8193, Capital: 2416
Household 10: Income: 24.313021376512395, Goods: 166, Land: 8244, Labour: 9159, Capital: 7143
Firm 1: Money: -546.7925349731279, Goods: 86, Land: 0, Labour: 0, Capital: 0, Goods Price: 35.532374927289105
Firm 2: Money: -1056.5354530495085, Goods: 72, Land: 0, Labour: 0, Capital: 0, Goods Price: 41.02659420898924
Firm 3: Money: -1546.1058635466102, Goods: 86, Land: 0, Labour: 0, Capital: 0, Goods Price: 32.83710512472495
Firm 4: Money: -770.5430625357866, Goods: 81, Land: 0, Labour: 0, Capital: 0, Goods Price: 26.79955716503823
Firm 5: Money: -963.8299759879869, Goods: 69, Land: 0, Labour: 0, Capital: 0, Goods Price: 32.91921337622873
Firm 6: Money: 1101.1412658800932, Goods: 28, Land: 0, Labour: 0, Capital: 0, Goods Price: 0.43292125251868807
Firm 7: Money: 1539.4247411385572, Goods: 45, Land: 0, Labour: 0, Capital: 0, Goods Price: 33.38939421129528
Firm 8: Money: 1308.28334191814, Goods: 38, Land: 0, Labour: 0, Capital: 0, Goods Price: 9.09821172073078
Firm 9: Money: 1073.4443943009394, Goods: 60, Land: 0, Labour: 0, Capital: 0, Goods Price: 27.349949607893212
Firm 10: Money: 477.3089009981873, Goods: 27, Land: 0, Labour: 0, Capital: 0, Goods Price: 20.554146410145005
Self.nfirms:  10
[0, 1, 2, 3, 4, 5, 6, 7, 8, 9]
^^^
sold
[0, 1, 2, 3, 4, 5, 6, 8, 9]
^^^
sold
[0, 1, 2, 3, 5, 6, 8, 9]
^^^
sold
[0, 1, 2, 3, 5, 8, 9]
^^^
sold
[0, 1, 2, 3, 8, 9]
^^^
sold
[0, 1, 2, 3, 9]
^^^
sold
[0, 1, 3, 9]
^^^
[0, 1, 3]
^^^
[0, 1]
^^^
sold
[0]
^^^
---
__
[0, 1, 2, 3, 4, 5, 6, 7, 8, 9]
[0, 1, 3, 4, 5, 6, 7, 8, 9]
[0, 1, 3, 4, 5, 6, 8, 9]
[0, 1, 3, 4, 5, 6, 8]
[1, 3, 4, 5, 6, 8]
[1, 3, 4, 6, 8]
[1, 3, 4, 8]
[1, 4, 8]
[1, 4]
[1]
producing
producing
producing
producing
producing
producing
producing
producing
producing
producing
Day 271:
Household 1: Income: 5.384350906701128, Goods: 87, Land: 2429, Labour: 5033, Capital: 5482
Household 2: Income: 921.213856438466, Goods: 268, Land: 7490, Labour: 7149, Capital: 6232
Household 3: Income: 2218.8857912171366, Goods: 269, Land: 9068, Labour: 2869, Capital: 2929
Household 4: Income: 30.942300150197795, Goods: 127, Land: 3976, Labour: 8413, Capital: 1378
Household 5: Income: 331.9647271750876, Goods: 260, Land: 6009, Labour: 9510, Capital: 3799
Household 6: Income: 83.09469586536773, Goods: 249, Land: 3978, Labour: 4018, Capital: 1520
Household 7: Income: 60.750680043731364, Goods: 187, Land: 3198, Labour: 2843, Capital: 7341
Household 8: Income: 1812.4999494039878, Goods: 269, Land: 9662, Labour: 6507, Capital: 9134
Household 9: Income: 87.9313207307435, Goods: 234, Land: 1238, Labour: 8192, Capital: 2415
Household 10: Income: 21.177837505338648, Goods: 166, Land: 8243, Labour: 9158, Capital: 7142
Firm 1: Money: -581.0021524947085, Goods: 87, Land: 0, Labour: 0, Capital: 0, Goods Price: 43.10192830186962
Firm 2: Money: -1035.866890647978, Goods: 72, Land: 0, Labour: 0, Capital: 0, Goods Price: 18.658597586721417
Firm 3: Money: -1573.3581167239445, Goods: 87, Land: 0, Labour: 0, Capital: 0, Goods Price: 34.55721878321838
Firm 4: Money: -785.1650740875838, Goods: 81, Land: 0, Labour: 0, Capital: 0, Goods Price: 46.60735876235683
Firm 5: Money: -963.2455739450779, Goods: 69, Land: 0, Labour: 0, Capital: 0, Goods Price: 32.91921337622873
Firm 6: Money: 1089.5570596540038, Goods: 28, Land: 0, Labour: 0, Capital: 0, Goods Price: 20.50967707783826
Firm 7: Money: 1571.7883878823225, Goods: 45, Land: 0, Labour: 0, Capital: 0, Goods Price: 6.131336997412615
Firm 8: Money: 1295.3230988510284, Goods: 38, Land: 0, Labour: 0, Capital: 0, Goods Price: 26.68333977522839
Firm 9: Money: 1099.341105247466, Goods: 60, Land: 0, Labour: 0, Capital: 0, Goods Price: 8.729472823383878
Firm 10: Money: 475.8396919201382, Goods: 27, Land: 0, Labour: 0, Capital: 0, Goods Price: 23.36741361269315
Self.nfirms:  10
[0, 1, 2, 3, 4, 5, 6, 7, 8, 9]
^^^
sold
[0, 1, 3, 4, 5, 6, 7, 8, 9]
^^^
sold
[0, 1, 3, 4, 5, 7, 8, 9]
^^^
sold
[0, 1, 3, 5, 7, 8, 9]
^^^
sold
[0, 1, 3, 5, 7, 9]
^^^
sold
[0, 1, 3, 5, 9]
^^^
[0, 1, 5, 9]
^^^
[1, 5, 9]
^^^
sold
[1, 9]
^^^
[1]
^^^
sold
---
__
[0, 1, 2, 3, 4, 5, 6, 7, 8, 9]
[0, 1, 2, 3, 4, 5, 6, 7, 9]
[0, 2, 3, 4, 5, 6, 7, 9]
[0, 3, 4, 5, 6, 7, 9]
[0, 3, 4, 5, 6, 7]
[0, 3, 4, 5, 7]
[0, 3, 4, 7]
[0, 3, 7]
[0, 3]
[0]
producing
producing
producing
producing
producing
producing
producing
producing
producing
producing
Day 272:
Household 1: Income: 19.321193144442617, Goods: 87, Land: 2428, Labour: 5032, Capital: 5481
Household 2: Income: 899.1081393376395, Goods: 269, Land: 7489, Labour: 7148, Capital: 6231
Household 3: Income: 2255.4804826494496, Goods: 270, Land: 9067, Labour: 2868, Capital: 2928
Household 4: Income: 1.0978651176730494, Goods: 128, Land: 3975, Labour: 8412, Capital: 1377
Household 5: Income: 358.86283453606774, Goods: 261, Land: 6008, Labour: 9509, Capital: 3798
Household 6: Income: 74.6024229387779, Goods: 250, Land: 3977, Labour: 4017, Capital: 1519
Household 7: Income: 47.48577253477154, Goods: 188, Land: 3197, Labour: 2842, Capital: 7340
Household 8: Income: 1824.0241363160455, Goods: 270, Land: 9661, Labour: 6506, Capital: 9133
Household 9: Income: 81.60862253436785, Goods: 235, Land: 1237, Labour: 8191, Capital: 2414
Household 10: Income: 2.463751185662627, Goods: 167, Land: 8242, Labour: 9157, Capital: 7141
Firm 1: Money: -573.155724938817, Goods: 87, Land: 0, Labour: 0, Capital: 0, Goods Price: 41.0447017949294
Firm 2: Money: -1052.4783226168938, Goods: 72, Land: 0, Labour: 0, Capital: 0, Goods Price: 41.02659420898924
Firm 3: Money: -1567.1146913456462, Goods: 87, Land: 0, Labour: 0, Capital: 0, Goods Price: 32.83710512472495
Firm 4: Money: -803.6757314757631, Goods: 82, Land: 0, Labour: 0, Capital: 0, Goods Price: 26.79955716503823
Firm 5: Money: -945.327578467603, Goods: 69, Land: 0, Labour: 0, Capital: 0, Goods Price: 17.302898166729754
Firm 6: Money: 1110.7483709678004, Goods: 28, Land: 0, Labour: 0, Capital: 0, Goods Price: 0.43292125251868807
Firm 7: Money: 1557.3255394460864, Goods: 45, Land: 0, Labour: 0, Capital: 0, Goods Price: 25.819840836714757
Firm 8: Money: 1292.4957590945544, Goods: 38, Land: 0, Labour: 0, Capital: 0, Goods Price: 35.973006808302344
Firm 9: Money: 1086.7022874314202, Goods: 60, Land: 0, Labour: 0, Capital: 0, Goods Price: 26.233711292735062
Firm 10: Money: 497.48191670238657, Goods: 27, Land: 0, Labour: 0, Capital: 0, Goods Price: 6.341449680623664
Self.nfirms:  10
[0, 1, 2, 3, 4, 5, 6, 7, 8, 9]
^^^
sold
[0, 2, 3, 4, 5, 6, 7, 8, 9]
^^^
[0, 2, 4, 5, 6, 7, 8, 9]
^^^
sold
[0, 2, 4, 5, 6, 8, 9]
^^^
sold
[0, 2, 4, 5, 8, 9]
^^^
[2, 4, 5, 8, 9]
^^^
sold
[2, 4, 8, 9]
^^^
sold
[2, 4, 9]
^^^
[2, 4]
^^^
sold
[2]
^^^
sold
---
__
[0, 1, 2, 3, 4, 5, 6, 7, 8, 9]
[0, 1, 2, 3, 4, 5, 6, 8, 9]
[0, 1, 2, 3, 4, 5, 6, 9]
[0, 1, 2, 3, 5, 6, 9]
[0, 1, 2, 3, 5, 9]
[0, 1, 2, 3, 5]
[0, 1, 3, 5]
[0, 3, 5]
[0, 3]
[0]
producing
producing
producing
producing
producing
producing
producing
producing
producing
producing
Day 273:
Household 1: Income: 12.5360252487006, Goods: 88, Land: 2427, Labour: 5031, Capital: 5480
Household 2: Income: 885.8841226890821, Goods: 270, Land: 7488, Labour: 7147, Capital: 6230
Household 3: Income: 2262.604058555924, Goods: 271, Land: 9066, Labour: 2867, Capital: 2927
Household 4: Income: 19.030420580404115, Goods: 128, Land: 3974, Labour: 8411, Capital: 1376
Household 5: Income: 339.8039792990411, Goods: 262, Land: 6007, Labour: 9508, Capital: 3797
Household 6: Income: 62.93762557147335, Goods: 251, Land: 3976, Labour: 4016, Capital: 1518
Household 7: Income: 30.583905695850632, Goods: 189, Land: 3196, Labour: 2841, Capital: 7339
Household 8: Income: 1860.8889785578822, Goods: 271, Land: 9660, Labour: 6505, Capital: 9132
Household 9: Income: 80.84060967468471, Goods: 236, Land: 1236, Labour: 8190, Capital: 2413
Household 10: Income: 37.275926556586455, Goods: 167, Land: 8241, Labour: 9156, Capital: 7140
Firm 1: Money: -570.398387684535, Goods: 87, Land: 0, Labour: 0, Capital: 0, Goods Price: 43.704486151212784
Firm 2: Money: -1053.6001987229986, Goods: 72, Land: 0, Labour: 0, Capital: 0, Goods Price: 41.386791828539465
Firm 3: Money: -1554.9917955697317, Goods: 87, Land: 0, Labour: 0, Capital: 0, Goods Price: 25.237521068615287
Firm 4: Money: -797.0245785794143, Goods: 82, Land: 0, Labour: 0, Capital: 0, Goods Price: 26.79955716503823
Firm 5: Money: -956.4668685384331, Goods: 69, Land: 0, Labour: 0, Capital: 0, Goods Price: 27.767378701027823
Firm 6: Money: 1101.2447705926443, Goods: 28, Land: 0, Labour: 0, Capital: 0, Goods Price: 18.429071226905435
Firm 7: Money: 1560.46072331726, Goods: 46, Land: 0, Labour: 0, Capital: 0, Goods Price: 6.131336997412615
Firm 8: Money: 1267.7962912654605, Goods: 39, Land: 0, Labour: 0, Capital: 0, Goods Price: 32.79954198620398
Firm 9: Money: 1098.3746101459194, Goods: 60, Land: 0, Labour: 0, Capital: 0, Goods Price: 21.83762274025291
Firm 10: Money: 479.2768264366226, Goods: 27, Land: 0, Labour: 0, Capital: 0, Goods Price: 23.36741361269315
Self.nfirms:  10
[0, 1, 2, 3, 4, 5, 6, 7, 8, 9]
^^^
[0, 1, 2, 3, 4, 5, 7, 8, 9]
^^^
sold
[0, 2, 3, 4, 5, 7, 8, 9]
^^^
[0, 2, 3, 4, 5, 7, 8]
^^^
sold
[0, 2, 3, 5, 7, 8]
^^^
[0, 2, 5, 7, 8]
^^^
sold
[0, 2, 5, 7]
^^^
[2, 5, 7]
^^^
sold
[5, 7]
^^^
sold
[7]
^^^
sold
---
__
[0, 1, 2, 3, 4, 5, 6, 7, 8, 9]
[0, 1, 3, 4, 5, 6, 7, 8, 9]
[1, 3, 4, 5, 6, 7, 8, 9]
[3, 4, 5, 6, 7, 8, 9]
[4, 5, 6, 7, 8, 9]
[4, 5, 7, 8, 9]
[4, 5, 7, 9]
[4, 7, 9]
[7, 9]
[7]
producing
producing
producing
producing
producing
producing
producing
producing
producing
producing
Day 274:
Household 1: Income: 19.31996076435478, Goods: 88, Land: 2426, Labour: 5030, Capital: 5479
Household 2: Income: 897.667134663182, Goods: 271, Land: 7487, Labour: 7146, Capital: 6229
Household 3: Income: 2250.4531729018736, Goods: 272, Land: 9065, Labour: 2866, Capital: 2926
Household 4: Income: -2.226850418196443, Goods: 129, Land: 3973, Labour: 8410, Capital: 1375
Household 5: Income: 323.95802347599397, Goods: 263, Land: 6006, Labour: 9507, Capital: 3796
Household 6: Income: 49.98424660360928, Goods: 252, Land: 3975, Labour: 4015, Capital: 1517
Household 7: Income: 50.21145515988913, Goods: 190, Land: 3195, Labour: 2840, Capital: 7338
Household 8: Income: 1858.9739130414903, Goods: 272, Land: 9659, Labour: 6504, Capital: 9131
Household 9: Income: 88.86972104160402, Goods: 237, Land: 1235, Labour: 8189, Capital: 2412
Household 10: Income: 23.294044932384537, Goods: 168, Land: 8240, Labour: 9155, Capital: 7139
Firm 1: Money: -537.5187025144966, Goods: 87, Land: 0, Labour: 0, Capital: 0, Goods Price: 15.676246295943141
Firm 2: Money: -1032.005762406121, Goods: 72, Land: 0, Labour: 0, Capital: 0, Goods Price: 18.658597586721417
Firm 3: Money: -1561.5026243561706, Goods: 87, Land: 0, Labour: 0, Capital: 0, Goods Price: 37.98893979992586
Firm 4: Money: -798.9277873877965, Goods: 82, Land: 0, Labour: 0, Capital: 0, Goods Price: 40.49115655138125
Firm 5: Money: -960.8547617009307, Goods: 69, Land: 0, Labour: 0, Capital: 0, Goods Price: 33.8835809120034
Firm 6: Money: 1105.5994878340018, Goods: 28, Land: 0, Labour: 0, Capital: 0, Goods Price: 22.56690358477848
Firm 7: Money: 1549.4515012114946, Goods: 46, Land: 0, Labour: 0, Capital: 0, Goods Price: 31.332167704355054
Firm 8: Money: 1240.2835562338178, Goods: 40, Land: 0, Labour: 0, Capital: 0, Goods Price: 35.61280918875211
Firm 9: Money: 1116.7202601544807, Goods: 60, Land: 0, Labour: 0, Capital: 0, Goods Price: 8.729472823383878
Firm 10: Money: 485.3070558579586, Goods: 27, Land: 0, Labour: 0, Capital: 0, Goods Price: 16.158057857662854
Self.nfirms:  10
[0, 1, 2, 3, 4, 5, 6, 7, 8, 9]
^^^
sold
[0, 1, 2, 3, 5, 6, 7, 8, 9]
^^^
[1, 2, 3, 5, 6, 7, 8, 9]
^^^
[1, 2, 3, 5, 6, 7, 8]
^^^
sold
[1, 2, 3, 5, 6, 7]
^^^
sold
[2, 3, 5, 6, 7]
^^^
[2, 3, 5, 7]
^^^
[2, 5, 7]
^^^
sold
[5, 7]
^^^
sold
[7]
^^^
sold
---
__
[0, 1, 2, 3, 4, 5, 6, 7, 8, 9]
[0, 1, 2, 3, 4, 5, 6, 7, 9]
[0, 1, 3, 4, 5, 6, 7, 9]
[0, 1, 3, 5, 6, 7, 9]
[0, 1, 5, 6, 7, 9]
[0, 1, 5, 6, 7]
[0, 1, 6, 7]
[0, 6, 7]
[6, 7]
[7]
producing
producing
producing
producing
producing
producing
producing
producing
producing
producing
Day 275:
Household 1: Income: 16.18477689318103, Goods: 88, Land: 2425, Labour: 5029, Capital: 5478
Household 2: Income: 884.459004887652, Goods: 272, Land: 7486, Labour: 7145, Capital: 6228
Household 3: Income: 2277.502955035656, Goods: 273, Land: 9064, Labour: 2865, Capital: 2925
Household 4: Income: 16.283806969982777, Goods: 129, Land: 3972, Labour: 8409, Capital: 1374
Household 5: Income: 340.40837835716945, Goods: 264, Land: 6005, Labour: 9506, Capital: 3795
Household 6: Income: 63.19589993734767, Goods: 253, Land: 3974, Labour: 4014, Capital: 1516
Household 7: Income: 44.02598488665116, Goods: 191, Land: 3194, Labour: 2839, Capital: 7337
Household 8: Income: 1868.0433528143353, Goods: 273, Land: 9658, Labour: 6503, Capital: 9130
Household 9: Income: 75.3689428423617, Goods: 238, Land: 1234, Labour: 8188, Capital: 2411
Household 10: Income: 58.7184093336424, Goods: 168, Land: 8239, Labour: 9154, Capital: 7138
Firm 1: Money: -555.9551068477813, Goods: 87, Land: 0, Labour: 0, Capital: 0, Goods Price: 38.96409594399658
Firm 2: Money: -1055.5075169533293, Goods: 72, Land: 0, Labour: 0, Capital: 0, Goods Price: 41.02659420898924
Firm 3: Money: -1596.9269887574287, Goods: 88, Land: 0, Labour: 0, Capital: 0, Goods Price: 42.72933000714207
Firm 4: Money: -817.4384447759758, Goods: 83, Land: 0, Labour: 0, Capital: 0, Goods Price: 26.79955716503823
Firm 5: Money: -961.7080538184383, Goods: 69, Land: 0, Labour: 0, Capital: 0, Goods Price: 34.99981922716155
Firm 6: Money: 1119.100266033244, Goods: 28, Land: 0, Labour: 0, Capital: 0, Goods Price: 13.277236551704526
Firm 7: Money: 1588.8439405196139, Goods: 46, Land: 0, Labour: 0, Capital: 0, Goods Price: 6.131336997412615
Firm 8: Money: 1219.9801769572055, Goods: 41, Land: 0, Labour: 0, Capital: 0, Goods Price: 28.403453433721822
Firm 9: Money: 1102.74541980555, Goods: 60, Land: 0, Labour: 0, Capital: 0, Goods Price: 29.40717611483343
Firm 10: Money: 479.7318409717821, Goods: 27, Land: 0, Labour: 0, Capital: 0, Goods Price: 20.554146410145005
Self.nfirms:  10
[0, 1, 2, 3, 4, 5, 6, 7, 8, 9]
^^^
sold
[0, 1, 2, 3, 4, 5, 6, 8, 9]
^^^
[0, 1, 2, 4, 5, 6, 8, 9]
^^^
[0, 1, 2, 4, 5, 6, 8]
^^^
sold
[0, 1, 2, 4, 5, 6]
^^^
sold
[0, 1, 2, 4, 5]
^^^
sold
[0, 1, 4, 5]
^^^
sold
[0, 1, 5]
^^^
sold
[0, 1]
^^^
[1]
^^^
sold
---
__
[0, 1, 2, 3, 4, 5, 6, 7, 8, 9]
[0, 1, 2, 3, 4, 5, 6, 7, 8]
[0, 1, 2, 4, 5, 6, 7, 8]
[0, 1, 2, 4, 5, 6, 7]
[0, 1, 4, 5, 6, 7]
[0, 1, 4, 6, 7]
[0, 1, 4, 6]
[0, 1, 6]
[0, 1]
[0]
producing
producing
producing
producing
producing
producing
producing
producing
producing
producing
Day 276:
Household 1: Income: 19.54442156879543, Goods: 88, Land: 2424, Labour: 5028, Capital: 5477
Household 2: Income: 877.5716731094826, Goods: 273, Land: 7485, Labour: 7144, Capital: 6227
Household 3: Income: 2273.2760994263986, Goods: 274, Land: 9063, Labour: 2864, Capital: 2924
Household 4: Income: 18.30016503440789, Goods: 130, Land: 3971, Labour: 8408, Capital: 1373
Household 5: Income: 374.74036460629657, Goods: 265, Land: 6004, Labour: 9505, Capital: 3794
Household 6: Income: 56.733572660748116, Goods: 254, Land: 3973, Labour: 4013, Capital: 1515
Household 7: Income: 8.672635674395192, Goods: 192, Land: 3193, Labour: 2838, Capital: 7336
Household 8: Income: 1863.8636743300099, Goods: 274, Land: 9657, Labour: 6502, Capital: 9129
Household 9: Income: 61.870545331417034, Goods: 239, Land: 1233, Labour: 8187, Capital: 2410
Household 10: Income: 54.42378168526874, Goods: 169, Land: 8238, Labour: 9153, Capital: 7137
Firm 1: Money: -549.0915392642794, Goods: 87, Land: 0, Labour: 0, Capital: 0, Goods Price: 39.92846347977125
Firm 2: Money: -1054.5721665524939, Goods: 72, Land: 0, Labour: 0, Capital: 0, Goods Price: 39.32956532159925
Firm 3: Money: -1592.7001331481715, Goods: 88, Land: 0, Labour: 0, Capital: 0, Goods Price: 41.766574538248676
Firm 4: Money: -835.9491021641551, Goods: 84, Land: 0, Labour: 0, Capital: 0, Goods Price: 26.79955716503823
Firm 5: Money: -953.8912112493957, Goods: 69, Land: 0, Labour: 0, Capital: 0, Goods Price: 27.767378701027823
Firm 6: Money: 1117.7005907500575, Goods: 28, Land: 0, Labour: 0, Capital: 0, Goods Price: 23.169461434121647
Firm 7: Money: 1594.6352722184765, Goods: 46, Land: 0, Labour: 0, Capital: 0, Goods Price: 6.131336997412615
Firm 8: Money: 1226.4425042338048, Goods: 41, Land: 0, Labour: 0, Capital: 0, Goods Price: 28.403453433721822
Firm 9: Money: 1106.9250982898755, Goods: 60, Land: 0, Labour: 0, Capital: 0, Goods Price: 29.40717611483343
Firm 10: Money: 498.5607985514823, Goods: 27, Land: 0, Labour: 0, Capital: 0, Goods Price: 6.341449680623664
Self.nfirms:  10
[0, 1, 2, 3, 4, 5, 6, 7, 8, 9]
^^^
[0, 1, 2, 3, 4, 5, 7, 8, 9]
^^^
sold
[0, 1, 2, 3, 4, 5, 7, 8]
^^^
[0, 1, 2, 4, 5, 7, 8]
^^^
sold
[0, 2, 4, 5, 7, 8]
^^^
sold
[0, 2, 4, 5, 7]
^^^
sold
[0, 4, 5, 7]
^^^
sold
[0, 5, 7]
^^^
sold
[0, 7]
^^^
sold
[0]
^^^
---
__
[0, 1, 2, 3, 4, 5, 6, 7, 8, 9]
[1, 2, 3, 4, 5, 6, 7, 8, 9]
[1, 2, 3, 4, 6, 7, 8, 9]
[1, 2, 4, 6, 7, 8, 9]
[1, 2, 4, 6, 7, 9]
[1, 2, 4, 6, 7]
[1, 2, 4, 7]
[2, 4, 7]
[2, 7]
[7]
producing
producing
producing
producing
producing
producing
producing
producing
producing
producing
Day 277:
Household 1: Income: 14.701855994133387, Goods: 88, Land: 2423, Labour: 5027, Capital: 5476
Household 2: Income: 858.3186607661847, Goods: 274, Land: 7484, Labour: 7143, Capital: 6226
Household 3: Income: 2292.8326664220026, Goods: 275, Land: 9062, Labour: 2863, Capital: 2923
Household 4: Income: 28.25681497134574, Goods: 131, Land: 3970, Labour: 8407, Capital: 1372
Household 5: Income: 381.44586364047166, Goods: 266, Land: 6003, Labour: 9504, Capital: 3793
Household 6: Income: 55.60420757342501, Goods: 255, Land: 3972, Labour: 4012, Capital: 1514
Household 7: Income: 27.183293062574414, Goods: 192, Land: 3192, Labour: 2837, Capital: 7335
Household 8: Income: 1856.5679729983067, Goods: 275, Land: 9656, Labour: 6501, Capital: 9128
Household 9: Income: 71.63679030465175, Goods: 240, Land: 1232, Labour: 8186, Capital: 2409
Household 10: Income: 52.6873110805395, Goods: 170, Land: 8237, Labour: 9152, Capital: 7136
Firm 1: Money: -538.9062496628458, Goods: 87, Land: 0, Labour: 0, Capital: 0, Goods Price: 35.532374927289105
Firm 2: Money: -1058.0886955338044, Goods: 72, Land: 0, Labour: 0, Capital: 0, Goods Price: 41.02659420898924
Firm 3: Money: -1610.6326886109027, Goods: 89, Land: 0, Labour: 0, Capital: 0, Goods Price: 25.237521068615287
Firm 4: Money: -854.4597595523344, Goods: 85, Land: 0, Labour: 0, Capital: 0, Goods Price: 26.79955716503823
Firm 5: Money: -962.1193798016927, Goods: 69, Land: 0, Labour: 0, Capital: 0, Goods Price: 34.99981922716155
Firm 6: Money: 1141.6717522933209, Goods: 28, Land: 0, Labour: 0, Capital: 0, Goods Price: 0.43292125251868807
Firm 7: Money: 1584.869027245242, Goods: 46, Land: 0, Labour: 0, Capital: 0, Goods Price: 24.099727178221322
Firm 8: Money: 1223.4978358466108, Goods: 41, Land: 0, Labour: 0, Capital: 0, Goods Price: 35.973006808302344
Firm 9: Money: 1113.0254033830513, Goods: 60, Land: 0, Labour: 0, Capital: 0, Goods Price: 30.009733964176593
Firm 10: Money: 488.9643626721399, Goods: 27, Land: 0, Labour: 0, Capital: 0, Goods Price: 20.554146410145005
Self.nfirms:  10
[0, 1, 2, 3, 4, 5, 6, 7, 8, 9]
^^^
sold
[0, 1, 3, 4, 5, 6, 7, 8, 9]
^^^
sold
[0, 1, 3, 4, 5, 6, 7, 8]
^^^
sold
[0, 3, 4, 5, 6, 7, 8]
^^^
sold
[0, 3, 5, 6, 7, 8]
^^^
[0, 5, 6, 7, 8]
^^^
sold
[0, 5, 6, 7]
^^^
[0, 5, 7]
^^^
sold
[0, 5]
^^^
sold
[0]
^^^
---
__
[0, 1, 2, 3, 4, 5, 6, 7, 8, 9]
[0, 1, 2, 3, 5, 6, 7, 8, 9]
[0, 2, 3, 5, 6, 7, 8, 9]
[0, 2, 5, 6, 7, 8, 9]
[0, 2, 5, 6, 7, 8]
[0, 2, 5, 6, 8]
[0, 5, 6, 8]
[0, 5, 8]
[0, 5]
[5]
producing
producing
producing
producing
producing
producing
producing
producing
producing
producing
Day 278:
Household 1: Income: 11.566672122959638, Goods: 88, Land: 2422, Labour: 5026, Capital: 5475
Household 2: Income: 852.5153148021897, Goods: 275, Land: 7483, Labour: 7142, Capital: 6225
Household 3: Income: 2294.7499449812517, Goods: 276, Land: 9061, Labour: 2862, Capital: 2922
Household 4: Income: 44.57398131328402, Goods: 131, Land: 3969, Labour: 8406, Capital: 1371
Household 5: Income: 373.5998985663126, Goods: 267, Land: 6002, Labour: 9503, Capital: 3792
Household 6: Income: 25.937223627963174, Goods: 256, Land: 3971, Labour: 4011, Capital: 1513
Household 7: Income: -0.8433842846163992, Goods: 193, Land: 3191, Labour: 2836, Capital: 7334
Household 8: Income: 1895.1177896364065, Goods: 276, Land: 9655, Labour: 6500, Capital: 9127
Household 9: Income: 76.54834232755867, Goods: 241, Land: 1231, Labour: 8185, Capital: 2408
Household 10: Income: 50.32223135525484, Goods: 171, Land: 8236, Labour: 9151, Capital: 7135
Firm 1: Money: -572.7556695648761, Goods: 88, Land: 0, Labour: 0, Capital: 0, Goods Price: 42.74173068231939
Firm 2: Money: -1035.0170145472637, Goods: 72, Land: 0, Labour: 0, Capital: 0, Goods Price: 18.658597586721417
Firm 3: Money: -1624.5787580493538, Goods: 89, Land: 0, Labour: 0, Capital: 0, Goods Price: 42.126772157798904
Firm 4: Money: -849.273969506813, Goods: 85, Land: 0, Labour: 0, Capital: 0, Goods Price: 26.79955716503823
Firm 5: Money: -986.5207025737324, Goods: 70, Land: 0, Labour: 0, Capital: 0, Goods Price: 27.767378701027823
Firm 6: Money: 1128.2218788241184, Goods: 28, Land: 0, Labour: 0, Capital: 0, Goods Price: 14.997350210197961
Firm 7: Money: 1617.0290260272275, Goods: 46, Land: 0, Labour: 0, Capital: 0, Goods Price: 6.131336997412615
Firm 8: Money: 1254.4318396257718, Goods: 41, Land: 0, Labour: 0, Capital: 0, Goods Price: 9.09821172073078
Firm 9: Money: 1121.6668467077984, Goods: 60, Land: 0, Labour: 0, Capital: 0, Goods Price: 26.233711292735062
Firm 10: Money: 489.76555370097856, Goods: 27, Land: 0, Labour: 0, Capital: 0, Goods Price: 21.670384725303155
Self.nfirms:  10
[0, 1, 2, 3, 4, 5, 6, 7, 8, 9]
^^^
sold
[0, 1, 2, 3, 5, 6, 7, 8, 9]
^^^
[0, 1, 2, 3, 5, 7, 8, 9]
^^^
[1, 2, 3, 5, 7, 8, 9]
^^^
sold
[2, 3, 5, 7, 8, 9]
^^^
sold
[2, 3, 5, 7, 9]
^^^
sold
[3, 5, 7, 9]
^^^
sold
[3, 7, 9]
^^^
sold
[3, 9]
^^^
[3]
^^^
---
__
[0, 1, 2, 3, 4, 5, 6, 7, 8, 9]
[0, 1, 2, 3, 4, 5, 7, 8, 9]
[0, 1, 2, 3, 4, 5, 8, 9]
[0, 1, 2, 3, 4, 5, 9]
[0, 1, 2, 3, 4, 9]
[0, 1, 2, 3, 9]
[0, 2, 3, 9]
[2, 3, 9]
[2, 3]
[3]
producing
producing
producing
producing
producing
producing
producing
producing
producing
producing
Day 279:
Household 1: Income: 14.926316798574035, Goods: 88, Land: 2421, Labour: 5025, Capital: 5474
Household 2: Income: 827.6096043112278, Goods: 276, Land: 7482, Labour: 7141, Capital: 6224
Household 3: Income: 2279.811755487611, Goods: 277, Land: 9060, Labour: 2861, Capital: 2921
Household 4: Income: 42.158019943530775, Goods: 132, Land: 3968, Labour: 8405, Capital: 1370
Household 5: Income: 373.91536039891224, Goods: 268, Land: 6001, Labour: 9502, Capital: 3791
Household 6: Income: 48.6958866883949, Goods: 257, Land: 3970, Labour: 4010, Capital: 1512
Household 7: Income: 15.473782057321884, Goods: 193, Land: 3190, Labour: 2835, Capital: 7333
Household 8: Income: 1893.5457301018762, Goods: 277, Land: 9654, Labour: 6499, Capital: 9126
Household 9: Income: 68.42860490566186, Goods: 242, Land: 1230, Labour: 8184, Capital: 2407
Household 10: Income: 63.06067573088826, Goods: 172, Land: 8235, Labour: 9150, Capital: 7134
Firm 1: Money: -568.8669797190008, Goods: 88, Land: 0, Labour: 0, Capital: 0, Goods Price: 43.704486151212784
Firm 2: Money: -1029.2604498939115, Goods: 72, Land: 0, Labour: 0, Capital: 0, Goods Price: 18.658597586721417
Firm 3: Money: -1612.8073488002267, Goods: 89, Land: 0, Labour: 0, Capital: 0, Goods Price: 34.55721878321838
Firm 4: Money: -845.1460010686578, Goods: 85, Land: 0, Labour: 0, Capital: 0, Goods Price: 26.79955716503823
Firm 5: Money: -986.3670858818117, Goods: 70, Land: 0, Labour: 0, Capital: 0, Goods Price: 29.91544227708292
Firm 6: Money: 1114.1039268886193, Goods: 29, Land: 0, Labour: 0, Capital: 0, Goods Price: 19.393438762680113
Firm 7: Money: 1597.7599404209711, Goods: 46, Land: 0, Labour: 0, Capital: 0, Goods Price: 33.02919659174505
Firm 8: Money: 1235.848574007653, Goods: 42, Land: 0, Labour: 0, Capital: 0, Goods Price: 26.68333977522839
Firm 9: Money: 1129.565628133842, Goods: 60, Land: 0, Labour: 0, Capital: 0, Goods Price: 29.40717611483343
Firm 10: Money: 504.60110458094374, Goods: 27, Land: 0, Labour: 0, Capital: 0, Goods Price: 6.341449680623664
Self.nfirms:  10
[0, 1, 2, 3, 4, 5, 6, 7, 8, 9]
^^^
sold
[0, 1, 2, 3, 4, 5, 6, 7, 9]
^^^
[0, 1, 2, 3, 4, 5, 7, 9]
^^^
sold
[0, 1, 2, 3, 4, 7, 9]
^^^
sold
[0, 1, 2, 3, 7, 9]
^^^
sold
[0, 1, 3, 7, 9]
^^^
sold
[0, 3, 7, 9]
^^^
[3, 7, 9]
^^^
[7, 9]
^^^
sold
[9]
^^^
sold
---
__
[0, 1, 2, 3, 4, 5, 6, 7, 8, 9]
[0, 1, 2, 3, 4, 5, 7, 8, 9]
[0, 1, 2, 3, 4, 5, 7, 9]
[0, 1, 2, 4, 5, 7, 9]
[0, 1, 4, 5, 7, 9]
[0, 1, 4, 7, 9]
[0, 1, 4, 9]
[0, 1, 4]
[1, 4]
[1]
producing
producing
producing
producing
producing
producing
producing
producing
producing
producing
Day 280:
Household 1: Income: 32.8588722613051, Goods: 88, Land: 2420, Labour: 5024, Capital: 5473
Household 2: Income: 845.3206728825523, Goods: 277, Land: 7481, Labour: 7140, Capital: 6223
Household 3: Income: 2284.682016209545, Goods: 278, Land: 9059, Labour: 2860, Capital: 2920
Household 4: Income: 15.241723373578315, Goods: 133, Land: 3967, Labour: 8404, Capital: 1369
Household 5: Income: 363.0499326971848, Goods: 269, Land: 6000, Labour: 9501, Capital: 3790
Household 6: Income: 47.25222199486251, Goods: 258, Land: 3969, Labour: 4009, Capital: 1511
Household 7: Income: 32.40251599125285, Goods: 193, Land: 3189, Labour: 2834, Capital: 7332
Household 8: Income: 1902.0008366850775, Goods: 278, Land: 9653, Labour: 6498, Capital: 9125
Household 9: Income: 82.30179857851634, Goods: 243, Land: 1229, Labour: 8183, Capital: 2406
Household 10: Income: 72.30883122566293, Goods: 173, Land: 8234, Labour: 9149, Capital: 7133
Firm 1: Money: -603.0765972405815, Goods: 89, Land: 0, Labour: 0, Capital: 0, Goods Price: 43.10192830186962
Firm 2: Money: -1038.662526107797, Goods: 72, Land: 0, Labour: 0, Capital: 0, Goods Price: 33.81723845395895
Firm 3: Money: -1597.8204323602497, Goods: 89, Land: 0, Labour: 0, Capital: 0, Goods Price: 25.237521068615287
Firm 4: Money: -877.3482578431801, Goods: 86, Land: 0, Labour: 0, Capital: 0, Goods Price: 40.49115655138125
Firm 5: Money: -994.9061225978892, Goods: 70, Land: 0, Labour: 0, Capital: 0, Goods Price: 37.659603583444934
Firm 6: Money: 1137.2755555649492, Goods: 29, Land: 0, Labour: 0, Capital: 0, Goods Price: 0.43292125251868807
Firm 7: Money: 1606.364539322382, Goods: 46, Land: 0, Labour: 0, Capital: 0, Goods Price: 30.21592938919691
Firm 8: Money: 1230.9783132857185, Goods: 42, Land: 0, Labour: 0, Capital: 0, Goods Price: 35.61280918875211
Firm 9: Money: 1137.6822863595928, Goods: 60, Land: 0, Labour: 0, Capital: 0, Goods Price: 25.269343756960385
Firm 10: Money: 489.1508648099359, Goods: 27, Land: 0, Labour: 0, Capital: 0, Goods Price: 21.670384725303155
Self.nfirms:  10
[0, 1, 2, 3, 4, 5, 6, 7, 8, 9]
^^^
[0, 1, 2, 3, 5, 6, 7, 8, 9]
^^^
sold
[0, 1, 2, 3, 5, 6, 8, 9]
^^^
sold
[0, 2, 3, 5, 6, 8, 9]
^^^
[0, 2, 3, 5, 8, 9]
^^^
sold
[0, 2, 3, 5, 9]
^^^
sold
[0, 3, 5, 9]
^^^
sold
[0, 3, 9]
^^^
[3, 9]
^^^
[9]
^^^
---
__
[0, 1, 2, 3, 4, 5, 6, 7, 8, 9]
[0, 1, 2, 4, 5, 6, 7, 8, 9]
[0, 1, 2, 4, 5, 6, 7, 8]
[0, 1, 2, 4, 5, 7, 8]
[0, 1, 2, 4, 7, 8]
[0, 1, 2, 4, 8]
[0, 1, 2, 8]
[1, 2, 8]
[1, 8]
[1]
producing
producing
producing
producing
producing
producing
producing
producing
producing
producing
Day 281:
Household 1: Income: 22.469698510270575, Goods: 89, Land: 2419, Labour: 5023, Capital: 5472
Household 2: Income: 865.8839628310768, Goods: 278, Land: 7480, Labour: 7139, Capital: 6222
Household 3: Income: 2308.1842231378087, Goods: 279, Land: 9058, Labour: 2859, Capital: 2919
Household 4: Income: 16.23986093719936, Goods: 133, Land: 3966, Labour: 8403, Capital: 1368
Household 5: Income: 350.6930486428748, Goods: 270, Land: 5999, Labour: 9500, Capital: 3789
Household 6: Income: 35.22735945430417, Goods: 259, Land: 3968, Labour: 4008, Capital: 1510
Household 7: Income: 45.55610039097755, Goods: 193, Land: 3188, Labour: 2833, Capital: 7331
Household 8: Income: 1902.7117819619168, Goods: 279, Land: 9652, Labour: 6497, Capital: 9124
Household 9: Income: 61.005074979729905, Goods: 244, Land: 1228, Labour: 8182, Capital: 2405
Household 10: Income: 67.32305274768184, Goods: 174, Land: 8233, Labour: 9148, Capital: 7132
Firm 1: Money: -637.2862147621621, Goods: 90, Land: 0, Labour: 0, Capital: 0, Goods Price: 43.10192830186962
Firm 2: Money: -1022.2268296567886, Goods: 72, Land: 0, Labour: 0, Capital: 0, Goods Price: 18.658597586721417
Firm 3: Money: -1606.538456668535, Goods: 89, Land: 0, Labour: 0, Capital: 0, Goods Price: 42.72933000714207
Firm 4: Money: -874.4893366787429, Goods: 86, Land: 0, Labour: 0, Capital: 0, Goods Price: 49.42062596490497
Firm 5: Money: -993.0412136513214, Goods: 70, Land: 0, Labour: 0, Capital: 0, Goods Price: 34.99981922716155
Firm 6: Money: 1121.451782686406, Goods: 29, Land: 0, Labour: 0, Capital: 0, Goods Price: 18.429071226905435
Firm 7: Money: 1618.3894018629403, Goods: 46, Land: 0, Labour: 0, Capital: 0, Goods Price: 25.819840836714757
Firm 8: Money: 1270.3903186013365, Goods: 42, Land: 0, Labour: 0, Capital: 0, Goods Price: 9.09821172073078
Firm 9: Money: 1119.7891848898869, Goods: 61, Land: 0, Labour: 0, Capital: 0, Goods Price: 26.233711292735062
Firm 10: Money: 495.3242448755587, Goods: 27, Land: 0, Labour: 0, Capital: 0, Goods Price: 14.437944199169422
Self.nfirms:  10
[0, 1, 2, 3, 4, 5, 6, 7, 8, 9]
^^^
sold
[0, 1, 2, 3, 5, 6, 7, 8, 9]
^^^
sold
[0, 1, 2, 3, 5, 6, 8, 9]
^^^
[0, 1, 2, 3, 5, 8, 9]
^^^
sold
[0, 1, 3, 5, 8, 9]
^^^
sold
[0, 1, 3, 8, 9]
^^^
sold
[0, 1, 3, 9]
^^^
[0, 1, 9]
^^^
[1, 9]
^^^
sold
[1]
^^^
sold
---
__
[0, 1, 2, 3, 4, 5, 6, 7, 8, 9]
[0, 1, 3, 4, 5, 6, 7, 8, 9]
[0, 1, 3, 4, 6, 7, 8, 9]
[0, 1, 3, 6, 7, 8, 9]
[0, 3, 6, 7, 8, 9]
[3, 6, 7, 8, 9]
[6, 7, 8, 9]
[7, 8, 9]
[8, 9]
[8]
producing
producing
producing
producing
producing
producing
producing
producing
producing
producing
Day 282:
Household 1: Income: 22.858561510625034, Goods: 89, Land: 2418, Labour: 5022, Capital: 5471
Household 2: Income: 844.2659144266037, Goods: 279, Land: 7479, Labour: 7138, Capital: 6221
Household 3: Income: 2321.549820127318, Goods: 280, Land: 9057, Labour: 2858, Capital: 2918
Household 4: Income: 11.397295362537315, Goods: 133, Land: 3965, Labour: 8402, Capital: 1367
Household 5: Income: 347.03697669617765, Goods: 271, Land: 5998, Labour: 9499, Capital: 3788
Household 6: Income: 45.4587619254271, Goods: 260, Land: 3967, Labour: 4007, Capital: 1509
Household 7: Income: 61.73234014346755, Goods: 194, Land: 3187, Labour: 2832, Capital: 7330
Household 8: Income: 1910.9182546572154, Goods: 280, Land: 9651, Labour: 6496, Capital: 9123
Household 9: Income: 68.04170218587639, Goods: 245, Land: 1227, Labour: 8181, Capital: 2404
Household 10: Income: 47.4661640838704, Goods: 175, Land: 8232, Labour: 9147, Capital: 7131
Firm 1: Money: -667.3579999258696, Goods: 91, Land: 0, Labour: 0, Capital: 0, Goods Price: 38.96409594399658
Firm 2: Money: -1044.2513395343337, Goods: 72, Land: 0, Labour: 0, Capital: 0, Goods Price: 41.386791828539465
Firm 3: Money: -1595.4231637938785, Goods: 89, Land: 0, Labour: 0, Capital: 0, Goods Price: 34.55721878321838
Firm 4: Money: -846.6824778333548, Goods: 86, Land: 0, Labour: 0, Capital: 0, Goods Price: 26.79955716503823
Firm 5: Money: -986.6036485349032, Goods: 70, Land: 0, Labour: 0, Capital: 0, Goods Price: 27.767378701027823
Firm 6: Money: 1143.6590438269611, Goods: 29, Land: 0, Labour: 0, Capital: 0, Goods Price: 0.43292125251868807
Firm 7: Money: 1616.9713778067728, Goods: 46, Land: 0, Labour: 0, Capital: 0, Goods Price: 33.02919659174505
Firm 8: Money: 1259.5863961834602, Goods: 42, Land: 0, Labour: 0, Capital: 0, Goods Price: 32.79954198620398
Firm 9: Money: 1119.4003218895327, Goods: 62, Land: 0, Labour: 0, Capital: 0, Goods Price: 8.729472823383878
Firm 10: Money: 487.0327438889139, Goods: 27, Land: 0, Labour: 0, Capital: 0, Goods Price: 21.670384725303155
Self.nfirms:  10
[0, 1, 2, 3, 4, 5, 6, 7, 8, 9]
^^^
sold
[0, 1, 2, 3, 4, 6, 7, 8, 9]
^^^
sold
[0, 1, 2, 3, 4, 6, 8, 9]
^^^
sold
[0, 1, 3, 4, 6, 8, 9]
^^^
[0, 1, 4, 6, 8, 9]
^^^
sold
[0, 1, 4, 6, 9]
^^^
sold
[0, 1, 6, 9]
^^^
[1, 6, 9]
^^^
[1, 6]
^^^
sold
[6]
^^^
sold
---
__
[0, 1, 2, 3, 4, 5, 6, 7, 8, 9]
[1, 2, 3, 4, 5, 6, 7, 8, 9]
[1, 2, 3, 5, 6, 7, 8, 9]
[1, 2, 5, 6, 7, 8, 9]
[1, 2, 5, 6, 8, 9]
[1, 2, 5, 8, 9]
[1, 5, 8, 9]
[1, 5, 9]
[5, 9]
[5]
producing
producing
producing
producing
producing
producing
producing
producing
producing
producing
Day 283:
Household 1: Income: -5.288844634509718, Goods: 90, Land: 2417, Labour: 5021, Capital: 5470
Household 2: Income: 870.2878930643736, Goods: 280, Land: 7478, Labour: 7137, Capital: 6220
Household 3: Income: 2321.5859826149695, Goods: 281, Land: 9056, Labour: 2857, Capital: 2917
Household 4: Income: 29.90795275071654, Goods: 133, Land: 3964, Labour: 8401, Capital: 1366
Household 5: Income: 340.75913733553506, Goods: 272, Land: 5997, Labour: 9498, Capital: 3787
Household 6: Income: 39.17935416971904, Goods: 261, Land: 3966, Labour: 4006, Capital: 1508
Household 7: Income: 41.867064427488586, Goods: 195, Land: 3186, Labour: 2831, Capital: 7329
Household 8: Income: 1935.3920709706344, Goods: 281, Land: 9650, Labour: 6495, Capital: 9122
Household 9: Income: 47.85378051387376, Goods: 246, Land: 1226, Labour: 8180, Capital: 2403
Household 10: Income: 18.165253681351246, Goods: 176, Land: 8231, Labour: 9146, Capital: 7130
Firm 1: Money: -657.8156220149524, Goods: 91, Land: 0, Labour: 0, Capital: 0, Goods Price: 35.532374927289105
Firm 2: Money: -1022.6569032174561, Goods: 72, Land: 0, Labour: 0, Capital: 0, Goods Price: 18.658597586721417
Firm 3: Money: -1594.152033620987, Goods: 89, Land: 0, Labour: 0, Capital: 0, Goods Price: 38.953307335700536
Firm 4: Money: -834.894087255394, Goods: 86, Land: 0, Labour: 0, Capital: 0, Goods Price: 26.79955716503823
Firm 5: Money: -994.510898597569, Goods: 70, Land: 0, Labour: 0, Capital: 0, Goods Price: 34.99981922716155
Firm 6: Money: 1144.7735993154383, Goods: 29, Land: 0, Labour: 0, Capital: 0, Goods Price: 0.43292125251868807
Firm 7: Money: 1625.1735230143468, Goods: 46, Land: 0, Labour: 0, Capital: 0, Goods Price: 33.02919659174505
Firm 8: Money: 1258.5882586198393, Goods: 43, Land: 0, Labour: 0, Capital: 0, Goods Price: 9.09821172073078
Firm 9: Money: 1113.249785722849, Goods: 62, Land: 0, Labour: 0, Capital: 0, Goods Price: 20.11750908175948
Firm 10: Money: 489.5917782321526, Goods: 27, Land: 0, Labour: 0, Capital: 0, Goods Price: 23.727611232243373
Self.nfirms:  10
[0, 1, 2, 3, 4, 5, 6, 7, 8, 9]
^^^
[0, 1, 2, 3, 5, 6, 7, 8, 9]
^^^
sold
[0, 1, 2, 3, 6, 7, 8, 9]
^^^
[0, 1, 2, 3, 7, 8, 9]
^^^
sold
[0, 1, 2, 3, 7, 9]
^^^
[1, 2, 3, 7, 9]
^^^
sold
[2, 3, 7, 9]
^^^
[2, 3, 7]
^^^
sold
[3, 7]
^^^
sold
[3]
^^^
---
__
[0, 1, 2, 3, 4, 5, 6, 7, 8, 9]
[0, 1, 2, 3, 4, 5, 6, 7, 9]
[0, 1, 2, 3, 4, 5, 6, 7]
[1, 2, 3, 4, 5, 6, 7]
[1, 2, 4, 5, 6, 7]
[1, 4, 5, 6, 7]
[1, 5, 6, 7]
[5, 6, 7]
[5, 6]
[6]
producing
producing
producing
producing
producing
producing
producing
producing
producing
producing
Day 284:
Household 1: Income: 11.028321707428567, Goods: 90, Land: 2416, Labour: 5020, Capital: 5469
Household 2: Income: 870.0395252983659, Goods: 281, Land: 7477, Labour: 7136, Capital: 6219
Household 3: Income: 2331.2261993412467, Goods: 282, Land: 9055, Labour: 2856, Capital: 2916
Household 4: Income: 4.934748673658071, Goods: 134, Land: 3963, Labour: 8400, Capital: 1365
Household 5: Income: 336.2757955136472, Goods: 273, Land: 5996, Labour: 9497, Capital: 3786
Household 6: Income: 33.87584482112332, Goods: 262, Land: 3965, Labour: 4005, Capital: 1507
Household 7: Income: 32.94691783192287, Goods: 196, Land: 3185, Labour: 2830, Capital: 7328
Household 8: Income: 1973.3296985784, Goods: 282, Land: 9649, Labour: 6494, Capital: 9121
Household 9: Income: 24.798055148820545, Goods: 247, Land: 1225, Labour: 8179, Capital: 2402
Household 10: Income: 52.45880133580792, Goods: 176, Land: 8230, Labour: 9145, Capital: 7129
Firm 1: Money: -660.5337300747642, Goods: 91, Land: 0, Labour: 0, Capital: 0, Goods Price: 43.10192830186962
Firm 2: Money: -1016.900338564104, Goods: 72, Land: 0, Labour: 0, Capital: 0, Goods Price: 18.658597586721417
Firm 3: Money: -1587.9114436761154, Goods: 89, Land: 0, Labour: 0, Capital: 0, Goods Price: 38.953307335700536
Firm 4: Money: -845.7267654772998, Goods: 86, Land: 0, Labour: 0, Capital: 0, Goods Price: 49.42062596490497
Firm 5: Money: -996.9077367562018, Goods: 70, Land: 0, Labour: 0, Capital: 0, Goods Price: 37.659603583444934
Firm 6: Money: 1127.892004829529, Goods: 29, Land: 0, Labour: 0, Capital: 0, Goods Price: 18.429071226905435
Firm 7: Money: 1610.340316704712, Goods: 47, Land: 0, Labour: 0, Capital: 0, Goods Price: 24.099727178221322
Firm 8: Money: 1232.7725524755867, Goods: 44, Land: 0, Labour: 0, Capital: 0, Goods Price: 33.91578030136212
Firm 9: Money: 1131.3406849237442, Goods: 62, Land: 0, Labour: 0, Capital: 0, Goods Price: 8.729472823383878
Firm 10: Money: 501.777592456912, Goods: 27, Land: 0, Labour: 0, Capital: 0, Goods Price: 16.158057857662854
Self.nfirms:  10
[0, 1, 2, 3, 4, 5, 6, 7, 8, 9]
^^^
[0, 1, 2, 3, 4, 5, 7, 8, 9]
^^^
[0, 1, 2, 3, 4, 5, 7, 8]
^^^
sold
[0, 1, 2, 3, 5, 7, 8]
^^^
[0, 1, 2, 3, 7, 8]
^^^
sold
[0, 1, 2, 3, 7]
^^^
sold
[0, 1, 2, 3]
^^^
sold
[0, 1, 3]
^^^
[1, 3]
^^^
sold
[3]
^^^
---
__
[0, 1, 2, 3, 4, 5, 6, 7, 8, 9]
[0, 1, 2, 3, 4, 6, 7, 8, 9]
[0, 1, 2, 3, 6, 7, 8, 9]
[0, 2, 3, 6, 7, 8, 9]
[0, 2, 3, 6, 7, 8]
[0, 2, 3, 7, 8]
[2, 3, 7, 8]
[2, 3, 7]
[3, 7]
[3]
producing
producing
producing
producing
producing
producing
producing
producing
producing
producing
Day 285:
Household 1: Income: 29.538979095607793, Goods: 90, Land: 2415, Labour: 5019, Capital: 5468
Household 2: Income: 873.7423756805764, Goods: 282, Land: 7476, Labour: 7135, Capital: 6218
Household 3: Income: 2324.5316018060676, Goods: 283, Land: 9054, Labour: 2855, Capital: 2915
Household 4: Income: 22.867304136389137, Goods: 134, Land: 3962, Labour: 8399, Capital: 1364
Household 5: Income: 342.28150654600194, Goods: 274, Land: 5995, Labour: 9496, Capital: 3785
Household 6: Income: 47.37285773834682, Goods: 262, Land: 3964, Labour: 4004, Capital: 1506
Household 7: Income: 46.10050223164757, Goods: 196, Land: 3184, Labour: 2829, Capital: 7327
Household 8: Income: 1962.660195924112, Goods: 283, Land: 9648, Labour: 6493, Capital: 9120
Household 9: Income: 32.35331007143419, Goods: 248, Land: 1224, Labour: 8178, Capital: 2401
Household 10: Income: 64.67861799497419, Goods: 177, Land: 8229, Labour: 9144, Capital: 7128
Firm 1: Money: -685.453680563271, Goods: 92, Land: 0, Labour: 0, Capital: 0, Goods Price: 33.81226126879567
Firm 2: Money: -1033.51177053302, Goods: 72, Land: 0, Labour: 0, Capital: 0, Goods Price: 41.02659420898924
Firm 3: Money: -1571.0516231418496, Goods: 89, Land: 0, Labour: 0, Capital: 0, Goods Price: 25.237521068615287
Firm 4: Money: -818.8576623660944, Goods: 86, Land: 0, Labour: 0, Capital: 0, Goods Price: 26.79955716503823
Firm 5: Money: -1031.2012844106584, Goods: 71, Land: 0, Labour: 0, Capital: 0, Goods Price: 37.659603583444934
Firm 6: Money: 1132.1031159956976, Goods: 29, Land: 0, Labour: 0, Capital: 0, Goods Price: 18.429071226905435
Firm 7: Money: 1607.2140608088869, Goods: 47, Land: 0, Labour: 0, Capital: 0, Goods Price: 33.38939421129528
Firm 8: Money: 1208.0730846464928, Goods: 45, Land: 0, Labour: 0, Capital: 0, Goods Price: 32.79954198620398
Firm 9: Money: 1117.8436720065206, Goods: 63, Land: 0, Labour: 0, Capital: 0, Goods Price: 21.83762274025291
Firm 10: Money: 495.7718814245573, Goods: 27, Land: 0, Labour: 0, Capital: 0, Goods Price: 21.670384725303155
Self.nfirms:  10
[0, 1, 2, 3, 4, 5, 6, 7, 8, 9]
^^^
sold
[0, 1, 2, 3, 4, 5, 6, 7, 8]
^^^
[0, 1, 2, 3, 4, 5, 6, 7]
^^^
sold
[0, 1, 2, 3, 5, 6, 7]
^^^
sold
[0, 1, 2, 3, 5, 7]
^^^
sold
[0, 1, 3, 5, 7]
^^^
sold
[0, 3, 5, 7]
^^^
[3, 5, 7]
^^^
[5, 7]
^^^
sold
[7]
^^^
sold
---
__
[0, 1, 2, 3, 4, 5, 6, 7, 8, 9]
[0, 1, 2, 3, 4, 5, 7, 8, 9]
[1, 2, 3, 4, 5, 7, 8, 9]
[1, 2, 3, 4, 5, 8, 9]
[1, 2, 3, 4, 5, 9]
[1, 2, 3, 4, 5]
[1, 2, 3, 5]
[2, 3, 5]
[2, 3]
[2]
producing
producing
producing
producing
producing
producing
producing
producing
producing
producing
Day 286:
Household 1: Income: 45.856145437546076, Goods: 90, Land: 2414, Labour: 5018, Capital: 5467
Household 2: Income: 864.4054997212293, Goods: 283, Land: 7475, Labour: 7134, Capital: 6217
Household 3: Income: 2327.287691153969, Goods: 284, Land: 9053, Labour: 2854, Capital: 2914
Household 4: Income: 23.86544170001018, Goods: 134, Land: 3961, Labour: 8398, Capital: 1363
Household 5: Income: 319.96429175739394, Goods: 275, Land: 5994, Labour: 9495, Capital: 3784
Household 6: Income: 37.991065182412214, Goods: 263, Land: 3963, Labour: 4003, Capital: 1505
Household 7: Income: 56.59769082471446, Goods: 197, Land: 3183, Labour: 2828, Capital: 7326
Household 8: Income: 1974.8433766496923, Goods: 284, Land: 9647, Labour: 6492, Capital: 9119
Household 9: Income: 44.13020933016424, Goods: 248, Land: 1223, Labour: 8177, Capital: 2400
Household 10: Income: 69.12198811139939, Goods: 178, Land: 8228, Labour: 9143, Capital: 7127
Firm 1: Money: -712.093744710271, Goods: 93, Land: 0, Labour: 0, Capital: 0, Goods Price: 35.532374927289105
Firm 2: Money: -1012.2775318356925, Goods: 72, Land: 0, Labour: 0, Capital: 0, Goods Price: 18.658597586721417
Firm 3: Money: -1605.8734296937646, Goods: 90, Land: 0, Labour: 0, Capital: 0, Goods Price: 42.126772157798904
Firm 4: Money: -814.7296939279391, Goods: 86, Land: 0, Labour: 0, Capital: 0, Goods Price: 26.79955716503823
Firm 5: Money: -1024.7325851549642, Goods: 71, Land: 0, Labour: 0, Capital: 0, Goods Price: 32.91921337622873
Firm 6: Money: 1130.936213016794, Goods: 29, Land: 0, Labour: 0, Capital: 0, Goods Price: 20.50967707783826
Firm 7: Money: 1616.550936768234, Goods: 47, Land: 0, Labour: 0, Capital: 0, Goods Price: 30.21592938919691
Firm 8: Money: 1207.0749470828719, Goods: 46, Land: 0, Labour: 0, Capital: 0, Goods Price: 9.09821172073078
Firm 9: Money: 1125.1227416019642, Goods: 63, Land: 0, Labour: 0, Capital: 0, Goods Price: 20.11750908175948
Firm 10: Money: 493.0157920766562, Goods: 27, Land: 0, Labour: 0, Capital: 0, Goods Price: 23.36741361269315
Self.nfirms:  10
[0, 1, 2, 3, 4, 5, 6, 7, 8, 9]
^^^
sold
[0, 1, 2, 3, 4, 5, 7, 8, 9]
^^^
sold
[0, 1, 2, 3, 5, 7, 8, 9]
^^^
sold
[0, 1, 2, 3, 7, 8, 9]
^^^
sold
[0, 2, 3, 7, 8, 9]
^^^
sold
[0, 3, 7, 8, 9]
^^^
sold
[0, 3, 8, 9]
^^^
sold
[0, 3, 9]
^^^
[0, 9]
^^^
[0]
^^^
---
__
[0, 1, 2, 3, 4, 5, 6, 7, 8, 9]
[0, 1, 2, 3, 4, 5, 6, 7, 8]
[0, 1, 2, 3, 5, 6, 7, 8]
[1, 2, 3, 5, 6, 7, 8]
[1, 2, 3, 5, 7, 8]
[1, 2, 3, 7, 8]
[1, 3, 7, 8]
[3, 7, 8]
[3, 7]
[3]
producing
producing
producing
producing
producing
producing
producing
producing
producing
producing
Day 287:
Household 1: Income: 18.99422171648449, Goods: 91, Land: 2413, Labour: 5017, Capital: 5466
Household 2: Income: 868.840663668968, Goods: 284, Land: 7474, Labour: 7133, Capital: 6216
Household 3: Income: 2328.1422666757767, Goods: 285, Land: 9052, Labour: 2853, Capital: 2913
Household 4: Income: 50.93345576457198, Goods: 134, Land: 3960, Labour: 8397, Capital: 1362
Household 5: Income: 323.2915407285753, Goods: 276, Land: 5993, Labour: 9494, Capital: 3783
Household 6: Income: 17.593450052856777, Goods: 264, Land: 3962, Labour: 4002, Capital: 1504
Household 7: Income: 20.61221722860929, Goods: 198, Land: 3182, Labour: 2827, Capital: 7325
Household 8: Income: 1983.6101851511141, Goods: 285, Land: 9646, Labour: 6491, Capital: 9118
Household 9: Income: 60.49769604248537, Goods: 249, Land: 1222, Labour: 8176, Capital: 2399
Household 10: Income: 55.14010648719747, Goods: 179, Land: 8227, Labour: 9142, Capital: 7126
Firm 1: Money: -705.267130728054, Goods: 93, Land: 0, Labour: 0, Capital: 0, Goods Price: 35.96032484485077
Firm 2: Money: -1013.4112897606328, Goods: 72, Land: 0, Labour: 0, Capital: 0, Goods Price: 18.658597586721417
Firm 3: Money: -1601.35011797396, Goods: 90, Land: 0, Labour: 0, Capital: 0, Goods Price: 42.126772157798904
Firm 4: Money: -802.9413033499783, Goods: 86, Land: 0, Labour: 0, Capital: 0, Goods Price: 26.79955716503823
Firm 5: Money: -1049.1339079270035, Goods: 72, Land: 0, Labour: 0, Capital: 0, Goods Price: 27.767378701027823
Firm 6: Money: 1137.7317337286345, Goods: 29, Land: 0, Labour: 0, Capital: 0, Goods Price: 22.206705965228252
Firm 7: Money: 1645.7411186899008, Goods: 47, Land: 0, Labour: 0, Capital: 0, Goods Price: 6.131336997412615
Firm 8: Money: 1190.4093153134963, Goods: 46, Land: 0, Labour: 0, Capital: 0, Goods Price: 32.79954198620398
Firm 9: Money: 1127.7023723009797, Goods: 63, Land: 0, Labour: 0, Capital: 0, Goods Price: 21.83762274025291
Firm 10: Money: 509.9204512823974, Goods: 27, Land: 0, Labour: 0, Capital: 0, Goods Price: 6.341449680623664
Self.nfirms:  10
[0, 1, 2, 3, 4, 5, 6, 7, 8, 9]
^^^
[0, 1, 2, 4, 5, 6, 7, 8, 9]
^^^
[0, 1, 2, 4, 6, 7, 8, 9]
^^^
[1, 2, 4, 6, 7, 8, 9]
^^^
sold
[1, 2, 4, 6, 8, 9]
^^^
sold
[1, 2, 4, 6, 8]
^^^
sold
[1, 2, 4, 6]
^^^
sold
[1, 2, 6]
^^^
sold
[1, 6]
^^^
[1]
^^^
sold
---
__
[0, 1, 2, 3, 4, 5, 6, 7, 8, 9]
[0, 2, 3, 4, 5, 6, 7, 8, 9]
[0, 2, 3, 4, 5, 7, 8, 9]
[0, 2, 3, 4, 5, 7, 8]
[0, 2, 3, 5, 7, 8]
[0, 2, 3, 7, 8]
[0, 3, 7, 8]
[0, 7, 8]
[7, 8]
[7]
producing
producing
producing
producing
producing
producing
producing
producing
producing
producing
Day 288:
Household 1: Income: 11.40717919104573, Goods: 92, Land: 2412, Labour: 5016, Capital: 5465
Household 2: Income: 890.5119042319872, Goods: 285, Land: 7473, Labour: 7132, Capital: 6215
Household 3: Income: 2333.7391018992275, Goods: 286, Land: 9051, Labour: 2852, Capital: 2912
Household 4: Income: 38.56696326116285, Goods: 135, Land: 3959, Labour: 8396, Capital: 1361
Household 5: Income: 312.47784530027405, Goods: 277, Land: 5992, Labour: 9493, Capital: 3782
Household 6: Income: 49.06925726203259, Goods: 264, Land: 3961, Labour: 4001, Capital: 1503
Household 7: Income: 33.76580162833399, Goods: 198, Land: 3181, Labour: 2826, Capital: 7324
Household 8: Income: 1986.0204091665478, Goods: 286, Land: 9645, Labour: 6490, Capital: 9117
Household 9: Income: 64.12577173528437, Goods: 250, Land: 1221, Labour: 8175, Capital: 2398
Household 10: Income: 20.734762960164367, Goods: 180, Land: 8226, Labour: 9141, Capital: 7125
Firm 1: Money: -707.6773547434875, Goods: 93, Land: 0, Labour: 0, Capital: 0, Goods Price: 43.10192830186962
Firm 2: Money: -1044.8870969698087, Goods: 73, Land: 0, Labour: 0, Capital: 0, Goods Price: 33.81723845395895
Firm 3: Money: -1581.5176852340437, Goods: 90, Land: 0, Labour: 0, Capital: 0, Goods Price: 25.237521068615287
Firm 4: Money: -791.1529127720174, Goods: 86, Land: 0, Labour: 0, Capital: 0, Goods Price: 26.79955716503823
Firm 5: Money: -1073.5352306990428, Goods: 73, Land: 0, Labour: 0, Capital: 0, Goods Price: 27.767378701027823
Firm 6: Money: 1142.743989828618, Goods: 29, Land: 0, Labour: 0, Capital: 0, Goods Price: 18.429071226905435
Firm 7: Money: 1625.006670232817, Goods: 47, Land: 0, Labour: 0, Capital: 0, Goods Price: 33.02919659174505
Firm 8: Money: 1195.0342003008827, Goods: 46, Land: 0, Labour: 0, Capital: 0, Goods Price: 32.79954198620398
Firm 9: Money: 1148.086756379866, Goods: 63, Land: 0, Labour: 0, Capital: 0, Goods Price: 8.729472823383878
Firm 10: Money: 514.5367121325761, Goods: 27, Land: 0, Labour: 0, Capital: 0, Goods Price: 6.341449680623664
Self.nfirms:  10
[0, 1, 2, 3, 4, 5, 6, 7, 8, 9]
^^^
sold
[0, 1, 2, 3, 4, 5, 7, 8, 9]
^^^
sold
[0, 1, 2, 3, 4, 5, 7, 9]
^^^
[1, 2, 3, 4, 5, 7, 9]
^^^
sold
[1, 3, 4, 5, 7, 9]
^^^
sold
[1, 3, 5, 7, 9]
^^^
sold
[3, 5, 7, 9]
^^^
sold
[3, 5, 9]
^^^
[5, 9]
^^^
sold
[9]
^^^
---
__
[0, 1, 2, 3, 4, 5, 6, 7, 8, 9]
[1, 2, 3, 4, 5, 6, 7, 8, 9]
[1, 2, 3, 4, 5, 6, 8, 9]
[1, 3, 4, 5, 6, 8, 9]
[1, 4, 5, 6, 8, 9]
[1, 5, 6, 8, 9]
[1, 5, 6, 8]
[1, 5, 8]
[1, 8]
[8]
producing
producing
producing
producing
producing
producing
producing
producing
producing
producing
Day 289:
Household 1: Income: 27.724345532984014, Goods: 92, Land: 2411, Labour: 5015, Capital: 5464
Household 2: Income: 891.4461172391821, Goods: 286, Land: 7472, Labour: 7131, Capital: 6214
Household 3: Income: 2372.5702438721705, Goods: 287, Land: 9050, Labour: 2851, Capital: 2911
Household 4: Income: 23.970670141492388, Goods: 136, Land: 3958, Labour: 8395, Capital: 1360
Household 5: Income: 323.3396693873446, Goods: 278, Land: 5991, Labour: 9492, Capital: 3781
Household 6: Income: 21.10208875789664, Goods: 265, Land: 3960, Labour: 4000, Capital: 1502
Household 7: Income: 40.86309189303851, Goods: 199, Land: 3180, Labour: 2825, Capital: 7323
Household 8: Income: 1996.6235793258043, Goods: 287, Land: 9644, Labour: 6489, Capital: 9116
Household 9: Income: 49.846729425418665, Goods: 251, Land: 1220, Labour: 8174, Capital: 2397
Household 10: Income: 38.628737567105276, Goods: 180, Land: 8225, Labour: 9140, Capital: 7124
Firm 1: Money: -700.4227908437088, Goods: 93, Land: 0, Labour: 0, Capital: 0, Goods Price: 43.10192830186962
Firm 2: Money: -1030.4901345891255, Goods: 73, Land: 0, Labour: 0, Capital: 0, Goods Price: 18.658597586721417
Firm 3: Money: -1590.7101597813244, Goods: 90, Land: 0, Labour: 0, Capital: 0, Goods Price: 38.953307335700536
Firm 4: Money: -806.5494574560375, Goods: 86, Land: 0, Labour: 0, Capital: 0, Goods Price: 49.42062596490497
Firm 5: Money: -1079.481940783959, Goods: 73, Land: 0, Labour: 0, Capital: 0, Goods Price: 32.91921337622873
Firm 6: Money: 1139.803897278859, Goods: 29, Land: 0, Labour: 0, Capital: 0, Goods Price: 23.169461434121647
Firm 7: Money: 1628.1418541039907, Goods: 48, Land: 0, Labour: 0, Capital: 0, Goods Price: 6.131336997412615
Firm 8: Money: 1169.2184941566302, Goods: 47, Land: 0, Labour: 0, Capital: 0, Goods Price: 33.91578030136212
Firm 9: Money: 1146.0508527111392, Goods: 63, Land: 0, Labour: 0, Capital: 0, Goods Price: 21.83762274025291
Firm 10: Money: 505.3811571535193, Goods: 27, Land: 0, Labour: 0, Capital: 0, Goods Price: 14.437944199169422
Self.nfirms:  10
[0, 1, 2, 3, 4, 5, 6, 7, 8, 9]
^^^
sold
[0, 1, 3, 4, 5, 6, 7, 8, 9]
^^^
sold
[0, 1, 3, 4, 5, 6, 8, 9]
^^^
sold
[0, 1, 3, 5, 6, 8, 9]
^^^
[0, 1, 3, 5, 8, 9]
^^^
[0, 1, 5, 8, 9]
^^^
[0, 1, 8, 9]
^^^
sold
[0, 8, 9]
^^^
sold
[0, 9]
^^^
[9]
^^^
---
__
[0, 1, 2, 3, 4, 5, 6, 7, 8, 9]
[0, 1, 2, 3, 4, 5, 6, 7, 9]
[0, 1, 2, 3, 4, 5, 6, 7]
[0, 1, 2, 3, 4, 5, 6]
[1, 2, 3, 4, 5, 6]
[1, 2, 3, 4, 6]
[2, 3, 4, 6]
[2, 3, 4]
[2, 4]
[4]
producing
producing
producing
producing
producing
producing
producing
producing
producing
producing
Day 290:
Household 1: Income: 46.235002921163236, Goods: 92, Land: 2410, Labour: 5014, Capital: 5463
Household 2: Income: 882.4834513681323, Goods: 287, Land: 7471, Labour: 7130, Capital: 6213
Household 3: Income: 2347.5760919804698, Goods: 288, Land: 9049, Labour: 2850, Capital: 2910
Household 4: Income: 0.39954853974769033, Goods: 137, Land: 3957, Labour: 8394, Capital: 1359
Household 5: Income: 331.38625414276265, Goods: 279, Land: 5990, Labour: 9491, Capital: 3780
Household 6: Income: 30.823952140913867, Goods: 265, Land: 3959, Labour: 3999, Capital: 1501
Household 7: Income: 59.35982461027584, Goods: 200, Land: 3179, Labour: 2824, Capital: 7322
Household 8: Income: 2006.2487864204954, Goods: 288, Land: 9643, Labour: 6488, Capital: 9115
Household 9: Income: 43.52403122904303, Goods: 252, Land: 1219, Labour: 8173, Capital: 2396
Household 10: Income: 16.232789917194605, Goods: 181, Land: 8224, Labour: 9139, Capital: 7123
Firm 1: Money: -691.460124972659, Goods: 93, Land: 0, Labour: 0, Capital: 0, Goods Price: 39.92846347977125
Firm 2: Money: -1032.3096346830462, Goods: 73, Land: 0, Labour: 0, Capital: 0, Goods Price: 18.658597586721417
Firm 3: Money: -1616.242299300165, Goods: 91, Land: 0, Labour: 0, Capital: 0, Goods Price: 32.83710512472495
Firm 4: Money: -779.6803543448322, Goods: 86, Land: 0, Labour: 0, Capital: 0, Goods Price: 26.79955716503823
Firm 5: Money: -1077.1802605159833, Goods: 73, Land: 0, Labour: 0, Capital: 0, Goods Price: 32.91921337622873
Firm 6: Money: 1130.0820338958415, Goods: 30, Land: 0, Labour: 0, Capital: 0, Goods Price: 14.997350210197961
Firm 7: Money: 1615.0754054912848, Goods: 48, Land: 0, Labour: 0, Capital: 0, Goods Price: 33.38939421129528
Firm 8: Money: 1206.9334705848582, Goods: 47, Land: 0, Labour: 0, Capital: 0, Goods Price: 9.09821172073078
Firm 9: Money: 1151.6107720916411, Goods: 63, Land: 0, Labour: 0, Capital: 0, Goods Price: 27.349949607893212
Firm 10: Money: 495.9583035752812, Goods: 27, Land: 0, Labour: 0, Capital: 0, Goods Price: 23.36741361269315
Self.nfirms:  10
[0, 1, 2, 3, 4, 5, 6, 7, 8, 9]
^^^
sold
[0, 1, 2, 3, 5, 6, 7, 8, 9]
^^^
sold
[0, 1, 2, 3, 5, 7, 8, 9]
^^^
sold
[0, 1, 2, 3, 7, 8, 9]
^^^
[1, 2, 3, 7, 8, 9]
^^^
sold
[2, 3, 7, 8, 9]
^^^
[2, 7, 8, 9]
^^^
sold
[7, 8, 9]
^^^
sold
[7, 9]
^^^
sold
[9]
^^^
---
__
[0, 1, 2, 3, 4, 5, 6, 7, 8, 9]
[0, 1, 2, 3, 4, 5, 6, 7, 9]
[0, 1, 2, 4, 5, 6, 7, 9]
[0, 1, 4, 5, 6, 7, 9]
[0, 1, 4, 5, 6, 7]
[0, 1, 4, 5, 6]
[1, 4, 5, 6]
[1, 4, 5]
[4, 5]
[4]
producing
producing
producing
producing
producing
producing
producing
producing
producing
producing
Day 291:
Household 1: Income: 22.231271026921576, Goods: 93, Land: 2409, Labour: 5013, Capital: 5462
Household 2: Income: 890.6063013142385, Goods: 288, Land: 7470, Labour: 7129, Capital: 6212
Household 3: Income: 2358.666820182983, Goods: 289, Land: 9048, Labour: 2849, Capital: 2909
Household 4: Income: 18.91020592792691, Goods: 137, Land: 3956, Labour: 8393, Capital: 1358
Household 5: Income: 334.78891823273585, Goods: 280, Land: 5989, Labour: 9490, Capital: 3779
Household 6: Income: 45.27890864387844, Goods: 266, Land: 3958, Labour: 3998, Capital: 1500
Household 7: Income: 64.34468633570243, Goods: 201, Land: 3178, Labour: 2823, Capital: 7321
Household 8: Income: 2016.4789338408054, Goods: 289, Land: 9642, Labour: 6487, Capital: 9114
Household 9: Income: 22.65515187292027, Goods: 253, Land: 1218, Labour: 8172, Capital: 2395
Household 10: Income: 13.097606046020857, Goods: 181, Land: 8223, Labour: 9138, Capital: 7122
Firm 1: Money: -725.3095448746893, Goods: 94, Land: 0, Labour: 0, Capital: 0, Goods Price: 42.74173068231939
Firm 2: Money: -1046.7645911860106, Goods: 73, Land: 0, Labour: 0, Capital: 0, Goods Price: 33.81723845395895
Firm 3: Money: -1619.6449633901382, Goods: 91, Land: 0, Labour: 0, Capital: 0, Goods Price: 40.069545650858686
Firm 4: Money: -775.4323200334935, Goods: 86, Land: 0, Labour: 0, Capital: 0, Goods Price: 26.79955716503823
Firm 5: Money: -1106.7334179632237, Goods: 74, Land: 0, Labour: 0, Capital: 0, Goods Price: 32.91921337622873
Firm 6: Money: 1126.8005008318366, Goods: 30, Land: 0, Labour: 0, Capital: 0, Goods Price: 19.393438762680113
Firm 7: Money: 1650.5356079127414, Goods: 48, Land: 0, Labour: 0, Capital: 0, Goods Price: 6.131336997412615
Firm 8: Money: 1211.9304350106306, Goods: 47, Land: 0, Labour: 0, Capital: 0, Goods Price: 9.09821172073078
Firm 9: Money: 1155.1125015216508, Goods: 63, Land: 0, Labour: 0, Capital: 0, Goods Price: 29.40717611483343
Firm 10: Money: 509.5040338389836, Goods: 27, Land: 0, Labour: 0, Capital: 0, Goods Price: 14.437944199169422
Self.nfirms:  10
[0, 1, 2, 3, 4, 5, 6, 7, 8, 9]
^^^
[1, 2, 3, 4, 5, 6, 7, 8, 9]
^^^
sold
[1, 2, 3, 4, 5, 7, 8, 9]
^^^
sold
[2, 3, 4, 5, 7, 8, 9]
^^^
sold
[3, 4, 5, 7, 8, 9]
^^^
[3, 4, 5, 7, 9]
^^^
sold
[3, 4, 7, 9]
^^^
[4, 7, 9]
^^^
sold
[4, 9]
^^^
[4]
^^^
---
__
[0, 1, 2, 3, 4, 5, 6, 7, 8, 9]
[0, 1, 2, 3, 4, 6, 7, 8, 9]
[0, 1, 2, 3, 4, 6, 7, 9]
[0, 1, 2, 3, 4, 6, 7]
[0, 1, 2, 3, 4, 6]
[0, 1, 3, 4, 6]
[0, 1, 4, 6]
[0, 1, 4]
[0, 4]
[0]
producing
producing
producing
producing
producing
producing
producing
producing
producing
producing
Day 292:
Household 1: Income: 24.65289195764224, Goods: 94, Land: 2408, Labour: 5012, Capital: 5461
Household 2: Income: 874.0101245271167, Goods: 289, Land: 7469, Labour: 7128, Capital: 6211
Household 3: Income: 2364.020615558077, Goods: 290, Land: 9047, Labour: 2848, Capital: 2908
Household 4: Income: 36.84276139065798, Goods: 137, Land: 3955, Labour: 8392, Capital: 1357
Household 5: Income: 330.305576410848, Goods: 281, Land: 5988, Labour: 9489, Capital: 3778
Household 6: Income: 17.35117769472281, Goods: 267, Land: 3957, Labour: 3997, Capital: 1499
Household 7: Income: 56.609952018163554, Goods: 202, Land: 3177, Labour: 2822, Capital: 7320
Household 8: Income: 2056.0004519896925, Goods: 290, Land: 9641, Labour: 6486, Capital: 9113
Household 9: Income: 47.575102361426985, Goods: 253, Land: 1217, Labour: 8171, Capital: 2394
Household 10: Income: 9.96242217484711, Goods: 181, Land: 8222, Labour: 9137, Capital: 7121
Firm 1: Money: -709.1255115613868, Goods: 94, Land: 0, Labour: 0, Capital: 0, Goods Price: 33.81226126879567
Firm 2: Money: -1032.3676288053275, Goods: 73, Land: 0, Labour: 0, Capital: 0, Goods Price: 18.658597586721417
Firm 3: Money: -1600.2896270880901, Goods: 91, Land: 0, Labour: 0, Capital: 0, Goods Price: 25.237521068615287
Firm 4: Money: -786.6251958749496, Goods: 86, Land: 0, Labour: 0, Capital: 0, Goods Price: 49.7808235844552
Firm 5: Money: -1136.2865754104641, Goods: 75, Land: 0, Labour: 0, Capital: 0, Goods Price: 32.91921337622873
Firm 6: Money: 1128.0351221934973, Goods: 30, Land: 0, Labour: 0, Capital: 0, Goods Price: 19.393438762680113
Firm 7: Money: 1655.641197442624, Goods: 48, Land: 0, Labour: 0, Capital: 0, Goods Price: 6.131336997412615
Firm 8: Money: 1200.0102742775957, Goods: 47, Land: 0, Labour: 0, Capital: 0, Goods Price: 33.91578030136212
Firm 9: Money: 1134.4061328493967, Goods: 64, Land: 0, Labour: 0, Capital: 0, Goods Price: 29.046978495283202
Firm 10: Money: 496.3277809863301, Goods: 28, Land: 0, Labour: 0, Capital: 0, Goods Price: 16.158057857662854
Self.nfirms:  10
[0, 1, 2, 3, 4, 5, 6, 7, 8, 9]
^^^
sold
[0, 1, 2, 3, 5, 6, 7, 8, 9]
^^^
[0, 1, 2, 3, 5, 7, 8, 9]
^^^
sold
[0, 1, 2, 3, 5, 7, 9]
^^^
[0, 1, 2, 3, 5, 7]
^^^
sold
[0, 2, 3, 5, 7]
^^^
[0, 2, 5, 7]
^^^
[0, 2, 7]
^^^
sold
[0, 2]
^^^
sold
[0]
^^^
---
__
[0, 1, 2, 3, 4, 5, 6, 7, 8, 9]
[0, 1, 2, 3, 4, 5, 6, 8, 9]
[0, 2, 3, 4, 5, 6, 8, 9]
[0, 2, 3, 5, 6, 8, 9]
[0, 2, 3, 5, 6, 9]
[0, 2, 3, 5, 9]
[2, 3, 5, 9]
[2, 3, 9]
[3, 9]
[3]
producing
producing
producing
producing
producing
producing
producing
producing
producing
producing
Day 293:
Household 1: Income: 25.651029521263283, Goods: 94, Land: 2407, Labour: 5011, Capital: 5460
Household 2: Income: 873.7149789401072, Goods: 290, Land: 7468, Labour: 7127, Capital: 6210
Household 3: Income: 2372.9343827190073, Goods: 291, Land: 9046, Labour: 2847, Capital: 2907
Household 4: Income: 20.943771085992786, Goods: 138, Land: 3954, Labour: 8391, Capital: 1356
Household 5: Income: 349.7750987375492, Goods: 282, Land: 5987, Labour: 9488, Capital: 3777
Household 6: Income: 33.9044976628512, Goods: 267, Land: 3956, Labour: 3996, Capital: 1498
Household 7: Income: 51.4649549568041, Goods: 203, Land: 3176, Labour: 2821, Capital: 7319
Household 8: Income: 2062.0639765040823, Goods: 291, Land: 9640, Labour: 6485, Capital: 9112
Household 9: Income: 61.44829603428147, Goods: 254, Land: 1216, Labour: 8170, Capital: 2393
Household 10: Income: 13.322066850461507, Goods: 181, Land: 8221, Labour: 9136, Capital: 7120
Firm 1: Money: -711.506506772752, Goods: 94, Land: 0, Labour: 0, Capital: 0, Goods Price: 41.0447017949294
Firm 2: Money: -1048.9790607742434, Goods: 73, Land: 0, Labour: 0, Capital: 0, Goods Price: 41.02659420898924
Firm 3: Money: -1635.111433640005, Goods: 92, Land: 0, Labour: 0, Capital: 0, Goods Price: 42.126772157798904
Firm 4: Money: -818.8274526494719, Goods: 87, Land: 0, Labour: 0, Capital: 0, Goods Price: 40.49115655138125
Firm 5: Money: -1138.0458183559542, Goods: 75, Land: 0, Labour: 0, Capital: 0, Goods Price: 33.8835809120034
Firm 6: Money: 1151.2067508698271, Goods: 30, Land: 0, Labour: 0, Capital: 0, Goods Price: 0.43292125251868807
Firm 7: Money: 1650.1443022044987, Goods: 48, Land: 0, Labour: 0, Capital: 0, Goods Price: 25.819840836714757
Firm 8: Money: 1229.8248072839992, Goods: 47, Land: 0, Labour: 0, Capital: 0, Goods Price: 9.09821172073078
Firm 9: Money: 1117.4773989154655, Goods: 65, Land: 0, Labour: 0, Capital: 0, Goods Price: 25.269343756960385
Firm 10: Money: 505.65100499865497, Goods: 28, Land: 0, Labour: 0, Capital: 0, Goods Price: 6.341449680623664
Self.nfirms:  10
[0, 1, 2, 3, 4, 5, 6, 7, 8, 9]
^^^
[0, 1, 2, 4, 5, 6, 7, 8, 9]
^^^
sold
[0, 1, 2, 4, 5, 6, 7, 9]
^^^
[0, 1, 2, 4, 5, 7, 9]
^^^
[0, 1, 2, 4, 5, 7]
^^^
sold
[0, 1, 2, 4, 5]
^^^
sold
[0, 2, 4, 5]
^^^
sold
[0, 4, 5]
^^^
[0, 5]
^^^
sold
[0]
^^^
---
__
[0, 1, 2, 3, 4, 5, 6, 7, 8, 9]
[0, 1, 2, 3, 4, 5, 6, 7, 9]
[0, 1, 2, 3, 5, 6, 7, 9]
[0, 1, 2, 3, 5, 6, 7]
[0, 1, 2, 5, 6, 7]
[0, 1, 2, 5, 7]
[0, 2, 5, 7]
[2, 5, 7]
[2, 7]
[2]
producing
producing
producing
producing
producing
producing
producing
producing
producing
producing
Day 294:
Household 1: Income: 25.692326347787155, Goods: 95, Land: 2406, Labour: 5010, Capital: 5459
Household 2: Income: 870.5632122753037, Goods: 291, Land: 7467, Labour: 7126, Capital: 6209
Household 3: Income: 2352.8617655276453, Goods: 292, Land: 9045, Labour: 2846, Capital: 2906
Household 4: Income: 39.45442847417201, Goods: 138, Land: 3953, Labour: 8390, Capital: 1355
Household 5: Income: 324.7937911699298, Goods: 283, Land: 5986, Labour: 9487, Capital: 3776
Household 6: Income: 45.75411483086611, Goods: 268, Land: 3955, Labour: 3995, Capital: 1497
Household 7: Income: 21.71816395111985, Goods: 204, Land: 3175, Labour: 2820, Capital: 7318
Household 8: Income: 2053.0871331580165, Goods: 292, Land: 9639, Labour: 6484, Capital: 9111
Household 9: Income: 87.61188996161587, Goods: 255, Land: 1215, Labour: 8169, Capital: 2392
Household 10: Income: 48.134242221385335, Goods: 181, Land: 8220, Labour: 9135, Capital: 7119
Firm 1: Money: -709.3148458142666, Goods: 94, Land: 0, Labour: 0, Capital: 0, Goods Price: 43.704486151212784
Firm 2: Money: -1084.8509565359016, Goods: 74, Land: 0, Labour: 0, Capital: 0, Goods Price: 38.2133270064411
Firm 3: Money: -1621.6199107323844, Goods: 92, Land: 0, Labour: 0, Capital: 0, Goods Price: 32.83710512472495
Firm 4: Money: -793.3474626851679, Goods: 87, Land: 0, Labour: 0, Capital: 0, Goods Price: 26.79955716503823
Firm 5: Money: -1122.2600110203962, Goods: 75, Land: 0, Labour: 0, Capital: 0, Goods Price: 17.302898166729754
Firm 6: Money: 1133.6440773232862, Goods: 30, Land: 0, Labour: 0, Capital: 0, Goods Price: 22.206705965228252
Firm 7: Money: 1664.3359108056757, Goods: 48, Land: 0, Labour: 0, Capital: 0, Goods Price: 25.819840836714757
Firm 8: Money: 1242.722215131596, Goods: 47, Land: 0, Labour: 0, Capital: 0, Goods Price: 9.09821172073078
Firm 9: Money: 1098.4680591306017, Goods: 66, Land: 0, Labour: 0, Capital: 0, Goods Price: 27.349949607893212
Firm 10: Money: 489.60890157153443, Goods: 28, Land: 0, Labour: 0, Capital: 0, Goods Price: 23.727611232243373
Self.nfirms:  10
[0, 1, 2, 3, 4, 5, 6, 7, 8, 9]
^^^
[0, 1, 2, 3, 4, 5, 7, 8, 9]
^^^
sold
[0, 1, 2, 3, 4, 7, 8, 9]
^^^
sold
[0, 1, 2, 3, 4, 7, 9]
^^^
sold
[0, 2, 3, 4, 7, 9]
^^^
sold
[0, 2, 3, 7, 9]
^^^
[0, 2, 3, 7]
^^^
[2, 3, 7]
^^^
[2, 7]
^^^
sold
[7]
^^^
sold
---
__
[0, 1, 2, 3, 4, 5, 6, 7, 8, 9]
[0, 2, 3, 4, 5, 6, 7, 8, 9]
[0, 2, 3, 4, 5, 6, 7, 9]
[0, 2, 4, 5, 6, 7, 9]
[0, 2, 4, 5, 6, 7]
[0, 2, 4, 5, 6]
[0, 4, 5, 6]
[0, 5, 6]
[0, 6]
[0]
producing
producing
producing
producing
producing
producing
producing
producing
producing
producing
Day 295:
Household 1: Income: 43.624881810518225, Goods: 95, Land: 2405, Labour: 5009, Capital: 5458
Household 2: Income: 879.1476758674141, Goods: 292, Land: 7466, Labour: 7125, Capital: 6208
Household 3: Income: 2356.937695484081, Goods: 293, Land: 9044, Labour: 2845, Capital: 2905
Household 4: Income: 9.54424350838627, Goods: 139, Land: 3952, Labour: 8389, Capital: 1354
Household 5: Income: 334.6015305175791, Goods: 284, Land: 5985, Labour: 9486, Capital: 3775
Household 6: Income: 13.409238943180732, Goods: 269, Land: 3954, Labour: 3994, Capital: 1496
Household 7: Income: 22.71630151474089, Goods: 204, Land: 3174, Labour: 2819, Capital: 7317
Household 8: Income: 2068.895659003223, Goods: 293, Land: 9638, Labour: 6483, Capital: 9110
Household 9: Income: 95.77469022793804, Goods: 256, Land: 1214, Labour: 8168, Capital: 2391
Household 10: Income: 22.82294814831352, Goods: 182, Land: 8219, Labour: 9134, Capital: 7118
Firm 1: Money: -699.4004975582046, Goods: 94, Land: 0, Labour: 0, Capital: 0, Goods Price: 41.0447017949294
Firm 2: Money: -1059.5396624628297, Goods: 74, Land: 0, Labour: 0, Capital: 0, Goods Price: 18.658597586721417
Firm 3: Money: -1609.8184708017282, Goods: 92, Land: 0, Labour: 0, Capital: 0, Goods Price: 25.237521068615287
Firm 4: Money: -801.3668737045256, Goods: 87, Land: 0, Labour: 0, Capital: 0, Goods Price: 46.60735876235683
Firm 5: Money: -1130.4228112867181, Goods: 75, Land: 0, Labour: 0, Capital: 0, Goods Price: 27.767378701027823
Firm 6: Money: 1123.9222139402686, Goods: 31, Land: 0, Labour: 0, Capital: 0, Goods Price: 14.997350210197961
Firm 7: Money: 1662.9178867495082, Goods: 48, Land: 0, Labour: 0, Capital: 0, Goods Price: 33.02919659174505
Firm 8: Money: 1246.661357950002, Goods: 47, Land: 0, Labour: 0, Capital: 0, Goods Price: 9.09821172073078
Firm 9: Money: 1098.0791961302475, Goods: 67, Land: 0, Labour: 0, Capital: 0, Goods Price: 8.729472823383878
Firm 10: Money: 488.5498411110235, Goods: 28, Land: 0, Labour: 0, Capital: 0, Goods Price: 23.727611232243373
Self.nfirms:  10
[0, 1, 2, 3, 4, 5, 6, 7, 8, 9]
^^^
sold
[0, 1, 2, 3, 4, 5, 6, 8, 9]
^^^
sold
[0, 2, 3, 4, 5, 6, 8, 9]
^^^
sold
[0, 2, 3, 5, 6, 8, 9]
^^^
[0, 2, 3, 5, 6, 8]
^^^
[0, 2, 3, 5, 8]
^^^
sold
[0, 2, 3, 5]
^^^
sold
[0, 2, 3]
^^^
[2, 3]
^^^
sold
[3]
^^^
---
__
[0, 1, 2, 3, 4, 5, 6, 7, 8, 9]
[1, 2, 3, 4, 5, 6, 7, 8, 9]
[1, 2, 4, 5, 6, 7, 8, 9]
[2, 4, 5, 6, 7, 8, 9]
[2, 4, 5, 6, 7, 8]
[2, 5, 6, 7, 8]
[5, 6, 7, 8]
[5, 7, 8]
[5, 7]
[5]
producing
producing
producing
producing
producing
producing
producing
producing
producing
producing
Day 296:
Household 1: Income: 28.77011350388508, Goods: 96, Land: 2404, Labour: 5008, Capital: 5457
Household 2: Income: 874.906365999842, Goods: 293, Land: 7465, Labour: 7124, Capital: 6207
Household 3: Income: 2376.7815722952437, Goods: 294, Land: 9043, Labour: 2844, Capital: 2904
Household 4: Income: 10.542381072007313, Goods: 139, Land: 3951, Labour: 8388, Capital: 1353
Household 5: Income: 347.48916535475104, Goods: 285, Land: 5984, Labour: 9485, Capital: 3774
Household 6: Income: 32.438949430840026, Goods: 270, Land: 3953, Labour: 3993, Capital: 1495
Household 7: Income: 35.86988591446559, Goods: 204, Land: 3173, Labour: 2818, Capital: 7316
Household 8: Income: 2050.572104922279, Goods: 294, Land: 9637, Labour: 6482, Capital: 9109
Household 9: Income: 98.82738073860494, Goods: 257, Land: 1213, Labour: 8167, Capital: 2390
Household 10: Income: 57.635123519237354, Goods: 182, Land: 8218, Labour: 9133, Capital: 7117
Firm 1: Money: -734.2126729291284, Goods: 95, Land: 0, Labour: 0, Capital: 0, Goods Price: 43.704486151212784
Firm 2: Money: -1074.6776238923107, Goods: 74, Land: 0, Labour: 0, Capital: 0, Goods Price: 32.09712479546552
Firm 3: Money: -1622.1456683968152, Goods: 92, Land: 0, Labour: 0, Capital: 0, Goods Price: 41.766574538248676
Firm 4: Money: -777.4311036690517, Goods: 87, Land: 0, Labour: 0, Capital: 0, Goods Price: 26.79955716503823
Firm 5: Money: -1129.8412446772356, Goods: 75, Land: 0, Labour: 0, Capital: 0, Goods Price: 29.48749235952126
Firm 6: Money: 1128.9830425227917, Goods: 31, Land: 0, Labour: 0, Capital: 0, Goods Price: 18.429071226905435
Firm 7: Money: 1638.7950134067992, Goods: 49, Land: 0, Labour: 0, Capital: 0, Goods Price: 33.38939421129528
Firm 8: Money: 1251.2862429373881, Goods: 47, Land: 0, Labour: 0, Capital: 0, Goods Price: 9.09821172073078
Firm 9: Money: 1087.2778206034152, Goods: 67, Land: 0, Labour: 0, Capital: 0, Goods Price: 26.233711292735062
Firm 10: Money: 485.1901964354092, Goods: 29, Land: 0, Labour: 0, Capital: 0, Goods Price: 6.341449680623664
Self.nfirms:  10
[0, 1, 2, 3, 4, 5, 6, 7, 8, 9]
^^^
sold
[0, 1, 2, 3, 5, 6, 7, 8, 9]
^^^
sold
[0, 1, 3, 5, 6, 7, 8, 9]
^^^
sold
[0, 1, 3, 5, 6, 8, 9]
^^^
sold
[0, 3, 5, 6, 8, 9]
^^^
sold
[0, 3, 5, 8, 9]
^^^
[0, 3, 5, 8]
^^^
[0, 5, 8]
^^^
sold
[0, 5]
^^^
sold
[0]
^^^
---
__
[0, 1, 2, 3, 4, 5, 6, 7, 8, 9]
[0, 2, 3, 4, 5, 6, 7, 8, 9]
[0, 2, 3, 4, 5, 6, 8, 9]
[0, 3, 4, 5, 6, 8, 9]
[0, 4, 5, 6, 8, 9]
[4, 5, 6, 8, 9]
[4, 5, 6, 8]
[4, 5, 6]
[4, 5]
[5]
producing
producing
producing
producing
producing
producing
producing
producing
producing
producing
Day 297:
Household 1: Income: 25.634929632711334, Goods: 96, Land: 2403, Labour: 5007, Capital: 5456
Household 2: Income: 852.1980910496724, Goods: 294, Land: 7464, Labour: 7123, Capital: 6206
Household 3: Income: 2382.101461499671, Goods: 295, Land: 9042, Labour: 2843, Capital: 2903
Household 4: Income: 23.7148497253515, Goods: 140, Land: 3950, Labour: 8387, Capital: 1352
Household 5: Income: 363.1335622320301, Goods: 286, Land: 5983, Labour: 9484, Capital: 3773
Household 6: Income: 33.39857557684497, Goods: 271, Land: 3952, Labour: 3992, Capital: 1494
Household 7: Income: 23.58211324925389, Goods: 205, Land: 3172, Labour: 2817, Capital: 7315
Household 8: Income: 2057.457718017432, Goods: 295, Land: 9636, Labour: 6481, Capital: 9108
Household 9: Income: 66.12693158589242, Goods: 258, Land: 1212, Labour: 8166, Capital: 2389
Household 10: Income: 35.63780791728981, Goods: 183, Land: 8217, Labour: 9132, Capital: 7116
Firm 1: Money: -720.6793105738151, Goods: 95, Land: 0, Labour: 0, Capital: 0, Goods Price: 35.96032484485077
Firm 2: Money: -1063.058596777487, Goods: 74, Land: 0, Labour: 0, Capital: 0, Goods Price: 18.658597586721417
Firm 3: Money: -1616.2652760714939, Goods: 92, Land: 0, Labour: 0, Capital: 0, Goods Price: 42.126772157798904
Firm 4: Money: -770.7799507727029, Goods: 87, Land: 0, Labour: 0, Capital: 0, Goods Price: 26.79955716503823
Firm 5: Money: -1155.9626811077685, Goods: 76, Land: 0, Labour: 0, Capital: 0, Goods Price: 29.48749235952126
Firm 6: Money: 1136.6287101390938, Goods: 31, Land: 0, Labour: 0, Capital: 0, Goods Price: 13.277236551704526
Firm 7: Money: 1680.2446792218586, Goods: 49, Land: 0, Labour: 0, Capital: 0, Goods Price: 6.131336997412615
Firm 8: Money: 1237.669053316963, Goods: 47, Land: 0, Labour: 0, Capital: 0, Goods Price: 35.61280918875211
Firm 9: Money: 1091.577564960924, Goods: 67, Land: 0, Labour: 0, Capital: 0, Goods Price: 26.233711292735062
Firm 10: Money: 484.6968122706949, Goods: 29, Land: 0, Labour: 0, Capital: 0, Goods Price: 6.341449680623664
Self.nfirms:  10
[0, 1, 2, 3, 4, 5, 6, 7, 8, 9]
^^^
sold
[0, 1, 2, 3, 4, 5, 6, 8, 9]
^^^
sold
[0, 1, 2, 3, 5, 6, 8, 9]
^^^
sold
[0, 2, 3, 5, 6, 8, 9]
^^^
sold
[0, 3, 5, 6, 8, 9]
^^^
[0, 3, 5, 8, 9]
^^^
sold
[0, 3, 5, 9]
^^^
sold
[0, 3, 9]
^^^
sold
[0, 3]
^^^
[0]
^^^
---
__
[0, 1, 2, 3, 4, 5, 6, 7, 8, 9]
[0, 1, 2, 3, 4, 5, 6, 8, 9]
[0, 1, 2, 3, 4, 5, 8, 9]
[0, 1, 2, 3, 4, 5, 9]
[0, 1, 3, 4, 5, 9]
[0, 1, 4, 5, 9]
[0, 1, 4, 5]
[0, 1, 5]
[0, 5]
[0]
producing
producing
producing
producing
producing
producing
producing
producing
producing
producing
Day 298:
Household 1: Income: 26.023792633065792, Goods: 96, Land: 2402, Labour: 5006, Capital: 5455
Household 2: Income: 870.1192723042079, Goods: 295, Land: 7463, Labour: 7122, Capital: 6205
Household 3: Income: 2384.0314220223718, Goods: 296, Land: 9041, Labour: 2842, Capital: 2902
Household 4: Income: 17.958285071999367, Goods: 141, Land: 3949, Labour: 8386, Capital: 1351
Household 5: Income: 368.75502234040573, Goods: 287, Land: 5982, Labour: 9483, Capital: 3772
Household 6: Income: 29.105990441232173, Goods: 272, Land: 3951, Labour: 3991, Capital: 1493
Household 7: Income: 42.09277063743311, Goods: 205, Land: 3171, Labour: 2816, Capital: 7314
Household 8: Income: 2055.5648984183313, Goods: 296, Land: 9635, Labour: 6480, Capital: 9107
Household 9: Income: 86.38199708512185, Goods: 259, Land: 1211, Labour: 8165, Capital: 2388
Household 10: Income: 44.616329927677604, Goods: 184, Land: 8216, Labour: 9131, Capital: 7115
Firm 1: Money: -722.6092710965149, Goods: 95, Land: 0, Labour: 0, Capital: 0, Goods Price: 42.74173068231939
Firm 2: Money: -1057.302032124135, Goods: 74, Land: 0, Labour: 0, Capital: 0, Goods Price: 18.658597586721417
Firm 3: Money: -1641.7974155903346, Goods: 93, Land: 0, Labour: 0, Capital: 0, Goods Price: 32.83710512472495
Firm 4: Money: -766.6519823345477, Goods: 87, Land: 0, Labour: 0, Capital: 0, Goods Price: 26.79955716503823
Firm 5: Money: -1161.584141216144, Goods: 76, Land: 0, Labour: 0, Capital: 0, Goods Price: 34.99981922716155
Firm 6: Money: 1127.6501881287063, Goods: 31, Land: 0, Labour: 0, Capital: 0, Goods Price: 23.169461434121647
Firm 7: Money: 1662.323497967323, Goods: 49, Land: 0, Labour: 0, Capital: 0, Goods Price: 30.21592938919691
Firm 8: Money: 1217.3656740403508, Goods: 48, Land: 0, Labour: 0, Capital: 0, Goods Price: 28.403453433721822
Firm 9: Money: 1115.7846663727948, Goods: 67, Land: 0, Labour: 0, Capital: 0, Goods Price: 8.729472823383878
Firm 10: Money: 469.2280800630722, Goods: 29, Land: 0, Labour: 0, Capital: 0, Goods Price: 23.727611232243373
Self.nfirms:  10
[0, 1, 2, 3, 4, 5, 6, 7, 8, 9]
^^^
[0, 1, 2, 3, 4, 5, 6, 7, 8]
^^^
sold
[0, 1, 2, 3, 4, 5, 7, 8]
^^^
sold
[0, 1, 2, 3, 5, 7, 8]
^^^
sold
[0, 1, 3, 5, 7, 8]
^^^
sold
[0, 1, 3, 7, 8]
^^^
[0, 1, 7, 8]
^^^
sold
[0, 1, 8]
^^^
sold
[0, 8]
^^^
[8]
^^^
sold
---
__
[0, 1, 2, 3, 4, 5, 6, 7, 8, 9]
[0, 1, 2, 3, 4, 5, 6, 8, 9]
[0, 1, 2, 3, 4, 6, 8, 9]
[0, 1, 2, 3, 4, 6, 9]
[0, 2, 3, 4, 6, 9]
[0, 2, 3, 4, 9]
[0, 2, 3, 4]
[0, 2, 4]
[0, 4]
[4]
producing
producing
producing
producing
producing
producing
producing
producing
producing
producing
Day 299:
Household 1: Income: 43.956348095796855, Goods: 96, Land: 2401, Labour: 5005, Capital: 5454
Household 2: Income: 857.9576183159563, Goods: 296, Land: 7462, Labour: 7121, Capital: 6204
Household 3: Income: 2397.6754684412126, Goods: 297, Land: 9040, Labour: 2841, Capital: 2901
Household 4: Income: 6.886038823857113, Goods: 142, Land: 3948, Labour: 8385, Capital: 1350
Household 5: Income: 379.0024161977485, Goods: 288, Land: 5981, Labour: 9482, Capital: 3771
Household 6: Income: 13.66604353972135, Goods: 273, Land: 3950, Labour: 3990, Capital: 1492
Household 7: Income: 28.38526268453012, Goods: 206, Land: 3170, Labour: 2815, Capital: 7313
Household 8: Income: 2059.1953089745057, Goods: 297, Land: 9634, Labour: 6479, Capital: 9106
Household 9: Income: 89.19686180051927, Goods: 260, Land: 1210, Labour: 8164, Capital: 2387
Household 10: Income: 19.407415061213438, Goods: 185, Land: 8215, Labour: 9130, Capital: 7114
Firm 1: Money: -747.5292215850217, Goods: 96, Land: 0, Labour: 0, Capital: 0, Goods Price: 33.81226126879567
Firm 2: Money: -1072.2164352056607, Goods: 74, Land: 0, Labour: 0, Capital: 0, Goods Price: 39.32956532159925
Firm 3: Money: -1629.9959756596784, Goods: 93, Land: 0, Labour: 0, Capital: 0, Goods Price: 25.237521068615287
Firm 4: Money: -760.0008294381989, Goods: 87, Land: 0, Labour: 0, Capital: 0, Goods Price: 26.79955716503823
Firm 5: Money: -1162.6967680606251, Goods: 76, Land: 0, Labour: 0, Capital: 0, Goods Price: 36.69684811455154
Firm 6: Money: 1140.033410518798, Goods: 31, Land: 0, Labour: 0, Capital: 0, Goods Price: 14.997350210197961
Firm 7: Money: 1692.19942205797, Goods: 49, Land: 0, Labour: 0, Capital: 0, Goods Price: 6.131336997412615
Firm 8: Money: 1213.7352634841766, Goods: 48, Land: 0, Labour: 0, Capital: 0, Goods Price: 35.973006808302344
Firm 9: Money: 1126.8569126209375, Goods: 67, Land: 0, Labour: 0, Capital: 0, Goods Price: 8.729472823383878
Firm 10: Money: 471.34248442465963, Goods: 29, Land: 0, Labour: 0, Capital: 0, Goods Price: 20.554146410145005
Self.nfirms:  10
[0, 1, 2, 3, 4, 5, 6, 7, 8, 9]
^^^
[0, 1, 2, 4, 5, 6, 7, 8, 9]
^^^
sold
[0, 1, 2, 4, 5, 7, 8, 9]
^^^
sold
[0, 1, 2, 4, 5, 8, 9]
^^^
sold
[0, 1, 2, 4, 5, 9]
^^^
[0, 1, 2, 4, 5]
^^^
[0, 1, 2, 4]
^^^
[1, 2, 4]
^^^
sold
[2, 4]
^^^
sold
[4]
^^^
sold
---
__
[0, 1, 2, 3, 4, 5, 6, 7, 8, 9]
[0, 1, 2, 3, 4, 5, 6, 8, 9]
[0, 1, 2, 3, 4, 5, 6, 8]
[0, 1, 2, 3, 4, 5, 6]
[0, 1, 2, 4, 5, 6]
[0, 1, 2, 5, 6]
[0, 1, 2, 5]
[0, 2, 5]
[0, 2]
[0]
producing
producing
producing
producing
producing
producing
producing
producing
producing
producing
Day 300:
Household 1: Income: 23.095679626460438, Goods: 97, Land: 2400, Labour: 5004, Capital: 5453
Household 2: Income: 867.0127863577065, Goods: 297, Land: 7461, Labour: 7120, Capital: 6203
Household 3: Income: 2392.5322208238235, Goods: 298, Land: 9039, Labour: 2840, Capital: 2900
Household 4: Income: 25.396696212036332, Goods: 142, Land: 3947, Labour: 8384, Capital: 1349
Household 5: Income: 388.87384759703014, Goods: 289, Land: 5980, Labour: 9481, Capital: 3770
Household 6: Income: 23.387906922738576, Goods: 273, Land: 3949, Labour: 3989, Capital: 1491
Household 7: Income: 25.797088422839973, Goods: 207, Land: 3169, Labour: 2814, Capital: 7312
Household 8: Income: 2048.449799796711, Goods: 298, Land: 9633, Labour: 6478, Capital: 9105
Household 9: Income: 88.38163078500011, Goods: 261, Land: 1209, Labour: 8163, Capital: 2386
Household 10: Income: 24.66815667314857, Goods: 186, Land: 8214, Labour: 9129, Capital: 7113
Firm 1: Money: -733.655948141461, Goods: 96, Land: 0, Labour: 0, Capital: 0, Goods Price: 33.81226126879567
Firm 2: Money: -1088.533601547599, Goods: 75, Land: 0, Labour: 0, Capital: 0, Goods Price: 18.658597586721417
Firm 3: Money: -1626.1661992235179, Goods: 93, Land: 0, Labour: 0, Capital: 0, Goods Price: 25.237521068615287
Firm 4: Money: -752.7763053223524, Goods: 87, Land: 0, Labour: 0, Capital: 0, Goods Price: 26.79955716503823
Firm 5: Money: -1161.674548709767, Goods: 76, Land: 0, Labour: 0, Capital: 0, Goods Price: 34.99981922716155
Firm 6: Money: 1142.205787614641, Goods: 31, Land: 0, Labour: 0, Capital: 0, Goods Price: 14.997350210197961
Firm 7: Money: 1682.3064382673624, Goods: 49, Land: 0, Labour: 0, Capital: 0, Goods Price: 30.21592938919691
Firm 8: Money: 1218.0346039221326, Goods: 48, Land: 0, Labour: 0, Capital: 0, Goods Price: 35.61280918875211
Firm 9: Money: 1111.7381652664378, Goods: 67, Land: 0, Labour: 0, Capital: 0, Goods Price: 29.40717611483343
Firm 10: Money: 467.9828397490453, Goods: 30, Land: 0, Labour: 0, Capital: 0, Goods Price: 6.341449680623664
Self.nfirms:  10
[0, 1, 2, 3, 4, 5, 6, 7, 8, 9]
^^^
sold
[0, 1, 3, 4, 5, 6, 7, 8, 9]
^^^
sold
[0, 1, 3, 4, 5, 7, 8, 9]
^^^
sold
[0, 1, 3, 4, 5, 7, 9]
^^^
[0, 1, 3, 4, 5, 7]
^^^
sold
[0, 3, 4, 5, 7]
^^^
[0, 4, 5, 7]
^^^
sold
[0, 4, 5]
^^^
[4, 5]
^^^
sold
[5]
^^^
---
__
[0, 1, 2, 3, 4, 5, 6, 7, 8, 9]
[0, 1, 2, 3, 4, 5, 6, 7, 8]
[0, 1, 2, 3, 4, 5, 7, 8]
[0, 1, 3, 4, 5, 7, 8]
[0, 1, 3, 4, 7, 8]
[0, 1, 4, 7, 8]
[0, 1, 4, 8]
[1, 4, 8]
[1, 4]
[1]
producing
producing
producing
producing
producing
producing
producing
producing
producing
producing
Day 301:
Household 1: Income: 18.2531140517984, Goods: 97, Land: 2399, Labour: 5003, Capital: 5452
Household 2: Income: 857.7930681695528, Goods: 298, Land: 7460, Labour: 7119, Capital: 6202
Household 3: Income: 2402.092003288638, Goods: 299, Land: 9038, Labour: 2839, Capital: 2899
Household 4: Income: 41.713862553974614, Goods: 142, Land: 3946, Labour: 8383, Capital: 1348
Household 5: Income: 417.64135038430334, Goods: 290, Land: 5979, Labour: 9480, Capital: 3769
Household 6: Income: 36.564159775392156, Goods: 273, Land: 3948, Labour: 3988, Capital: 1490
Household 7: Income: 14.579529662342392, Goods: 208, Land: 3168, Labour: 2813, Capital: 7311
Household 8: Income: 2068.161751070274, Goods: 299, Land: 9632, Labour: 6477, Capital: 9104
Household 9: Income: 69.27939352848588, Goods: 262, Land: 1208, Labour: 8162, Capital: 2385
Household 10: Income: 60.09252107440642, Goods: 186, Land: 8213, Labour: 9128, Capital: 7112
Firm 1: Money: -767.8655656630416, Goods: 97, Land: 0, Labour: 0, Capital: 0, Goods Price: 43.10192830186962
Firm 2: Money: -1090.3531016415193, Goods: 75, Land: 0, Labour: 0, Capital: 0, Goods Price: 18.658597586721417
Firm 3: Money: -1661.590563624776, Goods: 94, Land: 0, Labour: 0, Capital: 0, Goods Price: 42.72933000714207
Firm 4: Money: -793.9080315103984, Goods: 88, Land: 0, Labour: 0, Capital: 0, Goods Price: 49.42062596490497
Firm 5: Money: -1159.3728684417908, Goods: 76, Land: 0, Labour: 0, Capital: 0, Goods Price: 34.99981922716155
Firm 6: Money: 1159.2640495134217, Goods: 31, Land: 0, Labour: 0, Capital: 0, Goods Price: 0.43292125251868807
Firm 7: Money: 1694.586051615587, Goods: 49, Land: 0, Labour: 0, Capital: 0, Goods Price: 24.099727178221322
Firm 8: Money: 1248.6084100817436, Goods: 48, Land: 0, Labour: 0, Capital: 0, Goods Price: 9.09821172073078
Firm 9: Money: 1093.845063796732, Goods: 68, Land: 0, Labour: 0, Capital: 0, Goods Price: 26.233711292735062
Firm 10: Money: 457.67284740729184, Goods: 30, Land: 0, Labour: 0, Capital: 0, Goods Price: 16.158057857662854
Self.nfirms:  10
[0, 1, 2, 3, 4, 5, 6, 7, 8, 9]
^^^
sold
[0, 1, 2, 3, 4, 6, 7, 8, 9]
^^^
sold
[0, 1, 2, 4, 6, 7, 8, 9]
^^^
[1, 2, 4, 6, 7, 8, 9]
^^^
sold
[1, 2, 6, 7, 8, 9]
^^^
sold
[1, 6, 7, 8, 9]
^^^
[1, 7, 8, 9]
^^^
[1, 7, 8]
^^^
sold
[1, 7]
^^^
sold
[1]
^^^
sold
---
__
[0, 1, 2, 3, 4, 5, 6, 7, 8, 9]
[0, 1, 2, 3, 5, 6, 7, 8, 9]
[0, 1, 2, 3, 6, 7, 8, 9]
[0, 1, 2, 6, 7, 8, 9]
[0, 1, 2, 6, 7, 8]
[0, 1, 2, 7, 8]
[0, 1, 2, 7]
[0, 2, 7]
[2, 7]
[2]
producing
producing
producing
producing
producing
producing
producing
producing
producing
producing
Day 302:
Household 1: Income: 22.86822602876, Goods: 98, Land: 2398, Labour: 5002, Capital: 5451
Household 2: Income: 860.1306817838746, Goods: 299, Land: 7459, Labour: 7118, Capital: 6201
Household 3: Income: 2429.4626232247983, Goods: 300, Land: 9037, Labour: 2838, Capital: 2898
Household 4: Income: 24.811606521782075, Goods: 143, Land: 3945, Labour: 8382, Capital: 1347
Household 5: Income: 429.169203390446, Goods: 291, Land: 5978, Labour: 9479, Capital: 3768
Household 6: Income: 49.29610197557365, Goods: 274, Land: 3947, Labour: 3987, Capital: 1489
Household 7: Income: 17.93917433795679, Goods: 208, Land: 3167, Labour: 2812, Capital: 7310
Household 8: Income: 2063.284342206949, Goods: 300, Land: 9631, Labour: 6476, Capital: 9103
Household 9: Income: 45.82510650574727, Goods: 263, Land: 1207, Labour: 8161, Capital: 2384
Household 10: Income: 25.066378915340394, Goods: 187, Land: 8212, Labour: 9127, Capital: 7111
Firm 1: Money: -757.9804040368249, Goods: 97, Land: 0, Labour: 0, Capital: 0, Goods Price: 41.0447017949294
Firm 2: Money: -1091.1147801280736, Goods: 75, Land: 0, Labour: 0, Capital: 0, Goods Price: 18.658597586721417
Firm 3: Money: -1650.2744181336718, Goods: 94, Land: 0, Labour: 0, Capital: 0, Goods Price: 34.55721878321838
Firm 4: Money: -759.4985721325708, Goods: 88, Land: 0, Labour: 0, Capital: 0, Goods Price: 26.79955716503823
Firm 5: Money: -1159.8444358727736, Goods: 76, Land: 0, Labour: 0, Capital: 0, Goods Price: 37.05704573410177
Firm 6: Money: 1137.7621306934795, Goods: 31, Land: 0, Labour: 0, Capital: 0, Goods Price: 23.169461434121647
Firm 7: Money: 1691.4479139009259, Goods: 49, Land: 0, Labour: 0, Capital: 0, Goods Price: 33.02919659174505
Firm 8: Money: 1243.9206898748425, Goods: 48, Land: 0, Labour: 0, Capital: 0, Goods Price: 26.68333977522839
Firm 9: Money: 1075.951962327026, Goods: 69, Land: 0, Labour: 0, Capital: 0, Goods Price: 26.233711292735062
Firm 10: Money: 468.8335137088302, Goods: 30, Land: 0, Labour: 0, Capital: 0, Goods Price: 6.341449680623664
Self.nfirms:  10
[0, 1, 2, 3, 4, 5, 6, 7, 8, 9]
^^^
sold
[0, 1, 2, 3, 5, 6, 7, 8, 9]
^^^
sold
[0, 1, 2, 3, 5, 6, 7, 9]
^^^
sold
[0, 1, 2, 3, 5, 6, 9]
^^^
[0, 1, 2, 3, 5, 9]
^^^
[0, 1, 2, 3, 5]
^^^
[1, 2, 3, 5]
^^^
sold
[1, 2, 3]
^^^
[1, 2]
^^^
sold
[2]
^^^
sold
---
__
[0, 1, 2, 3, 4, 5, 6, 7, 8, 9]
[0, 1, 2, 3, 4, 5, 7, 8, 9]
[0, 1, 2, 3, 5, 7, 8, 9]
[0, 1, 2, 5, 7, 8, 9]
[0, 1, 5, 7, 8, 9]
[0, 1, 5, 7, 9]
[1, 5, 7, 9]
[1, 5, 7]
[1, 7]
[1]
producing
producing
producing
producing
producing
producing
producing
producing
producing
producing
Day 303:
Household 1: Income: 40.800781491491065, Goods: 98, Land: 2397, Labour: 5001, Capital: 5450
Household 2: Income: 874.4646832397243, Goods: 300, Land: 7458, Labour: 7117, Capital: 6200
Household 3: Income: 2423.9591779878588, Goods: 301, Land: 9036, Labour: 2837, Capital: 2897
Household 4: Income: 43.3222639099613, Goods: 143, Land: 3944, Labour: 8381, Capital: 1346
Household 5: Income: 417.0965135618151, Goods: 292, Land: 5977, Labour: 9478, Capital: 3767
Household 6: Income: 41.99711465237964, Goods: 275, Land: 3946, Labour: 3986, Capital: 1488
Household 7: Income: 47.492331785197266, Goods: 208, Land: 3166, Labour: 2811, Capital: 7309
Household 8: Income: 2075.4211797744983, Goods: 301, Land: 9630, Labour: 6475, Capital: 9102
Household 9: Income: 49.96183594221363, Goods: 264, Land: 1206, Labour: 8160, Capital: 2383
Household 10: Income: 21.931195044166646, Goods: 187, Land: 8211, Labour: 9126, Capital: 7110
Firm 1: Money: -792.1900215584055, Goods: 98, Land: 0, Labour: 0, Capital: 0, Goods Price: 43.10192830186962
Firm 2: Money: -1103.8496229725447, Goods: 75, Land: 0, Labour: 0, Capital: 0, Goods Price: 32.09712479546552
Firm 3: Money: -1637.1249439829082, Goods: 94, Land: 0, Labour: 0, Capital: 0, Goods Price: 25.237521068615287
Firm 4: Money: -778.0092295207501, Goods: 89, Land: 0, Labour: 0, Capital: 0, Goods Price: 26.79955716503823
Firm 5: Money: -1156.3814130514324, Goods: 76, Land: 0, Labour: 0, Capital: 0, Goods Price: 32.91921337622873
Firm 6: Money: 1128.040267310462, Goods: 32, Land: 0, Labour: 0, Capital: 0, Goods Price: 14.997350210197961
Firm 7: Money: 1694.5830977720996, Goods: 50, Land: 0, Labour: 0, Capital: 0, Goods Price: 6.131336997412615
Firm 8: Money: 1242.0269189574158, Goods: 48, Land: 0, Labour: 0, Capital: 0, Goods Price: 35.61280918875211
Firm 9: Money: 1079.0154024961935, Goods: 69, Land: 0, Labour: 0, Capital: 0, Goods Price: 27.349949607893212
Firm 10: Money: 454.49951225298065, Goods: 30, Land: 0, Labour: 0, Capital: 0, Goods Price: 20.554146410145005
Self.nfirms:  10
[0, 1, 2, 3, 4, 5, 6, 7, 8, 9]
^^^
sold
[0, 1, 2, 3, 4, 6, 7, 8, 9]
^^^
[0, 1, 2, 4, 6, 7, 8, 9]
^^^
sold
[0, 2, 4, 6, 7, 8, 9]
^^^
[0, 2, 4, 7, 8, 9]
^^^
[0, 2, 4, 7, 8]
^^^
sold
[0, 2, 4, 7]
^^^
sold
[0, 2, 4]
^^^
[2, 4]
^^^
sold
[4]
^^^
sold
---
__
[0, 1, 2, 3, 4, 5, 6, 7, 8, 9]
[0, 2, 3, 4, 5, 6, 7, 8, 9]
[0, 2, 3, 4, 5, 6, 8, 9]
[0, 2, 3, 4, 5, 6, 9]
[0, 2, 3, 5, 6, 9]
[0, 2, 5, 6, 9]
[2, 5, 6, 9]
[5, 6, 9]
[5, 9]
[9]
producing
producing
producing
producing
producing
producing
producing
producing
producing
producing
Day 304:
Household 1: Income: -2.744545258921632, Goods: 99, Land: 2396, Labour: 5000, Capital: 5449
Household 2: Income: 882.8477968854618, Goods: 301, Land: 7457, Labour: 7116, Capital: 6199
Household 3: Income: 2441.9075059755983, Goods: 302, Land: 9035, Labour: 2836, Capital: 2896
Household 4: Income: 2.967440131264742, Goods: 144, Land: 3943, Labour: 8380, Capital: 1345
Household 5: Income: 432.95102312230523, Goods: 293, Land: 5976, Labour: 9477, Capital: 3766
Household 6: Income: 41.81376417534544, Goods: 276, Land: 3945, Labour: 3985, Capital: 1487
Household 7: Income: 33.51045016099535, Goods: 209, Land: 3165, Labour: 2810, Capital: 7308
Household 8: Income: 2073.2987277971124, Goods: 302, Land: 9629, Labour: 6474, Capital: 9101
Household 9: Income: 26.50754891947503, Goods: 265, Land: 1205, Labour: 8159, Capital: 2382
Household 10: Income: 56.74337041509048, Goods: 187, Land: 8210, Labour: 9125, Capital: 7109
Firm 1: Money: -784.9646442884721, Goods: 98, Land: 0, Labour: 0, Capital: 0, Goods Price: 43.704486151212784
Firm 2: Money: -1084.6545311104485, Goods: 75, Land: 0, Labour: 0, Capital: 0, Goods Price: 18.658597586721417
Firm 3: Money: -1649.4521415779952, Goods: 94, Land: 0, Labour: 0, Capital: 0, Goods Price: 41.766574538248676
Firm 4: Money: -766.2208389427892, Goods: 89, Land: 0, Labour: 0, Capital: 0, Goods Price: 26.79955716503823
Firm 5: Money: -1186.8989380344476, Goods: 77, Land: 0, Labour: 0, Capital: 0, Goods Price: 33.8835809120034
Firm 6: Money: 1146.242436214812, Goods: 32, Land: 0, Labour: 0, Capital: 0, Goods Price: 0.43292125251868807
Firm 7: Money: 1700.3744294709622, Goods: 50, Land: 0, Labour: 0, Capital: 0, Goods Price: 6.131336997412615
Firm 8: Money: 1263.853796218536, Goods: 48, Land: 0, Labour: 0, Capital: 0, Goods Price: 26.68333977522839
Firm 9: Money: 1081.1378544735787, Goods: 69, Land: 0, Labour: 0, Capital: 0, Goods Price: 29.40717611483343
Firm 10: Money: 457.83654034495186, Goods: 30, Land: 0, Labour: 0, Capital: 0, Goods Price: 16.158057857662854
Self.nfirms:  10
[0, 1, 2, 3, 4, 5, 6, 7, 8, 9]
^^^
[1, 2, 3, 4, 5, 6, 7, 8, 9]
^^^
sold
[1, 2, 3, 4, 6, 7, 8, 9]
^^^
[1, 2, 4, 6, 7, 8, 9]
^^^
sold
[1, 2, 4, 6, 8, 9]
^^^
[1, 2, 4, 8, 9]
^^^
sold
[1, 2, 4, 8]
^^^
sold
[1, 2, 8]
^^^
sold
[1, 2]
^^^
sold
[1]
^^^
sold
---
__
[0, 1, 2, 3, 4, 5, 6, 7, 8, 9]
[0, 1, 2, 3, 4, 5, 6, 7, 9]
[0, 1, 2, 4, 5, 6, 7, 9]
[0, 2, 4, 5, 6, 7, 9]
[0, 2, 4, 5, 6, 7]
[0, 2, 4, 5, 7]
[0, 2, 5, 7]
[0, 2, 7]
[2, 7]
[7]
producing
producing
producing
producing
producing
producing
producing
producing
producing
producing
Day 305:
Household 1: Income: 15.188010203809434, Goods: 99, Land: 2395, Labour: 4999, Capital: 5448
Household 2: Income: 874.1160719071017, Goods: 302, Land: 7456, Labour: 7115, Capital: 6198
Household 3: Income: 2453.114451567921, Goods: 303, Land: 9034, Labour: 2835, Capital: 2895
Household 4: Income: 3.356303131619199, Goods: 144, Land: 3942, Labour: 8379, Capital: 1344
Household 5: Income: 421.0532887682046, Goods: 294, Land: 5975, Labour: 9476, Capital: 3765
Household 6: Income: 47.596832474804856, Goods: 277, Land: 3944, Labour: 3984, Capital: 1486
Household 7: Income: 30.375266289821596, Goods: 209, Land: 3164, Labour: 2809, Capital: 7307
Household 8: Income: 2076.092478306693, Goods: 303, Land: 9628, Labour: 6473, Capital: 9100
Household 9: Income: 56.8946968786511, Goods: 266, Land: 1204, Labour: 8158, Capital: 2381
Household 10: Income: 53.63212748644989, Goods: 188, Land: 8209, Labour: 9124, Capital: 7108
Firm 1: Money: -818.8140641905024, Goods: 99, Land: 0, Labour: 0, Capital: 0, Goods Price: 42.74173068231939
Firm 2: Money: -1099.912558413113, Goods: 75, Land: 0, Labour: 0, Capital: 0, Goods Price: 32.09712479546552
Firm 3: Money: -1629.979906457629, Goods: 94, Land: 0, Labour: 0, Capital: 0, Goods Price: 25.237521068615287
Firm 4: Money: -784.7314963309685, Goods: 90, Land: 0, Labour: 0, Capital: 0, Goods Price: 26.79955716503823
Firm 5: Money: -1190.7840939466246, Goods: 77, Land: 0, Labour: 0, Capital: 0, Goods Price: 37.659603583444934
Firm 6: Money: 1128.3195650487207, Goods: 32, Land: 0, Labour: 0, Capital: 0, Goods Price: 22.56690358477848
Firm 7: Money: 1703.509613342136, Goods: 51, Land: 0, Labour: 0, Capital: 0, Goods Price: 6.131336997412615
Firm 8: Money: 1266.1928912516319, Goods: 48, Land: 0, Labour: 0, Capital: 0, Goods Price: 28.403453433721822
Firm 9: Money: 1107.0530578567204, Goods: 69, Land: 0, Labour: 0, Capital: 0, Goods Price: 8.729472823383878
Firm 10: Money: 454.7845099169689, Goods: 30, Land: 0, Labour: 0, Capital: 0, Goods Price: 20.554146410145005
Self.nfirms:  10
[0, 1, 2, 3, 4, 5, 6, 7, 8, 9]
^^^
sold
[0, 1, 2, 3, 4, 5, 6, 7, 9]
^^^
sold
[0, 1, 2, 3, 4, 5, 6, 7]
^^^
[1, 2, 3, 4, 5, 6, 7]
^^^
sold
[1, 2, 3, 4, 6, 7]
^^^
sold
[1, 3, 4, 6, 7]
^^^
sold
[3, 4, 6, 7]
^^^
sold
[3, 4, 6]
^^^
[4, 6]
^^^
[4]
^^^
sold
---
__
[0, 1, 2, 3, 4, 5, 6, 7, 8, 9]
[0, 1, 2, 4, 5, 6, 7, 8, 9]
[0, 1, 2, 5, 6, 7, 8, 9]
[0, 1, 5, 6, 7, 8, 9]
[0, 1, 5, 6, 7, 9]
[0, 1, 6, 7, 9]
[0, 1, 6, 7]
[0, 6, 7]
[0, 7]
[0]
producing
producing
producing
producing
producing
producing
producing
producing
producing
producing
Day 306:
Household 1: Income: 31.505176545747716, Goods: 99, Land: 2394, Labour: 4998, Capital: 5447
Household 2: Income: 888.7380834588989, Goods: 303, Land: 7455, Labour: 7114, Capital: 6197
Household 3: Income: 2457.3075392955507, Goods: 304, Land: 9033, Labour: 2834, Capital: 2894
Household 4: Income: 4.354440695240245, Goods: 144, Land: 3941, Labour: 8378, Capital: 1343
Household 5: Income: 414.55132730058335, Goods: 295, Land: 5974, Labour: 9475, Capital: 3764
Household 6: Income: 57.058426500059554, Goods: 278, Land: 3943, Labour: 3983, Capital: 1485
Household 7: Income: 10.328063565337642, Goods: 210, Land: 3163, Labour: 2808, Capital: 7306
Household 8: Income: 2068.9020910771646, Goods: 304, Land: 9627, Labour: 6472, Capital: 9099
Household 9: Income: 76.74768603075755, Goods: 267, Land: 1203, Labour: 8157, Capital: 2380
Household 10: Income: 54.62785551261304, Goods: 189, Land: 8208, Labour: 9123, Capital: 7107
Firm 1: Money: -804.4674731664135, Goods: 99, Land: 0, Labour: 0, Capital: 0, Goods Price: 33.81226126879567
Firm 2: Money: -1088.2935312982893, Goods: 75, Land: 0, Labour: 0, Capital: 0, Goods Price: 18.658597586721417
Firm 3: Money: -1662.7444865026036, Goods: 95, Land: 0, Labour: 0, Capital: 0, Goods Price: 40.069545650858686
Firm 4: Money: -799.3535078827657, Goods: 90, Land: 0, Labour: 0, Capital: 0, Goods Price: 46.60735876235683
Firm 5: Money: -1191.7798219727877, Goods: 77, Land: 0, Labour: 0, Capital: 0, Goods Price: 37.659603583444934
Firm 6: Money: 1115.1659806489963, Goods: 33, Land: 0, Labour: 0, Capital: 0, Goods Price: 18.429071226905435
Firm 7: Money: 1692.0232547104079, Goods: 51, Land: 0, Labour: 0, Capital: 0, Goods Price: 25.819840836714757
Firm 8: Money: 1298.3955408122195, Goods: 48, Land: 0, Labour: 0, Capital: 0, Goods Price: 9.09821172073078
Firm 9: Money: 1093.43841512734, Goods: 69, Land: 0, Labour: 0, Capital: 0, Goods Price: 29.046978495283202
Firm 10: Money: 450.5519846343596, Goods: 30, Land: 0, Labour: 0, Capital: 0, Goods Price: 23.727611232243373
Self.nfirms:  10
[0, 1, 2, 3, 4, 5, 6, 7, 8, 9]
^^^
sold
[0, 1, 2, 3, 4, 5, 6, 7, 9]
^^^
[0, 1, 2, 4, 5, 6, 7, 9]
^^^
sold
[0, 2, 4, 5, 6, 7, 9]
^^^
[0, 2, 4, 5, 7, 9]
^^^
[0, 2, 4, 5, 7]
^^^
sold
[0, 2, 4, 7]
^^^
[2, 4, 7]
^^^
[2, 7]
^^^
sold
[2]
^^^
sold
---
__
[0, 1, 2, 3, 4, 5, 6, 7, 8, 9]
[1, 2, 3, 4, 5, 6, 7, 8, 9]
[1, 2, 3, 5, 6, 7, 8, 9]
[2, 3, 5, 6, 7, 8, 9]
[2, 3, 5, 7, 8, 9]
[3, 5, 7, 8, 9]
[3, 5, 7, 8]
[3, 5, 8]
[5, 8]
[8]
producing
producing
producing
producing
producing
producing
producing
producing
producing
producing
Day 307:
Household 1: Income: 6.531972468689247, Goods: 100, Land: 2393, Labour: 4997, Capital: 5446
Household 2: Income: 871.7539310119274, Goods: 304, Land: 7454, Labour: 7113, Capital: 6196
Household 3: Income: 2466.2213064564808, Goods: 305, Land: 9032, Labour: 2833, Capital: 2893
Household 4: Income: -0.48812487942179716, Goods: 144, Land: 3940, Labour: 8377, Capital: 1342
Household 5: Income: 386.5101245728933, Goods: 296, Land: 5973, Labour: 9474, Capital: 3763
Household 6: Income: 66.38853858419729, Goods: 279, Land: 3942, Labour: 3982, Capital: 1484
Household 7: Income: 11.326201128958687, Goods: 210, Land: 3162, Labour: 2807, Capital: 7305
Household 8: Income: 2078.8378504725, Goods: 305, Land: 9626, Labour: 6471, Capital: 9098
Household 9: Income: 69.94477281543345, Goods: 268, Land: 1202, Labour: 8156, Capital: 2379
Household 10: Income: 75.54448547231925, Goods: 190, Land: 8207, Labour: 9122, Capital: 7106
Firm 1: Money: -809.5082527340619, Goods: 99, Land: 0, Labour: 0, Capital: 0, Goods Price: 43.704486151212784
Firm 2: Money: -1126.9786942624955, Goods: 76, Land: 0, Labour: 0, Capital: 0, Goods Price: 41.02659420898924
Firm 3: Money: -1658.5611230646723, Goods: 95, Land: 0, Labour: 0, Capital: 0, Goods Price: 42.126772157798904
Firm 4: Money: -781.4489150938292, Goods: 90, Land: 0, Labour: 0, Capital: 0, Goods Price: 40.49115655138125
Firm 5: Money: -1183.344764551213, Goods: 77, Land: 0, Labour: 0, Capital: 0, Goods Price: 29.48749235952126
Firm 6: Money: 1136.7998705700536, Goods: 33, Land: 0, Labour: 0, Capital: 0, Goods Price: 0.43292125251868807
Firm 7: Money: 1669.9576078746393, Goods: 52, Land: 0, Labour: 0, Capital: 0, Goods Price: 31.332167704355054
Firm 8: Money: 1311.2929486598161, Goods: 48, Land: 0, Labour: 0, Capital: 0, Goods Price: 9.09821172073078
Firm 9: Money: 1117.9355992835654, Goods: 69, Land: 0, Labour: 0, Capital: 0, Goods Price: 8.729472823383878
Firm 10: Money: 458.34171030663686, Goods: 30, Land: 0, Labour: 0, Capital: 0, Goods Price: 20.554146410145005
Self.nfirms:  10
[0, 1, 2, 3, 4, 5, 6, 7, 8, 9]
^^^
sold
[0, 2, 3, 4, 5, 6, 7, 8, 9]
^^^
[2, 3, 4, 5, 6, 7, 8, 9]
^^^
sold
[3, 4, 5, 6, 7, 8, 9]
^^^
sold
[3, 4, 5, 6, 7, 9]
^^^
sold
[3, 4, 5, 6, 7]
^^^
sold
[3, 4, 5, 6]
^^^
sold
[3, 4, 6]
^^^
[3, 4]
^^^
[4]
^^^
sold
---
__
[0, 1, 2, 3, 4, 5, 6, 7, 8, 9]
[0, 1, 2, 3, 4, 5, 7, 8, 9]
[0, 2, 3, 4, 5, 7, 8, 9]
[0, 2, 3, 4, 5, 7, 8]
[0, 2, 3, 4, 7, 8]
[2, 3, 4, 7, 8]
[3, 4, 7, 8]
[3, 7, 8]
[7, 8]
[7]
producing
producing
producing
producing
producing
producing
producing
producing
producing
producing
Day 308:
Household 1: Income: 9.891617144303645, Goods: 100, Land: 2392, Labour: 4996, Capital: 5445
Household 2: Income: 885.3390470326023, Goods: 305, Land: 7453, Labour: 7112, Capital: 6195
Household 3: Income: 2464.5373552856386, Goods: 306, Land: 9031, Labour: 2832, Capital: 2892
Household 4: Income: -5.33069045408384, Goods: 144, Land: 3939, Labour: 8376, Capital: 1341
Household 5: Income: 421.1861557882715, Goods: 297, Land: 5972, Labour: 9473, Capital: 3762
Household 6: Income: 92.85044417699235, Goods: 280, Land: 3941, Labour: 3981, Capital: 1483
Household 7: Income: 12.32433869257973, Goods: 210, Land: 3161, Labour: 2806, Capital: 7304
Household 8: Income: 2090.711974690605, Goods: 306, Land: 9625, Labour: 6470, Capital: 9097
Household 9: Income: 74.056574911792, Goods: 269, Land: 1201, Labour: 8155, Capital: 2378
Household 10: Income: 73.20386167092961, Goods: 191, Land: 8206, Labour: 9121, Capital: 7105
Firm 1: Money: -840.5444054335442, Goods: 100, Land: 0, Labour: 0, Capital: 0, Goods Price: 39.92846347977125
Firm 2: Money: -1166.024054846252, Goods: 77, Land: 0, Labour: 0, Capital: 0, Goods Price: 41.386791828539465
Firm 3: Money: -1656.2204992632828, Goods: 95, Land: 0, Labour: 0, Capital: 0, Goods Price: 42.72933000714207
Firm 4: Money: -815.3712855268448, Goods: 91, Land: 0, Labour: 0, Capital: 0, Goods Price: 42.21127020987468
Firm 5: Money: -1189.5319009553853, Goods: 77, Land: 0, Labour: 0, Capital: 0, Goods Price: 34.99981922716155
Firm 6: Money: 1138.6001682275107, Goods: 33, Land: 0, Labour: 0, Capital: 0, Goods Price: 0.43292125251868807
Firm 7: Money: 1673.3661685171319, Goods: 52, Land: 0, Labour: 0, Capital: 0, Goods Price: 33.02919659174505
Firm 8: Money: 1317.7552759364157, Goods: 48, Land: 0, Labour: 0, Capital: 0, Goods Price: 9.09821172073078
Firm 9: Money: 1113.8237971872068, Goods: 69, Land: 0, Labour: 0, Capital: 0, Goods Price: 20.11750908175948
Firm 10: Money: 472.43310230982996, Goods: 30, Land: 0, Labour: 0, Capital: 0, Goods Price: 6.341449680623664
Self.nfirms:  10
[0, 1, 2, 3, 4, 5, 6, 7, 8, 9]
^^^
sold
[0, 1, 2, 3, 4, 5, 6, 7, 9]
^^^
sold
[0, 2, 3, 4, 5, 6, 7, 9]
^^^
sold
[0, 2, 3, 4, 6, 7, 9]
^^^
[0, 2, 3, 4, 7, 9]
^^^
[2, 3, 4, 7, 9]
^^^
sold
[2, 3, 7, 9]
^^^
sold
[2, 3, 7]
^^^
sold
[3, 7]
^^^
sold
[3]
^^^
---
__
[0, 1, 2, 3, 4, 5, 6, 7, 8, 9]
[0, 1, 2, 3, 4, 5, 6, 8, 9]
[1, 2, 3, 4, 5, 6, 8, 9]
[1, 3, 4, 5, 6, 8, 9]
[1, 4, 5, 6, 8, 9]
[1, 4, 5, 6, 8]
[1, 5, 6, 8]
[1, 6, 8]
[1, 6]
[6]
producing
producing
producing
producing
producing
producing
producing
producing
producing
producing
Day 309:
Household 1: Income: 13.251261819918042, Goods: 100, Land: 2391, Labour: 4995, Capital: 5444
Household 2: Income: 880.1620350139848, Goods: 306, Land: 7452, Labour: 7111, Capital: 6194
Household 3: Income: 2442.780109882064, Goods: 307, Land: 9030, Labour: 2831, Capital: 2891
Household 4: Income: 10.986475887854446, Goods: 144, Land: 3938, Labour: 8375, Capital: 1340
Household 5: Income: 410.1428057544292, Goods: 298, Land: 5971, Labour: 9472, Capital: 3761
Household 6: Income: 120.17670623551683, Goods: 281, Land: 3940, Labour: 3980, Capital: 1482
Household 7: Income: -4.706390589811639, Goods: 211, Land: 3160, Labour: 2805, Capital: 7303
Household 8: Income: 2116.404388999878, Goods: 307, Land: 9624, Labour: 6469, Capital: 9096
Household 9: Income: 58.6541092327716, Goods: 270, Land: 1200, Labour: 8154, Capital: 2377
Household 10: Income: 79.11726068546872, Goods: 192, Land: 8205, Labour: 9120, Capital: 7104
Firm 1: Money: -828.6390021736172, Goods: 100, Land: 0, Labour: 0, Capital: 0, Goods Price: 33.81226126879567
Firm 2: Money: -1142.0188050206632, Goods: 77, Land: 0, Labour: 0, Capital: 0, Goods Price: 18.658597586721417
Firm 3: Money: -1649.1803764514775, Goods: 95, Land: 0, Labour: 0, Capital: 0, Goods Price: 38.953307335700536
Firm 4: Money: -833.8819429150241, Goods: 92, Land: 0, Labour: 0, Capital: 0, Goods Price: 26.79955716503823
Firm 5: Money: -1215.6533373859181, Goods: 78, Land: 0, Labour: 0, Capital: 0, Goods Price: 29.48749235952126
Firm 6: Money: 1120.464123461472, Goods: 33, Land: 0, Labour: 0, Capital: 0, Goods Price: 22.206705965228252
Firm 7: Money: 1706.055359810327, Goods: 52, Land: 0, Labour: 0, Capital: 0, Goods Price: 6.131336997412615
Firm 8: Money: 1303.777888696441, Goods: 48, Land: 0, Labour: 0, Capital: 0, Goods Price: 35.973006808302344
Firm 9: Money: 1107.9103981726673, Goods: 69, Land: 0, Labour: 0, Capital: 0, Goods Price: 30.009733964176593
Firm 10: Money: 471.2539759761356, Goods: 30, Land: 0, Labour: 0, Capital: 0, Goods Price: 6.341449680623664
Self.nfirms:  10
[0, 1, 2, 3, 4, 5, 6, 7, 8, 9]
^^^
sold
[0, 1, 2, 3, 4, 5, 6, 8, 9]
^^^
sold
[0, 1, 2, 3, 5, 6, 8, 9]
^^^
sold
[0, 1, 2, 3, 6, 8, 9]
^^^
[0, 1, 2, 3, 6, 8]
^^^
[1, 2, 3, 6, 8]
^^^
sold
[1, 3, 6, 8]
^^^
sold
[1, 3, 6]
^^^
[1, 3]
^^^
[1]
^^^
sold
---
__
[0, 1, 2, 3, 4, 5, 6, 7, 8, 9]
[0, 1, 3, 4, 5, 6, 7, 8, 9]
[0, 1, 3, 4, 5, 7, 8, 9]
[1, 3, 4, 5, 7, 8, 9]
[1, 3, 4, 5, 7, 9]
[1, 4, 5, 7, 9]
[1, 4, 5, 7]
[1, 4, 5]
[4, 5]
[4]
producing
producing
producing
producing
producing
producing
producing
producing
producing
producing
Day 310:
Household 1: Income: 10.116077948744294, Goods: 100, Land: 2390, Labour: 4994, Capital: 5443
Household 2: Income: 896.2548888884172, Goods: 307, Land: 7451, Labour: 7110, Capital: 6193
Household 3: Income: 2458.4636892843873, Goods: 308, Land: 9029, Labour: 2830, Capital: 2890
Household 4: Income: 0.928188721472341, Goods: 145, Land: 3937, Labour: 8374, Capital: 1339
Household 5: Income: 396.3335678361444, Goods: 299, Land: 5970, Labour: 9471, Capital: 3760
Household 6: Income: 117.9261555823834, Goods: 282, Land: 3939, Labour: 3979, Capital: 1481
Household 7: Income: 12.222343344119324, Goods: 211, Land: 3159, Labour: 2804, Capital: 7302
Household 8: Income: 2104.0444758273843, Goods: 308, Land: 9623, Labour: 6468, Capital: 9095
Household 9: Income: 62.67462127942813, Goods: 271, Land: 1199, Labour: 8153, Capital: 2376
Household 10: Income: 89.65201254785472, Goods: 193, Land: 8204, Labour: 9119, Capital: 7103
Firm 1: Money: -832.8370921455556, Goods: 100, Land: 0, Labour: 0, Capital: 0, Goods Price: 42.74173068231939
Firm 2: Money: -1156.2190107159615, Goods: 77, Land: 0, Labour: 0, Capital: 0, Goods Price: 32.09712479546552
Firm 3: Money: -1680.828718181294, Goods: 96, Land: 0, Labour: 0, Capital: 0, Goods Price: 38.953307335700536
Firm 4: Money: -826.6574187991775, Goods: 92, Land: 0, Labour: 0, Capital: 0, Goods Price: 26.79955716503823
Firm 5: Money: -1241.774773816451, Goods: 79, Land: 0, Labour: 0, Capital: 0, Goods Price: 29.48749235952126
Firm 6: Money: 1121.3385472035823, Goods: 33, Land: 0, Labour: 0, Capital: 0, Goods Price: 22.56690358477848
Firm 7: Money: 1720.2469684115038, Goods: 52, Land: 0, Labour: 0, Capital: 0, Goods Price: 6.131336997412615
Firm 8: Money: 1335.2775687713988, Goods: 48, Land: 0, Labour: 0, Capital: 0, Goods Price: 9.09821172073078
Firm 9: Money: 1119.3536513224026, Goods: 69, Land: 0, Labour: 0, Capital: 0, Goods Price: 25.269343756960385
Firm 10: Money: 460.5413017816349, Goods: 30, Land: 0, Labour: 0, Capital: 0, Goods Price: 21.670384725303155
Self.nfirms:  10
[0, 1, 2, 3, 4, 5, 6, 7, 8, 9]
^^^
sold
[0, 2, 3, 4, 5, 6, 7, 8, 9]
^^^
sold
[0, 2, 3, 4, 6, 7, 8, 9]
^^^
sold
[0, 2, 3, 4, 6, 8, 9]
^^^
sold
[0, 2, 3, 4, 6, 8]
^^^
sold
[0, 2, 3, 6, 8]
^^^
[2, 3, 6, 8]
^^^
sold
[2, 3, 6]
^^^
[2, 6]
^^^
sold
[6]
^^^
---
__
[0, 1, 2, 3, 4, 5, 6, 7, 8, 9]
[0, 1, 2, 4, 5, 6, 7, 8, 9]
[0, 1, 2, 4, 5, 7, 8, 9]
[0, 1, 2, 5, 7, 8, 9]
[0, 1, 2, 7, 8, 9]
[0, 1, 2, 7, 9]
[0, 1, 7, 9]
[0, 7, 9]
[0, 7]
[0]
producing
producing
producing
producing
producing
producing
producing
producing
producing
producing
Day 311:
Household 1: Income: 26.433244290682577, Goods: 100, Land: 2389, Labour: 4993, Capital: 5442
Household 2: Income: 909.3359556242679, Goods: 308, Land: 7450, Labour: 7109, Capital: 6192
Household 3: Income: 2456.4113662571235, Goods: 309, Land: 9028, Labour: 2829, Capital: 2889
Household 4: Income: -3.914376853189702, Goods: 145, Land: 3936, Labour: 8373, Capital: 1338
Household 5: Income: 382.882732467801, Goods: 300, Land: 5969, Labour: 9470, Capital: 3759
Household 6: Income: 123.998780536388, Goods: 283, Land: 3938, Labour: 3978, Capital: 1480
Household 7: Income: -1.969265257057578, Goods: 212, Land: 3158, Labour: 2803, Capital: 7301
Household 8: Income: 2133.316812966938, Goods: 309, Land: 9622, Labour: 6467, Capital: 9094
Household 9: Income: 43.098011339135134, Goods: 272, Land: 1198, Labour: 8152, Capital: 2375
Household 10: Income: 89.35403682176228, Goods: 194, Land: 8203, Labour: 9118, Capital: 7102
Firm 1: Money: -827.7801681545404, Goods: 100, Land: 0, Labour: 0, Capital: 0, Goods Price: 43.10192830186962
Firm 2: Money: -1141.5034279234467, Goods: 77, Land: 0, Labour: 0, Capital: 0, Goods Price: 18.658597586721417
Firm 3: Money: -1677.8855365305615, Goods: 96, Land: 0, Labour: 0, Capital: 0, Goods Price: 38.953307335700536
Firm 4: Money: -837.8210975326751, Goods: 92, Land: 0, Labour: 0, Capital: 0, Goods Price: 42.21127020987468
Firm 5: Money: -1248.2185759918966, Goods: 79, Land: 0, Labour: 0, Capital: 0, Goods Price: 37.659603583444934
Firm 6: Money: 1126.1811127782444, Goods: 34, Land: 0, Labour: 0, Capital: 0, Goods Price: 0.43292125251868807
Firm 7: Money: 1734.4385770126805, Goods: 52, Land: 0, Labour: 0, Capital: 0, Goods Price: 6.131336997412615
Firm 8: Money: 1314.3991430091733, Goods: 48, Land: 0, Labour: 0, Capital: 0, Goods Price: 33.91578030136212
Firm 9: Money: 1098.6472826501486, Goods: 70, Land: 0, Labour: 0, Capital: 0, Goods Price: 29.046978495283202
Firm 10: Money: 467.6524375814404, Goods: 30, Land: 0, Labour: 0, Capital: 0, Goods Price: 14.437944199169422
Self.nfirms:  10
[0, 1, 2, 3, 4, 5, 6, 7, 8, 9]
^^^
[1, 2, 3, 4, 5, 6, 7, 8, 9]
^^^
sold
[1, 2, 3, 4, 5, 6, 7, 9]
^^^
sold
[1, 2, 3, 4, 5, 6, 7]
^^^
[1, 2, 3, 4, 5, 7]
^^^
sold
[1, 2, 3, 5, 7]
^^^
sold
[1, 3, 5, 7]
^^^
[1, 5, 7]
^^^
sold
[1, 7]
^^^
sold
[7]
^^^
sold
---
__
[0, 1, 2, 3, 4, 5, 6, 7, 8, 9]
[0, 1, 2, 3, 5, 6, 7, 8, 9]
[0, 2, 3, 5, 6, 7, 8, 9]
[0, 2, 3, 6, 7, 8, 9]
[0, 2, 3, 7, 8, 9]
[2, 3, 7, 8, 9]
[2, 3, 7, 8]
[3, 7, 8]
[7, 8]
[7]
producing
producing
producing
producing
producing
producing
producing
producing
producing
producing
Day 312:
Household 1: Income: 29.792888966296974, Goods: 100, Land: 2388, Labour: 4992, Capital: 5441
Household 2: Income: 950.3246030885846, Goods: 309, Land: 7449, Labour: 7108, Capital: 6191
Household 3: Income: 2479.345079709038, Goods: 310, Land: 9027, Labour: 2828, Capital: 2888
Household 4: Income: 23.153637211372107, Goods: 145, Land: 3935, Labour: 8372, Capital: 1337
Household 5: Income: 412.9911646850866, Goods: 301, Land: 5968, Labour: 9469, Capital: 3758
Household 6: Income: 110.08656183883848, Goods: 284, Land: 3937, Labour: 3977, Capital: 1479
Household 7: Income: -5.1044491282313285, Goods: 212, Land: 3157, Labour: 2802, Capital: 7300
Household 8: Income: 2123.13940674696, Goods: 310, Land: 9621, Labour: 6466, Capital: 9093
Household 9: Income: 55.25948296410847, Goods: 273, Land: 1197, Labour: 8151, Capital: 2374
Household 10: Income: 68.50786708198497, Goods: 195, Land: 8202, Labour: 9117, Capital: 7101
Firm 1: Money: -816.1080378723841, Goods: 100, Land: 0, Labour: 0, Capital: 0, Goods Price: 35.96032484485077
Firm 2: Money: -1153.66489954842, Goods: 77, Land: 0, Labour: 0, Capital: 0, Goods Price: 32.09712479546552
Firm 3: Money: -1710.650116575536, Goods: 97, Land: 0, Labour: 0, Capital: 0, Goods Price: 40.069545650858686
Firm 4: Money: -838.089217647002, Goods: 92, Land: 0, Labour: 0, Capital: 0, Goods Price: 46.60735876235683
Firm 5: Money: -1281.5493681774599, Goods: 80, Land: 0, Labour: 0, Capital: 0, Goods Price: 36.69684811455154
Firm 6: Money: 1105.616949692485, Goods: 34, Land: 0, Labour: 0, Capital: 0, Goods Price: 23.169461434121647
Firm 7: Money: 1740.2299087115432, Goods: 52, Land: 0, Labour: 0, Capital: 0, Goods Price: 6.131336997412615
Firm 8: Money: 1286.526210357981, Goods: 49, Land: 0, Labour: 0, Capital: 0, Goods Price: 35.973006808302344
Firm 9: Money: 1112.559501347698, Goods: 70, Land: 0, Labour: 0, Capital: 0, Goods Price: 21.83762274025291
Firm 10: Money: 474.6898716394752, Goods: 30, Land: 0, Labour: 0, Capital: 0, Goods Price: 6.341449680623664
Self.nfirms:  10
[0, 1, 2, 3, 4, 5, 6, 7, 8, 9]
^^^
sold
[0, 1, 2, 3, 4, 5, 6, 8, 9]
^^^
sold
[0, 1, 2, 3, 5, 6, 8, 9]
^^^
sold
[0, 1, 3, 5, 6, 8, 9]
^^^
sold
[0, 1, 3, 5, 6, 9]
^^^
[0, 1, 5, 6, 9]
^^^
sold
[0, 5, 6, 9]
^^^
[5, 6, 9]
^^^
sold
[6, 9]
^^^
[6]
^^^
---
__
[0, 1, 2, 3, 4, 5, 6, 7, 8, 9]
[0, 2, 3, 4, 5, 6, 7, 8, 9]
[0, 2, 3, 4, 5, 6, 7, 8]
[2, 3, 4, 5, 6, 7, 8]
[2, 3, 4, 5, 6, 8]
[2, 3, 4, 5, 6]
[2, 4, 5, 6]
[4, 5, 6]
[4, 6]
[4]
producing
producing
producing
producing
producing
producing
producing
producing
producing
producing
Day 313:
Household 1: Income: 4.404502323746793, Goods: 101, Land: 2387, Labour: 4991, Capital: 5440
Household 2: Income: 957.2024837861144, Goods: 310, Land: 7448, Labour: 7107, Capital: 6190
Household 3: Income: 2467.395465732261, Goods: 311, Land: 9026, Labour: 2827, Capital: 2887
Household 4: Income: 20.01845334019836, Goods: 145, Land: 3934, Labour: 8371, Capital: 1336
Household 5: Income: 395.0853879242454, Goods: 302, Land: 5967, Labour: 9468, Capital: 3757
Household 6: Income: 92.36920313432599, Goods: 285, Land: 3936, Labour: 3976, Capital: 1478
Household 7: Income: 24.448708319009143, Goods: 212, Land: 3156, Labour: 2801, Capital: 7299
Household 8: Income: 2138.4604178458494, Goods: 311, Land: 9620, Labour: 6465, Capital: 9092
Household 9: Income: 45.270802305325205, Goods: 274, Land: 1196, Labour: 8150, Capital: 2373
Household 10: Income: 79.04261894437097, Goods: 196, Land: 8201, Labour: 9116, Capital: 7100
Firm 1: Money: -841.0279883608908, Goods: 101, Land: 0, Labour: 0, Capital: 0, Goods Price: 33.81226126879567
Firm 2: Money: -1160.54278024595, Goods: 77, Land: 0, Labour: 0, Capital: 0, Goods Price: 38.2133270064411
Firm 3: Money: -1701.3080132717353, Goods: 97, Land: 0, Labour: 0, Capital: 0, Goods Price: 34.55721878321838
Firm 4: Money: -811.6302631533347, Goods: 92, Land: 0, Labour: 0, Capital: 0, Goods Price: 26.79955716503823
Firm 5: Money: -1278.446542975669, Goods: 80, Land: 0, Labour: 0, Capital: 0, Goods Price: 32.91921337622873
Firm 6: Money: 1114.7120571410587, Goods: 34, Land: 0, Labour: 0, Capital: 0, Goods Price: 22.56690358477848
Firm 7: Money: 1745.3354982414257, Goods: 52, Land: 0, Labour: 0, Capital: 0, Goods Price: 6.131336997412615
Firm 8: Money: 1320.43670394165, Goods: 49, Land: 0, Labour: 0, Capital: 0, Goods Price: 9.09821172073078
Firm 9: Money: 1091.853132675444, Goods: 71, Land: 0, Labour: 0, Capital: 0, Goods Price: 29.046978495283202
Firm 10: Money: 463.9771974449745, Goods: 30, Land: 0, Labour: 0, Capital: 0, Goods Price: 21.670384725303155
Self.nfirms:  10
[0, 1, 2, 3, 4, 5, 6, 7, 8, 9]
^^^
[0, 1, 2, 3, 4, 5, 7, 8, 9]
^^^
[0, 1, 2, 4, 5, 7, 8, 9]
^^^
sold
[0, 1, 4, 5, 7, 8, 9]
^^^
sold
[0, 4, 5, 7, 8, 9]
^^^
sold
[0, 4, 5, 8, 9]
^^^
[4, 5, 8, 9]
^^^
[4, 5, 8]
^^^
sold
[4, 5]
^^^
sold
[5]
^^^
sold
---
__
[0, 1, 2, 3, 4, 5, 6, 7, 8, 9]
[0, 2, 3, 4, 5, 6, 7, 8, 9]
[0, 3, 4, 5, 6, 7, 8, 9]
[3, 4, 5, 6, 7, 8, 9]
[3, 4, 5, 6, 7, 9]
[3, 4, 5, 6, 9]
[3, 4, 6, 9]
[3, 6, 9]
[3, 9]
[9]
producing
producing
producing
producing
producing
producing
producing
producing
producing
producing
Day 314:
Household 1: Income: 18.341344561488285, Goods: 101, Land: 2386, Labour: 4990, Capital: 5439
Household 2: Income: 947.442740769267, Goods: 311, Land: 7447, Labour: 7106, Capital: 6189
Household 3: Income: 2470.728532316594, Goods: 312, Land: 9025, Labour: 2826, Capital: 2886
Household 4: Income: 12.321673285809606, Goods: 146, Land: 3933, Labour: 8370, Capital: 1335
Household 5: Income: 409.65477241364044, Goods: 303, Land: 5966, Labour: 9467, Capital: 3756
Household 6: Income: 70.80960002162466, Goods: 286, Land: 3935, Labour: 3975, Capital: 1477
Household 7: Income: 41.37744225294011, Goods: 212, Land: 3155, Labour: 2800, Capital: 7298
Household 8: Income: 2161.5463694073705, Goods: 312, Land: 9619, Labour: 6464, Capital: 9091
Household 9: Income: 49.29131435198173, Goods: 275, Land: 1195, Labour: 8149, Capital: 2372
Household 10: Income: 66.1452110967744, Goods: 197, Land: 8200, Labour: 9115, Capital: 7099
Firm 1: Money: -844.1682567254632, Goods: 101, Land: 0, Labour: 0, Capital: 0, Goods Price: 42.74173068231939
Firm 2: Money: -1190.2984737966324, Goods: 78, Land: 0, Labour: 0, Capital: 0, Goods Price: 32.09712479546552
Firm 3: Money: -1703.5562399990117, Goods: 97, Land: 0, Labour: 0, Capital: 0, Goods Price: 40.069545650858686
Firm 4: Money: -827.3870054569051, Goods: 92, Land: 0, Labour: 0, Capital: 0, Goods Price: 49.7808235844552
Firm 5: Money: -1261.1019187176921, Goods: 80, Land: 0, Labour: 0, Capital: 0, Goods Price: 17.302898166729754
Firm 6: Money: 1123.396166004116, Goods: 34, Land: 0, Labour: 0, Capital: 0, Goods Price: 14.997350210197961
Firm 7: Money: 1735.4425144508182, Goods: 52, Land: 0, Labour: 0, Capital: 0, Goods Price: 30.21592938919691
Firm 8: Money: 1333.3341117892467, Goods: 49, Land: 0, Labour: 0, Capital: 0, Goods Price: 9.09821172073078
Firm 9: Money: 1074.9243987415127, Goods: 72, Land: 0, Labour: 0, Capital: 0, Goods Price: 25.269343756960385
Firm 10: Money: 478.8127483249397, Goods: 30, Land: 0, Labour: 0, Capital: 0, Goods Price: 6.341449680623664
Self.nfirms:  10
[0, 1, 2, 3, 4, 5, 6, 7, 8, 9]
^^^
sold
[0, 1, 2, 3, 5, 6, 7, 8, 9]
^^^
sold
[0, 1, 2, 3, 5, 6, 7, 8]
^^^
[0, 1, 2, 5, 6, 7, 8]
^^^
[0, 1, 2, 5, 7, 8]
^^^
sold
[0, 2, 5, 7, 8]
^^^
sold
[0, 2, 7, 8]
^^^
sold
[0, 2, 8]
^^^
sold
[0, 8]
^^^
sold
[0]
^^^
---
__
[0, 1, 2, 3, 4, 5, 6, 7, 8, 9]
[0, 1, 2, 3, 4, 6, 7, 8, 9]
[0, 1, 3, 4, 6, 7, 8, 9]
[0, 1, 3, 4, 6, 7, 8]
[0, 1, 3, 4, 6, 7]
[1, 3, 4, 6, 7]
[1, 3, 6, 7]
[3, 6, 7]
[3, 7]
[3]
producing
producing
producing
producing
producing
producing
producing
producing
producing
producing
Day 315:
Household 1: Income: 11.363576599316112, Goods: 102, Land: 2385, Labour: 4989, Capital: 5438
Household 2: Income: 914.8829788516488, Goods: 312, Land: 7446, Labour: 7105, Capital: 6188
Household 3: Income: 2476.0030651722127, Goods: 313, Land: 9024, Labour: 2825, Capital: 2885
Household 4: Income: 30.254228748540672, Goods: 146, Land: 3932, Labour: 8369, Capital: 1334
Household 5: Income: 420.1982582089348, Goods: 304, Land: 5965, Labour: 9466, Capital: 3755
Household 6: Income: 43.20262913703894, Goods: 287, Land: 3934, Labour: 3974, Capital: 1476
Household 7: Income: 36.30821029486029, Goods: 213, Land: 3154, Labour: 2799, Capital: 7297
Household 8: Income: 2195.6544496091, Goods: 313, Land: 9618, Labour: 6463, Capital: 9090
Household 9: Income: 21.74228355629557, Goods: 276, Land: 1194, Labour: 8148, Capital: 2371
Household 10: Income: 71.71475427337528, Goods: 198, Land: 8199, Labour: 9114, Capital: 7098
Firm 1: Money: -833.1360580873614, Goods: 101, Land: 0, Labour: 0, Capital: 0, Goods Price: 38.96409594399658
Firm 2: Money: -1201.2875750504436, Goods: 78, Land: 0, Labour: 0, Capital: 0, Goods Price: 41.386791828539465
Firm 3: Money: -1682.4836254718966, Goods: 97, Land: 0, Labour: 0, Capital: 0, Goods Price: 25.237521068615287
Firm 4: Money: -799.2199489919667, Goods: 92, Land: 0, Labour: 0, Capital: 0, Goods Price: 26.79955716503823
Firm 5: Money: -1281.491596691677, Goods: 80, Land: 0, Labour: 0, Capital: 0, Goods Price: 36.69684811455154
Firm 6: Money: 1120.8003751090912, Goods: 34, Land: 0, Labour: 0, Capital: 0, Goods Price: 19.393438762680113
Firm 7: Money: 1748.517884736837, Goods: 52, Land: 0, Labour: 0, Capital: 0, Goods Price: 31.332167704355054
Firm 8: Money: 1337.273254607653, Goods: 49, Land: 0, Labour: 0, Capital: 0, Goods Price: 9.09821172073078
Firm 9: Money: 1061.427385824289, Goods: 73, Land: 0, Labour: 0, Capital: 0, Goods Price: 21.83762274025291
Firm 10: Money: 475.3325146565728, Goods: 30, Land: 0, Labour: 0, Capital: 0, Goods Price: 14.437944199169422
Self.nfirms:  10
[0, 1, 2, 3, 4, 5, 6, 7, 8, 9]
^^^
sold
[0, 1, 2, 3, 4, 6, 7, 8, 9]
^^^
sold
[0, 1, 2, 3, 4, 6, 7, 9]
^^^
[0, 1, 2, 4, 6, 7, 9]
^^^
sold
[0, 1, 4, 6, 7, 9]
^^^
[1, 4, 6, 7, 9]
^^^
[1, 4, 6, 7]
^^^
sold
[1, 6, 7]
^^^
[1, 7]
^^^
sold
[7]
^^^
sold
---
__
[0, 1, 2, 3, 4, 5, 6, 7, 8, 9]
[0, 1, 2, 3, 5, 6, 7, 8, 9]
[0, 1, 2, 5, 6, 7, 8, 9]
[0, 2, 5, 6, 7, 8, 9]
[0, 2, 5, 7, 8, 9]
[0, 2, 7, 8, 9]
[0, 2, 8, 9]
[2, 8, 9]
[8, 9]
[9]
producing
producing
producing
producing
producing
producing
producing
producing
producing
producing
Day 316:
Household 1: Income: 12.361714162937155, Goods: 102, Land: 2384, Labour: 4988, Capital: 5437
Household 2: Income: 912.325393167917, Goods: 313, Land: 7445, Labour: 7104, Capital: 6187
Household 3: Income: 2488.1372017546814, Goods: 314, Land: 9023, Labour: 2824, Capital: 2884
Household 4: Income: 33.61387342415507, Goods: 146, Land: 3931, Labour: 8368, Capital: 1333
Household 5: Income: 400.7973129382981, Goods: 305, Land: 5964, Labour: 9465, Capital: 3754
Household 6: Income: 38.9439501720925, Goods: 288, Land: 3933, Labour: 3973, Capital: 1475
Household 7: Income: 36.69313652276173, Goods: 214, Land: 3153, Labour: 2798, Capital: 7296
Household 8: Income: 2178.1427017614055, Goods: 314, Land: 9617, Labour: 6462, Capital: 9089
Household 9: Income: 43.46414104725954, Goods: 277, Land: 1193, Labour: 8147, Capital: 2370
Household 10: Income: 52.50717035786254, Goods: 199, Land: 8198, Labour: 9113, Capital: 7097
Firm 1: Money: -829.3690461815509, Goods: 101, Land: 0, Labour: 0, Capital: 0, Goods Price: 39.92846347977125
Firm 2: Money: -1193.13166594231, Goods: 78, Land: 0, Labour: 0, Capital: 0, Goods Price: 32.09712479546552
Firm 3: Money: -1691.9709440628435, Goods: 97, Land: 0, Labour: 0, Capital: 0, Goods Price: 37.98893979992586
Firm 4: Money: -787.4315584140058, Goods: 92, Land: 0, Labour: 0, Capital: 0, Goods Price: 26.79955716503823
Firm 5: Money: -1281.2286504940262, Goods: 80, Land: 0, Labour: 0, Capital: 0, Goods Price: 36.69684811455154
Firm 6: Money: 1121.2646502336636, Goods: 34, Land: 0, Labour: 0, Capital: 0, Goods Price: 22.56690358477848
Firm 7: Money: 1751.6530686080107, Goods: 53, Land: 0, Labour: 0, Capital: 0, Goods Price: 6.131336997412615
Firm 8: Money: 1344.3089531037504, Goods: 49, Land: 0, Labour: 0, Capital: 0, Goods Price: 9.09821172073078
Firm 9: Money: 1047.9303729070655, Goods: 74, Land: 0, Labour: 0, Capital: 0, Goods Price: 21.83762274025291
Firm 10: Money: 488.04527002529744, Goods: 30, Land: 0, Labour: 0, Capital: 0, Goods Price: 6.341449680623664
Self.nfirms:  10
[0, 1, 2, 3, 4, 5, 6, 7, 8, 9]
^^^
sold
[0, 1, 3, 4, 5, 6, 7, 8, 9]
^^^
[0, 1, 4, 5, 6, 7, 8, 9]
^^^
sold
[0, 4, 5, 6, 7, 8, 9]
^^^
[0, 4, 5, 7, 8, 9]
^^^
sold
[0, 5, 7, 8, 9]
^^^
sold
[0, 5, 8, 9]
^^^
sold
[0, 8, 9]
^^^
[8, 9]
^^^
sold
[9]
^^^
sold
---
__
[0, 1, 2, 3, 4, 5, 6, 7, 8, 9]
[0, 1, 3, 4, 5, 6, 7, 8, 9]
[0, 1, 3, 5, 6, 7, 8, 9]
[1, 3, 5, 6, 7, 8, 9]
[1, 3, 5, 6, 7, 8]
[1, 5, 6, 7, 8]
[5, 6, 7, 8]
[6, 7, 8]
[7, 8]
[8]
producing
producing
producing
producing
producing
producing
producing
producing
producing
producing
Day 317:
Household 1: Income: 16.976826139898755, Goods: 103, Land: 2383, Labour: 4987, Capital: 5436
Household 2: Income: 901.2244795734946, Goods: 314, Land: 7444, Labour: 7103, Capital: 6186
Household 3: Income: 2494.1031202031077, Goods: 315, Land: 9022, Labour: 2823, Capital: 2883
Household 4: Income: 34.89792113188881, Goods: 147, Land: 3930, Labour: 8367, Capital: 1332
Household 5: Income: 435.1292991874252, Goods: 306, Land: 5963, Labour: 9464, Capital: 3753
Household 6: Income: 15.769010105330405, Goods: 289, Land: 3932, Labour: 3972, Capital: 1474
Household 7: Income: 41.87081539669322, Goods: 215, Land: 3152, Labour: 2797, Capital: 7295
Household 8: Income: 2170.248102271531, Goods: 315, Land: 9616, Labour: 6461, Capital: 9088
Household 9: Income: 42.130282315273234, Goods: 278, Land: 1192, Labour: 8146, Capital: 2369
Household 10: Income: 55.59647059972025, Goods: 200, Land: 8197, Labour: 9112, Capital: 7096
Firm 1: Money: -820.6695281050452, Goods: 101, Land: 0, Labour: 0, Capital: 0, Goods Price: 35.96032484485077
Firm 2: Money: -1201.1257849549982, Goods: 78, Land: 0, Labour: 0, Capital: 0, Goods Price: 39.32956532159925
Firm 3: Money: -1691.0441155446858, Goods: 97, Land: 0, Labour: 0, Capital: 0, Goods Price: 42.72933000714207
Firm 4: Money: -780.2070342981593, Goods: 92, Land: 0, Labour: 0, Capital: 0, Goods Price: 26.79955716503823
Firm 5: Money: -1273.2949091066653, Goods: 80, Land: 0, Labour: 0, Capital: 0, Goods Price: 27.767378701027823
Firm 6: Money: 1133.8950321907673, Goods: 34, Land: 0, Labour: 0, Capital: 0, Goods Price: 18.429071226905435
Firm 7: Money: 1730.546540712541, Goods: 53, Land: 0, Labour: 0, Capital: 0, Goods Price: 33.02919659174505
Firm 8: Money: 1330.3315658637757, Goods: 49, Land: 0, Labour: 0, Capital: 0, Goods Price: 35.973006808302344
Firm 9: Money: 1047.8340287120923, Goods: 74, Land: 0, Labour: 0, Capital: 0, Goods Price: 26.233711292735062
Firm 10: Money: 482.84492269843713, Goods: 30, Land: 0, Labour: 0, Capital: 0, Goods Price: 16.158057857662854
Self.nfirms:  10
[0, 1, 2, 3, 4, 5, 6, 7, 8, 9]
^^^
sold
[0, 1, 2, 3, 4, 5, 6, 8, 9]
^^^
[0, 1, 2, 3, 4, 5, 8, 9]
^^^
[0, 1, 2, 4, 5, 8, 9]
^^^
sold
[0, 2, 4, 5, 8, 9]
^^^
sold
[0, 2, 4, 5, 9]
^^^
[2, 4, 5, 9]
^^^
[2, 4, 5]
^^^
sold
[2, 5]
^^^
[2]
^^^
sold
---
__
[0, 1, 2, 3, 4, 5, 6, 7, 8, 9]
[0, 1, 2, 3, 5, 6, 7, 8, 9]
[1, 2, 3, 5, 6, 7, 8, 9]
[1, 2, 3, 5, 7, 8, 9]
[1, 2, 3, 5, 8, 9]
[1, 2, 3, 8, 9]
[1, 2, 3, 8]
[1, 2, 8]
[2, 8]
[8]
producing
producing
producing
producing
producing
producing
producing
producing
producing
producing
Day 318:
Household 1: Income: 30.913668377640246, Goods: 103, Land: 2382, Labour: 4986, Capital: 5435
Household 2: Income: 903.4708594830626, Goods: 315, Land: 7443, Labour: 7102, Capital: 6185
Household 3: Income: 2492.616643048147, Goods: 316, Land: 9021, Labour: 2822, Capital: 2882
Household 4: Income: 51.21508747382709, Goods: 147, Land: 3929, Labour: 8366, Capital: 1331
Household 5: Income: 417.86567179950407, Goods: 307, Land: 5962, Labour: 9463, Capital: 3752
Household 6: Income: 36.07238938194249, Goods: 289, Land: 3931, Labour: 3971, Capital: 1473
Household 7: Income: 38.73563152551946, Goods: 215, Land: 3151, Labour: 2796, Capital: 7294
Household 8: Income: 2193.0727823044867, Goods: 316, Land: 9615, Labour: 6460, Capital: 9087
Household 9: Income: 36.06734942920859, Goods: 279, Land: 1191, Labour: 8145, Capital: 2368
Household 10: Income: 52.454361646308485, Goods: 201, Land: 8196, Labour: 9111, Capital: 7095
Firm 1: Money: -855.481703475969, Goods: 102, Land: 0, Labour: 0, Capital: 0, Goods Price: 43.704486151212784
Firm 2: Money: -1179.1777616363495, Goods: 78, Land: 0, Labour: 0, Capital: 0, Goods Price: 18.658597586721417
Firm 3: Money: -1725.8659220966008, Goods: 98, Land: 0, Labour: 0, Capital: 0, Goods Price: 42.126772157798904
Firm 4: Money: -812.4092910726816, Goods: 93, Land: 0, Labour: 0, Capital: 0, Goods Price: 40.49115655138125
Firm 5: Money: -1287.231751344407, Goods: 81, Land: 0, Labour: 0, Capital: 0, Goods Price: 17.302898166729754
Firm 6: Money: 1133.9868034356775, Goods: 34, Land: 0, Labour: 0, Capital: 0, Goods Price: 20.50967707783826
Firm 7: Money: 1771.6360089080501, Goods: 53, Land: 0, Labour: 0, Capital: 0, Goods Price: 6.131336997412615
Firm 8: Money: 1342.526004225742, Goods: 49, Land: 0, Labour: 0, Capital: 0, Goods Price: 28.403453433721822
Firm 9: Money: 1049.320505867053, Goods: 74, Land: 0, Labour: 0, Capital: 0, Goods Price: 29.046978495283202
Firm 10: Money: 477.26970781226066, Goods: 30, Land: 0, Labour: 0, Capital: 0, Goods Price: 20.554146410145005
Self.nfirms:  10
[0, 1, 2, 3, 4, 5, 6, 7, 8, 9]
^^^
[0, 1, 2, 3, 4, 5, 6, 7, 9]
^^^
[0, 1, 2, 3, 4, 6, 7, 9]
^^^
sold
[0, 1, 2, 4, 6, 7, 9]
^^^
sold
[0, 2, 4, 6, 7, 9]
^^^
sold
[0, 2, 4, 6, 9]
^^^
sold
[0, 2, 4, 9]
^^^
sold
[0, 2, 9]
^^^
[0, 2]
^^^
[2]
^^^
sold
---
__
[0, 1, 2, 3, 4, 5, 6, 7, 8, 9]
[0, 1, 2, 3, 4, 5, 7, 8, 9]
[0, 1, 2, 3, 4, 7, 8, 9]
[0, 1, 2, 4, 7, 8, 9]
[0, 1, 2, 4, 8, 9]
[0, 1, 2, 8, 9]
[0, 1, 8, 9]
[1, 8, 9]
[1, 8]
[8]
producing
producing
producing
producing
producing
producing
producing
producing
producing
producing
Day 319:
Household 1: Income: 20.246106647991553, Goods: 104, Land: 2381, Labour: 4985, Capital: 5434
Household 2: Income: 917.7126338663782, Goods: 316, Land: 7442, Labour: 7101, Capital: 6184
Household 3: Income: 2476.7156980856134, Goods: 317, Land: 9020, Labour: 2821, Capital: 2881
Household 4: Income: 62.76060022468987, Goods: 148, Land: 3928, Labour: 8365, Capital: 1330
Household 5: Income: 421.3708431028002, Goods: 308, Land: 5961, Labour: 9462, Capital: 3751
Household 6: Income: 67.54819659111831, Goods: 289, Land: 3930, Labour: 3970, Capital: 1472
Household 7: Income: 25.623891316040293, Goods: 216, Land: 3150, Labour: 2795, Capital: 7293
Household 8: Income: 2210.3221840170645, Goods: 317, Land: 9614, Labour: 6459, Capital: 9086
Household 9: Income: 54.650615047327236, Goods: 279, Land: 1190, Labour: 8144, Capital: 2367
Household 10: Income: 64.55930704545061, Goods: 202, Land: 8195, Labour: 9110, Capital: 7094
Firm 1: Money: -842.8860968548383, Goods: 102, Land: 0, Labour: 0, Capital: 0, Goods Price: 35.96032484485077
Firm 2: Money: -1195.4701604285276, Goods: 78, Land: 0, Labour: 0, Capital: 0, Goods Price: 33.81723845395895
Firm 3: Money: -1757.5142638264174, Goods: 99, Land: 0, Labour: 0, Capital: 0, Goods Price: 38.953307335700536
Firm 4: Money: -853.9012148802778, Goods: 94, Land: 0, Labour: 0, Capital: 0, Goods Price: 49.7808235844552
Firm 5: Money: -1306.0027976851648, Goods: 81, Land: 0, Labour: 0, Capital: 0, Goods Price: 37.659603583444934
Firm 6: Money: 1138.2397863824538, Goods: 34, Land: 0, Labour: 0, Capital: 0, Goods Price: 18.429071226905435
Firm 7: Money: 1758.9297579148945, Goods: 53, Land: 0, Labour: 0, Capital: 0, Goods Price: 33.02919659174505
Firm 8: Money: 1348.1852607026415, Goods: 49, Land: 0, Labour: 0, Capital: 0, Goods Price: 26.68333977522839
Firm 9: Money: 1075.1969674759027, Goods: 74, Land: 0, Labour: 0, Capital: 0, Goods Price: 8.729472823383878
Firm 10: Money: 480.76973034728127, Goods: 30, Land: 0, Labour: 0, Capital: 0, Goods Price: 21.670384725303155
Self.nfirms:  10
[0, 1, 2, 3, 4, 5, 6, 7, 8, 9]
^^^
sold
[0, 1, 2, 4, 5, 6, 7, 8, 9]
^^^
[1, 2, 4, 5, 6, 7, 8, 9]
^^^
sold
[1, 2, 4, 5, 6, 7, 9]
^^^
sold
[1, 2, 4, 5, 6, 7]
^^^
sold
[1, 4, 5, 6, 7]
^^^
sold
[4, 5, 6, 7]
^^^
sold
[4, 5, 6]
^^^
sold
[4, 6]
^^^
[4]
^^^
sold
---
__
[0, 1, 2, 3, 4, 5, 6, 7, 8, 9]
[0, 1, 2, 3, 4, 5, 6, 8, 9]
[0, 1, 2, 3, 5, 6, 8, 9]
[0, 1, 2, 3, 5, 8, 9]
[0, 2, 3, 5, 8, 9]
[0, 2, 3, 5, 8]
[0, 3, 5, 8]
[3, 5, 8]
[5, 8]
[8]
producing
producing
producing
producing
producing
producing
producing
producing
producing
producing
Day 320:
Household 1: Income: 27.03004216364573, Goods: 104, Land: 2380, Labour: 4984, Capital: 5433
Household 2: Income: 901.5524449962757, Goods: 317, Land: 7441, Labour: 7100, Capital: 6183
Household 3: Income: 2495.2049499639515, Goods: 318, Land: 9019, Labour: 2820, Capital: 2880
Household 4: Income: 30.24103816989006, Goods: 149, Land: 3927, Labour: 8364, Capital: 1329
Household 5: Income: 428.48260788138714, Goods: 309, Land: 5960, Labour: 9461, Capital: 3750
Household 6: Income: 46.72263154400122, Goods: 290, Land: 3929, Labour: 3969, Capital: 1471
Household 7: Income: 56.30786551008194, Goods: 216, Land: 3149, Labour: 2794, Capital: 7292
Household 8: Income: 2198.745335521621, Goods: 318, Land: 9613, Labour: 6458, Capital: 9085
Household 9: Income: 52.62787160115509, Goods: 280, Land: 1189, Labour: 8143, Capital: 2366
Household 10: Income: 76.50878451915644, Goods: 203, Land: 8194, Labour: 9109, Capital: 7093
Firm 1: Money: -815.3474544061519, Goods: 102, Land: 0, Labour: 0, Capital: 0, Goods Price: 15.676246295943141
Firm 2: Money: -1211.7873267704658, Goods: 79, Land: 0, Labour: 0, Capital: 0, Goods Price: 18.658597586721417
Firm 3: Money: -1788.1982380204593, Goods: 100, Land: 0, Labour: 0, Capital: 0, Goods Price: 37.98893979992586
Firm 4: Money: -848.3552272152061, Goods: 94, Land: 0, Labour: 0, Capital: 0, Goods Price: 49.42062596490497
Firm 5: Money: -1300.6411159377658, Goods: 81, Land: 0, Labour: 0, Capital: 0, Goods Price: 33.8835809120034
Firm 6: Money: 1135.902251682038, Goods: 34, Land: 0, Labour: 0, Capital: 0, Goods Price: 22.56690358477848
Firm 7: Money: 1765.7323763321672, Goods: 53, Land: 0, Labour: 0, Capital: 0, Goods Price: 31.332167704355054
Firm 8: Money: 1352.244469394231, Goods: 49, Land: 0, Labour: 0, Capital: 0, Goods Price: 26.68333977522839
Firm 9: Money: 1066.0676434269117, Goods: 74, Land: 0, Labour: 0, Capital: 0, Goods Price: 21.83762274025291
Firm 10: Money: 498.0160947359577, Goods: 30, Land: 0, Labour: 0, Capital: 0, Goods Price: 6.341449680623664
Self.nfirms:  10
[0, 1, 2, 3, 4, 5, 6, 7, 8, 9]
^^^
[0, 1, 2, 4, 5, 6, 7, 8, 9]
^^^
sold
[0, 1, 2, 5, 6, 7, 8, 9]
^^^
sold
[0, 1, 2, 5, 6, 7, 9]
^^^
[1, 2, 5, 6, 7, 9]
^^^
[1, 2, 5, 6, 7]
^^^
sold
[1, 2, 6, 7]
^^^
sold
[1, 6, 7]
^^^
sold
[6, 7]
^^^
sold
[6]
^^^
---
__
[0, 1, 2, 3, 4, 5, 6, 7, 8, 9]
[0, 1, 2, 3, 4, 5, 6, 7, 8]
[0, 1, 2, 3, 4, 5, 6, 7]
[0, 1, 3, 4, 5, 6, 7]
[1, 3, 4, 5, 6, 7]
[1, 3, 4, 6, 7]
[1, 3, 4, 6]
[1, 4, 6]
[1, 4]
[1]
producing
producing
producing
producing
producing
producing
producing
producing
producing
producing
Day 321:
Household 1: Income: 35.3713029797908, Goods: 105, Land: 2379, Labour: 4983, Capital: 5432
Household 2: Income: 897.1841399107025, Goods: 318, Land: 7440, Labour: 7099, Capital: 6182
Household 3: Income: 2511.869801621583, Goods: 319, Land: 9018, Labour: 2819, Capital: 2879
Household 4: Income: 2.1200093797892308, Goods: 150, Land: 3926, Labour: 8363, Capital: 1328
Household 5: Income: 448.433941769808, Goods: 310, Land: 5959, Labour: 9460, Capital: 3749
Household 6: Income: 39.29048775695641, Goods: 291, Land: 3928, Labour: 3968, Capital: 1470
Household 7: Income: 38.56126746131557, Goods: 217, Land: 3148, Labour: 2793, Capital: 7291
Household 8: Income: 2201.539086031202, Goods: 319, Land: 9612, Labour: 6457, Capital: 9084
Household 9: Income: 34.641872659799006, Goods: 281, Land: 1188, Labour: 8142, Capital: 2365
Household 10: Income: 24.586805316770537, Goods: 204, Land: 8193, Labour: 9108, Capital: 7092
Firm 1: Money: -835.2987882945729, Goods: 102, Land: 0, Labour: 0, Capital: 0, Goods Price: 41.0447017949294
Firm 2: Money: -1213.6068268643862, Goods: 79, Land: 0, Labour: 0, Capital: 0, Goods Price: 18.658597586721417
Firm 3: Money: -1787.7740168842356, Goods: 100, Land: 0, Labour: 0, Capital: 0, Goods Price: 41.766574538248676
Firm 4: Money: -813.9457678373785, Goods: 94, Land: 0, Labour: 0, Capital: 0, Goods Price: 26.79955716503823
Firm 5: Money: -1298.33943566979, Goods: 81, Land: 0, Labour: 0, Capital: 0, Goods Price: 33.8835809120034
Firm 6: Money: 1139.5399916287088, Goods: 34, Land: 0, Labour: 0, Capital: 0, Goods Price: 22.56690358477848
Firm 7: Money: 1787.156425459478, Goods: 53, Land: 0, Labour: 0, Capital: 0, Goods Price: 24.099727178221322
Firm 8: Money: 1382.7270052963252, Goods: 49, Land: 0, Labour: 0, Capital: 0, Goods Price: 9.09821172073078
Firm 9: Money: 1070.3673877844208, Goods: 74, Land: 0, Labour: 0, Capital: 0, Goods Price: 21.83762274025291
Firm 10: Money: 502.6323555861366, Goods: 30, Land: 0, Labour: 0, Capital: 0, Goods Price: 6.341449680623664
Self.nfirms:  10
[0, 1, 2, 3, 4, 5, 6, 7, 8, 9]
^^^
sold
[0, 1, 3, 4, 5, 6, 7, 8, 9]
^^^
sold
[0, 1, 3, 5, 6, 7, 8, 9]
^^^
[1, 3, 5, 6, 7, 8, 9]
^^^
[1, 5, 6, 7, 8, 9]
^^^
[1, 6, 7, 8, 9]
^^^
sold
[1, 6, 7, 9]
^^^
sold
[6, 7, 9]
^^^
[6, 7]
^^^
[7]
^^^
sold
---
__
[0, 1, 2, 3, 4, 5, 6, 7, 8, 9]
[0, 2, 3, 4, 5, 6, 7, 8, 9]
[0, 2, 4, 5, 6, 7, 8, 9]
[2, 4, 5, 6, 7, 8, 9]
[4, 5, 6, 7, 8, 9]
[4, 5, 7, 8, 9]
[5, 7, 8, 9]
[5, 8, 9]
[5, 9]
[5]
producing
producing
producing
producing
producing
producing
producing
producing
producing
producing
Day 322:
Household 1: Income: 7.666859943251306, Goods: 106, Land: 2378, Labour: 4982, Capital: 5431
Household 2: Income: 894.3925708654492, Goods: 319, Land: 7439, Labour: 7098, Capital: 6181
Household 3: Income: 2529.9548260141637, Goods: 320, Land: 9017, Labour: 2818, Capital: 2878
Household 4: Income: 29.18802344435104, Goods: 150, Land: 3925, Labour: 8362, Capital: 1327
Household 5: Income: 458.0451094694584, Goods: 311, Land: 5958, Labour: 9459, Capital: 3748
Household 6: Income: 66.54274093429058, Goods: 291, Land: 3927, Labour: 3967, Capital: 1469
Household 7: Income: 34.99819385420438, Goods: 218, Land: 3147, Labour: 2792, Capital: 7290
Household 8: Income: 2212.5914500099807, Goods: 320, Land: 9611, Labour: 6456, Capital: 9083
Household 9: Income: 24.916243994762947, Goods: 282, Land: 1187, Labour: 8141, Capital: 2364
Household 10: Income: -3.4398720304202763, Goods: 205, Land: 8192, Labour: 9107, Capital: 7091
Firm 1: Money: -862.3668023591348, Goods: 103, Land: 0, Labour: 0, Capital: 0, Goods Price: 35.96032484485077
Firm 2: Money: -1227.404991630754, Goods: 79, Land: 0, Labour: 0, Capital: 0, Goods Price: 38.2133270064411
Firm 3: Money: -1776.3628052546587, Goods: 100, Land: 0, Labour: 0, Capital: 0, Goods Price: 34.55721878321838
Firm 4: Money: -809.8177993992233, Goods: 94, Land: 0, Labour: 0, Capital: 0, Goods Price: 26.79955716503823
Firm 5: Money: -1332.0304254749035, Goods: 82, Land: 0, Labour: 0, Capital: 0, Goods Price: 37.05704573410177
Firm 6: Money: 1145.8083293018171, Goods: 34, Land: 0, Labour: 0, Capital: 0, Goods Price: 20.50967707783826
Firm 7: Money: 1819.3164242414634, Goods: 53, Land: 0, Labour: 0, Capital: 0, Goods Price: 6.131336997412615
Firm 8: Money: 1387.3518902837113, Goods: 49, Land: 0, Labour: 0, Capital: 0, Goods Price: 9.09821172073078
Firm 9: Money: 1083.1597476910565, Goods: 74, Land: 0, Labour: 0, Capital: 0, Goods Price: 20.11750908175948
Firm 10: Money: 484.5473311935561, Goods: 30, Land: 0, Labour: 0, Capital: 0, Goods Price: 23.36741361269315
Self.nfirms:  10
[0, 1, 2, 3, 4, 5, 6, 7, 8, 9]
^^^
[0, 1, 2, 3, 4, 5, 7, 8, 9]
^^^
sold
[0, 1, 2, 3, 5, 7, 8, 9]
^^^
[0, 1, 2, 5, 7, 8, 9]
^^^
sold
[0, 2, 5, 7, 8, 9]
^^^
sold
[0, 2, 5, 8, 9]
^^^
[0, 2, 5, 8]
^^^
sold
[0, 5, 8]
^^^
sold
[0, 5]
^^^
sold
[0]
^^^
---
__
[0, 1, 2, 3, 4, 5, 6, 7, 8, 9]
[0, 1, 2, 3, 4, 5, 6, 7, 9]
[0, 1, 2, 3, 4, 5, 7, 9]
[0, 1, 3, 4, 5, 7, 9]
[0, 1, 3, 4, 5, 9]
[0, 1, 3, 5, 9]
[0, 1, 3, 5]
[0, 1, 5]
[1, 5]
[1]
producing
producing
producing
producing
producing
producing
producing
producing
producing
producing
Day 323:
Household 1: Income: 4.5316760720775555, Goods: 106, Land: 2377, Labour: 4981, Capital: 5430
Household 2: Income: 884.814075367248, Goods: 320, Land: 7438, Labour: 7097, Capital: 6180
Household 3: Income: 2532.4969755671973, Goods: 321, Land: 9016, Labour: 2817, Capital: 2877
Household 4: Income: 41.84186438122807, Goods: 151, Land: 3924, Labour: 8361, Capital: 1326
Household 5: Income: 441.99555135303484, Goods: 312, Land: 5957, Labour: 9458, Capital: 3747
Household 6: Income: 81.98534916605695, Goods: 292, Land: 3926, Labour: 3966, Capital: 1468
Household 7: Income: 54.01355428790886, Goods: 219, Land: 3146, Labour: 2791, Capital: 7289
Household 8: Income: 2232.430328319748, Goods: 321, Land: 9610, Labour: 6455, Capital: 9082
Household 9: Income: 17.24784183666711, Goods: 283, Land: 1186, Labour: 8140, Capital: 2363
Household 10: Income: -2.4417344667992307, Goods: 205, Land: 8191, Labour: 9106, Capital: 7090
Firm 1: Money: -860.5191281435118, Goods: 103, Land: 0, Labour: 0, Capital: 0, Goods Price: 38.96409594399658
Firm 2: Money: -1231.712214377793, Goods: 79, Land: 0, Labour: 0, Capital: 0, Goods Price: 41.386791828539465
Firm 3: Money: -1810.8244141870234, Goods: 101, Land: 0, Labour: 0, Capital: 0, Goods Price: 41.766574538248676
Firm 4: Money: -820.0437223985382, Goods: 94, Land: 0, Labour: 0, Capital: 0, Goods Price: 42.21127020987468
Firm 5: Money: -1358.579811822998, Goods: 83, Land: 0, Labour: 0, Capital: 0, Goods Price: 29.91544227708292
Firm 6: Money: 1151.135678783144, Goods: 34, Land: 0, Labour: 0, Capital: 0, Goods Price: 19.393438762680113
Firm 7: Money: 1833.5080328426402, Goods: 53, Land: 0, Labour: 0, Capital: 0, Goods Price: 6.131336997412615
Firm 8: Money: 1400.249298131308, Goods: 49, Land: 0, Labour: 0, Capital: 0, Goods Price: 9.09821172073078
Firm 9: Money: 1089.8626106335757, Goods: 74, Land: 0, Labour: 0, Capital: 0, Goods Price: 20.11750908175948
Firm 10: Money: 485.0652337472516, Goods: 30, Land: 0, Labour: 0, Capital: 0, Goods Price: 21.670384725303155
Self.nfirms:  10
[0, 1, 2, 3, 4, 5, 6, 7, 8, 9]
^^^
sold
[0, 1, 3, 4, 5, 6, 7, 8, 9]
^^^
[0, 1, 4, 5, 6, 7, 8, 9]
^^^
[0, 1, 4, 5, 7, 8, 9]
^^^
sold
[0, 4, 5, 7, 8, 9]
^^^
sold
[0, 4, 5, 8, 9]
^^^
[0, 4, 5, 9]
^^^
[0, 4, 5]
^^^
sold
[0, 4]
^^^
sold
[0]
^^^
---
__
[0, 1, 2, 3, 4, 5, 6, 7, 8, 9]
[0, 1, 2, 3, 4, 5, 6, 7, 8]
[1, 2, 3, 4, 5, 6, 7, 8]
[1, 2, 3, 4, 5, 7, 8]
[1, 2, 3, 4, 5, 7]
[1, 3, 4, 5, 7]
[3, 4, 5, 7]
[3, 4, 7]
[3, 7]
[7]
producing
producing
producing
producing
producing
producing
producing
producing
producing
producing
Day 324:
Household 1: Income: 11.315611587731738, Goods: 106, Land: 2376, Labour: 4980, Capital: 5429
Household 2: Income: 889.650084551319, Goods: 321, Land: 7437, Labour: 7096, Capital: 6179
Household 3: Income: 2547.337723173352, Goods: 322, Land: 9015, Labour: 2816, Capital: 2876
Household 4: Income: 37.503376262534985, Goods: 152, Land: 3923, Labour: 8360, Capital: 1325
Household 5: Income: 460.78848987427136, Goods: 313, Land: 5956, Labour: 9457, Capital: 3746
Household 6: Income: 94.82826360244843, Goods: 293, Land: 3925, Labour: 3965, Capital: 1467
Household 7: Income: 11.662437952546611, Goods: 220, Land: 3145, Labour: 2790, Capital: 7288
Household 8: Income: 2231.3181535195686, Goods: 322, Land: 9609, Labour: 6454, Capital: 9081
Household 9: Income: 32.08104814630207, Goods: 283, Land: 1185, Labour: 8139, Capital: 2362
Household 10: Income: 19.22738967434794, Goods: 205, Land: 8190, Labour: 9105, Capital: 7089
Firm 1: Money: -832.499899053873, Goods: 103, Land: 0, Labour: 0, Capital: 0, Goods Price: 15.676246295943141
Firm 2: Money: -1268.7003484546092, Goods: 80, Land: 0, Labour: 0, Capital: 0, Goods Price: 39.32956532159925
Firm 3: Money: -1842.47275591684, Goods: 102, Land: 0, Labour: 0, Capital: 0, Goods Price: 38.953307335700536
Firm 4: Money: -792.8436187757409, Goods: 94, Land: 0, Labour: 0, Capital: 0, Goods Price: 26.79955716503823
Firm 5: Money: -1365.458469082366, Goods: 83, Land: 0, Labour: 0, Capital: 0, Goods Price: 37.05704573410177
Firm 6: Money: 1134.2044596450967, Goods: 35, Land: 0, Labour: 0, Capital: 0, Goods Price: 22.206705965228252
Firm 7: Money: 1820.7652980648977, Goods: 53, Land: 0, Labour: 0, Capital: 0, Goods Price: 24.099727178221322
Firm 8: Money: 1387.4063836949163, Goods: 49, Land: 0, Labour: 0, Capital: 0, Goods Price: 28.403453433721822
Firm 9: Money: 1091.0426319993005, Goods: 74, Land: 0, Labour: 0, Capital: 0, Goods Price: 30.009733964176593
Firm 10: Money: 499.90078462721686, Goods: 30, Land: 0, Labour: 0, Capital: 0, Goods Price: 6.341449680623664
Self.nfirms:  10
[0, 1, 2, 3, 4, 5, 6, 7, 8, 9]
^^^
sold
[0, 1, 2, 4, 5, 6, 7, 8, 9]
^^^
sold
[0, 1, 2, 4, 5, 6, 7, 9]
^^^
sold
[0, 1, 2, 4, 5, 6, 9]
^^^
[1, 2, 4, 5, 6, 9]
^^^
sold
[1, 2, 5, 6, 9]
^^^
sold
[1, 2, 6, 9]
^^^
[1, 2, 9]
^^^
sold
[1, 9]
^^^
sold
[9]
^^^
---
__
[0, 1, 2, 3, 4, 5, 6, 7, 8, 9]
[1, 2, 3, 4, 5, 6, 7, 8, 9]
[1, 2, 3, 4, 6, 7, 8, 9]
[1, 2, 3, 4, 7, 8, 9]
[1, 2, 3, 4, 8, 9]
[1, 2, 3, 8, 9]
[1, 2, 3, 8]
[1, 2, 3]
[1, 2]
[2]
producing
producing
producing
producing
producing
producing
producing
producing
producing
producing
Day 325:
Household 1: Income: -1.502859512723523, Goods: 107, Land: 2375, Labour: 4979, Capital: 5428
Household 2: Income: 899.6896198039175, Goods: 322, Land: 7436, Labour: 7095, Capital: 6178
Household 3: Income: 2567.8570456378498, Goods: 323, Land: 9014, Labour: 2815, Capital: 2875
Household 4: Income: 23.996389819977033, Goods: 153, Land: 3922, Labour: 8359, Capital: 1324
Household 5: Income: 457.9258724460419, Goods: 314, Land: 5955, Labour: 9456, Capital: 3745
Household 6: Income: 70.68895599991166, Goods: 294, Land: 3924, Labour: 3964, Capital: 1466
Household 7: Income: 12.660575516167654, Goods: 220, Land: 3144, Labour: 2789, Capital: 7287
Household 8: Income: 2232.113028929284, Goods: 323, Land: 9608, Labour: 6453, Capital: 9080
Household 9: Income: 35.33794661766008, Goods: 284, Land: 1184, Labour: 8138, Capital: 2361
Household 10: Income: 54.651754075605794, Goods: 205, Land: 8189, Labour: 9104, Capital: 7088
Firm 1: Money: -849.6402023104429, Goods: 103, Land: 0, Labour: 0, Capital: 0, Goods Price: 39.92846347977125
Firm 2: Money: -1307.3855114188154, Goods: 81, Land: 0, Labour: 0, Capital: 0, Goods Price: 41.02659420898924
Firm 3: Money: -1840.5815598629079, Goods: 102, Land: 0, Labour: 0, Capital: 0, Goods Price: 42.72933000714207
Firm 4: Money: -825.0458755502632, Goods: 95, Land: 0, Labour: 0, Capital: 0, Goods Price: 40.49115655138125
Firm 5: Money: -1366.2533444920814, Goods: 83, Land: 0, Labour: 0, Capital: 0, Goods Price: 37.05704573410177
Firm 6: Money: 1157.2128657194667, Goods: 35, Land: 0, Labour: 0, Capital: 0, Goods Price: 0.43292125251868807
Firm 7: Money: 1819.6962686760128, Goods: 53, Land: 0, Labour: 0, Capital: 0, Goods Price: 31.332167704355054
Firm 8: Money: 1411.3365103952935, Goods: 49, Land: 0, Labour: 0, Capital: 0, Goods Price: 9.09821172073078
Firm 9: Money: 1119.5991273021107, Goods: 74, Land: 0, Labour: 0, Capital: 0, Goods Price: 8.729472823383878
Firm 10: Money: 494.70043730035655, Goods: 30, Land: 0, Labour: 0, Capital: 0, Goods Price: 16.158057857662854
Self.nfirms:  10
[0, 1, 2, 3, 4, 5, 6, 7, 8, 9]
^^^
sold
[0, 1, 3, 4, 5, 6, 7, 8, 9]
^^^
[1, 3, 4, 5, 6, 7, 8, 9]
^^^
[1, 3, 4, 5, 6, 7, 8]
^^^
sold
[1, 3, 4, 5, 6, 8]
^^^
sold
[1, 3, 4, 6, 8]
^^^
[1, 3, 4, 8]
^^^
sold
[3, 4, 8]
^^^
[3, 4]
^^^
sold
[3]
^^^
---
__
[0, 1, 2, 3, 4, 5, 6, 7, 8, 9]
[0, 1, 2, 3, 4, 6, 7, 8, 9]
[0, 1, 2, 4, 6, 7, 8, 9]
[0, 1, 2, 6, 7, 8, 9]
[1, 2, 6, 7, 8, 9]
[1, 2, 6, 7, 9]
[1, 2, 7, 9]
[2, 7, 9]
[2, 9]
[9]
producing
producing
producing
producing
producing
producing
producing
producing
producing
producing
Day 326:
Household 1: Income: 12.433982725017968, Goods: 107, Land: 2374, Labour: 4978, Capital: 5427
Household 2: Income: 890.4351516302476, Goods: 323, Land: 7435, Labour: 7094, Capital: 6177
Household 3: Income: 2548.900666761646, Goods: 324, Land: 9013, Labour: 2814, Capital: 2874
Household 4: Income: 36.663572137347046, Goods: 154, Land: 3921, Labour: 8358, Capital: 1323
Household 5: Income: 477.3953947727431, Goods: 315, Land: 5954, Labour: 9455, Capital: 3744
Household 6: Income: 97.51960049005362, Goods: 295, Land: 3923, Labour: 3963, Capital: 1465
Household 7: Income: 9.525391644993906, Goods: 220, Land: 3143, Labour: 2788, Capital: 7286
Household 8: Income: 2226.008358855436, Goods: 324, Land: 9607, Labour: 6452, Capital: 9079
Household 9: Income: 60.8700861365008, Goods: 284, Land: 1183, Labour: 8137, Capital: 2360
Household 10: Income: 14.02075139873697, Goods: 206, Land: 8188, Labour: 9103, Capital: 7087
Firm 1: Money: -845.9049953108324, Goods: 103, Land: 0, Labour: 0, Capital: 0, Goods Price: 41.0447017949294
Firm 2: Money: -1323.7026777607537, Goods: 82, Land: 0, Labour: 0, Capital: 0, Goods Price: 18.658597586721417
Firm 3: Money: -1866.1136993817486, Goods: 103, Land: 0, Labour: 0, Capital: 0, Goods Price: 32.83710512472495
Firm 4: Money: -814.9775986307956, Goods: 95, Land: 0, Labour: 0, Capital: 0, Goods Price: 42.21127020987468
Firm 5: Money: -1346.2362507270589, Goods: 83, Land: 0, Labour: 0, Capital: 0, Goods Price: 17.302898166729754
Firm 6: Money: 1143.9316306059877, Goods: 35, Land: 0, Labour: 0, Capital: 0, Goods Price: 22.206705965228252
Firm 7: Money: 1850.0026889128378, Goods: 53, Land: 0, Labour: 0, Capital: 0, Goods Price: 6.131336997412615
Firm 8: Money: 1386.6370425661996, Goods: 50, Land: 0, Labour: 0, Capital: 0, Goods Price: 32.79954198620398
Firm 9: Money: 1105.62428695318, Goods: 74, Land: 0, Labour: 0, Capital: 0, Goods Price: 29.40717611483343
Firm 10: Money: 504.02366131268144, Goods: 30, Land: 0, Labour: 0, Capital: 0, Goods Price: 6.341449680623664
Self.nfirms:  10
[0, 1, 2, 3, 4, 5, 6, 7, 8, 9]
^^^
sold
[0, 1, 2, 3, 5, 6, 7, 8, 9]
^^^
sold
[0, 1, 3, 5, 6, 7, 8, 9]
^^^
sold
[0, 3, 5, 6, 7, 8, 9]
^^^
sold
[0, 3, 5, 6, 8, 9]
^^^
sold
[0, 3, 6, 8, 9]
^^^
[0, 3, 6, 8]
^^^
[0, 3, 8]
^^^
[3, 8]
^^^
sold
[3]
^^^
---
__
[0, 1, 2, 3, 4, 5, 6, 7, 8, 9]
[0, 1, 2, 3, 4, 5, 6, 8, 9]
[0, 1, 2, 3, 4, 5, 8, 9]
[0, 2, 3, 4, 5, 8, 9]
[0, 2, 3, 4, 5, 9]
[0, 2, 3, 5, 9]
[2, 3, 5, 9]
[2, 3, 9]
[2, 9]
[9]
producing
producing
producing
producing
producing
producing
producing
producing
producing
producing
Day 327:
Household 1: Income: 30.944640113197188, Goods: 107, Land: 2373, Labour: 4977, Capital: 5426
Household 2: Income: 874.8566713108806, Goods: 324, Land: 7434, Labour: 7093, Capital: 6176
Household 3: Income: 2540.810795774695, Goods: 325, Land: 9012, Labour: 2813, Capital: 2873
Household 4: Income: 40.023216812961444, Goods: 154, Land: 3920, Labour: 8357, Capital: 1322
Household 5: Income: 496.59478109761176, Goods: 316, Land: 5953, Labour: 9454, Capital: 3743
Household 6: Income: 84.75270972263453, Goods: 296, Land: 3922, Labour: 3962, Capital: 1464
Household 7: Income: 10.52352920861495, Goods: 220, Land: 3142, Labour: 2787, Capital: 7285
Household 8: Income: 2246.3324991593336, Goods: 325, Land: 9606, Labour: 6451, Capital: 9078
Household 9: Income: 64.12907860432446, Goods: 285, Land: 1182, Labour: 8136, Capital: 2359
Household 10: Income: 19.2814930106721, Goods: 207, Land: 8187, Labour: 9102, Capital: 7086
Firm 1: Money: -833.1381045434132, Goods: 103, Land: 0, Labour: 0, Capital: 0, Goods Price: 35.532374927289105
Firm 2: Money: -1325.522177854674, Goods: 82, Land: 0, Labour: 0, Capital: 0, Goods Price: 18.658597586721417
Firm 3: Money: -1872.1392662744588, Goods: 103, Land: 0, Labour: 0, Capital: 0, Goods Price: 42.126772157798904
Firm 4: Money: -833.4882560189749, Goods: 96, Land: 0, Labour: 0, Capital: 0, Goods Price: 26.79955716503823
Firm 5: Money: -1370.6375734990982, Goods: 84, Land: 0, Labour: 0, Capital: 0, Goods Price: 27.767378701027823
Firm 6: Money: 1150.9560089747044, Goods: 35, Land: 0, Labour: 0, Capital: 0, Goods Price: 19.393438762680113
Firm 7: Money: 1838.9934668070723, Goods: 53, Land: 0, Labour: 0, Capital: 0, Goods Price: 31.332167704355054
Firm 8: Money: 1415.3353372574452, Goods: 50, Land: 0, Labour: 0, Capital: 0, Goods Price: 9.09821172073078
Firm 9: Money: 1084.917918280926, Goods: 75, Land: 0, Labour: 0, Capital: 0, Goods Price: 29.046978495283202
Firm 10: Money: 503.5302771479672, Goods: 30, Land: 0, Labour: 0, Capital: 0, Goods Price: 6.341449680623664
Self.nfirms:  10
[0, 1, 2, 3, 4, 5, 6, 7, 8, 9]
^^^
sold
[0, 1, 2, 3, 5, 6, 7, 8, 9]
^^^
sold
[0, 1, 2, 3, 5, 6, 7, 9]
^^^
sold
[0, 1, 2, 5, 6, 7, 9]
^^^
sold
[0, 1, 2, 6, 7, 9]
^^^
sold
[0, 1, 6, 7, 9]
^^^
sold
[0, 1, 6, 9]
^^^
sold
[0, 6, 9]
^^^
[0, 9]
^^^
[9]
^^^
---
__
[0, 1, 2, 3, 4, 5, 6, 7, 8, 9]
[0, 2, 3, 4, 5, 6, 7, 8, 9]
[0, 2, 4, 5, 6, 7, 8, 9]
[0, 2, 4, 5, 6, 7, 9]
[0, 2, 5, 6, 7, 9]
[0, 2, 5, 6, 7]
[0, 5, 6, 7]
[5, 6, 7]
[5, 7]
[5]
producing
producing
producing
producing
producing
producing
producing
producing
producing
producing
Day 328:
Household 1: Income: 49.455297501376414, Goods: 107, Land: 2372, Labour: 4976, Capital: 5425
Household 2: Income: 863.3768146355397, Goods: 325, Land: 7433, Labour: 7092, Capital: 6175
Household 3: Income: 2559.216580231846, Goods: 326, Land: 9011, Labour: 2812, Capital: 2872
Household 4: Income: 9.193669390302306, Goods: 155, Land: 3919, Labour: 8356, Capital: 1321
Household 5: Income: 507.22707882486634, Goods: 317, Land: 5952, Labour: 9453, Capital: 3742
Household 6: Income: 70.51973096051509, Goods: 297, Land: 3921, Labour: 3961, Capital: 1463
Household 7: Income: 40.59531437232257, Goods: 220, Land: 3141, Labour: 2786, Capital: 7284
Household 8: Income: 2264.7909815404705, Goods: 326, Land: 9605, Labour: 6450, Capital: 9077
Household 9: Income: 52.82237565822031, Goods: 286, Land: 1181, Labour: 8135, Capital: 2358
Household 10: Income: 40.81031200071233, Goods: 208, Land: 8186, Labour: 9101, Capital: 7085
Firm 1: Money: -830.7806245111692, Goods: 103, Land: 0, Labour: 0, Capital: 0, Goods Price: 38.96409594399658
Firm 2: Money: -1340.0944629883586, Goods: 82, Land: 0, Labour: 0, Capital: 0, Goods Price: 32.09712479546552
Firm 3: Money: -1866.5012341789304, Goods: 103, Land: 0, Labour: 0, Capital: 0, Goods Price: 42.72933000714207
Firm 4: Money: -851.9989134071542, Goods: 97, Land: 0, Labour: 0, Capital: 0, Goods Price: 26.79955716503823
Firm 5: Money: -1378.3415814562145, Goods: 84, Land: 0, Labour: 0, Capital: 0, Goods Price: 37.05704573410177
Firm 6: Money: 1171.031081973343, Goods: 35, Land: 0, Labour: 0, Capital: 0, Goods Price: 0.43292125251868807
Firm 7: Money: 1818.0440582864617, Goods: 54, Land: 0, Labour: 0, Capital: 0, Goods Price: 30.21592938919691
Firm 8: Money: 1403.4151765244103, Goods: 50, Land: 0, Labour: 0, Capital: 0, Goods Price: 33.91578030136212
Firm 9: Money: 1091.620781223445, Goods: 75, Land: 0, Labour: 0, Capital: 0, Goods Price: 29.046978495283202
Firm 10: Money: 492.65460851041706, Goods: 30, Land: 0, Labour: 0, Capital: 0, Goods Price: 16.158057857662854
Self.nfirms:  10
[0, 1, 2, 3, 4, 5, 6, 7, 8, 9]
^^^
sold
[0, 1, 2, 3, 5, 6, 7, 8, 9]
^^^
[0, 1, 2, 5, 6, 7, 8, 9]
^^^
sold
[0, 1, 5, 6, 7, 8, 9]
^^^
sold
[0, 1, 6, 7, 8, 9]
^^^
[0, 1, 6, 7, 8]
^^^
[0, 1, 7, 8]
^^^
sold
[0, 7, 8]
^^^
[7, 8]
^^^
sold
[7]
^^^
sold
---
__
[0, 1, 2, 3, 4, 5, 6, 7, 8, 9]
[0, 1, 2, 3, 5, 6, 7, 8, 9]
[0, 2, 3, 5, 6, 7, 8, 9]
[0, 2, 3, 5, 6, 7, 8]
[0, 2, 3, 5, 6, 8]
[0, 3, 5, 6, 8]
[0, 3, 6, 8]
[0, 3, 6]
[3, 6]
[6]
producing
producing
producing
producing
producing
producing
producing
producing
producing
producing
Day 329:
Household 1: Income: 18.065545581334835, Goods: 108, Land: 2371, Labour: 4975, Capital: 5424
Household 2: Income: 901.9188988760164, Goods: 326, Land: 7432, Labour: 7091, Capital: 6174
Household 3: Income: 2565.425075941416, Goods: 327, Land: 9010, Labour: 2811, Capital: 2871
Household 4: Income: 36.26168345486411, Goods: 155, Land: 3918, Labour: 8355, Capital: 1320
Household 5: Income: 488.8794125111458, Goods: 318, Land: 5951, Labour: 9452, Capital: 3741
Household 6: Income: 67.31260622289392, Goods: 298, Land: 3920, Labour: 3960, Capital: 1462
Household 7: Income: 11.294403969803412, Goods: 221, Land: 3140, Labour: 2785, Capital: 7283
Household 8: Income: 2255.7819388050457, Goods: 327, Land: 9604, Labour: 6449, Capital: 9076
Household 9: Income: 52.56189977120477, Goods: 287, Land: 1180, Labour: 8134, Capital: 2357
Household 10: Income: 75.10385965516902, Goods: 208, Land: 8185, Labour: 9100, Capital: 7084
Firm 1: Money: -822.9254080972548, Goods: 103, Land: 0, Labour: 0, Capital: 0, Goods Price: 35.96032484485077
Firm 2: Money: -1345.5069808350613, Goods: 82, Land: 0, Labour: 0, Capital: 0, Goods Price: 38.2133270064411
Firm 3: Money: -1893.7534873562647, Goods: 104, Land: 0, Labour: 0, Capital: 0, Goods Price: 34.55721878321838
Firm 4: Money: -862.83159162906, Goods: 97, Land: 0, Labour: 0, Capital: 0, Goods Price: 49.42062596490497
Firm 5: Money: -1379.053272546293, Goods: 84, Land: 0, Labour: 0, Capital: 0, Goods Price: 37.659603583444934
Firm 6: Money: 1153.1267032438664, Goods: 35, Land: 0, Labour: 0, Capital: 0, Goods Price: 20.50967707783826
Firm 7: Money: 1803.210851976827, Goods: 55, Land: 0, Labour: 0, Capital: 0, Goods Price: 24.099727178221322
Firm 8: Money: 1432.1718879234477, Goods: 50, Land: 0, Labour: 0, Capital: 0, Goods Price: 9.09821172073078
Firm 9: Money: 1123.0105331434868, Goods: 75, Land: 0, Labour: 0, Capital: 0, Goods Price: 8.729472823383878
Firm 10: Money: 487.0024844798335, Goods: 30, Land: 0, Labour: 0, Capital: 0, Goods Price: 23.727611232243373
Self.nfirms:  10
[0, 1, 2, 3, 4, 5, 6, 7, 8, 9]
^^^
sold
[0, 1, 2, 3, 4, 5, 6, 8, 9]
^^^
[0, 1, 2, 3, 4, 5, 8, 9]
^^^
sold
[0, 1, 2, 3, 4, 8, 9]
^^^
[1, 2, 3, 4, 8, 9]
^^^
sold
[2, 3, 4, 8, 9]
^^^
[2, 4, 8, 9]
^^^
sold
[2, 4, 9]
^^^
sold
[2, 9]
^^^
sold
[9]
^^^
sold
---
__
[0, 1, 2, 3, 4, 5, 6, 7, 8, 9]
[0, 1, 2, 3, 4, 5, 6, 7, 9]
[0, 1, 2, 3, 4, 5, 7, 9]
[0, 1, 2, 3, 4, 7, 9]
[0, 1, 2, 4, 7, 9]
[0, 2, 4, 7, 9]
[0, 2, 4, 9]
[2, 4, 9]
[2, 9]
[9]
producing
producing
producing
producing
producing
producing
producing
producing
producing
producing
Day 330:
Household 1: Income: 18.454408581689293, Goods: 108, Land: 2370, Labour: 4974, Capital: 5423
Household 2: Income: 917.2419443045808, Goods: 327, Land: 7431, Labour: 7090, Capital: 6173
Household 3: Income: 2565.655757725522, Goods: 328, Land: 9009, Labour: 2810, Capital: 2870
Household 4: Income: 29.410273765630407, Goods: 156, Land: 3917, Labour: 8354, Capital: 1319
Household 5: Income: 488.02804013419194, Goods: 319, Land: 5950, Labour: 9451, Capital: 3740
Household 6: Income: 39.83310641511122, Goods: 299, Land: 3919, Labour: 3959, Capital: 1461
Household 7: Income: 24.44798836952812, Goods: 221, Land: 3139, Labour: 2784, Capital: 7282
Household 8: Income: 2289.890019006775, Goods: 328, Land: 9603, Labour: 6448, Capital: 9075
Household 9: Income: 44.60119616783949, Goods: 288, Land: 1179, Labour: 8133, Capital: 2356
Household 10: Income: 62.31561120809656, Goods: 209, Land: 8184, Labour: 9099, Capital: 7083
Firm 1: Money: -824.2896923241581, Goods: 103, Land: 0, Labour: 0, Capital: 0, Goods Price: 42.74173068231939
Firm 2: Money: -1384.5523414188178, Goods: 83, Land: 0, Labour: 0, Capital: 0, Goods Price: 41.386791828539465
Firm 3: Money: -1885.7927837528994, Goods: 104, Land: 0, Labour: 0, Capital: 0, Goods Price: 32.83710512472495
Firm 4: Money: -833.5593699328444, Goods: 97, Land: 0, Labour: 0, Capital: 0, Goods Price: 26.79955716503823
Firm 5: Money: -1377.0682977265415, Goods: 84, Land: 0, Labour: 0, Capital: 0, Goods Price: 34.99981922716155
Firm 6: Money: 1156.1210119668287, Goods: 35, Land: 0, Labour: 0, Capital: 0, Goods Price: 18.429071226905435
Firm 7: Money: 1782.2614434562163, Goods: 56, Land: 0, Labour: 0, Capital: 0, Goods Price: 30.21592938919691
Firm 8: Money: 1416.8057890288624, Goods: 50, Land: 0, Labour: 0, Capital: 0, Goods Price: 28.403453433721822
Firm 9: Money: 1128.248033235179, Goods: 75, Land: 0, Labour: 0, Capital: 0, Goods Price: 8.729472823383878
Firm 10: Money: 509.00490688163217, Goods: 30, Land: 0, Labour: 0, Capital: 0, Goods Price: 6.341449680623664
Self.nfirms:  10
[0, 1, 2, 3, 4, 5, 6, 7, 8, 9]
^^^
[0, 1, 2, 4, 5, 6, 7, 8, 9]
^^^
[0, 1, 2, 4, 5, 7, 8, 9]
^^^
sold
[0, 1, 2, 5, 7, 8, 9]
^^^
sold
[0, 2, 5, 7, 8, 9]
^^^
sold
[0, 5, 7, 8, 9]
^^^
[5, 7, 8, 9]
^^^
sold
[5, 8, 9]
^^^
sold
[5, 9]
^^^
sold
[5]
^^^
sold
---
__
[0, 1, 2, 3, 4, 5, 6, 7, 8, 9]
[1, 2, 3, 4, 5, 6, 7, 8, 9]
[1, 3, 4, 5, 6, 7, 8, 9]
[1, 3, 4, 5, 6, 7, 9]
[1, 3, 4, 5, 7, 9]
[3, 4, 5, 7, 9]
[4, 5, 7, 9]
[4, 5, 7]
[4, 7]
[7]
producing
producing
producing
producing
producing
producing
producing
producing
producing
producing
Day 331:
Household 1: Income: 34.771574923627576, Goods: 108, Land: 2369, Labour: 4973, Capital: 5422
Household 2: Income: 934.9530128759053, Goods: 328, Land: 7430, Labour: 7089, Capital: 6172
Household 3: Income: 2549.016200034757, Goods: 329, Land: 9008, Labour: 2809, Capital: 2869
Household 4: Income: 47.92093115380963, Goods: 156, Land: 3916, Labour: 8353, Capital: 1318
Household 5: Income: 514.407519778705, Goods: 320, Land: 5949, Labour: 9450, Capital: 3739
Household 6: Income: 16.19289745147707, Goods: 300, Land: 3918, Labour: 3958, Capital: 1460
Household 7: Income: 27.807633045142516, Goods: 221, Land: 3138, Labour: 2783, Capital: 7281
Household 8: Income: 2293.52042956295, Goods: 329, Land: 9602, Labour: 6447, Capital: 9074
Household 9: Income: 52.15645109045313, Goods: 289, Land: 1178, Labour: 8132, Capital: 2355
Household 10: Income: 59.36002888218643, Goods: 210, Land: 8183, Labour: 9098, Capital: 7082
Firm 1: Money: -810.8296960854968, Goods: 103, Land: 0, Labour: 0, Capital: 0, Goods Price: 33.81226126879567
Firm 2: Money: -1363.523581397737, Goods: 83, Land: 0, Labour: 0, Capital: 0, Goods Price: 18.658597586721417
Firm 3: Money: -1921.2171481541575, Goods: 105, Land: 0, Labour: 0, Capital: 0, Goods Price: 42.72933000714207
Firm 4: Money: -852.0700273210238, Goods: 98, Land: 0, Labour: 0, Capital: 0, Goods Price: 26.79955716503823
Firm 5: Money: -1375.3399886780633, Goods: 84, Land: 0, Labour: 0, Capital: 0, Goods Price: 34.99981922716155
Firm 6: Money: 1163.7638441497043, Goods: 35, Land: 0, Labour: 0, Capital: 0, Goods Price: 14.997350210197961
Firm 7: Money: 1761.3120349356057, Goods: 57, Land: 0, Labour: 0, Capital: 0, Goods Price: 30.21592938919691
Firm 8: Money: 1413.1753784726882, Goods: 50, Land: 0, Labour: 0, Capital: 0, Goods Price: 35.973006808302344
Firm 9: Money: 1112.7959482165852, Goods: 75, Land: 0, Labour: 0, Capital: 0, Goods Price: 29.046978495283202
Firm 10: Money: 508.8836021553039, Goods: 30, Land: 0, Labour: 0, Capital: 0, Goods Price: 6.341449680623664
Self.nfirms:  10
[0, 1, 2, 3, 4, 5, 6, 7, 8, 9]
^^^
sold
[0, 1, 3, 4, 5, 6, 7, 8, 9]
^^^
sold
[0, 1, 3, 5, 6, 7, 8, 9]
^^^
sold
[0, 3, 5, 6, 7, 8, 9]
^^^
[0, 3, 5, 7, 8, 9]
^^^
[3, 5, 7, 8, 9]
^^^
sold
[3, 5, 7, 9]
^^^
[3, 7, 9]
^^^
sold
[3, 9]
^^^
sold
[3]
^^^
---
__
[0, 1, 2, 3, 4, 5, 6, 7, 8, 9]
[0, 1, 2, 3, 4, 5, 6, 7, 8]
[0, 1, 2, 3, 4, 5, 7, 8]
[1, 2, 3, 4, 5, 7, 8]
[2, 3, 4, 5, 7, 8]
[2, 3, 5, 7, 8]
[2, 3, 5, 7]
[2, 3, 7]
[2, 7]
[7]
producing
producing
producing
producing
producing
producing
producing
producing
producing
producing
Day 332:
Household 1: Income: 13.086706928691616, Goods: 109, Land: 2368, Labour: 4972, Capital: 5421
Household 2: Income: 940.657485841776, Goods: 329, Land: 7429, Labour: 7088, Capital: 6171
Household 3: Income: 2553.0942241335124, Goods: 330, Land: 9007, Labour: 2808, Capital: 2868
Household 4: Income: -1.119783452351999, Goods: 157, Land: 3915, Labour: 8352, Capital: 1317
Household 5: Income: 533.6069061035736, Goods: 321, Land: 5948, Labour: 9449, Capital: 3738
Household 6: Income: 36.49627672808916, Goods: 300, Land: 3917, Labour: 3957, Capital: 1459
Household 7: Income: 31.167277720756914, Goods: 221, Land: 3137, Labour: 2782, Capital: 7280
Household 8: Income: 2304.173465482088, Goods: 330, Land: 9601, Labour: 6446, Capital: 9073
Household 9: Income: 50.82259235846682, Goods: 290, Land: 1177, Labour: 8131, Capital: 2354
Household 10: Income: 65.04162896907816, Goods: 211, Land: 8182, Labour: 9097, Capital: 7081
Firm 1: Money: -814.9077201842518, Goods: 103, Land: 0, Labour: 0, Capital: 0, Goods Price: 42.74173068231939
Firm 2: Money: -1357.7670167443848, Goods: 83, Land: 0, Labour: 0, Capital: 0, Goods Price: 18.658597586721417
Firm 3: Money: -1908.6673408524746, Goods: 105, Land: 0, Labour: 0, Capital: 0, Goods Price: 38.953307335700536
Firm 4: Money: -867.8267696245941, Goods: 98, Land: 0, Labour: 0, Capital: 0, Goods Price: 49.7808235844552
Firm 5: Money: -1368.9024235616446, Goods: 84, Land: 0, Labour: 0, Capital: 0, Goods Price: 27.767378701027823
Firm 6: Money: 1179.241975979413, Goods: 35, Land: 0, Labour: 0, Capital: 0, Goods Price: 0.43292125251868807
Firm 7: Money: 1739.246388099837, Goods: 58, Land: 0, Labour: 0, Capital: 0, Goods Price: 31.332167704355054
Firm 8: Money: 1392.8719991960759, Goods: 51, Land: 0, Labour: 0, Capital: 0, Goods Price: 28.403453433721822
Firm 9: Money: 1138.3509539801767, Goods: 75, Land: 0, Labour: 0, Capital: 0, Goods Price: 8.729472823383878
Firm 10: Money: 508.39021799058963, Goods: 30, Land: 0, Labour: 0, Capital: 0, Goods Price: 6.341449680623664
Self.nfirms:  10
[0, 1, 2, 3, 4, 5, 6, 7, 8, 9]
^^^
sold
[0, 1, 2, 3, 4, 5, 6, 7, 8]
^^^
sold
[0, 1, 2, 3, 5, 6, 7, 8]
^^^
sold
[0, 1, 2, 3, 5, 6, 7]
^^^
sold
[0, 2, 3, 5, 6, 7]
^^^
[0, 2, 5, 6, 7]
^^^
[2, 5, 6, 7]
^^^
sold
[2, 5, 6]
^^^
[2, 6]
^^^
sold
[6]
^^^
---
__
[0, 1, 2, 3, 4, 5, 6, 7, 8, 9]
[0, 1, 2, 3, 5, 6, 7, 8, 9]
[0, 1, 2, 3, 5, 7, 8, 9]
[0, 1, 2, 5, 7, 8, 9]
[0, 2, 5, 7, 8, 9]
[0, 2, 5, 8, 9]
[0, 2, 5, 8]
[0, 2, 5]
[2, 5]
[5]
producing
producing
producing
producing
producing
producing
producing
producing
producing
producing
Day 333:
Household 1: Income: 13.475569929046074, Goods: 109, Land: 2367, Labour: 4971, Capital: 5420
Household 2: Income: 949.1490746852292, Goods: 330, Land: 7428, Labour: 7087, Capital: 6170
Household 3: Income: 2556.2443711969527, Goods: 331, Land: 9006, Labour: 2807, Capital: 2867
Household 4: Income: 15.197382889586287, Goods: 157, Land: 3914, Labour: 8351, Capital: 1316
Household 5: Income: 562.374408890847, Goods: 322, Land: 5947, Labour: 9448, Capital: 3737
Household 6: Income: 70.41864716110483, Goods: 300, Land: 3916, Labour: 3956, Capital: 1458
Household 7: Income: 28.032093849583166, Goods: 221, Land: 3136, Labour: 2781, Capital: 7279
Household 8: Income: 2290.1268957123248, Goods: 331, Land: 9600, Labour: 6445, Capital: 9072
Household 9: Income: 49.039539806958075, Goods: 291, Land: 1176, Labour: 8130, Capital: 2353
Household 10: Income: 104.39485607296874, Goods: 212, Land: 8181, Labour: 9096, Capital: 7080
Firm 1: Money: -839.8276706727586, Goods: 104, Land: 0, Labour: 0, Capital: 0, Goods Price: 33.81226126879567
Firm 2: Money: -1374.084183086323, Goods: 84, Land: 0, Labour: 0, Capital: 0, Goods Price: 18.658597586721417
Firm 3: Money: -1909.2993292567357, Goods: 105, Land: 0, Labour: 0, Capital: 0, Goods Price: 42.72933000714207
Firm 4: Money: -901.7491400576097, Goods: 99, Land: 0, Labour: 0, Capital: 0, Goods Price: 42.21127020987468
Firm 5: Money: -1373.8331838198023, Goods: 84, Land: 0, Labour: 0, Capital: 0, Goods Price: 34.99981922716155
Firm 6: Money: 1161.1951613412812, Goods: 35, Land: 0, Labour: 0, Capital: 0, Goods Price: 19.393438762680113
Firm 7: Money: 1742.3815719710108, Goods: 59, Land: 0, Labour: 0, Capital: 0, Goods Price: 6.131336997412615
Firm 8: Money: 1389.7218521326347, Goods: 51, Land: 0, Labour: 0, Capital: 0, Goods Price: 35.61280918875211
Firm 9: Money: 1143.588454071869, Goods: 75, Land: 0, Labour: 0, Capital: 0, Goods Price: 8.729472823383878
Firm 10: Money: 490.5106722742557, Goods: 30, Land: 0, Labour: 0, Capital: 0, Goods Price: 23.727611232243373
Self.nfirms:  10
[0, 1, 2, 3, 4, 5, 6, 7, 8, 9]
^^^
sold
[0, 2, 3, 4, 5, 6, 7, 8, 9]
^^^
sold
[0, 2, 3, 4, 6, 7, 8, 9]
^^^
sold
[0, 2, 3, 4, 6, 8, 9]
^^^
sold
[0, 2, 3, 4, 6, 8]
^^^
sold
[0, 3, 4, 6, 8]
^^^
sold
[0, 3, 6, 8]
^^^
sold
[0, 3, 6]
^^^
[0, 3]
^^^
[3]
^^^
---
__
[0, 1, 2, 3, 4, 5, 6, 7, 8, 9]
[0, 1, 2, 3, 5, 6, 7, 8, 9]
[0, 1, 2, 3, 5, 6, 7, 9]
[0, 2, 3, 5, 6, 7, 9]
[0, 2, 5, 6, 7, 9]
[2, 5, 6, 7, 9]
[5, 6, 7, 9]
[6, 7, 9]
[7, 9]
[7]
producing
producing
producing
producing
producing
producing
producing
producing
producing
producing
Day 334:
Household 1: Income: 29.792736270984356, Goods: 109, Land: 2366, Labour: 4970, Capital: 5419
Household 2: Income: 968.2221794222771, Goods: 331, Land: 7427, Labour: 7086, Capital: 6169
Household 3: Income: 2557.2639941024836, Goods: 332, Land: 9005, Labour: 2806, Capital: 2866
Household 4: Income: 41.74676923768094, Goods: 157, Land: 3913, Labour: 8350, Capital: 1315
Household 5: Income: 579.9555805188237, Goods: 323, Land: 5946, Labour: 9447, Capital: 3736
Household 6: Income: 70.36595528587857, Goods: 301, Land: 3915, Labour: 3955, Capital: 1457
Household 7: Income: 24.89690997840942, Goods: 221, Land: 3135, Labour: 2780, Capital: 7278
Household 8: Income: 2295.6401945155817, Goods: 332, Land: 9599, Labour: 6444, Capital: 9071
Household 9: Income: 68.89252895906453, Goods: 292, Land: 1175, Labour: 8129, Capital: 2352
Household 10: Income: 83.921284627919, Goods: 213, Land: 8180, Labour: 9095, Capital: 7079
Firm 1: Money: -864.7476211612653, Goods: 105, Land: 0, Labour: 0, Capital: 0, Goods Price: 33.81226126879567
Firm 2: Money: -1375.2179410112635, Goods: 84, Land: 0, Labour: 0, Capital: 0, Goods Price: 18.658597586721417
Firm 3: Money: -1903.6963632497195, Goods: 105, Land: 0, Labour: 0, Capital: 0, Goods Price: 40.069545650858686
Firm 4: Money: -935.6715104906252, Goods: 100, Land: 0, Labour: 0, Capital: 0, Goods Price: 42.21127020987468
Firm 5: Money: -1400.3825701678968, Goods: 85, Land: 0, Labour: 0, Capital: 0, Goods Price: 29.91544227708292
Firm 6: Money: 1158.5336941583168, Goods: 35, Land: 0, Labour: 0, Capital: 0, Goods Price: 23.169461434121647
Firm 7: Money: 1750.5837171785847, Goods: 59, Land: 0, Labour: 0, Capital: 0, Goods Price: 6.131336997412615
Firm 8: Money: 1398.9974466117826, Goods: 51, Land: 0, Labour: 0, Capital: 0, Goods Price: 32.79954198620398
Firm 9: Money: 1128.5084484916613, Goods: 75, Land: 0, Labour: 0, Capital: 0, Goods Price: 29.046978495283202
Firm 10: Money: 489.45161181374476, Goods: 30, Land: 0, Labour: 0, Capital: 0, Goods Price: 23.727611232243373
Self.nfirms:  10
[0, 1, 2, 3, 4, 5, 6, 7, 8, 9]
^^^
sold
[0, 2, 3, 4, 5, 6, 7, 8, 9]
^^^
sold
[0, 2, 3, 4, 5, 6, 7, 8]
^^^
sold
[0, 2, 3, 4, 5, 6, 7]
^^^
sold
[0, 2, 3, 4, 5, 6]
^^^
sold
[0, 2, 3, 5, 6]
^^^
[2, 3, 5, 6]
^^^
sold
[3, 5, 6]
^^^
sold
[5, 6]
^^^
sold
[6]
^^^
---
__
[0, 1, 2, 3, 4, 5, 6, 7, 8, 9]
[0, 1, 2, 3, 5, 6, 7, 8, 9]
[0, 1, 2, 3, 5, 6, 7, 9]
[0, 1, 2, 3, 5, 6, 7]
[0, 1, 2, 3, 6, 7]
[1, 2, 3, 6, 7]
[1, 3, 6, 7]
[1, 6, 7]
[1, 7]
[7]
producing
producing
producing
producing
producing
producing
producing
producing
producing
producing
Day 335:
Household 1: Income: 36.576671786638535, Goods: 109, Land: 2365, Labour: 4969, Capital: 5418
Household 2: Income: 969.1052362401036, Goods: 332, Land: 7426, Labour: 7085, Capital: 6168
Household 3: Income: 2559.7706161043625, Goods: 333, Land: 9004, Labour: 2805, Capital: 2865
Household 4: Income: 26.032071163854276, Goods: 158, Land: 3912, Labour: 8349, Capital: 1314
Household 5: Income: 568.7495176621218, Goods: 324, Land: 5945, Labour: 9446, Capital: 3735
Household 6: Income: 79.46654101020032, Goods: 302, Land: 3914, Labour: 3954, Capital: 1456
Household 7: Income: 2.8944875766108886, Goods: 222, Land: 3134, Labour: 2779, Capital: 7277
Household 8: Income: 2288.068150159885, Goods: 333, Land: 9598, Labour: 6443, Capital: 9070
Household 9: Income: 89.35770714150502, Goods: 293, Land: 1174, Labour: 8128, Capital: 2351
Household 10: Income: 66.72418032039093, Goods: 214, Land: 8179, Labour: 9094, Capital: 7078
Firm 1: Money: -839.4996922611545, Goods: 105, Land: 0, Labour: 0, Capital: 0, Goods Price: 15.676246295943141
Firm 2: Money: -1374.5142566469906, Goods: 84, Land: 0, Labour: 0, Capital: 0, Goods Price: 18.658597586721417
Firm 3: Money: -1893.520741072853, Goods: 105, Land: 0, Labour: 0, Capital: 0, Goods Price: 32.83710512472495
Firm 4: Money: -954.1821678788045, Goods: 101, Land: 0, Labour: 0, Capital: 0, Goods Price: 26.79955716503823
Firm 5: Money: -1400.0637534910704, Goods: 85, Land: 0, Labour: 0, Capital: 0, Goods Price: 29.48749235952126
Firm 6: Money: 1163.365855610443, Goods: 35, Land: 0, Labour: 0, Capital: 0, Goods Price: 20.50967707783826
Firm 7: Money: 1734.7012699943743, Goods: 59, Land: 0, Labour: 0, Capital: 0, Goods Price: 30.21592938919691
Firm 8: Money: 1400.1233222276403, Goods: 51, Land: 0, Labour: 0, Capital: 0, Goods Price: 35.61280918875211
Firm 9: Money: 1132.44799522962, Goods: 75, Land: 0, Labour: 0, Capital: 0, Goods Price: 29.40717611483343
Firm 10: Money: 511.45403421554323, Goods: 30, Land: 0, Labour: 0, Capital: 0, Goods Price: 6.341449680623664
Self.nfirms:  10
[0, 1, 2, 3, 4, 5, 6, 7, 8, 9]
^^^
sold
[0, 2, 3, 4, 5, 6, 7, 8, 9]
^^^
sold
[0, 2, 3, 5, 6, 7, 8, 9]
^^^
sold
[0, 2, 3, 5, 6, 8, 9]
^^^
[2, 3, 5, 6, 8, 9]
^^^
sold
[3, 5, 6, 8, 9]
^^^
[5, 6, 8, 9]
^^^
[5, 8, 9]
^^^
sold
[8, 9]
^^^
sold
[9]
^^^
sold
---
__
[0, 1, 2, 3, 4, 5, 6, 7, 8, 9]
[0, 2, 3, 4, 5, 6, 7, 8, 9]
[0, 2, 3, 4, 5, 7, 8, 9]
[0, 2, 3, 5, 7, 8, 9]
[2, 3, 5, 7, 8, 9]
[2, 3, 5, 8, 9]
[2, 3, 8, 9]
[2, 3, 9]
[2, 9]
[9]
producing
producing
producing
producing
producing
producing
producing
producing
producing
producing
Day 336:
Household 1: Income: 33.852018290154646, Goods: 110, Land: 2364, Labour: 4968, Capital: 5417
Household 2: Income: 965.8166208291025, Goods: 333, Land: 7425, Labour: 7084, Capital: 6167
Household 3: Income: 2548.9050410533846, Goods: 334, Land: 9003, Labour: 2804, Capital: 2864
Household 4: Income: 29.391715839468674, Goods: 158, Land: 3911, Labour: 8348, Capital: 1313
Household 5: Income: 572.0767666333032, Goods: 325, Land: 5944, Labour: 9445, Capital: 3734
Household 6: Income: 106.23864541926264, Goods: 303, Land: 3913, Labour: 3953, Capital: 1455
Household 7: Income: 32.44764502385136, Goods: 222, Land: 3133, Labour: 2778, Capital: 7276
Household 8: Income: 2299.639141855131, Goods: 334, Land: 9597, Labour: 6442, Capital: 9069
Household 9: Income: 79.51785606111477, Goods: 294, Land: 1173, Labour: 8127, Capital: 2350
Household 10: Income: 38.543604289535146, Goods: 215, Land: 8178, Labour: 9093, Capital: 7077
Firm 1: Money: -853.0521008235202, Goods: 105, Land: 0, Labour: 0, Capital: 0, Goods Price: 43.10192830186962
Firm 2: Money: -1390.8066554391687, Goods: 84, Land: 0, Labour: 0, Capital: 0, Goods Price: 33.81723845395895
Firm 3: Money: -1911.4532965355843, Goods: 106, Land: 0, Labour: 0, Capital: 0, Goods Price: 25.237521068615287
Firm 4: Money: -950.0541994406493, Goods: 101, Land: 0, Labour: 0, Capital: 0, Goods Price: 26.79955716503823
Firm 5: Money: -1401.193794239802, Goods: 85, Land: 0, Labour: 0, Capital: 0, Goods Price: 32.91921337622873
Firm 6: Money: 1166.6544710214446, Goods: 35, Land: 0, Labour: 0, Capital: 0, Goods Price: 19.393438762680113
Firm 7: Money: 1737.836453865548, Goods: 60, Land: 0, Labour: 0, Capital: 0, Goods Price: 6.131336997412615
Firm 8: Money: 1413.1120003327535, Goods: 51, Land: 0, Labour: 0, Capital: 0, Goods Price: 26.68333977522839
Firm 9: Money: 1136.7870187170479, Goods: 75, Land: 0, Labour: 0, Capital: 0, Goods Price: 29.046978495283202
Firm 10: Money: 512.7980923400422, Goods: 30, Land: 0, Labour: 0, Capital: 0, Goods Price: 6.341449680623664
Self.nfirms:  10
[0, 1, 2, 3, 4, 5, 6, 7, 8, 9]
^^^
sold
[0, 1, 2, 3, 4, 5, 6, 7, 8]
^^^
[0, 1, 2, 4, 5, 6, 7, 8]
^^^
sold
[0, 1, 2, 4, 5, 6, 7]
^^^
sold
[0, 1, 2, 4, 5, 6]
^^^
[0, 1, 2, 4, 5]
^^^
sold
[0, 1, 4, 5]
^^^
[0, 1, 5]
^^^
[1, 5]
^^^
sold
[1]
^^^
sold
---
__
[0, 1, 2, 3, 4, 5, 6, 7, 8, 9]
[0, 1, 3, 4, 5, 6, 7, 8, 9]
[0, 1, 3, 4, 5, 6, 8, 9]
[0, 1, 3, 4, 5, 8, 9]
[0, 1, 3, 5, 8, 9]
[1, 3, 5, 8, 9]
[1, 5, 8, 9]
[1, 8, 9]
[1, 8]
[1]
producing
producing
producing
producing
producing
producing
producing
producing
producing
producing
Day 337:
Household 1: Income: 47.78886052789615, Goods: 110, Land: 2363, Labour: 4967, Capital: 5416
Household 2: Income: 1000.8967398653142, Goods: 334, Land: 7424, Labour: 7083, Capital: 6166
Household 3: Income: 2558.711856106882, Goods: 335, Land: 9002, Labour: 2803, Capital: 2863
Household 4: Income: 29.780578839823132, Goods: 158, Land: 3910, Labour: 8347, Capital: 1312
Household 5: Income: 557.0119089178205, Goods: 326, Land: 5943, Labour: 9444, Capital: 3733
Household 6: Income: 105.46947795148975, Goods: 304, Land: 3912, Labour: 3952, Capital: 1454
Household 7: Income: 4.326616233750528, Goods: 223, Land: 3132, Labour: 2777, Capital: 7275
Household 8: Income: 2321.7916095391306, Goods: 335, Land: 9596, Labour: 6441, Capital: 9068
Household 9: Income: 79.77205857756567, Goods: 295, Land: 1172, Labour: 8126, Capital: 2349
Household 10: Income: 53.092231577329116, Goods: 216, Land: 8177, Labour: 9092, Capital: 7076
Firm 1: Money: -879.6921649705203, Goods: 106, Land: 0, Labour: 0, Capital: 0, Goods Price: 35.532374927289105
Firm 2: Money: -1429.491818403375, Goods: 85, Land: 0, Labour: 0, Capital: 0, Goods Price: 41.02659420898924
Firm 3: Money: -1926.0019238233785, Goods: 106, Land: 0, Labour: 0, Capital: 0, Goods Price: 42.72933000714207
Firm 4: Money: -958.073610460007, Goods: 101, Land: 0, Labour: 0, Capital: 0, Goods Price: 46.60735876235683
Firm 5: Money: -1386.2522885668352, Goods: 85, Land: 0, Labour: 0, Capital: 0, Goods Price: 17.302898166729754
Firm 6: Money: 1169.7493438724546, Goods: 35, Land: 0, Labour: 0, Capital: 0, Goods Price: 20.50967707783826
Firm 7: Money: 1715.6839861815479, Goods: 60, Land: 0, Labour: 0, Capital: 0, Goods Price: 33.38939421129528
Firm 8: Money: 1426.00940818035, Goods: 51, Land: 0, Labour: 0, Capital: 0, Goods Price: 26.68333977522839
Firm 9: Money: 1163.8073873314668, Goods: 75, Land: 0, Labour: 0, Capital: 0, Goods Price: 8.729472823383878
Firm 10: Money: 512.6767876137138, Goods: 30, Land: 0, Labour: 0, Capital: 0, Goods Price: 6.341449680623664
Self.nfirms:  10
[0, 1, 2, 3, 4, 5, 6, 7, 8, 9]
^^^
[0, 1, 2, 4, 5, 6, 7, 8, 9]
^^^
[0, 1, 2, 4, 5, 7, 8, 9]
^^^
[1, 2, 4, 5, 7, 8, 9]
^^^
sold
[1, 4, 5, 7, 8, 9]
^^^
sold
[1, 4, 5, 8, 9]
^^^
sold
[1, 4, 8, 9]
^^^
sold
[4, 8, 9]
^^^
[4, 8]
^^^
sold
[4]
^^^
sold
---
__
[0, 1, 2, 3, 4, 5, 6, 7, 8, 9]
[0, 2, 3, 4, 5, 6, 7, 8, 9]
[0, 2, 3, 5, 6, 7, 8, 9]
[0, 2, 3, 5, 6, 7, 8]
[0, 2, 3, 6, 7, 8]
[0, 2, 6, 7, 8]
[0, 2, 7, 8]
[0, 7, 8]
[0, 8]
[8]
producing
producing
producing
producing
producing
producing
producing
producing
producing
producing
Day 338:
Household 1: Income: 10.131068425992094, Goods: 111, Land: 2362, Labour: 4966, Capital: 5415
Household 2: Income: 995.7109498197927, Goods: 335, Land: 7423, Labour: 7082, Capital: 6165
Household 3: Income: 2556.8760623927487, Goods: 336, Land: 9001, Labour: 2802, Capital: 2862
Household 4: Income: 30.16944184017759, Goods: 158, Land: 3909, Labour: 8346, Capital: 1311
Household 5: Income: 554.7459021572181, Goods: 327, Land: 5942, Labour: 9443, Capital: 3732
Household 6: Income: 99.77380060681524, Goods: 305, Land: 3911, Labour: 3951, Capital: 1453
Household 7: Income: 33.87977368099099, Goods: 223, Land: 3131, Labour: 2776, Capital: 7274
Household 8: Income: 2343.4714492630196, Goods: 336, Land: 9595, Labour: 6440, Capital: 9067
Household 9: Income: 68.9863007729846, Goods: 296, Land: 1171, Labour: 8125, Capital: 2348
Household 10: Income: 63.01030065847681, Goods: 217, Land: 8176, Labour: 9091, Capital: 7075
Firm 1: Money: -886.4761004861743, Goods: 107, Land: 0, Labour: 0, Capital: 0, Goods Price: 15.676246295943141
Firm 2: Money: -1422.038224862633, Goods: 85, Land: 0, Labour: 0, Capital: 0, Goods Price: 39.32956532159925
Firm 3: Money: -1921.5695895378751, Goods: 106, Land: 0, Labour: 0, Capital: 0, Goods Price: 42.126772157798904
Firm 4: Money: -952.8878204144855, Goods: 101, Land: 0, Labour: 0, Capital: 0, Goods Price: 46.60735876235683
Firm 5: Money: -1402.6634791860495, Goods: 85, Land: 0, Labour: 0, Capital: 0, Goods Price: 32.91921337622873
Firm 6: Money: 1170.727299462842, Goods: 35, Land: 0, Labour: 0, Capital: 0, Goods Price: 23.169461434121647
Firm 7: Money: 1730.199308617688, Goods: 60, Land: 0, Labour: 0, Capital: 0, Goods Price: 24.099727178221322
Firm 8: Money: 1424.1156372629232, Goods: 51, Land: 0, Labour: 0, Capital: 0, Goods Price: 35.61280918875211
Firm 9: Money: 1163.4185243311126, Goods: 76, Land: 0, Labour: 0, Capital: 0, Goods Price: 8.729472823383878
Firm 10: Money: 507.4764402868535, Goods: 30, Land: 0, Labour: 0, Capital: 0, Goods Price: 16.158057857662854
Self.nfirms:  10
[0, 1, 2, 3, 4, 5, 6, 7, 8, 9]
^^^
sold
[0, 1, 3, 4, 5, 6, 7, 8, 9]
^^^
[0, 1, 4, 5, 6, 7, 8, 9]
^^^
[1, 4, 5, 6, 7, 8, 9]
^^^
sold
[1, 5, 6, 7, 8, 9]
^^^
[1, 5, 7, 8, 9]
^^^
sold
[1, 7, 8, 9]
^^^
sold
[1, 8, 9]
^^^
sold
[8, 9]
^^^
sold
[9]
^^^
sold
---
__
[0, 1, 2, 3, 4, 5, 6, 7, 8, 9]
[0, 1, 2, 3, 4, 5, 6, 8, 9]
[0, 1, 2, 3, 5, 6, 8, 9]
[0, 2, 3, 5, 6, 8, 9]
[0, 2, 3, 6, 8, 9]
[2, 3, 6, 8, 9]
[2, 3, 8, 9]
[2, 3, 9]
[2, 3]
[2]
producing
producing
producing
producing
producing
producing
producing
producing
producing
producing
Day 339:
Household 1: Income: 10.519931426346552, Goods: 111, Land: 2361, Labour: 4965, Capital: 5414
Household 2: Income: 1006.1621231000238, Goods: 336, Land: 7422, Labour: 7081, Capital: 6164
Household 3: Income: 2548.3833230897244, Goods: 337, Land: 9000, Labour: 2801, Capital: 2861
Household 4: Income: 48.680099228356816, Goods: 158, Land: 3908, Labour: 8345, Capital: 1310
Household 5: Income: 586.4797525803739, Goods: 328, Land: 5941, Labour: 9442, Capital: 3731
Household 6: Income: 112.98755436871645, Goods: 306, Land: 3910, Labour: 3950, Capital: 1452
Household 7: Income: 47.03335808071569, Goods: 223, Land: 3130, Labour: 2775, Capital: 7273
Household 8: Income: 2347.65552676621, Goods: 337, Land: 9594, Labour: 6439, Capital: 9066
Household 9: Income: 78.81256906484082, Goods: 297, Land: 1170, Labour: 8124, Capital: 2347
Household 10: Income: 26.24345001945035, Goods: 218, Land: 8175, Labour: 9090, Capital: 7074
Firm 1: Money: -897.3575515592481, Goods: 107, Land: 0, Labour: 0, Capital: 0, Goods Price: 33.81226126879567
Firm 2: Money: -1459.026358939449, Goods: 86, Land: 0, Labour: 0, Capital: 0, Goods Price: 39.32956532159925
Firm 3: Money: -1911.0568545125618, Goods: 106, Land: 0, Labour: 0, Capital: 0, Goods Price: 34.55721878321838
Firm 4: Money: -971.3984778026648, Goods: 102, Land: 0, Labour: 0, Capital: 0, Goods Price: 26.79955716503823
Firm 5: Money: -1404.3026562583561, Goods: 85, Land: 0, Labour: 0, Capital: 0, Goods Price: 33.8835809120034
Firm 6: Money: 1177.6400667659016, Goods: 35, Land: 0, Labour: 0, Capital: 0, Goods Price: 18.429071226905435
Firm 7: Money: 1726.0152311144968, Goods: 60, Land: 0, Labour: 0, Capital: 0, Goods Price: 33.38939421129528
Firm 8: Money: 1423.1174996993022, Goods: 52, Land: 0, Labour: 0, Capital: 0, Goods Price: 9.09821172073078
Firm 9: Money: 1168.2839449844187, Goods: 76, Land: 0, Labour: 0, Capital: 0, Goods Price: 8.729472823383878
Firm 10: Money: 502.18451387582, Goods: 30, Land: 0, Labour: 0, Capital: 0, Goods Price: 23.36741361269315
Self.nfirms:  10
[0, 1, 2, 3, 4, 5, 6, 7, 8, 9]
^^^
[0, 1, 2, 4, 5, 6, 7, 8, 9]
^^^
sold
[0, 2, 4, 5, 6, 7, 8, 9]
^^^
sold
[0, 2, 5, 6, 7, 8, 9]
^^^
[2, 5, 6, 7, 8, 9]
^^^
sold
[5, 6, 7, 8, 9]
^^^
[5, 7, 8, 9]
^^^
sold
[5, 7, 9]
^^^
sold
[5, 9]
^^^
[5]
^^^
sold
---
__
[0, 1, 2, 3, 4, 5, 6, 7, 8, 9]
[0, 1, 2, 3, 4, 5, 7, 8, 9]
[0, 1, 2, 4, 5, 7, 8, 9]
[0, 2, 4, 5, 7, 8, 9]
[0, 2, 4, 5, 7, 8]
[2, 4, 5, 7, 8]
[2, 4, 5, 8]
[2, 4, 5]
[2, 4]
[4]
producing
producing
producing
producing
producing
producing
producing
producing
producing
producing
Day 340:
Household 1: Income: 5.67736585168451, Goods: 111, Land: 2360, Labour: 4964, Capital: 5413
Household 2: Income: 1017.5461609484845, Goods: 337, Land: 7421, Labour: 7080, Capital: 6163
Household 3: Income: 2567.0886525576725, Goods: 338, Land: 8999, Labour: 2800, Capital: 2860
Household 4: Income: 55.72964736803933, Goods: 159, Land: 3907, Labour: 8344, Capital: 1309
Household 5: Income: 581.2134291111316, Goods: 329, Land: 5940, Labour: 9441, Capital: 3730
Household 6: Income: 94.73291995515484, Goods: 307, Land: 3909, Labour: 3949, Capital: 1451
Household 7: Income: 46.28746756181596, Goods: 224, Land: 3129, Labour: 2774, Capital: 7272
Household 8: Income: 2356.978237776667, Goods: 338, Land: 9593, Labour: 6438, Capital: 9065
Household 9: Income: 72.90401269310792, Goods: 298, Land: 1169, Labour: 8123, Capital: 2346
Household 10: Income: 61.05562539037419, Goods: 218, Land: 8174, Labour: 9089, Capital: 7073
Firm 1: Money: -932.1697269301719, Goods: 108, Land: 0, Labour: 0, Capital: 0, Goods Price: 43.704486151212784
Firm 2: Money: -1498.0717195232055, Goods: 87, Land: 0, Labour: 0, Capital: 0, Goods Price: 41.386791828539465
Firm 3: Money: -1911.6231666288836, Goods: 106, Land: 0, Labour: 0, Capital: 0, Goods Price: 38.953307335700536
Firm 4: Money: -959.610087224704, Goods: 102, Land: 0, Labour: 0, Capital: 0, Goods Price: 26.79955716503823
Firm 5: Money: -1404.1331641322968, Goods: 85, Land: 0, Labour: 0, Capital: 0, Goods Price: 32.91921337622873
Firm 6: Money: 1199.8473279064567, Goods: 35, Land: 0, Labour: 0, Capital: 0, Goods Price: 0.43292125251868807
Firm 7: Money: 1734.0042027221232, Goods: 60, Land: 0, Labour: 0, Capital: 0, Goods Price: 33.02919659174505
Firm 8: Money: 1402.35913981026, Goods: 52, Land: 0, Labour: 0, Capital: 0, Goods Price: 33.91578030136212
Firm 9: Money: 1166.2480413156918, Goods: 76, Land: 0, Labour: 0, Capital: 0, Goods Price: 21.83762274025291
Firm 10: Money: 510.9926785630153, Goods: 30, Land: 0, Labour: 0, Capital: 0, Goods Price: 14.437944199169422
Self.nfirms:  10
[0, 1, 2, 3, 4, 5, 6, 7, 8, 9]
^^^
[0, 1, 2, 3, 4, 5, 6, 7, 8]
^^^
[1, 2, 3, 4, 5, 6, 7, 8]
^^^
[1, 2, 3, 4, 5, 7, 8]
^^^
sold
[1, 2, 3, 5, 7, 8]
^^^
sold
[1, 3, 5, 7, 8]
^^^
sold
[1, 3, 7, 8]
^^^
sold
[1, 3, 7]
^^^
sold
[3, 7]
^^^
sold
[7]
^^^
sold
---
__
[0, 1, 2, 3, 4, 5, 6, 7, 8, 9]
[0, 1, 2, 3, 4, 5, 6, 8, 9]
[0, 1, 2, 3, 4, 6, 8, 9]
[0, 1, 2, 3, 4, 6, 9]
[1, 2, 3, 4, 6, 9]
[1, 3, 4, 6, 9]
[3, 4, 6, 9]
[4, 6, 9]
[4, 6]
[6]
producing
producing
producing
producing
producing
producing
producing
producing
producing
producing
Day 341:
Household 1: Income: 21.994532193622792, Goods: 111, Land: 2359, Labour: 4963, Capital: 5412
Household 2: Income: 1005.6231587732989, Goods: 338, Land: 7420, Labour: 7079, Capital: 6162
Household 3: Income: 2572.561930363812, Goods: 339, Land: 8998, Labour: 2799, Capital: 2859
Household 4: Income: 14.80369563347832, Goods: 160, Land: 3906, Labour: 8343, Capital: 1308
Household 5: Income: 602.7663544165158, Goods: 330, Land: 5939, Labour: 9440, Capital: 3729
Household 6: Income: 81.10531143765856, Goods: 308, Land: 3908, Labour: 3948, Capital: 1450
Household 7: Income: 27.079883646303234, Goods: 225, Land: 3128, Labour: 2773, Capital: 7271
Household 8: Income: 2368.549229471913, Goods: 339, Land: 9592, Labour: 6437, Capital: 9064
Household 9: Income: 46.471220212579894, Goods: 299, Land: 1168, Labour: 8122, Capital: 2345
Household 10: Income: 40.23648600546614, Goods: 219, Land: 8173, Labour: 9088, Capital: 7072
Firm 1: Money: -924.4552551535705, Goods: 108, Land: 0, Labour: 0, Capital: 0, Goods Price: 43.10192830186962
Firm 2: Money: -1474.6398409171145, Goods: 87, Land: 0, Labour: 0, Capital: 0, Goods Price: 18.658597586721417
Firm 3: Money: -1908.1958438865602, Goods: 106, Land: 0, Labour: 0, Capital: 0, Goods Price: 41.766574538248676
Firm 4: Money: -955.4821187865488, Goods: 102, Land: 0, Labour: 0, Capital: 0, Goods Price: 26.79955716503823
Firm 5: Money: -1400.4384969179384, Goods: 85, Land: 0, Labour: 0, Capital: 0, Goods Price: 29.48749235952126
Firm 6: Money: 1178.911085382311, Goods: 35, Land: 0, Labour: 0, Capital: 0, Goods Price: 23.169461434121647
Firm 7: Money: 1766.1277177195216, Goods: 60, Land: 0, Labour: 0, Capital: 0, Goods Price: 6.131336997412615
Firm 8: Money: 1440.0741162384882, Goods: 52, Land: 0, Labour: 0, Capital: 0, Goods Price: 9.09821172073078
Firm 9: Money: 1148.3549398459859, Goods: 77, Land: 0, Labour: 0, Capital: 0, Goods Price: 26.233711292735062
Firm 10: Money: 515.608939413194, Goods: 30, Land: 0, Labour: 0, Capital: 0, Goods Price: 14.437944199169422
Self.nfirms:  10
[0, 1, 2, 3, 4, 5, 6, 7, 8, 9]
^^^
sold
[0, 1, 2, 3, 4, 5, 6, 7, 9]
^^^
sold
[0, 1, 2, 3, 5, 6, 7, 9]
^^^
sold
[0, 1, 3, 5, 6, 7, 9]
^^^
sold
[0, 1, 3, 5, 6, 9]
^^^
[1, 3, 5, 6, 9]
^^^
sold
[1, 3, 5, 6]
^^^
[1, 5, 6]
^^^
[1, 5]
^^^
sold
[5]
^^^
sold
---
__
[0, 1, 2, 3, 4, 5, 6, 7, 8, 9]
[0, 1, 2, 3, 5, 6, 7, 8, 9]
[0, 2, 3, 5, 6, 7, 8, 9]
[0, 2, 3, 5, 6, 7, 9]
[0, 2, 3, 6, 7, 9]
[0, 3, 6, 7, 9]
[0, 3, 6, 9]
[3, 6, 9]
[3, 6]
[3]
producing
producing
producing
producing
producing
producing
producing
producing
producing
producing
Day 342:
Household 1: Income: 25.35417686923719, Goods: 111, Land: 2358, Labour: 4962, Capital: 5411
Household 2: Income: 1003.4499085402203, Goods: 339, Land: 7419, Labour: 7078, Capital: 6161
Household 3: Income: 2564.046522607858, Goods: 340, Land: 8997, Labour: 2798, Capital: 2858
Household 4: Income: 41.35308198157297, Goods: 160, Land: 3905, Labour: 8342, Capital: 1307
Household 5: Income: 623.9559904017106, Goods: 331, Land: 5938, Labour: 9439, Capital: 3728
Household 6: Income: 80.63778069957569, Goods: 309, Land: 3907, Labour: 3947, Capital: 1449
Household 7: Income: 28.078021209924277, Goods: 225, Land: 3127, Labour: 2772, Capital: 7270
Household 8: Income: 2398.433755641801, Goods: 340, Land: 9591, Labour: 6436, Capital: 9063
Household 9: Income: 71.15995242686203, Goods: 300, Land: 1167, Labour: 8121, Capital: 2344
Household 10: Income: 36.87521605606171, Goods: 220, Land: 8172, Labour: 9087, Capital: 7071
Firm 1: Money: -956.6076461682111, Goods: 109, Land: 0, Labour: 0, Capital: 0, Goods Price: 41.0447017949294
Firm 2: Money: -1487.3746837615856, Goods: 87, Land: 0, Labour: 0, Capital: 0, Goods Price: 32.09712479546552
Firm 3: Money: -1943.0176504384751, Goods: 107, Land: 0, Labour: 0, Capital: 0, Goods Price: 42.126772157798904
Firm 4: Money: -973.9927761747281, Goods: 103, Land: 0, Labour: 0, Capital: 0, Goods Price: 26.79955716503823
Firm 5: Money: -1401.541256372032, Goods: 85, Land: 0, Labour: 0, Capital: 0, Goods Price: 29.91544227708292
Firm 6: Money: 1182.0462179470478, Goods: 35, Land: 0, Labour: 0, Capital: 0, Goods Price: 22.206705965228252
Firm 7: Money: 1754.6413590877935, Goods: 60, Land: 0, Labour: 0, Capital: 0, Goods Price: 25.819840836714757
Firm 8: Money: 1444.0132590568944, Goods: 52, Land: 0, Labour: 0, Capital: 0, Goods Price: 9.09821172073078
Firm 9: Money: 1152.3337657138636, Goods: 77, Land: 0, Labour: 0, Capital: 0, Goods Price: 26.233711292735062
Firm 10: Money: 523.2120497670253, Goods: 30, Land: 0, Labour: 0, Capital: 0, Goods Price: 6.341449680623664
Self.nfirms:  10
[0, 1, 2, 3, 4, 5, 6, 7, 8, 9]
^^^
sold
[0, 1, 3, 4, 5, 6, 7, 8, 9]
^^^
[1, 3, 4, 5, 6, 7, 8, 9]
^^^
[1, 4, 5, 6, 7, 8, 9]
^^^
sold
[1, 4, 5, 6, 7, 8]
^^^
sold
[1, 5, 6, 7, 8]
^^^
sold
[1, 6, 7, 8]
^^^
sold
[1, 6, 8]
^^^
sold
[1, 6]
^^^
sold
[6]
^^^
---
__
[0, 1, 2, 3, 4, 5, 6, 7, 8, 9]
[0, 1, 2, 3, 4, 5, 6, 8, 9]
[0, 1, 2, 3, 4, 6, 8, 9]
[0, 1, 3, 4, 6, 8, 9]
[0, 1, 3, 6, 8, 9]
[1, 3, 6, 8, 9]
[3, 6, 8, 9]
[3, 6, 9]
[3, 9]
[3]
producing
producing
producing
producing
producing
producing
producing
producing
producing
producing
Day 343:
Household 1: Income: 22.21899299806344, Goods: 111, Land: 2357, Labour: 4961, Capital: 5410
Household 2: Income: 994.5306774641806, Goods: 340, Land: 7418, Labour: 7077, Capital: 6160
Household 3: Income: 2575.1372508103714, Goods: 341, Land: 8996, Labour: 2797, Capital: 2857
Household 4: Income: 43.774702912293634, Goods: 161, Land: 3904, Labour: 8341, Capital: 1306
Household 5: Income: 616.8455289853769, Goods: 332, Land: 5937, Labour: 9438, Capital: 3727
Household 6: Income: 73.24507446751119, Goods: 310, Land: 3906, Labour: 3946, Capital: 1448
Household 7: Income: 29.07615877354532, Goods: 225, Land: 3126, Labour: 2771, Capital: 7269
Household 8: Income: 2431.0750438517957, Goods: 341, Land: 9590, Labour: 6435, Capital: 9062
Household 9: Income: 63.38188306746723, Goods: 301, Land: 1166, Labour: 8120, Capital: 2343
Household 10: Income: 49.296836372934735, Goods: 221, Land: 8171, Labour: 9086, Capital: 7070
Firm 1: Money: -950.4767399363244, Goods: 109, Land: 0, Labour: 0, Capital: 0, Goods Price: 42.74173068231939
Firm 2: Money: -1503.6918501035238, Goods: 88, Land: 0, Labour: 0, Capital: 0, Goods Price: 18.658597586721417
Firm 3: Money: -1977.83945699039, Goods: 108, Land: 0, Labour: 0, Capital: 0, Goods Price: 42.126772157798904
Firm 4: Money: -983.4363412497324, Goods: 103, Land: 0, Labour: 0, Capital: 0, Goods Price: 40.49115655138125
Firm 5: Money: -1409.0224714807432, Goods: 85, Land: 0, Labour: 0, Capital: 0, Goods Price: 37.659603583444934
Firm 6: Money: 1187.380986781108, Goods: 35, Land: 0, Labour: 0, Capital: 0, Goods Price: 20.50967707783826
Firm 7: Money: 1780.1211946259584, Goods: 60, Land: 0, Labour: 0, Capital: 0, Goods Price: 6.131336997412615
Firm 8: Money: 1456.910666904491, Goods: 52, Land: 0, Labour: 0, Capital: 0, Goods Price: 9.09821172073078
Firm 9: Money: 1156.3125915817413, Goods: 77, Land: 0, Labour: 0, Capital: 0, Goods Price: 26.233711292735062
Firm 10: Money: 512.2163152562918, Goods: 30, Land: 0, Labour: 0, Capital: 0, Goods Price: 16.158057857662854
Self.nfirms:  10
[0, 1, 2, 3, 4, 5, 6, 7, 8, 9]
^^^
sold
[0, 1, 2, 3, 5, 6, 7, 8, 9]
^^^
[0, 1, 2, 5, 6, 7, 8, 9]
^^^
[0, 1, 2, 5, 7, 8, 9]
^^^
[1, 2, 5, 7, 8, 9]
^^^
sold
[1, 2, 5, 7, 9]
^^^
sold
[1, 2, 7, 9]
^^^
sold
[2, 7, 9]
^^^
sold
[2, 9]
^^^
sold
[9]
^^^
sold
---
__
[0, 1, 2, 3, 4, 5, 6, 7, 8, 9]
[0, 1, 2, 3, 5, 6, 7, 8, 9]
[0, 1, 2, 5, 6, 7, 8, 9]
[0, 1, 2, 5, 7, 8, 9]
[0, 1, 2, 7, 8, 9]
[0, 2, 7, 8, 9]
[0, 2, 8, 9]
[0, 2, 9]
[2, 9]
[2]
producing
producing
producing
producing
producing
producing
producing
producing
producing
producing
Day 344:
Household 1: Income: 0.5341250031274805, Goods: 112, Land: 2356, Labour: 4960, Capital: 5409
Household 2: Income: 991.0103363115555, Goods: 341, Land: 7417, Labour: 7076, Capital: 6159
Household 3: Income: 2570.382136303657, Goods: 342, Land: 8995, Labour: 2796, Capital: 2856
Household 4: Income: 18.168999870060134, Goods: 162, Land: 3903, Labour: 8340, Capital: 1305
Household 5: Income: 622.6733176856169, Goods: 333, Land: 5936, Labour: 9437, Capital: 3726
Household 6: Income: 54.695044073252205, Goods: 311, Land: 3905, Labour: 3945, Capital: 1447
Household 7: Income: 34.336900385480455, Goods: 226, Land: 3125, Labour: 2770, Capital: 7268
Household 8: Income: 2416.6171178508885, Goods: 342, Land: 9589, Labour: 6434, Capital: 9061
Household 9: Income: 80.88018652658954, Goods: 302, Land: 1165, Labour: 8119, Capital: 2342
Household 10: Income: 51.04291785718879, Goods: 222, Land: 8170, Labour: 9085, Capital: 7069
Firm 1: Money: -942.932093292191, Goods: 109, Land: 0, Labour: 0, Capital: 0, Goods Price: 39.92846347977125
Firm 2: Money: -1497.9352854501717, Goods: 88, Land: 0, Labour: 0, Capital: 0, Goods Price: 18.658597586721417
Firm 3: Money: -1965.285689816952, Goods: 108, Land: 0, Labour: 0, Capital: 0, Goods Price: 32.83710512472495
Firm 4: Money: -963.0935889670407, Goods: 103, Land: 0, Labour: 0, Capital: 0, Goods Price: 26.79955716503823
Firm 5: Money: -1407.796769814199, Goods: 85, Land: 0, Labour: 0, Capital: 0, Goods Price: 36.69684811455154
Firm 6: Money: 1185.6349052968542, Goods: 35, Land: 0, Labour: 0, Capital: 0, Goods Price: 23.169461434121647
Firm 7: Money: 1767.0547460132525, Goods: 60, Land: 0, Labour: 0, Capital: 0, Goods Price: 33.38939421129528
Firm 8: Money: 1444.6411236875972, Goods: 52, Land: 0, Labour: 0, Capital: 0, Goods Price: 28.403453433721822
Firm 9: Money: 1184.889076299235, Goods: 77, Land: 0, Labour: 0, Capital: 0, Goods Price: 8.729472823383878
Firm 10: Money: 521.5395392686165, Goods: 30, Land: 0, Labour: 0, Capital: 0, Goods Price: 6.341449680623664
Self.nfirms:  10
[0, 1, 2, 3, 4, 5, 6, 7, 8, 9]
^^^
sold
[0, 2, 3, 4, 5, 6, 7, 8, 9]
^^^
sold
[0, 2, 3, 4, 5, 6, 8, 9]
^^^
sold
[0, 3, 4, 5, 6, 8, 9]
^^^
[0, 3, 4, 5, 8, 9]
^^^
[0, 4, 5, 8, 9]
^^^
[4, 5, 8, 9]
^^^
sold
[4, 8, 9]
^^^
sold
[4, 8]
^^^
sold
[8]
^^^
sold
---
__
[0, 1, 2, 3, 4, 5, 6, 7, 8, 9]
[0, 1, 2, 3, 4, 5, 6, 7, 8]
[0, 1, 2, 3, 5, 6, 7, 8]
[0, 1, 3, 5, 6, 7, 8]
[0, 1, 3, 5, 6, 8]
[0, 1, 5, 6, 8]
[0, 5, 6, 8]
[0, 5, 6]
[5, 6]
[6]
producing
producing
producing
producing
producing
producing
producing
producing
producing
producing
Day 345:
Household 1: Income: -2.60105886804627, Goods: 112, Land: 2355, Labour: 4959, Capital: 5408
Household 2: Income: 975.3942928536676, Goods: 342, Land: 7416, Labour: 7075, Capital: 6158
Household 3: Income: 2586.0791375534773, Goods: 343, Land: 8994, Labour: 2795, Capital: 2855
Household 4: Income: 34.486166211998416, Goods: 162, Land: 3902, Labour: 8339, Capital: 1304
Household 5: Income: 623.5607595658712, Goods: 334, Land: 5935, Labour: 9436, Capital: 3725
Household 6: Income: 55.65467021925715, Goods: 312, Land: 3904, Labour: 3944, Capital: 1446
Household 7: Income: 29.191903324121, Goods: 227, Land: 3124, Labour: 2769, Capital: 7267
Household 8: Income: 2448.646217030549, Goods: 343, Land: 9588, Labour: 6433, Capital: 9060
Household 9: Income: 80.75742475082885, Goods: 303, Land: 1164, Labour: 8118, Capital: 2341
Household 10: Income: 67.65960477947641, Goods: 223, Land: 8169, Labour: 9084, Capital: 7068
Firm 1: Money: -977.1417108137716, Goods: 110, Land: 0, Labour: 0, Capital: 0, Goods Price: 43.10192830186962
Firm 2: Money: -1492.1787207968196, Goods: 88, Land: 0, Labour: 0, Capital: 0, Goods Price: 18.658597586721417
Firm 3: Money: -1970.9760588248228, Goods: 108, Land: 0, Labour: 0, Capital: 0, Goods Price: 42.72933000714207
Firm 4: Money: -970.1340354570349, Goods: 103, Land: 0, Labour: 0, Capital: 0, Goods Price: 40.49115655138125
Firm 5: Money: -1433.918206244732, Goods: 86, Land: 0, Labour: 0, Capital: 0, Goods Price: 29.48749235952126
Firm 6: Money: 1190.3246308403252, Goods: 35, Land: 0, Labour: 0, Capital: 0, Goods Price: 19.393438762680113
Firm 7: Money: 1802.5149484347091, Goods: 60, Land: 0, Labour: 0, Capital: 0, Goods Price: 6.131336997412615
Firm 8: Money: 1443.753681807343, Goods: 52, Land: 0, Labour: 0, Capital: 0, Goods Price: 33.91578030136212
Firm 9: Money: 1172.6489497231676, Goods: 77, Land: 0, Labour: 0, Capital: 0, Goods Price: 25.269343756960385
Firm 10: Money: 503.3344490028526, Goods: 30, Land: 0, Labour: 0, Capital: 0, Goods Price: 23.36741361269315
Self.nfirms:  10
[0, 1, 2, 3, 4, 5, 6, 7, 8, 9]
^^^
sold
[0, 1, 3, 4, 5, 6, 7, 8, 9]
^^^
[0, 1, 4, 5, 6, 7, 8, 9]
^^^
[1, 4, 5, 6, 7, 8, 9]
^^^
sold
[1, 5, 6, 7, 8, 9]
^^^
sold
[1, 6, 7, 8, 9]
^^^
[1, 6, 7, 8]
^^^
sold
[6, 7, 8]
^^^
[7, 8]
^^^
sold
[7]
^^^
sold
---
__
[0, 1, 2, 3, 4, 5, 6, 7, 8, 9]
[0, 1, 2, 3, 4, 5, 6, 7, 8]
[0, 1, 2, 3, 5, 6, 7, 8]
[0, 1, 2, 3, 5, 6, 8]
[0, 2, 3, 5, 6, 8]
[0, 2, 3, 5, 8]
[0, 3, 5, 8]
[0, 3, 8]
[0, 8]
[0]
producing
producing
producing
producing
producing
producing
producing
producing
producing
producing
Day 346:
Household 1: Income: 15.90959852013295, Goods: 112, Land: 2354, Labour: 4958, Capital: 5407
Household 2: Income: 993.3154741082031, Goods: 343, Land: 7415, Labour: 7074, Capital: 6157
Household 3: Income: 2567.403683324812, Goods: 344, Land: 8993, Labour: 2794, Capital: 2854
Household 4: Income: 38.943678741830524, Goods: 163, Land: 3901, Labour: 8338, Capital: 1303
Household 5: Income: 624.7539317324062, Goods: 335, Land: 5934, Labour: 9435, Capital: 3724
Household 6: Income: 52.32645261941903, Goods: 313, Land: 3903, Labour: 3943, Capital: 1445
Household 7: Income: 42.3454877238457, Goods: 227, Land: 3123, Labour: 2768, Capital: 7266
Household 8: Income: 2464.2615413084745, Goods: 344, Land: 9587, Labour: 6432, Capital: 9059
Household 9: Income: 74.94010208384985, Goods: 304, Land: 1163, Labour: 8117, Capital: 2340
Household 10: Income: 39.98612376893147, Goods: 224, Land: 8168, Labour: 9083, Capital: 7067
Firm 1: Money: -965.1486620419842, Goods: 110, Land: 0, Labour: 0, Capital: 0, Goods Price: 35.96032484485077
Firm 2: Money: -1490.9016652130488, Goods: 88, Land: 0, Labour: 0, Capital: 0, Goods Price: 18.658597586721417
Firm 3: Money: -2005.7978653767377, Goods: 109, Land: 0, Labour: 0, Capital: 0, Goods Price: 42.126772157798904
Firm 4: Money: -944.6540454927309, Goods: 103, Land: 0, Labour: 0, Capital: 0, Goods Price: 26.79955716503823
Firm 5: Money: -1465.551969542905, Goods: 87, Land: 0, Labour: 0, Capital: 0, Goods Price: 34.99981922716155
Firm 6: Money: 1199.7815479753306, Goods: 35, Land: 0, Labour: 0, Capital: 0, Goods Price: 18.429071226905435
Firm 7: Money: 1784.5937671801735, Goods: 60, Land: 0, Labour: 0, Capital: 0, Goods Price: 30.21592938919691
Firm 8: Money: 1453.890893662369, Goods: 52, Land: 0, Labour: 0, Capital: 0, Goods Price: 28.403453433721822
Firm 9: Money: 1184.5036473408877, Goods: 77, Land: 0, Labour: 0, Capital: 0, Goods Price: 20.11750908175948
Firm 10: Money: 502.15532266915807, Goods: 30, Land: 0, Labour: 0, Capital: 0, Goods Price: 23.36741361269315
Self.nfirms:  10
[0, 1, 2, 3, 4, 5, 6, 7, 8, 9]
^^^
sold
[0, 1, 2, 3, 4, 5, 6, 7, 9]
^^^
sold
[0, 1, 2, 3, 4, 5, 6, 9]
^^^
sold
[0, 1, 2, 3, 4, 5, 9]
^^^
sold
[0, 2, 3, 4, 5, 9]
^^^
[2, 3, 4, 5, 9]
^^^
sold
[2, 3, 5, 9]
^^^
[2, 5, 9]
^^^
[2, 5]
^^^
sold
[2]
^^^
sold
---
__
[0, 1, 2, 3, 4, 5, 6, 7, 8, 9]
[0, 1, 2, 4, 5, 6, 7, 8, 9]
[0, 1, 2, 4, 6, 7, 8, 9]
[0, 1, 2, 4, 6, 7, 8]
[0, 1, 2, 4, 6, 8]
[0, 1, 2, 4, 6]
[0, 1, 2, 4]
[0, 1, 2]
[0, 2]
[0]
producing
producing
producing
producing
producing
producing
producing
producing
producing
producing
Day 347:
Household 1: Income: 22.69353403578713, Goods: 112, Land: 2353, Labour: 4957, Capital: 5406
Household 2: Income: 990.4190266932807, Goods: 344, Land: 7414, Labour: 7073, Capital: 6156
Household 3: Income: 2549.7033852402174, Goods: 345, Land: 8992, Labour: 2793, Capital: 2853
Household 4: Income: 32.45246667214705, Goods: 164, Land: 3900, Labour: 8337, Capital: 1302
Household 5: Income: 628.5798631002722, Goods: 336, Land: 5933, Labour: 9434, Capital: 3723
Household 6: Income: 52.812999243541555, Goods: 314, Land: 3902, Labour: 3942, Capital: 1444
Household 7: Income: 6.992138511589732, Goods: 228, Land: 3122, Labour: 2767, Capital: 7265
Household 8: Income: 2471.8975330630947, Goods: 345, Land: 9586, Labour: 6431, Capital: 9058
Household 9: Income: 58.6274185181301, Goods: 305, Land: 1162, Labour: 8116, Capital: 2339
Household 10: Income: 26.004242144729552, Goods: 225, Land: 8167, Labour: 9082, Capital: 7066
Firm 1: Money: -937.0366483737998, Goods: 110, Land: 0, Labour: 0, Capital: 0, Goods Price: 15.676246295943141
Firm 2: Money: -1492.0354231379893, Goods: 88, Land: 0, Labour: 0, Capital: 0, Goods Price: 18.658597586721417
Firm 3: Money: -1994.9642118617935, Goods: 109, Land: 0, Labour: 0, Capital: 0, Goods Price: 34.55721878321838
Firm 4: Money: -932.8656549147701, Goods: 103, Land: 0, Labour: 0, Capital: 0, Goods Price: 26.79955716503823
Firm 5: Money: -1467.0247940069364, Goods: 87, Land: 0, Labour: 0, Capital: 0, Goods Price: 37.05704573410177
Firm 6: Money: 1185.6635960398314, Goods: 36, Land: 0, Labour: 0, Capital: 0, Goods Price: 19.393438762680113
Firm 7: Money: 1813.7839491018403, Goods: 60, Land: 0, Labour: 0, Capital: 0, Goods Price: 6.131336997412615
Firm 8: Money: 1462.073334597462, Goods: 52, Land: 0, Labour: 0, Capital: 0, Goods Price: 26.68333977522839
Firm 9: Money: 1182.5087069064457, Goods: 77, Land: 0, Labour: 0, Capital: 0, Goods Price: 27.349949607893212
Firm 10: Money: 506.7715835193368, Goods: 30, Land: 0, Labour: 0, Capital: 0, Goods Price: 23.36741361269315
Self.nfirms:  10
[0, 1, 2, 3, 4, 5, 6, 7, 8, 9]
^^^
sold
[0, 2, 3, 4, 5, 6, 7, 8, 9]
^^^
[2, 3, 4, 5, 6, 7, 8, 9]
^^^
sold
[2, 3, 4, 5, 6, 8, 9]
^^^
[2, 3, 4, 5, 6, 8]
^^^
sold
[3, 4, 5, 6, 8]
^^^
[4, 5, 6, 8]
^^^
sold
[5, 6, 8]
^^^
[5, 8]
^^^
sold
[5]
^^^
sold
---
__
[0, 1, 2, 3, 4, 5, 6, 7, 8, 9]
[0, 1, 2, 4, 5, 6, 7, 8, 9]
[0, 1, 2, 4, 5, 6, 8, 9]
[0, 1, 2, 4, 5, 8, 9]
[0, 1, 2, 5, 8, 9]
[0, 2, 5, 8, 9]
[2, 5, 8, 9]
[2, 8, 9]
[2, 9]
[2]
producing
producing
producing
producing
producing
producing
producing
producing
producing
producing
Day 348:
Household 1: Income: 23.08239703614159, Goods: 112, Land: 2352, Labour: 4956, Capital: 5405
Household 2: Income: 1008.473181797423, Goods: 345, Land: 7413, Labour: 7072, Capital: 6155
Household 3: Income: 2554.9992235478417, Goods: 346, Land: 8991, Labour: 2792, Capital: 2852
Household 4: Income: 26.69590201879491, Goods: 165, Land: 3899, Labour: 8336, Capital: 1301
Household 5: Income: 644.2953768054891, Goods: 337, Land: 5932, Labour: 9433, Capital: 3722
Household 6: Income: 54.90344213634767, Goods: 315, Land: 3901, Labour: 3941, Capital: 1443
Household 7: Income: 10.35178318720413, Goods: 228, Land: 3121, Labour: 2766, Capital: 7264
Household 8: Income: 2469.374178269773, Goods: 346, Land: 9585, Labour: 6430, Capital: 9057
Household 9: Income: 68.3936634913648, Goods: 306, Land: 1161, Labour: 8115, Capital: 2338
Household 10: Income: 60.816417515653384, Goods: 225, Land: 8166, Labour: 9081, Capital: 7065
Firm 1: Money: -960.2134429143008, Goods: 110, Land: 0, Labour: 0, Capital: 0, Goods Price: 43.704486151212784
Firm 2: Money: -1486.278858484637, Goods: 88, Land: 0, Labour: 0, Capital: 0, Goods Price: 18.658597586721417
Firm 3: Money: -1991.8201775946131, Goods: 109, Land: 0, Labour: 0, Capital: 0, Goods Price: 34.55721878321838
Firm 4: Money: -946.0223036157398, Goods: 103, Land: 0, Labour: 0, Capital: 0, Goods Price: 46.60735876235683
Firm 5: Money: -1498.6585573051095, Goods: 88, Land: 0, Labour: 0, Capital: 0, Goods Price: 34.99981922716155
Firm 6: Money: 1184.6506264947407, Goods: 36, Land: 0, Labour: 0, Capital: 0, Goods Price: 22.206705965228252
Firm 7: Money: 1804.0177041286058, Goods: 60, Land: 0, Labour: 0, Capital: 0, Goods Price: 24.099727178221322
Firm 8: Money: 1434.2004019462697, Goods: 53, Land: 0, Labour: 0, Capital: 0, Goods Price: 35.973006808302344
Firm 9: Money: 1182.1198439060915, Goods: 78, Land: 0, Labour: 0, Capital: 0, Goods Price: 8.729472823383878
Firm 10: Money: 523.6762427250778, Goods: 30, Land: 0, Labour: 0, Capital: 0, Goods Price: 6.341449680623664
Self.nfirms:  10
[0, 1, 2, 3, 4, 5, 6, 7, 8, 9]
^^^
[0, 1, 2, 4, 5, 6, 7, 8, 9]
^^^
sold
[0, 1, 2, 5, 6, 7, 8, 9]
^^^
sold
[0, 2, 5, 6, 7, 8, 9]
^^^
sold
[0, 2, 6, 7, 8, 9]
^^^
sold
[0, 6, 7, 8, 9]
^^^
[6, 7, 8, 9]
^^^
[7, 8, 9]
^^^
sold
[7, 9]
^^^
[7]
^^^
sold
---
__
[0, 1, 2, 3, 4, 5, 6, 7, 8, 9]
[0, 2, 3, 4, 5, 6, 7, 8, 9]
[0, 2, 3, 4, 6, 7, 8, 9]
[0, 2, 3, 6, 7, 8, 9]
[0, 2, 3, 7, 8, 9]
[0, 2, 3, 7, 9]
[0, 2, 3, 9]
[0, 2, 3]
[0, 2]
[2]
producing
producing
producing
producing
producing
producing
producing
producing
producing
producing
Day 349:
Household 1: Income: 26.442041711755987, Goods: 112, Land: 2351, Labour: 4955, Capital: 5404
Household 2: Income: 994.9121742152478, Goods: 346, Land: 7412, Labour: 7071, Capital: 6154
Household 3: Income: 2546.894339183369, Goods: 347, Land: 8990, Labour: 2791, Capital: 2851
Household 4: Income: 10.392227195636154, Goods: 166, Land: 3898, Labour: 8335, Capital: 1300
Household 5: Income: 641.0542139008161, Goods: 338, Land: 5931, Labour: 9432, Capital: 3721
Household 6: Income: 60.45591948216259, Goods: 316, Land: 3900, Labour: 3940, Capital: 1442
Household 7: Income: 7.216599316030382, Goods: 228, Land: 3120, Labour: 2765, Capital: 7263
Household 8: Income: 2489.086129543336, Goods: 347, Land: 9584, Labour: 6429, Capital: 9056
Household 9: Income: 81.69985508987216, Goods: 307, Land: 1160, Labour: 8114, Capital: 2337
Household 10: Income: 38.55673440504343, Goods: 226, Land: 8165, Labour: 9080, Capital: 7064
Firm 1: Money: -954.1937634543923, Goods: 110, Land: 0, Labour: 0, Capital: 0, Goods Price: 43.10192830186962
Firm 2: Money: -1508.7693263134354, Goods: 88, Land: 0, Labour: 0, Capital: 0, Goods Price: 39.32956532159925
Firm 3: Money: -1994.827677475097, Goods: 109, Land: 0, Labour: 0, Capital: 0, Goods Price: 41.766574538248676
Firm 4: Money: -921.9664677070825, Goods: 103, Land: 0, Labour: 0, Capital: 0, Goods Price: 26.79955716503823
Firm 5: Money: -1524.7799937356424, Goods: 89, Land: 0, Labour: 0, Capital: 0, Goods Price: 29.48749235952126
Firm 6: Money: 1210.0621511541208, Goods: 36, Land: 0, Labour: 0, Capital: 0, Goods Price: 0.43292125251868807
Firm 7: Money: 1807.1528879997795, Goods: 61, Land: 0, Labour: 0, Capital: 0, Goods Price: 6.131336997412615
Firm 8: Money: 1456.3874768269402, Goods: 53, Land: 0, Labour: 0, Capital: 0, Goods Price: 26.68333977522839
Firm 9: Money: 1175.6878516848824, Goods: 78, Land: 0, Labour: 0, Capital: 0, Goods Price: 26.233711292735062
Firm 10: Money: 525.5936720690746, Goods: 30, Land: 0, Labour: 0, Capital: 0, Goods Price: 6.341449680623664
Self.nfirms:  10
[0, 1, 2, 3, 4, 5, 6, 7, 8, 9]
^^^
sold
[0, 1, 2, 3, 5, 6, 7, 8, 9]
^^^
sold
[0, 1, 3, 5, 6, 7, 8, 9]
^^^
[0, 1, 5, 6, 7, 8, 9]
^^^
sold
[0, 1, 6, 7, 8, 9]
^^^
[1, 6, 7, 8, 9]
^^^
sold
[1, 6, 7, 9]
^^^
[1, 6, 7]
^^^
sold
[1, 6]
^^^
sold
[6]
^^^
---
__
[0, 1, 2, 3, 4, 5, 6, 7, 8, 9]
[0, 1, 2, 4, 5, 6, 7, 8, 9]
[0, 1, 2, 4, 5, 6, 8, 9]
[0, 1, 2, 5, 6, 8, 9]
[0, 1, 2, 5, 6, 9]
[0, 1, 2, 5, 6]
[0, 1, 2, 5]
[0, 2, 5]
[2, 5]
[2]
producing
producing
producing
producing
producing
producing
producing
producing
producing
producing
Day 350:
Household 1: Income: 44.95269909993521, Goods: 112, Land: 2350, Labour: 4954, Capital: 5403
Household 2: Income: 988.9042855764927, Goods: 347, Land: 7411, Labour: 7070, Capital: 6153
Household 3: Income: 2545.4550592293213, Goods: 348, Land: 8989, Labour: 2790, Capital: 2850
Household 4: Income: 3.6070592998941358, Goods: 167, Land: 3897, Labour: 8334, Capital: 1299
Household 5: Income: 671.1626461181016, Goods: 339, Land: 5930, Labour: 9431, Capital: 3720
Household 6: Income: 30.04895520744132, Goods: 317, Land: 3899, Labour: 3939, Capital: 1441
Household 7: Income: 15.557860132175449, Goods: 229, Land: 3119, Labour: 2764, Capital: 7262
Household 8: Income: 2488.0799158811083, Goods: 348, Land: 9583, Labour: 6428, Capital: 9055
Household 9: Income: 71.86000400948191, Goods: 308, Land: 1159, Labour: 8113, Capital: 2336
Household 10: Income: 42.55123409335991, Goods: 227, Land: 8164, Labour: 9079, Capital: 7063
Firm 1: Money: -988.0431833564227, Goods: 111, Land: 0, Labour: 0, Capital: 0, Goods Price: 42.74173068231939
Firm 2: Money: -1489.7977927992947, Goods: 88, Land: 0, Labour: 0, Capital: 0, Goods Price: 18.658597586721417
Firm 3: Money: -1987.4634298623332, Goods: 109, Land: 0, Labour: 0, Capital: 0, Goods Price: 40.069545650858686
Firm 4: Money: -910.1780771291217, Goods: 103, Land: 0, Labour: 0, Capital: 0, Goods Price: 26.79955716503823
Firm 5: Money: -1530.6504246915902, Goods: 89, Land: 0, Labour: 0, Capital: 0, Goods Price: 37.659603583444934
Firm 6: Money: 1203.9902717956716, Goods: 36, Land: 0, Labour: 0, Capital: 0, Goods Price: 14.997350210197961
Firm 7: Money: 1812.9442196986422, Goods: 61, Land: 0, Labour: 0, Capital: 0, Goods Price: 6.131336997412615
Firm 8: Money: 1461.3844412527123, Goods: 53, Land: 0, Labour: 0, Capital: 0, Goods Price: 26.68333977522839
Firm 9: Money: 1176.6940653471095, Goods: 78, Land: 0, Labour: 0, Capital: 0, Goods Price: 29.40717611483343
Firm 10: Money: 515.997236189732, Goods: 30, Land: 0, Labour: 0, Capital: 0, Goods Price: 20.554146410145005
Self.nfirms:  10
[0, 1, 2, 3, 4, 5, 6, 7, 8, 9]
^^^
sold
[0, 1, 2, 3, 4, 5, 6, 7, 8]
^^^
sold
[0, 1, 2, 3, 4, 5, 6, 7]
^^^
sold
[0, 1, 2, 3, 4, 5, 6]
^^^
sold
[0, 2, 3, 4, 5, 6]
^^^
[2, 3, 4, 5, 6]
^^^
sold
[3, 4, 5, 6]
^^^
[4, 5, 6]
^^^
sold
[5, 6]
^^^
[6]
^^^
---
__
[0, 1, 2, 3, 4, 5, 6, 7, 8, 9]
[0, 2, 3, 4, 5, 6, 7, 8, 9]
[0, 2, 3, 4, 5, 7, 8, 9]
[0, 2, 3, 4, 7, 8, 9]
[0, 2, 3, 7, 8, 9]
[0, 3, 7, 8, 9]
[0, 3, 8, 9]
[0, 3, 9]
[3, 9]
[3]
producing
producing
producing
producing
producing
producing
producing
producing
producing
producing
Day 351:
Household 1: Income: 23.877105668265834, Goods: 113, Land: 2349, Labour: 4953, Capital: 5402
Household 2: Income: 1012.8819408592901, Goods: 348, Land: 7410, Labour: 7069, Capital: 6152
Household 3: Income: 2540.474357187692, Goods: 349, Land: 8988, Labour: 2789, Capital: 2849
Household 4: Income: 0.47187542872038524, Goods: 167, Land: 3896, Labour: 8333, Capital: 1298
Household 5: Income: 666.4651529007762, Goods: 340, Land: 5929, Labour: 9430, Capital: 3719
Household 6: Income: 56.68901935444147, Goods: 317, Land: 3898, Labour: 3938, Capital: 1440
Household 7: Income: 28.71144453190015, Goods: 229, Land: 3118, Labour: 2763, Capital: 7261
Household 8: Income: 2520.9313167743144, Goods: 349, Land: 9582, Labour: 6427, Capital: 9054
Household 9: Income: 64.14713251907934, Goods: 309, Land: 1158, Labour: 8112, Capital: 2335
Household 10: Income: 43.54696211952306, Goods: 228, Land: 8163, Labour: 9078, Capital: 7062
Firm 1: Money: -1014.6832475034228, Goods: 112, Land: 0, Labour: 0, Capital: 0, Goods Price: 35.532374927289105
Firm 2: Money: -1503.5959575656625, Goods: 88, Land: 0, Labour: 0, Capital: 0, Goods Price: 38.2133270064411
Firm 3: Money: -2022.2852364142482, Goods: 110, Land: 0, Labour: 0, Capital: 0, Goods Price: 42.126772157798904
Firm 4: Money: -928.688734517301, Goods: 104, Land: 0, Labour: 0, Capital: 0, Goods Price: 26.79955716503823
Firm 5: Money: -1531.6461527177532, Goods: 89, Land: 0, Labour: 0, Capital: 0, Goods Price: 37.659603583444934
Firm 6: Money: 1202.7309278748075, Goods: 36, Land: 0, Labour: 0, Capital: 0, Goods Price: 18.429071226905435
Firm 7: Money: 1818.0498092285247, Goods: 61, Land: 0, Labour: 0, Capital: 0, Goods Price: 6.131336997412615
Firm 8: Money: 1483.594454294596, Goods: 53, Land: 0, Labour: 0, Capital: 0, Goods Price: 9.09821172073078
Firm 9: Money: 1190.2834767376926, Goods: 78, Land: 0, Labour: 0, Capital: 0, Goods Price: 20.11750908175948
Firm 10: Money: 515.1013983311807, Goods: 30, Land: 0, Labour: 0, Capital: 0, Goods Price: 23.36741361269315
Self.nfirms:  10
[0, 1, 2, 3, 4, 5, 6, 7, 8, 9]
^^^
[0, 1, 2, 4, 5, 6, 7, 8, 9]
^^^
sold
[0, 1, 2, 4, 5, 7, 8, 9]
^^^
[1, 2, 4, 5, 7, 8, 9]
^^^
sold
[1, 2, 4, 7, 8, 9]
^^^
sold
[1, 2, 4, 7, 9]
^^^
sold
[1, 2, 7, 9]
^^^
sold
[2, 7, 9]
^^^
sold
[7, 9]
^^^
sold
[7]
^^^
sold
---
__
[0, 1, 2, 3, 4, 5, 6, 7, 8, 9]
[0, 1, 2, 4, 5, 6, 7, 8, 9]
[0, 1, 2, 5, 6, 7, 8, 9]
[0, 1, 2, 5, 6, 7, 8]
[1, 2, 5, 6, 7, 8]
[1, 2, 5, 7, 8]
[1, 2, 7, 8]
[1, 2, 7]
[2, 7]
[7]
producing
producing
producing
producing
producing
producing
producing
producing
producing
producing
Day 352:
Household 1: Income: 10.370423257402674, Goods: 114, Land: 2348, Labour: 4952, Capital: 5401
Household 2: Income: 1027.5039524110873, Goods: 349, Land: 7409, Labour: 7068, Capital: 6151
Household 3: Income: 2541.073613459619, Goods: 350, Land: 8987, Labour: 2788, Capital: 2848
Household 4: Income: 27.53988949328219, Goods: 167, Land: 3895, Labour: 8332, Capital: 1297
Household 5: Income: 658.0964446313073, Goods: 341, Land: 5928, Labour: 9429, Capital: 3718
Household 6: Income: 39.347711275790935, Goods: 318, Land: 3897, Labour: 3937, Capital: 1439
Household 7: Income: 40.928746783460475, Goods: 230, Land: 3117, Labour: 2762, Capital: 7260
Household 8: Income: 2522.4706407275585, Goods: 350, Land: 9581, Labour: 6426, Capital: 9053
Household 9: Income: 52.53032069249133, Goods: 310, Land: 1157, Labour: 8111, Capital: 2334
Household 10: Income: 47.37364945470994, Goods: 229, Land: 8162, Labour: 9077, Capital: 7061
Firm 1: Money: -1007.8566335212057, Goods: 112, Land: 0, Labour: 0, Capital: 0, Goods Price: 35.96032484485077
Firm 2: Money: -1505.13216918444, Goods: 88, Land: 0, Labour: 0, Capital: 0, Goods Price: 41.02659420898924
Firm 3: Money: -2009.7314692408104, Goods: 110, Land: 0, Labour: 0, Capital: 0, Goods Price: 32.83710512472495
Firm 4: Money: -943.3107460690982, Goods: 104, Land: 0, Labour: 0, Capital: 0, Goods Price: 46.60735876235683
Firm 5: Money: -1527.0148957512724, Goods: 89, Land: 0, Labour: 0, Capital: 0, Goods Price: 32.91921337622873
Firm 6: Money: 1198.904240539621, Goods: 36, Land: 0, Labour: 0, Capital: 0, Goods Price: 23.169461434121647
Firm 7: Money: 1801.4964892603964, Goods: 62, Land: 0, Labour: 0, Capital: 0, Goods Price: 25.819840836714757
Firm 8: Money: 1471.6742935615612, Goods: 53, Land: 0, Labour: 0, Capital: 0, Goods Price: 33.91578030136212
Firm 9: Money: 1207.2304689330185, Goods: 78, Land: 0, Labour: 0, Capital: 0, Goods Price: 8.729472823383878
Firm 10: Money: 513.5620743779359, Goods: 30, Land: 0, Labour: 0, Capital: 0, Goods Price: 23.727611232243373
Self.nfirms:  10
[0, 1, 2, 3, 4, 5, 6, 7, 8, 9]
^^^
sold
[0, 1, 2, 3, 4, 5, 6, 7, 9]
^^^
sold
[0, 1, 2, 3, 4, 5, 6, 9]
^^^
sold
[0, 1, 2, 3, 4, 6, 9]
^^^
sold
[0, 2, 3, 4, 6, 9]
^^^
sold
[0, 3, 4, 6, 9]
^^^
sold
[0, 3, 6, 9]
^^^
[3, 6, 9]
^^^
sold
[3, 6]
^^^
[6]
^^^
---
__
[0, 1, 2, 3, 4, 5, 6, 7, 8, 9]
[0, 1, 2, 3, 4, 5, 6, 7, 9]
[0, 2, 3, 4, 5, 6, 7, 9]
[0, 3, 4, 5, 6, 7, 9]
[0, 3, 4, 5, 6, 9]
[0, 3, 4, 5, 6]
[0, 3, 4, 6]
[0, 3, 6]
[0, 3]
[0]
producing
producing
producing
producing
producing
producing
producing
producing
producing
producing
Day 353:
Household 1: Income: 28.881080645581896, Goods: 114, Land: 2347, Labour: 4951, Capital: 5400
Household 2: Income: 1019.8715991417258, Goods: 350, Land: 7408, Labour: 7067, Capital: 6150
Household 3: Income: 2556.7706147094395, Goods: 351, Land: 8986, Labour: 2787, Capital: 2847
Household 4: Income: 1.5422282874654187, Goods: 168, Land: 3894, Labour: 8331, Capital: 1296
Household 5: Income: 668.5163730092908, Goods: 342, Land: 5927, Labour: 9428, Capital: 3717
Household 6: Income: 33.19111428547199, Goods: 319, Land: 3896, Labour: 3936, Capital: 1438
Household 7: Income: 37.79356291228672, Goods: 230, Land: 3116, Labour: 2761, Capital: 7259
Household 8: Income: 2520.1953775916168, Goods: 351, Land: 9580, Labour: 6425, Capital: 9052
Household 9: Income: 45.59543346578167, Goods: 311, Land: 1156, Labour: 8110, Capital: 2333
Household 10: Income: 19.89646584875744, Goods: 230, Land: 8161, Labour: 9076, Capital: 7060
Firm 1: Money: -1032.7765840097122, Goods: 113, Land: 0, Labour: 0, Capital: 0, Goods Price: 33.81226126879567
Firm 2: Money: -1541.0040649460982, Goods: 89, Land: 0, Labour: 0, Capital: 0, Goods Price: 38.2133270064411
Firm 3: Money: -2014.0207281162113, Goods: 110, Land: 0, Labour: 0, Capital: 0, Goods Price: 40.069545650858686
Firm 4: Money: -918.3171544262582, Goods: 104, Land: 0, Labour: 0, Capital: 0, Goods Price: 26.79955716503823
Firm 5: Money: -1521.281494466589, Goods: 89, Land: 0, Labour: 0, Capital: 0, Goods Price: 29.48749235952126
Firm 6: Money: 1207.9993479881948, Goods: 36, Land: 0, Labour: 0, Capital: 0, Goods Price: 22.56690358477848
Firm 7: Money: 1826.9763247985613, Goods: 62, Land: 0, Labour: 0, Capital: 0, Goods Price: 6.131336997412615
Firm 8: Money: 1502.954189418792, Goods: 53, Land: 0, Labour: 0, Capital: 0, Goods Price: 9.09821172073078
Firm 9: Money: 1211.530213290528, Goods: 78, Land: 0, Labour: 0, Capital: 0, Goods Price: 8.729472823383878
Firm 10: Money: 512.7431456637917, Goods: 30, Land: 0, Labour: 0, Capital: 0, Goods Price: 23.36741361269315
Self.nfirms:  10
[0, 1, 2, 3, 4, 5, 6, 7, 8, 9]
^^^
sold
[0, 1, 2, 3, 4, 5, 7, 8, 9]
^^^
sold
[0, 1, 2, 3, 5, 7, 8, 9]
^^^
[1, 2, 3, 5, 7, 8, 9]
^^^
[1, 2, 5, 7, 8, 9]
^^^
sold
[2, 5, 7, 8, 9]
^^^
sold
[2, 7, 8, 9]
^^^
sold
[7, 8, 9]
^^^
[7, 8]
^^^
sold
[7]
^^^
sold
---
__
[0, 1, 2, 3, 4, 5, 6, 7, 8, 9]
[0, 1, 3, 4, 5, 6, 7, 8, 9]
[0, 1, 3, 4, 5, 6, 7, 8]
[0, 1, 3, 4, 5, 7, 8]
[0, 1, 3, 4, 7, 8]
[0, 1, 3, 4, 7]
[0, 1, 4, 7]
[0, 1, 4]
[0, 1]
[0]
producing
producing
producing
producing
producing
producing
producing
producing
producing
producing
Day 354:
Household 1: Income: 14.689472044404997, Goods: 115, Land: 2346, Labour: 4950, Capital: 5399
Household 2: Income: 1044.3940221353478, Goods: 351, Land: 7407, Labour: 7066, Capital: 6149
Household 3: Income: 2554.7182916821757, Goods: 352, Land: 8985, Labour: 2786, Capital: 2846
Household 4: Income: 19.474783750196487, Goods: 168, Land: 3893, Labour: 8330, Capital: 1295
Household 5: Income: 653.4134911608761, Goods: 343, Land: 5926, Labour: 9427, Capital: 3716
Household 6: Income: 39.26373923947658, Goods: 320, Land: 3895, Labour: 3935, Capital: 1437
Household 7: Income: 34.32547955552586, Goods: 231, Land: 3115, Labour: 2760, Capital: 7258
Household 8: Income: 2549.836453628517, Goods: 352, Land: 9579, Labour: 6424, Capital: 9051
Household 9: Income: 34.74853470826104, Goods: 312, Land: 1155, Labour: 8109, Capital: 2332
Household 10: Income: 20.894603412378483, Goods: 230, Land: 8160, Labour: 9075, Capital: 7059
Firm 1: Money: -1036.649129432221, Goods: 113, Land: 0, Labour: 0, Capital: 0, Goods Price: 43.10192830186962
Firm 2: Money: -1557.3212312880364, Goods: 90, Land: 0, Labour: 0, Capital: 0, Goods Price: 18.658597586721417
Firm 3: Money: -2031.9532835789425, Goods: 111, Land: 0, Labour: 0, Capital: 0, Goods Price: 25.237521068615287
Firm 4: Money: -929.4808331597558, Goods: 104, Land: 0, Labour: 0, Capital: 0, Goods Price: 42.21127020987468
Firm 5: Money: -1523.9492739705931, Goods: 89, Land: 0, Labour: 0, Capital: 0, Goods Price: 33.8835809120034
Firm 6: Money: 1212.5504074362361, Goods: 36, Land: 0, Labour: 0, Capital: 0, Goods Price: 20.50967707783826
Firm 7: Money: 1841.167933399738, Goods: 62, Land: 0, Labour: 0, Capital: 0, Goods Price: 6.131336997412615
Firm 8: Money: 1507.9511538445643, Goods: 53, Land: 0, Labour: 0, Capital: 0, Goods Price: 9.09821172073078
Firm 9: Money: 1195.3923861029543, Goods: 78, Land: 0, Labour: 0, Capital: 0, Goods Price: 29.046978495283202
Firm 10: Money: 523.5900444213122, Goods: 30, Land: 0, Labour: 0, Capital: 0, Goods Price: 14.437944199169422
Self.nfirms:  10
[0, 1, 2, 3, 4, 5, 6, 7, 8, 9]
^^^
[0, 1, 2, 3, 4, 5, 6, 7, 8]
^^^
sold
[0, 1, 2, 3, 4, 5, 6, 8]
^^^
sold
[0, 2, 3, 4, 5, 6, 8]
^^^
sold
[0, 2, 3, 4, 5, 6]
^^^
sold
[0, 2, 3, 5, 6]
^^^
sold
[0, 3, 5, 6]
^^^
[3, 5, 6]
^^^
[5, 6]
^^^
[5]
^^^
sold
---
__
[0, 1, 2, 3, 4, 5, 6, 7, 8, 9]
[0, 2, 3, 4, 5, 6, 7, 8, 9]
[2, 3, 4, 5, 6, 7, 8, 9]
[2, 3, 4, 5, 6, 8, 9]
[2, 3, 4, 5, 8, 9]
[2, 3, 4, 8, 9]
[2, 3, 4, 8]
[2, 3, 8]
[2, 3]
[2]
producing
producing
producing
producing
producing
producing
producing
producing
producing
producing
Day 355:
Household 1: Income: 18.049116720019395, Goods: 115, Land: 2345, Labour: 4949, Capital: 5398
Household 2: Income: 1019.4038135923101, Goods: 352, Land: 7406, Labour: 7065, Capital: 6148
Household 3: Income: 2543.1699638774685, Goods: 353, Land: 8984, Labour: 2785, Capital: 2845
Household 4: Income: 0.2671998346837592, Goods: 169, Land: 3892, Labour: 8329, Capital: 1294
Household 5: Income: 663.803550276625, Goods: 344, Land: 5925, Labour: 9426, Capital: 3715
Household 6: Income: 47.64406221948266, Goods: 321, Land: 3894, Labour: 3934, Capital: 1436
Household 7: Income: 41.80490600747591, Goods: 232, Land: 3114, Labour: 2759, Capital: 7257
Household 8: Income: 2561.605727862813, Goods: 353, Land: 9578, Labour: 6423, Capital: 9050
Household 9: Income: 59.43726692254318, Goods: 313, Land: 1154, Labour: 8108, Capital: 2331
Household 10: Income: 28.668182142308037, Goods: 231, Land: 8159, Labour: 9074, Capital: 7058
Firm 1: Money: -1029.740457610512, Goods: 113, Land: 0, Labour: 0, Capital: 0, Goods Price: 41.0447017949294
Firm 2: Money: -1565.0031938434283, Goods: 90, Land: 0, Labour: 0, Capital: 0, Goods Price: 32.09712479546552
Firm 3: Money: -2037.4432048573851, Goods: 111, Land: 0, Labour: 0, Capital: 0, Goods Price: 34.55721878321838
Firm 4: Money: -931.8645964888149, Goods: 104, Land: 0, Labour: 0, Capital: 0, Goods Price: 49.7808235844552
Firm 5: Money: -1523.7797818445338, Goods: 89, Land: 0, Labour: 0, Capital: 0, Goods Price: 32.91921337622873
Firm 6: Money: 1217.304385698065, Goods: 36, Land: 0, Labour: 0, Capital: 0, Goods Price: 19.393438762680113
Firm 7: Money: 1849.370078607312, Goods: 62, Land: 0, Labour: 0, Capital: 0, Goods Price: 6.131336997412615
Firm 8: Money: 1494.3339642241392, Goods: 53, Land: 0, Labour: 0, Capital: 0, Goods Price: 35.61280918875211
Firm 9: Money: 1173.7232619618069, Goods: 79, Land: 0, Labour: 0, Capital: 0, Goods Price: 30.009733964176593
Firm 10: Money: 536.3027997900367, Goods: 30, Land: 0, Labour: 0, Capital: 0, Goods Price: 6.341449680623664
Self.nfirms:  10
[0, 1, 2, 3, 4, 5, 6, 7, 8, 9]
^^^
sold
[0, 1, 3, 4, 5, 6, 7, 8, 9]
^^^
sold
[0, 1, 3, 5, 6, 7, 8, 9]
^^^
sold
[0, 1, 3, 5, 7, 8, 9]
^^^
[1, 3, 5, 7, 8, 9]
^^^
sold
[3, 5, 7, 8, 9]
^^^
[3, 5, 7, 8]
^^^
sold
[3, 5, 7]
^^^
[5, 7]
^^^
sold
[5]
^^^
sold
---
__
[0, 1, 2, 3, 4, 5, 6, 7, 8, 9]
[0, 1, 2, 3, 4, 5, 6, 7, 8]
[0, 2, 3, 4, 5, 6, 7, 8]
[0, 2, 3, 4, 5, 7, 8]
[0, 3, 4, 5, 7, 8]
[0, 3, 4, 7, 8]
[3, 4, 7, 8]
[3, 4, 8]
[3, 8]
[8]
producing
producing
producing
producing
producing
producing
producing
producing
producing
producing
Day 356:
Household 1: Income: 16.857146709880357, Goods: 116, Land: 2344, Labour: 4948, Capital: 5397
Household 2: Income: 1028.369085121129, Goods: 353, Land: 7405, Labour: 7064, Capital: 6147
Household 3: Income: 2553.7853367478165, Goods: 354, Land: 8983, Labour: 2784, Capital: 2844
Household 4: Income: -2.8679840364899913, Goods: 169, Land: 3891, Labour: 8328, Capital: 1293
Household 5: Income: 652.0497437956717, Goods: 345, Land: 5924, Labour: 9425, Capital: 3714
Household 6: Income: 43.38538325453622, Goods: 322, Land: 3893, Labour: 3933, Capital: 1435
Household 7: Income: 41.22050396456698, Goods: 233, Land: 3113, Labour: 2758, Capital: 7256
Household 8: Income: 2536.731641844295, Goods: 354, Land: 9577, Labour: 6422, Capital: 9049
Household 9: Income: 32.890583119327225, Goods: 314, Land: 1153, Labour: 8107, Capital: 2330
Household 10: Income: 53.036121813562744, Goods: 232, Land: 8158, Labour: 9073, Capital: 7057
Firm 1: Money: -998.9548805009604, Goods: 113, Land: 0, Labour: 0, Capital: 0, Goods Price: 15.676246295943141
Firm 2: Money: -1600.8750896050865, Goods: 91, Land: 0, Labour: 0, Capital: 0, Goods Price: 38.2133270064411
Firm 3: Money: -2042.3512159409452, Goods: 111, Land: 0, Labour: 0, Capital: 0, Goods Price: 42.72933000714207
Firm 4: Money: -927.3764304311093, Goods: 104, Land: 0, Labour: 0, Capital: 0, Goods Price: 49.42062596490497
Firm 5: Money: -1523.1953798016248, Goods: 89, Land: 0, Labour: 0, Capital: 0, Goods Price: 32.91921337622873
Firm 6: Money: 1227.058327855711, Goods: 36, Land: 0, Labour: 0, Capital: 0, Goods Price: 13.277236551704526
Firm 7: Money: 1863.5616872084888, Goods: 62, Land: 0, Labour: 0, Capital: 0, Goods Price: 6.131336997412615
Firm 8: Money: 1503.0666916076264, Goods: 53, Land: 0, Labour: 0, Capital: 0, Goods Price: 33.91578030136212
Firm 9: Money: 1187.1328732774223, Goods: 79, Land: 0, Labour: 0, Capital: 0, Goods Price: 21.83762274025291
Firm 10: Money: 523.5328990885957, Goods: 30, Land: 0, Labour: 0, Capital: 0, Goods Price: 23.727611232243373
Self.nfirms:  10
[0, 1, 2, 3, 4, 5, 6, 7, 8, 9]
^^^
sold
[0, 1, 2, 3, 4, 5, 6, 8, 9]
^^^
[0, 1, 2, 3, 4, 5, 6, 9]
^^^
[0, 1, 2, 3, 5, 6, 9]
^^^
sold
[0, 2, 3, 5, 6, 9]
^^^
[2, 3, 5, 6, 9]
^^^
sold
[2, 3, 6, 9]
^^^
[2, 3, 6]
^^^
[2, 3]
^^^
[2]
^^^
sold
---
__
[0, 1, 2, 3, 4, 5, 6, 7, 8, 9]
[0, 1, 2, 4, 5, 6, 7, 8, 9]
[0, 1, 4, 5, 6, 7, 8, 9]
[0, 1, 4, 5, 6, 7, 9]
[0, 1, 4, 5, 7, 9]
[1, 4, 5, 7, 9]
[1, 4, 5, 7]
[1, 4, 5]
[1, 5]
[1]
producing
producing
producing
producing
producing
producing
producing
producing
producing
producing
Day 357:
Household 1: Income: 13.72196283870661, Goods: 116, Land: 2343, Labour: 4947, Capital: 5396
Household 2: Income: 1047.9530310977113, Goods: 354, Land: 7404, Labour: 7063, Capital: 6146
Household 3: Income: 2547.125610238538, Goods: 355, Land: 8982, Labour: 2783, Capital: 2843
Household 4: Income: 24.200030028071815, Goods: 169, Land: 3890, Labour: 8327, Capital: 1292
Household 5: Income: 636.1177611064809, Goods: 346, Land: 5923, Labour: 9424, Capital: 3713
Household 6: Income: 56.599137016437425, Goods: 323, Land: 3892, Labour: 3932, Capital: 1434
Household 7: Income: 33.52372391017823, Goods: 234, Land: 3112, Labour: 2757, Capital: 7255
Household 8: Income: 2544.9067533888924, Goods: 355, Land: 9576, Labour: 6421, Capital: 9048
Household 9: Income: 44.66748237805728, Goods: 314, Land: 1152, Labour: 8106, Capital: 2329
Household 10: Income: 48.61655547617046, Goods: 233, Land: 8157, Labour: 9072, Capital: 7056
Firm 1: Money: -1011.9843951500893, Goods: 113, Land: 0, Labour: 0, Capital: 0, Goods Price: 35.96032484485077
Firm 2: Money: -1603.6907621409819, Goods: 91, Land: 0, Labour: 0, Capital: 0, Goods Price: 39.32956532159925
Firm 3: Money: -2069.6034691182795, Goods: 112, Land: 0, Labour: 0, Capital: 0, Goods Price: 34.55721878321838
Firm 4: Money: -912.7747726506002, Goods: 104, Land: 0, Labour: 0, Capital: 0, Goods Price: 46.60735876235683
Firm 5: Money: -1557.4889274560815, Goods: 90, Land: 0, Labour: 0, Capital: 0, Goods Price: 37.659603583444934
Firm 6: Money: 1218.8832163111144, Goods: 36, Land: 0, Labour: 0, Capital: 0, Goods Price: 22.56690358477848
Firm 7: Money: 1877.7532958096656, Goods: 62, Land: 0, Labour: 0, Capital: 0, Goods Price: 6.131336997412615
Firm 8: Money: 1514.2670705678327, Goods: 53, Land: 0, Labour: 0, Capital: 0, Goods Price: 35.61280918875211
Firm 9: Money: 1194.0904870276077, Goods: 79, Land: 0, Labour: 0, Capital: 0, Goods Price: 20.11750908175948
Firm 10: Money: 520.1732544129812, Goods: 31, Land: 0, Labour: 0, Capital: 0, Goods Price: 6.341449680623664
Self.nfirms:  10
[0, 1, 2, 3, 4, 5, 6, 7, 8, 9]
^^^
sold
[0, 1, 2, 3, 4, 5, 6, 8, 9]
^^^
sold
[0, 1, 3, 4, 5, 6, 8, 9]
^^^
[0, 1, 3, 4, 5, 8, 9]
^^^
[0, 1, 3, 4, 5, 8]
^^^
sold
[0, 1, 3, 4, 5]
^^^
[1, 3, 4, 5]
^^^
[1, 4, 5]
^^^
sold
[4, 5]
^^^
sold
[4]
^^^
sold
---
__
[0, 1, 2, 3, 4, 5, 6, 7, 8, 9]
[0, 1, 2, 3, 4, 5, 7, 8, 9]
[0, 1, 2, 3, 4, 5, 7, 9]
[1, 2, 3, 4, 5, 7, 9]
[1, 2, 3, 4, 7, 9]
[1, 2, 3, 4, 9]
[2, 3, 4, 9]
[2, 3, 9]
[2, 9]
[2]
producing
producing
producing
producing
producing
producing
producing
producing
producing
producing
Day 358:
Household 1: Income: -2.1770274659585844, Goods: 117, Land: 2342, Labour: 4946, Capital: 5395
Household 2: Income: 1046.3823387139764, Goods: 355, Land: 7403, Labour: 7062, Capital: 6145
Household 3: Income: 2550.4586768228705, Goods: 356, Land: 8981, Labour: 2782, Capital: 2842
Household 4: Income: 19.28343998393057, Goods: 170, Land: 3889, Labour: 8326, Capital: 1291
Household 5: Income: 622.3212051516475, Goods: 347, Land: 5922, Labour: 9423, Capital: 3712
Household 6: Income: 54.49965074651834, Goods: 324, Land: 3891, Labour: 3931, Capital: 1433
Household 7: Income: 55.10097583162549, Goods: 235, Land: 3111, Labour: 2756, Capital: 7254
Household 8: Income: 2541.505686548996, Goods: 356, Land: 9575, Labour: 6420, Capital: 9047
Household 9: Income: 21.235499027105355, Goods: 315, Land: 1151, Labour: 8105, Capital: 2328
Household 10: Income: 9.204550160552557, Goods: 234, Land: 8156, Labour: 9071, Capital: 7055
Firm 1: Money: -1013.3486793769925, Goods: 113, Land: 0, Labour: 0, Capital: 0, Goods Price: 42.74173068231939
Firm 2: Money: -1604.4709330641515, Goods: 91, Land: 0, Labour: 0, Capital: 0, Goods Price: 41.386791828539465
Firm 3: Money: -2057.0196712633124, Goods: 112, Land: 0, Labour: 0, Capital: 0, Goods Price: 25.237521068615287
Firm 4: Money: -904.2507156599626, Goods: 104, Land: 0, Labour: 0, Capital: 0, Goods Price: 42.21127020987468
Firm 5: Money: -1551.0202282003872, Goods: 90, Land: 0, Labour: 0, Capital: 0, Goods Price: 32.91921337622873
Firm 6: Money: 1243.1895757392174, Goods: 36, Land: 0, Labour: 0, Capital: 0, Goods Price: 0.43292125251868807
Firm 7: Money: 1873.976514230034, Goods: 62, Land: 0, Labour: 0, Capital: 0, Goods Price: 24.099727178221322
Firm 8: Money: 1553.6790758834507, Goods: 53, Land: 0, Labour: 0, Capital: 0, Goods Price: 9.09821172073078
Firm 9: Money: 1199.046531064774, Goods: 79, Land: 0, Labour: 0, Capital: 0, Goods Price: 26.233711292735062
Firm 10: Money: 509.46058021848063, Goods: 31, Land: 0, Labour: 0, Capital: 0, Goods Price: 21.670384725303155
Self.nfirms:  10
[0, 1, 2, 3, 4, 5, 6, 7, 8, 9]
^^^
sold
[0, 2, 3, 4, 5, 6, 7, 8, 9]
^^^
[0, 2, 3, 4, 5, 6, 7, 8]
^^^
[0, 2, 3, 4, 5, 7, 8]
^^^
sold
[0, 3, 4, 5, 7, 8]
^^^
[0, 3, 5, 7, 8]
^^^
sold
[0, 3, 7, 8]
^^^
[3, 7, 8]
^^^
[7, 8]
^^^
sold
[8]
^^^
---
__
[0, 1, 2, 3, 4, 5, 6, 7, 8, 9]
[0, 1, 2, 3, 4, 6, 7, 8, 9]
[0, 1, 2, 4, 6, 7, 8, 9]
[1, 2, 4, 6, 7, 8, 9]
[2, 4, 6, 7, 8, 9]
[2, 4, 7, 8, 9]
[2, 7, 8, 9]
[2, 7, 9]
[2, 7]
[7]
producing
producing
producing
producing
producing
producing
producing
producing
producing
producing
Day 359:
Household 1: Income: -1.7881644656041273, Goods: 117, Land: 2341, Labour: 4945, Capital: 5394
Household 2: Income: 1038.3658793121979, Goods: 356, Land: 7402, Labour: 7061, Capital: 6144
Household 3: Income: 2577.829296759031, Goods: 357, Land: 8980, Labour: 2781, Capital: 2841
Household 4: Income: 46.35145404849237, Goods: 170, Land: 3888, Labour: 8325, Capital: 1290
Household 5: Income: 602.4261502849234, Goods: 348, Land: 5921, Labour: 9422, Capital: 3711
Household 6: Income: 68.38938333474103, Goods: 325, Land: 3890, Labour: 3930, Capital: 1432
Household 7: Income: 70.75858786764834, Goods: 236, Land: 3110, Labour: 2755, Capital: 7253
Household 8: Income: 2560.6122512932347, Goods: 357, Land: 9574, Labour: 6419, Capital: 9046
Household 9: Income: 46.767638545946085, Goods: 315, Land: 1150, Labour: 8104, Capital: 2327
Household 10: Income: 12.564194836166955, Goods: 234, Land: 8155, Labour: 9070, Capital: 7054
Firm 1: Money: -1040.4166934415543, Goods: 114, Land: 0, Labour: 0, Capital: 0, Goods Price: 35.96032484485077
Firm 2: Money: -1643.516293647908, Goods: 92, Land: 0, Labour: 0, Capital: 0, Goods Price: 41.386791828539465
Firm 3: Money: -2060.4173994448756, Goods: 112, Land: 0, Labour: 0, Capital: 0, Goods Price: 32.83710512472495
Firm 4: Money: -892.4623250820015, Goods: 104, Land: 0, Labour: 0, Capital: 0, Goods Price: 42.21127020987468
Firm 5: Money: -1580.5733856476277, Goods: 91, Land: 0, Labour: 0, Capital: 0, Goods Price: 32.91921337622873
Firm 6: Money: 1225.4636795907168, Goods: 36, Land: 0, Labour: 0, Capital: 0, Goods Price: 19.393438762680113
Firm 7: Money: 1870.152634346393, Goods: 62, Land: 0, Labour: 0, Capital: 0, Goods Price: 33.02919659174505
Firm 8: Money: 1541.7589151504158, Goods: 53, Land: 0, Labour: 0, Capital: 0, Goods Price: 33.91578030136212
Firm 9: Money: 1198.6576680644198, Goods: 80, Land: 0, Labour: 0, Capital: 0, Goods Price: 8.729472823383878
Firm 10: Money: 526.1335733876591, Goods: 31, Land: 0, Labour: 0, Capital: 0, Goods Price: 6.341449680623664
Self.nfirms:  10
[0, 1, 2, 3, 4, 5, 6, 7, 8, 9]
^^^
sold
[0, 1, 2, 3, 4, 5, 6, 7, 9]
^^^
sold
[0, 1, 2, 3, 4, 6, 7, 9]
^^^
sold
[0, 1, 3, 4, 6, 7, 9]
^^^
sold
[0, 1, 3, 4, 6, 9]
^^^
[0, 1, 4, 6, 9]
^^^
[1, 4, 6, 9]
^^^
sold
[1, 4, 9]
^^^
sold
[1, 9]
^^^
sold
[1]
^^^
sold
---
__
[0, 1, 2, 3, 4, 5, 6, 7, 8, 9]
[0, 1, 2, 4, 5, 6, 7, 8, 9]
[0, 1, 2, 4, 5, 6, 7, 8]
[0, 1, 2, 4, 6, 7, 8]
[0, 1, 2, 4, 6, 7]
[1, 2, 4, 6, 7]
[1, 2, 6, 7]
[1, 6, 7]
[6, 7]
[6]
producing
producing
producing
producing
producing
producing
producing
producing
producing
producing
Day 360:
Household 1: Income: -6.63073004026617, Goods: 117, Land: 2340, Labour: 4944, Capital: 5393
Household 2: Income: 1030.906060563477, Goods: 357, Land: 7401, Labour: 7060, Capital: 6143
Household 3: Income: 2566.6162060519546, Goods: 358, Land: 8979, Labour: 2780, Capital: 2840
Household 4: Income: 64.9249348707938, Goods: 171, Land: 3887, Labour: 8324, Capital: 1289
Household 5: Income: 590.6741388735787, Goods: 349, Land: 5920, Labour: 9421, Capital: 3710
Household 6: Income: 70.92030405652183, Goods: 326, Land: 3889, Labour: 3929, Capital: 1431
Household 7: Income: 70.46396933298585, Goods: 237, Land: 3109, Labour: 2754, Capital: 7252
Household 8: Income: 2547.5092641461074, Goods: 358, Land: 9573, Labour: 6418, Capital: 9045
Household 9: Income: 39.83275131923643, Goods: 316, Land: 1149, Labour: 8103, Capital: 2326
Household 10: Income: 9.194643531555524, Goods: 235, Land: 8154, Labour: 9069, Capital: 7053
Firm 1: Money: -1033.4171845507303, Goods: 114, Land: 0, Labour: 0, Capital: 0, Goods Price: 33.81226126879567
Firm 2: Money: -1622.6075995000103, Goods: 92, Land: 0, Labour: 0, Capital: 0, Goods Price: 18.658597586721417
Firm 3: Money: -2092.0657411746915, Goods: 113, Land: 0, Labour: 0, Capital: 0, Goods Price: 38.953307335700536
Firm 4: Money: -887.2765350364799, Goods: 104, Land: 0, Labour: 0, Capital: 0, Goods Price: 42.21127020987468
Firm 5: Money: -1575.2679342805059, Goods: 91, Land: 0, Labour: 0, Capital: 0, Goods Price: 29.91544227708292
Firm 6: Money: 1246.9180300419796, Goods: 36, Land: 0, Labour: 0, Capital: 0, Goods Price: 0.43292125251868807
Firm 7: Money: 1877.4212107149187, Goods: 62, Land: 0, Labour: 0, Capital: 0, Goods Price: 33.38939421129528
Firm 8: Money: 1571.2013687184333, Goods: 53, Land: 0, Labour: 0, Capital: 0, Goods Price: 9.09821172073078
Firm 9: Money: 1182.3189882603983, Goods: 80, Land: 0, Labour: 0, Capital: 0, Goods Price: 29.046978495283202
Firm 10: Money: 515.4208991931586, Goods: 31, Land: 0, Labour: 0, Capital: 0, Goods Price: 21.670384725303155
Self.nfirms:  10
[0, 1, 2, 3, 4, 5, 6, 7, 8, 9]
^^^
sold
[0, 1, 2, 3, 5, 6, 7, 8, 9]
^^^
[0, 1, 2, 5, 6, 7, 8, 9]
^^^
[1, 2, 5, 6, 7, 8, 9]
^^^
sold
[1, 2, 6, 7, 8, 9]
^^^
sold
[1, 2, 6, 8, 9]
^^^
sold
[1, 2, 6, 9]
^^^
sold
[2, 6, 9]
^^^
[2, 6]
^^^
sold
[2]
^^^
sold
---
