DataSet,Day,Money,Goods,GoodsPrice,Land,Labour,Capital
Firm1,1,-445.60318059012195,0,<bound method Firm.goodsPrice of <__main__.Firm object at 0x0000018CA7D79940>>,0,0,0
Firm2,1,-631.7397221883903,0,<bound method Firm.goodsPrice of <__main__.Firm object at 0x0000018CA7D7D450>>,0,0,0
Firm3,1,-345.1010282030036,1,<bound method Firm.goodsPrice of <__main__.Firm object at 0x0000018CA7D7D590>>,0,0,0
Firm4,1,-197.3819570080432,2,<bound method Firm.goodsPrice of <__main__.Firm object at 0x0000018CA7B5FCE0>>,0,0,0
Firm5,1,-385.77292676050354,1,<bound method Firm.goodsPrice of <__main__.Firm object at 0x0000018CA7B5FE10>>,0,0,0
Firm6,1,-856.3268831579277,4,<bound method Firm.goodsPrice of <__main__.Firm object at 0x0000018CA7D75130>>,0,0,0
Firm7,1,-443.7507468575176,7,<bound method Firm.goodsPrice of <__main__.Firm object at 0x0000018CA7DC8C00>>,0,0,0
Firm8,1,-546.0186598721025,10,<bound method Firm.goodsPrice of <__main__.Firm object at 0x0000018CA7DC8D10>>,0,0,0
Firm9,1,-666.2210533562663,8,<bound method Firm.goodsPrice of <__main__.Firm object at 0x0000018CA7D5A950>>,0,0,0
Firm10,1,-237.68003416319604,2,<bound method Firm.goodsPrice of <__main__.Firm object at 0x0000018CA7D5AF50>>,0,0,0
Firm1,2,-1356.5975363068414,0,<bound method Firm.goodsPrice of <__main__.Firm object at 0x0000018CA7D79940>>,0,0,0
Firm2,2,-1493.4569489760722,0,<bound method Firm.goodsPrice of <__main__.Firm object at 0x0000018CA7D7D450>>,0,0,0
Firm3,2,-1273.5907091201975,2,<bound method Firm.goodsPrice of <__main__.Firm object at 0x0000018CA7D7D590>>,0,0,0
Firm4,2,-1207.9338108626864,4,<bound method Firm.goodsPrice of <__main__.Firm object at 0x0000018CA7B5FCE0>>,0,0,0
Firm5,2,-1357.46014884974,2,<bound method Firm.goodsPrice of <__main__.Firm object at 0x0000018CA7B5FE10>>,0,0,0
Firm6,2,-1824.4021637516125,8,<bound method Firm.goodsPrice of <__main__.Firm object at 0x0000018CA7D75130>>,0,0,0
Firm7,2,-1528.4172113224256,14,<bound method Firm.goodsPrice of <__main__.Firm object at 0x0000018CA7DC8C00>>,0,0,0
Firm8,2,-1861.2811281341155,19,<bound method Firm.goodsPrice of <__main__.Firm object at 0x0000018CA7DC8D10>>,0,0,0
Firm9,2,-1714.194807284304,16,<bound method Firm.goodsPrice of <__main__.Firm object at 0x0000018CA7D5A950>>,0,0,0
Firm10,2,-1158.3635985403052,8,<bound method Firm.goodsPrice of <__main__.Firm object at 0x0000018CA7D5AF50>>,0,0,0
Firm1,3,-2267.5918920235554,0,<bound method Firm.goodsPrice of <__main__.Firm object at 0x0000018CA7D79940>>,0,0,0
Firm2,3,-2355.174175763754,0,<bound method Firm.goodsPrice of <__main__.Firm object at 0x0000018CA7D7D450>>,0,0,0
Firm3,3,-2202.080390037393,3,<bound method Firm.goodsPrice of <__main__.Firm object at 0x0000018CA7D7D590>>,0,0,0
Firm4,3,-2259.1684433230944,7,<bound method Firm.goodsPrice of <__main__.Firm object at 0x0000018CA7B5FCE0>>,0,0,0
Firm5,3,-2316.0885560882516,2,<bound method Firm.goodsPrice of <__main__.Firm object at 0x0000018CA7B5FE10>>,0,0,0
Firm6,3,-2769.9190979604305,10,<bound method Firm.goodsPrice of <__main__.Firm object at 0x0000018CA7D75130>>,0,0,0
Firm7,3,-2577.3549803967244,18,<bound method Firm.goodsPrice of <__main__.Firm object at 0x0000018CA7DC8C00>>,0,0,0
Firm8,3,-3139.138413186876,27,<bound method Firm.goodsPrice of <__main__.Firm object at 0x0000018CA7DC8D10>>,0,0,0
Firm9,3,-2762.1685612123424,24,<bound method Firm.goodsPrice of <__main__.Firm object at 0x0000018CA7D5A950>>,0,0,0
Firm10,3,-2071.079195994299,13,<bound method Firm.goodsPrice of <__main__.Firm object at 0x0000018CA7D5AF50>>,0,0,0
Firm1,4,-3178.586247740276,0,<bound method Firm.goodsPrice of <__main__.Firm object at 0x0000018CA7D79940>>,0,0,0
Firm2,4,-3216.891402551435,0,<bound method Firm.goodsPrice of <__main__.Firm object at 0x0000018CA7D7D450>>,0,0,0
Firm3,4,-3130.570070954588,4,<bound method Firm.goodsPrice of <__main__.Firm object at 0x0000018CA7D7D590>>,0,0,0
Firm4,4,-3269.7202971777383,9,<bound method Firm.goodsPrice of <__main__.Firm object at 0x0000018CA7B5FCE0>>,0,0,0
Firm5,4,-3287.775778177488,3,<bound method Firm.goodsPrice of <__main__.Firm object at 0x0000018CA7B5FE10>>,0,0,0
Firm6,4,-3737.9943785541204,14,<bound method Firm.goodsPrice of <__main__.Firm object at 0x0000018CA7D75130>>,0,0,0
Firm7,4,-3662.021444861636,25,<bound method Firm.goodsPrice of <__main__.Firm object at 0x0000018CA7DC8C00>>,0,0,0
Firm8,4,-4454.400881448889,36,<bound method Firm.goodsPrice of <__main__.Firm object at 0x0000018CA7DC8D10>>,0,0,0
Firm9,4,-3816.0627609368103,33,<bound method Firm.goodsPrice of <__main__.Firm object at 0x0000018CA7D5A950>>,0,0,0
Firm10,4,-2999.7307272945236,20,<bound method Firm.goodsPrice of <__main__.Firm object at 0x0000018CA7D5AF50>>,0,0,0
Firm1,5,-4089.580603456997,0,<bound method Firm.goodsPrice of <__main__.Firm object at 0x0000018CA7D79940>>,0,0,0
Firm2,5,-4078.608629339117,0,<bound method Firm.goodsPrice of <__main__.Firm object at 0x0000018CA7D7D450>>,0,0,0
Firm3,5,-4059.059751871783,5,<bound method Firm.goodsPrice of <__main__.Firm object at 0x0000018CA7D7D590>>,0,0,0
Firm4,5,-4280.272151032383,11,<bound method Firm.goodsPrice of <__main__.Firm object at 0x0000018CA7B5FCE0>>,0,0,0
Firm5,5,-4259.4630002667245,4,<bound method Firm.goodsPrice of <__main__.Firm object at 0x0000018CA7B5FE10>>,0,0,0
Firm6,5,-4694.790485955378,17,<bound method Firm.goodsPrice of <__main__.Firm object at 0x0000018CA7D75130>>,0,0,0
Firm7,5,-4722.868779066142,30,<bound method Firm.goodsPrice of <__main__.Firm object at 0x0000018CA7DC8C00>>,0,0,0
Firm8,5,-5771.070470242293,45,<bound method Firm.goodsPrice of <__main__.Firm object at 0x0000018CA7DC8D10>>,0,0,0
Firm9,5,-4868.549840129887,42,<bound method Firm.goodsPrice of <__main__.Firm object at 0x0000018CA7D5A950>>,0,0,0
Firm10,5,-3920.414291671633,26,<bound method Firm.goodsPrice of <__main__.Firm object at 0x0000018CA7D5AF50>>,0,0,0
Firm1,6,-5000.574959173722,0,<bound method Firm.goodsPrice of <__main__.Firm object at 0x0000018CA7D79940>>,0,0,0
Firm2,6,-4940.3258561268,0,<bound method Firm.goodsPrice of <__main__.Firm object at 0x0000018CA7D7D450>>,0,0,0
Firm3,6,-4987.549432788978,6,<bound method Firm.goodsPrice of <__main__.Firm object at 0x0000018CA7D7D590>>,0,0,0
Firm4,6,-5290.824004887025,13,<bound method Firm.goodsPrice of <__main__.Firm object at 0x0000018CA7B5FCE0>>,0,0,0
Firm5,6,-5231.150222355961,5,<bound method Firm.goodsPrice of <__main__.Firm object at 0x0000018CA7B5FE10>>,0,0,0
Firm6,6,-5651.586593356636,20,<bound method Firm.goodsPrice of <__main__.Firm object at 0x0000018CA7D75130>>,0,0,0
Firm7,6,-5807.535243531045,37,<bound method Firm.goodsPrice of <__main__.Firm object at 0x0000018CA7DC8C00>>,0,0,0
Firm8,6,-7086.332938504306,54,<bound method Firm.goodsPrice of <__main__.Firm object at 0x0000018CA7DC8D10>>,0,0,0
Firm9,6,-5916.523594057917,50,<bound method Firm.goodsPrice of <__main__.Firm object at 0x0000018CA7D5A950>>,0,0,0
Firm10,6,-4841.097856048742,32,<bound method Firm.goodsPrice of <__main__.Firm object at 0x0000018CA7D5AF50>>,0,0,0
Firm1,7,-5911.569314890434,0,<bound method Firm.goodsPrice of <__main__.Firm object at 0x0000018CA7D79940>>,0,0,0
Firm2,7,-5802.043082914483,0,<bound method Firm.goodsPrice of <__main__.Firm object at 0x0000018CA7D7D450>>,0,0,0
Firm3,7,-5916.039113706173,7,<bound method Firm.goodsPrice of <__main__.Firm object at 0x0000018CA7D7D590>>,0,0,0
Firm4,7,-6301.375858741667,15,<bound method Firm.goodsPrice of <__main__.Firm object at 0x0000018CA7B5FCE0>>,0,0,0
Firm5,7,-6202.837444445197,6,<bound method Firm.goodsPrice of <__main__.Firm object at 0x0000018CA7B5FE10>>,0,0,0
Firm6,7,-6608.382700757893,23,<bound method Firm.goodsPrice of <__main__.Firm object at 0x0000018CA7D75130>>,0,0,0
Firm7,7,-6880.2921428657455,43,<bound method Firm.goodsPrice of <__main__.Firm object at 0x0000018CA7DC8C00>>,0,0,0
Firm8,7,-8401.595406766319,63,<bound method Firm.goodsPrice of <__main__.Firm object at 0x0000018CA7DC8D10>>,0,0,0
Firm9,7,-6964.497347985946,58,<bound method Firm.goodsPrice of <__main__.Firm object at 0x0000018CA7D5A950>>,0,0,0
Firm10,7,-5753.813453502722,37,<bound method Firm.goodsPrice of <__main__.Firm object at 0x0000018CA7D5AF50>>,0,0,0
Firm1,8,-6822.5636706071455,0,<bound method Firm.goodsPrice of <__main__.Firm object at 0x0000018CA7D79940>>,0,0,0
Firm2,8,-6663.7603097021665,0,<bound method Firm.goodsPrice of <__main__.Firm object at 0x0000018CA7D7D450>>,0,0,0
Firm3,8,-6844.528794623368,8,<bound method Firm.goodsPrice of <__main__.Firm object at 0x0000018CA7D7D590>>,0,0,0
Firm4,8,-7311.927712596309,17,<bound method Firm.goodsPrice of <__main__.Firm object at 0x0000018CA7B5FCE0>>,0,0,0
Firm5,8,-7174.524666534434,7,<bound method Firm.goodsPrice of <__main__.Firm object at 0x0000018CA7B5FE10>>,0,0,0
Firm6,8,-7576.457981351583,27,<bound method Firm.goodsPrice of <__main__.Firm object at 0x0000018CA7D75130>>,0,0,0
Firm7,8,-7964.958607330648,50,<bound method Firm.goodsPrice of <__main__.Firm object at 0x0000018CA7DC8C00>>,0,0,0
Firm8,8,-9718.26499555972,72,<bound method Firm.goodsPrice of <__main__.Firm object at 0x0000018CA7DC8D10>>,0,0,0
Firm9,8,-7994.428992401037,64,<bound method Firm.goodsPrice of <__main__.Firm object at 0x0000018CA7D5A950>>,0,0,0
Firm10,8,-6682.464984802933,44,<bound method Firm.goodsPrice of <__main__.Firm object at 0x0000018CA7D5AF50>>,0,0,0
Firm1,9,-7733.558026323857,0,<bound method Firm.goodsPrice of <__main__.Firm object at 0x0000018CA7D79940>>,0,0,0
Firm2,9,-7525.47753648985,0,<bound method Firm.goodsPrice of <__main__.Firm object at 0x0000018CA7D7D450>>,0,0,0
Firm3,9,-7773.0184755405635,9,<bound method Firm.goodsPrice of <__main__.Firm object at 0x0000018CA7D7D590>>,0,0,0
Firm4,9,-8322.47956645095,19,<bound method Firm.goodsPrice of <__main__.Firm object at 0x0000018CA7B5FCE0>>,0,0,0
Firm5,9,-8146.211888623669,8,<bound method Firm.goodsPrice of <__main__.Firm object at 0x0000018CA7B5FE10>>,0,0,0
Firm6,9,-8521.974915560415,29,<bound method Firm.goodsPrice of <__main__.Firm object at 0x0000018CA7D75130>>,0,0,0
Firm7,9,-9037.715506665349,56,<bound method Firm.goodsPrice of <__main__.Firm object at 0x0000018CA7DC8C00>>,0,0,0
Firm8,9,-11033.52746382173,81,<bound method Firm.goodsPrice of <__main__.Firm object at 0x0000018CA7DC8D10>>,0,0,0
Firm9,9,-9042.402746329066,72,<bound method Firm.goodsPrice of <__main__.Firm object at 0x0000018CA7D5A950>>,0,0,0
Firm10,9,-7603.148549180029,50,<bound method Firm.goodsPrice of <__main__.Firm object at 0x0000018CA7D5AF50>>,0,0,0
Firm1,10,-8644.55238204056,0,<bound method Firm.goodsPrice of <__main__.Firm object at 0x0000018CA7D79940>>,0,0,0
Firm2,10,-8387.19476327753,0,<bound method Firm.goodsPrice of <__main__.Firm object at 0x0000018CA7D7D450>>,0,0,0
Firm3,10,-8701.50815645776,10,<bound method Firm.goodsPrice of <__main__.Firm object at 0x0000018CA7D7D590>>,0,0,0
Firm4,10,-9333.031420305606,21,<bound method Firm.goodsPrice of <__main__.Firm object at 0x0000018CA7B5FCE0>>,0,0,0
Firm5,10,-9117.899110712919,9,<bound method Firm.goodsPrice of <__main__.Firm object at 0x0000018CA7B5FE10>>,0,0,0
Firm6,10,-9490.050196154085,33,<bound method Firm.goodsPrice of <__main__.Firm object at 0x0000018CA7D75130>>,0,0,0
Firm7,10,-10122.381971130271,63,<bound method Firm.goodsPrice of <__main__.Firm object at 0x0000018CA7DC8C00>>,0,0,0
Firm8,10,-12348.78993208374,90,<bound method Firm.goodsPrice of <__main__.Firm object at 0x0000018CA7DC8D10>>,0,0,0
Firm9,10,-10083.794082065031,80,<bound method Firm.goodsPrice of <__main__.Firm object at 0x0000018CA7D5A950>>,0,0,0
Firm10,10,-8531.80008048024,57,<bound method Firm.goodsPrice of <__main__.Firm object at 0x0000018CA7D5AF50>>,0,0,0
Firm1,11,-9555.546737757262,0,<bound method Firm.goodsPrice of <__main__.Firm object at 0x0000018CA7D79940>>,0,0,0
Firm2,11,-9248.911990065213,0,<bound method Firm.goodsPrice of <__main__.Firm object at 0x0000018CA7D7D450>>,0,0,0
Firm3,11,-9629.997837374958,11,<bound method Firm.goodsPrice of <__main__.Firm object at 0x0000018CA7D7D590>>,0,0,0
Firm4,11,-10343.583274160263,23,<bound method Firm.goodsPrice of <__main__.Firm object at 0x0000018CA7B5FCE0>>,0,0,0
Firm5,11,-10089.586332802182,10,<bound method Firm.goodsPrice of <__main__.Firm object at 0x0000018CA7B5FE10>>,0,0,0
Firm6,11,-10435.567130362891,35,<bound method Firm.goodsPrice of <__main__.Firm object at 0x0000018CA7D75130>>,0,0,0
Firm7,11,-11195.13887046499,69,<bound method Firm.goodsPrice of <__main__.Firm object at 0x0000018CA7DC8C00>>,0,0,0
Firm8,11,-13665.459520877142,99,<bound method Firm.goodsPrice of <__main__.Firm object at 0x0000018CA7DC8D10>>,0,0,0
Firm9,11,-11119.264972004565,87,<bound method Firm.goodsPrice of <__main__.Firm object at 0x0000018CA7D5A950>>,0,0,0
Firm10,11,-9460.451611780478,64,<bound method Firm.goodsPrice of <__main__.Firm object at 0x0000018CA7D5AF50>>,0,0,0
Firm1,12,-10466.541093473965,0,<bound method Firm.goodsPrice of <__main__.Firm object at 0x0000018CA7D79940>>,0,0,0
Firm2,12,-10110.629216852896,0,<bound method Firm.goodsPrice of <__main__.Firm object at 0x0000018CA7D7D450>>,0,0,0
Firm3,12,-10558.487518292157,12,<bound method Firm.goodsPrice of <__main__.Firm object at 0x0000018CA7D7D590>>,0,0,0
Firm4,12,-11354.13512801492,25,<bound method Firm.goodsPrice of <__main__.Firm object at 0x0000018CA7B5FCE0>>,0,0,0
Firm5,12,-11061.273554891446,11,<bound method Firm.goodsPrice of <__main__.Firm object at 0x0000018CA7B5FE10>>,0,0,0
Firm6,12,-11414.921584148993,40,<bound method Firm.goodsPrice of <__main__.Firm object at 0x0000018CA7D75130>>,0,0,0
Firm7,12,-12279.805334929913,76,<bound method Firm.goodsPrice of <__main__.Firm object at 0x0000018CA7DC8C00>>,0,0,0
Firm8,12,-14980.721989139152,108,<bound method Firm.goodsPrice of <__main__.Firm object at 0x0000018CA7DC8D10>>,0,0,0
Firm9,12,-12149.196616419647,93,<bound method Firm.goodsPrice of <__main__.Firm object at 0x0000018CA7D5A950>>,0,0,0
Firm10,12,-10365.19924231137,68,<bound method Firm.goodsPrice of <__main__.Firm object at 0x0000018CA7D5AF50>>,0,0,0
Firm1,13,-11377.535449190667,0,<bound method Firm.goodsPrice of <__main__.Firm object at 0x0000018CA7D79940>>,0,0,0
Firm2,13,-10972.34644364058,0,<bound method Firm.goodsPrice of <__main__.Firm object at 0x0000018CA7D7D450>>,0,0,0
Firm3,13,-11486.977199209356,13,<bound method Firm.goodsPrice of <__main__.Firm object at 0x0000018CA7D7D590>>,0,0,0
Firm4,13,-12364.686981869576,27,<bound method Firm.goodsPrice of <__main__.Firm object at 0x0000018CA7B5FCE0>>,0,0,0
Firm5,13,-12032.96077698071,12,<bound method Firm.goodsPrice of <__main__.Firm object at 0x0000018CA7B5FE10>>,0,0,0
Firm6,13,-12394.276037935095,45,<bound method Firm.goodsPrice of <__main__.Firm object at 0x0000018CA7D75130>>,0,0,0
Firm7,13,-13364.471799394836,83,<bound method Firm.goodsPrice of <__main__.Firm object at 0x0000018CA7DC8C00>>,0,0,0
Firm8,13,-16258.579274191909,116,<bound method Firm.goodsPrice of <__main__.Firm object at 0x0000018CA7DC8D10>>,0,0,0
Firm9,13,-13195.101277420654,102,<bound method Firm.goodsPrice of <__main__.Firm object at 0x0000018CA7D5A950>>,0,0,0
Firm10,13,-11277.914839765377,73,<bound method Firm.goodsPrice of <__main__.Firm object at 0x0000018CA7D5AF50>>,0,0,0
Firm1,14,-12288.52980490737,0,<bound method Firm.goodsPrice of <__main__.Firm object at 0x0000018CA7D79940>>,0,0,0
Firm2,14,-11834.063670428262,0,<bound method Firm.goodsPrice of <__main__.Firm object at 0x0000018CA7D7D450>>,0,0,0
Firm3,14,-12415.466880126554,14,<bound method Firm.goodsPrice of <__main__.Firm object at 0x0000018CA7D7D590>>,0,0,0
Firm4,14,-13375.238835724233,29,<bound method Firm.goodsPrice of <__main__.Firm object at 0x0000018CA7B5FCE0>>,0,0,0
Firm5,14,-13004.647999069974,13,<bound method Firm.goodsPrice of <__main__.Firm object at 0x0000018CA7B5FE10>>,0,0,0
Firm6,14,-13351.072145336333,48,<bound method Firm.goodsPrice of <__main__.Firm object at 0x0000018CA7D75130>>,0,0,0
Firm7,14,-14449.138263859759,90,<bound method Firm.goodsPrice of <__main__.Firm object at 0x0000018CA7DC8C00>>,0,0,0
Firm8,14,-17612.654046194555,126,<bound method Firm.goodsPrice of <__main__.Firm object at 0x0000018CA7DC8D10>>,0,0,0
Firm9,14,-14230.572167360187,109,<bound method Firm.goodsPrice of <__main__.Firm object at 0x0000018CA7D5A950>>,0,0,0
Firm10,14,-12206.566371065615,80,<bound method Firm.goodsPrice of <__main__.Firm object at 0x0000018CA7D5AF50>>,0,0,0
Firm1,15,-13199.524160624072,0,<bound method Firm.goodsPrice of <__main__.Firm object at 0x0000018CA7D79940>>,0,0,0
Firm2,15,-12695.780897215946,0,<bound method Firm.goodsPrice of <__main__.Firm object at 0x0000018CA7D7D450>>,0,0,0
Firm3,15,-13343.956561043753,15,<bound method Firm.goodsPrice of <__main__.Firm object at 0x0000018CA7D7D590>>,0,0,0
Firm4,15,-14385.79068957889,31,<bound method Firm.goodsPrice of <__main__.Firm object at 0x0000018CA7B5FCE0>>,0,0,0
Firm5,15,-13976.335221159237,14,<bound method Firm.goodsPrice of <__main__.Firm object at 0x0000018CA7B5FE10>>,0,0,0
Firm6,15,-14319.147425930003,52,<bound method Firm.goodsPrice of <__main__.Firm object at 0x0000018CA7D75130>>,0,0,0
Firm7,15,-15521.895163194478,96,<bound method Firm.goodsPrice of <__main__.Firm object at 0x0000018CA7DC8C00>>,0,0,0
Firm8,15,-18890.51133124731,134,<bound method Firm.goodsPrice of <__main__.Firm object at 0x0000018CA7DC8D10>>,0,0,0
Firm9,15,-15270.556382564762,117,<bound method Firm.goodsPrice of <__main__.Firm object at 0x0000018CA7D5A950>>,0,0,0
Firm10,15,-13127.249935442738,86,<bound method Firm.goodsPrice of <__main__.Firm object at 0x0000018CA7D5AF50>>,0,0,0
Firm1,16,-14110.518516340775,0,<bound method Firm.goodsPrice of <__main__.Firm object at 0x0000018CA7D79940>>,0,0,0
Firm2,16,-13557.498124003629,0,<bound method Firm.goodsPrice of <__main__.Firm object at 0x0000018CA7D7D450>>,0,0,0
Firm3,16,-14272.446241960952,16,<bound method Firm.goodsPrice of <__main__.Firm object at 0x0000018CA7D7D590>>,0,0,0
Firm4,16,-15396.342543433546,33,<bound method Firm.goodsPrice of <__main__.Firm object at 0x0000018CA7B5FCE0>>,0,0,0
Firm5,16,-14948.022443248501,15,<bound method Firm.goodsPrice of <__main__.Firm object at 0x0000018CA7B5FE10>>,0,0,0
Firm6,16,-15275.943533331241,55,<bound method Firm.goodsPrice of <__main__.Firm object at 0x0000018CA7D75130>>,0,0,0
Firm7,16,-16606.5616276594,103,<bound method Firm.goodsPrice of <__main__.Firm object at 0x0000018CA7DC8C00>>,0,0,0
Firm8,16,-20205.773799509323,143,<bound method Firm.goodsPrice of <__main__.Firm object at 0x0000018CA7DC8D10>>,0,0,0
Firm9,16,-16318.911336764766,125,<bound method Firm.goodsPrice of <__main__.Firm object at 0x0000018CA7D5A950>>,0,0,0
Firm10,16,-14047.933499819861,92,<bound method Firm.goodsPrice of <__main__.Firm object at 0x0000018CA7D5AF50>>,0,0,0
Firm1,17,-15021.512872057478,0,<bound method Firm.goodsPrice of <__main__.Firm object at 0x0000018CA7D79940>>,0,0,0
Firm2,17,-14419.215350791312,0,<bound method Firm.goodsPrice of <__main__.Firm object at 0x0000018CA7D7D450>>,0,0,0
Firm3,17,-15200.93592287815,17,<bound method Firm.goodsPrice of <__main__.Firm object at 0x0000018CA7D7D590>>,0,0,0
Firm4,17,-16406.8943972882,35,<bound method Firm.goodsPrice of <__main__.Firm object at 0x0000018CA7B5FCE0>>,0,0,0
Firm5,17,-15919.709665337765,16,<bound method Firm.goodsPrice of <__main__.Firm object at 0x0000018CA7B5FE10>>,0,0,0
Firm6,17,-16244.018813924911,59,<bound method Firm.goodsPrice of <__main__.Firm object at 0x0000018CA7D75130>>,0,0,0
Firm7,17,-17679.31852699412,109,<bound method Firm.goodsPrice of <__main__.Firm object at 0x0000018CA7DC8C00>>,0,0,0
Firm8,17,-21559.84857151198,153,<bound method Firm.goodsPrice of <__main__.Firm object at 0x0000018CA7DC8D10>>,0,0,0
Firm9,17,-17366.88509069279,133,<bound method Firm.goodsPrice of <__main__.Firm object at 0x0000018CA7D5A950>>,0,0,0
Firm10,17,-14944.713163427637,95,<bound method Firm.goodsPrice of <__main__.Firm object at 0x0000018CA7D5AF50>>,0,0,0
Firm1,18,-15932.50722777418,0,<bound method Firm.goodsPrice of <__main__.Firm object at 0x0000018CA7D79940>>,0,0,0
Firm2,18,-15280.932577578995,0,<bound method Firm.goodsPrice of <__main__.Firm object at 0x0000018CA7D7D450>>,0,0,0
Firm3,18,-16129.425603795351,18,<bound method Firm.goodsPrice of <__main__.Firm object at 0x0000018CA7D7D590>>,0,0,0
Firm4,18,-17417.44625114283,37,<bound method Firm.goodsPrice of <__main__.Firm object at 0x0000018CA7B5FCE0>>,0,0,0
Firm5,18,-16891.396887427043,17,<bound method Firm.goodsPrice of <__main__.Firm object at 0x0000018CA7B5FE10>>,0,0,0
Firm6,18,-17212.094094518576,63,<bound method Firm.goodsPrice of <__main__.Firm object at 0x0000018CA7D75130>>,0,0,0
Firm7,18,-18763.98499145904,116,<bound method Firm.goodsPrice of <__main__.Firm object at 0x0000018CA7DC8C00>>,0,0,0
Firm8,18,-22837.705856564735,161,<bound method Firm.goodsPrice of <__main__.Firm object at 0x0000018CA7DC8D10>>,0,0,0
Firm9,18,-18414.858844620827,141,<bound method Firm.goodsPrice of <__main__.Firm object at 0x0000018CA7D5A950>>,0,0,0
Firm10,18,-15865.39672780476,101,<bound method Firm.goodsPrice of <__main__.Firm object at 0x0000018CA7D5AF50>>,0,0,0
Firm1,19,-16843.5015834909,0,<bound method Firm.goodsPrice of <__main__.Firm object at 0x0000018CA7D79940>>,0,0,0
Firm2,19,-16142.649804366685,0,<bound method Firm.goodsPrice of <__main__.Firm object at 0x0000018CA7D7D450>>,0,0,0
Firm3,19,-17057.915284712548,19,<bound method Firm.goodsPrice of <__main__.Firm object at 0x0000018CA7D7D590>>,0,0,0
Firm4,19,-18427.998104997456,39,<bound method Firm.goodsPrice of <__main__.Firm object at 0x0000018CA7B5FCE0>>,0,0,0
Firm5,19,-17863.08410951627,18,<bound method Firm.goodsPrice of <__main__.Firm object at 0x0000018CA7B5FE10>>,0,0,0
Firm6,19,-18168.890201919854,66,<bound method Firm.goodsPrice of <__main__.Firm object at 0x0000018CA7D75130>>,0,0,0
Firm7,19,-19836.74189079376,122,<bound method Firm.goodsPrice of <__main__.Firm object at 0x0000018CA7DC8C00>>,0,0,0
Firm8,19,-24152.968324826747,170,<bound method Firm.goodsPrice of <__main__.Firm object at 0x0000018CA7DC8D10>>,0,0,0
Firm9,19,-19456.250180356805,149,<bound method Firm.goodsPrice of <__main__.Firm object at 0x0000018CA7D5A950>>,0,0,0
Firm10,19,-16786.080292181883,107,<bound method Firm.goodsPrice of <__main__.Firm object at 0x0000018CA7D5AF50>>,0,0,0
Firm1,20,-17754.49593920762,0,<bound method Firm.goodsPrice of <__main__.Firm object at 0x0000018CA7D79940>>,0,0,0
Firm2,20,-17004.367031154376,0,<bound method Firm.goodsPrice of <__main__.Firm object at 0x0000018CA7D7D450>>,0,0,0
Firm3,20,-17986.40496562974,20,<bound method Firm.goodsPrice of <__main__.Firm object at 0x0000018CA7D7D590>>,0,0,0
Firm4,20,-19438.549958852083,41,<bound method Firm.goodsPrice of <__main__.Firm object at 0x0000018CA7B5FCE0>>,0,0,0
Firm5,20,-18834.771331605494,19,<bound method Firm.goodsPrice of <__main__.Firm object at 0x0000018CA7B5FE10>>,0,0,0
Firm6,20,-19136.965482513566,70,<bound method Firm.goodsPrice of <__main__.Firm object at 0x0000018CA7D75130>>,0,0,0
Firm7,20,-20909.49879012848,128,<bound method Firm.goodsPrice of <__main__.Firm object at 0x0000018CA7DC8C00>>,0,0,0
Firm8,20,-25507.043096829402,180,<bound method Firm.goodsPrice of <__main__.Firm object at 0x0000018CA7DC8D10>>,0,0,0
Firm9,20,-20498.68468876039,156,<bound method Firm.goodsPrice of <__main__.Firm object at 0x0000018CA7D5A950>>,0,0,0
Firm10,20,-17698.795889635836,112,<bound method Firm.goodsPrice of <__main__.Firm object at 0x0000018CA7D5AF50>>,0,0,0
Firm1,21,-18665.49029492434,0,<bound method Firm.goodsPrice of <__main__.Firm object at 0x0000018CA7D79940>>,0,0,0
Firm2,21,-17866.08425794206,0,<bound method Firm.goodsPrice of <__main__.Firm object at 0x0000018CA7D7D450>>,0,0,0
Firm3,21,-18914.89464654693,21,<bound method Firm.goodsPrice of <__main__.Firm object at 0x0000018CA7D7D590>>,0,0,0
Firm4,21,-20449.10181270671,43,<bound method Firm.goodsPrice of <__main__.Firm object at 0x0000018CA7B5FCE0>>,0,0,0
Firm5,21,-19806.45855369472,20,<bound method Firm.goodsPrice of <__main__.Firm object at 0x0000018CA7B5FE10>>,0,0,0
Firm6,21,-20105.040763107278,74,<bound method Firm.goodsPrice of <__main__.Firm object at 0x0000018CA7D75130>>,0,0,0
Firm7,21,-21994.1652545934,135,<bound method Firm.goodsPrice of <__main__.Firm object at 0x0000018CA7DC8C00>>,0,0,0
Firm8,21,-26784.90038188216,188,<bound method Firm.goodsPrice of <__main__.Firm object at 0x0000018CA7DC8D10>>,0,0,0
Firm9,21,-21546.658442688426,164,<bound method Firm.goodsPrice of <__main__.Firm object at 0x0000018CA7D5A950>>,0,0,0
Firm10,21,-18611.51148708979,117,<bound method Firm.goodsPrice of <__main__.Firm object at 0x0000018CA7D5AF50>>,0,0,0
Firm1,22,-19576.48465064106,0,<bound method Firm.goodsPrice of <__main__.Firm object at 0x0000018CA7D79940>>,0,0,0
Firm2,22,-18727.801484729745,0,<bound method Firm.goodsPrice of <__main__.Firm object at 0x0000018CA7D7D450>>,0,0,0
Firm3,22,-19843.384327464122,22,<bound method Firm.goodsPrice of <__main__.Firm object at 0x0000018CA7D7D590>>,0,0,0
Firm4,22,-21459.65366656134,45,<bound method Firm.goodsPrice of <__main__.Firm object at 0x0000018CA7B5FCE0>>,0,0,0
Firm5,22,-20778.145775783945,21,<bound method Firm.goodsPrice of <__main__.Firm object at 0x0000018CA7B5FE10>>,0,0,0
Firm6,22,-21073.11604370099,78,<bound method Firm.goodsPrice of <__main__.Firm object at 0x0000018CA7D75130>>,0,0,0
Firm7,22,-23078.831719058322,142,<bound method Firm.goodsPrice of <__main__.Firm object at 0x0000018CA7DC8C00>>,0,0,0
Firm8,22,-28100.16285014417,197,<bound method Firm.goodsPrice of <__main__.Firm object at 0x0000018CA7DC8D10>>,0,0,0
Firm9,22,-22557.123604651,169,<bound method Firm.goodsPrice of <__main__.Firm object at 0x0000018CA7D5A950>>,0,0,0
Firm10,22,-19540.163018389972,124,<bound method Firm.goodsPrice of <__main__.Firm object at 0x0000018CA7D5AF50>>,0,0,0
Firm1,23,-20487.479006357782,0,<bound method Firm.goodsPrice of <__main__.Firm object at 0x0000018CA7D79940>>,0,0,0
Firm2,23,-19589.51871151743,0,<bound method Firm.goodsPrice of <__main__.Firm object at 0x0000018CA7D7D450>>,0,0,0
Firm3,23,-20771.874008381314,23,<bound method Firm.goodsPrice of <__main__.Firm object at 0x0000018CA7D7D590>>,0,0,0
Firm4,23,-22470.205520415966,47,<bound method Firm.goodsPrice of <__main__.Firm object at 0x0000018CA7B5FCE0>>,0,0,0
Firm5,23,-21749.83299787317,22,<bound method Firm.goodsPrice of <__main__.Firm object at 0x0000018CA7B5FE10>>,0,0,0
Firm6,23,-22052.470497487135,83,<bound method Firm.goodsPrice of <__main__.Firm object at 0x0000018CA7D75130>>,0,0,0
Firm7,23,-24163.498183523243,149,<bound method Firm.goodsPrice of <__main__.Firm object at 0x0000018CA7DC8C00>>,0,0,0
Firm8,23,-29416.83243893757,206,<bound method Firm.goodsPrice of <__main__.Firm object at 0x0000018CA7DC8D10>>,0,0,0
Firm9,23,-23597.107819855588,177,<bound method Firm.goodsPrice of <__main__.Firm object at 0x0000018CA7D5A950>>,0,0,0
Firm10,23,-20460.84658276704,130,<bound method Firm.goodsPrice of <__main__.Firm object at 0x0000018CA7D5AF50>>,0,0,0
Firm1,24,-21398.473362074503,0,<bound method Firm.goodsPrice of <__main__.Firm object at 0x0000018CA7D79940>>,0,0,0
Firm2,24,-20451.235938305115,0,<bound method Firm.goodsPrice of <__main__.Firm object at 0x0000018CA7D7D450>>,0,0,0
Firm3,24,-21700.363689298505,24,<bound method Firm.goodsPrice of <__main__.Firm object at 0x0000018CA7D7D590>>,0,0,0
Firm4,24,-23480.757374270594,49,<bound method Firm.goodsPrice of <__main__.Firm object at 0x0000018CA7B5FCE0>>,0,0,0
Firm5,24,-22721.520219962396,23,<bound method Firm.goodsPrice of <__main__.Firm object at 0x0000018CA7B5FE10>>,0,0,0
Firm6,24,-23009.266604888413,86,<bound method Firm.goodsPrice of <__main__.Firm object at 0x0000018CA7D75130>>,0,0,0
Firm7,24,-25248.164647988164,156,<bound method Firm.goodsPrice of <__main__.Firm object at 0x0000018CA7DC8C00>>,0,0,0
Firm8,24,-30732.094907199582,215,<bound method Firm.goodsPrice of <__main__.Firm object at 0x0000018CA7DC8D10>>,0,0,0
Firm9,24,-24602.03373629371,181,<bound method Firm.goodsPrice of <__main__.Firm object at 0x0000018CA7D5A950>>,0,0,0
Firm10,24,-21389.498114067224,137,<bound method Firm.goodsPrice of <__main__.Firm object at 0x0000018CA7D5AF50>>,0,0,0
Firm1,25,-22309.467717791224,0,<bound method Firm.goodsPrice of <__main__.Firm object at 0x0000018CA7D79940>>,0,0,0
Firm2,25,-21312.9531650928,0,<bound method Firm.goodsPrice of <__main__.Firm object at 0x0000018CA7D7D450>>,0,0,0
Firm3,25,-22628.853370215696,25,<bound method Firm.goodsPrice of <__main__.Firm object at 0x0000018CA7D7D590>>,0,0,0
Firm4,25,-24491.30922812522,51,<bound method Firm.goodsPrice of <__main__.Firm object at 0x0000018CA7B5FCE0>>,0,0,0
Firm5,25,-23693.207442051622,24,<bound method Firm.goodsPrice of <__main__.Firm object at 0x0000018CA7B5FE10>>,0,0,0
Firm6,25,-23977.341885482125,90,<bound method Firm.goodsPrice of <__main__.Firm object at 0x0000018CA7D75130>>,0,0,0
Firm7,25,-26332.831112453085,163,<bound method Firm.goodsPrice of <__main__.Firm object at 0x0000018CA7DC8C00>>,0,0,0
Firm8,25,-32047.357375461594,224,<bound method Firm.goodsPrice of <__main__.Firm object at 0x0000018CA7DC8D10>>,0,0,0
Firm9,25,-25650.007490221746,189,<bound method Firm.goodsPrice of <__main__.Firm object at 0x0000018CA7D5A950>>,0,0,0
Firm10,25,-22302.213711521177,142,<bound method Firm.goodsPrice of <__main__.Firm object at 0x0000018CA7D5AF50>>,0,0,0
Firm1,26,-23220.462073507944,0,<bound method Firm.goodsPrice of <__main__.Firm object at 0x0000018CA7D79940>>,0,0,0
Firm2,26,-22174.670391880485,0,<bound method Firm.goodsPrice of <__main__.Firm object at 0x0000018CA7D7D450>>,0,0,0
Firm3,26,-23557.343051132888,26,<bound method Firm.goodsPrice of <__main__.Firm object at 0x0000018CA7D7D590>>,0,0,0
Firm4,26,-25501.86108197985,53,<bound method Firm.goodsPrice of <__main__.Firm object at 0x0000018CA7B5FCE0>>,0,0,0
Firm5,26,-24664.894664140847,25,<bound method Firm.goodsPrice of <__main__.Firm object at 0x0000018CA7B5FE10>>,0,0,0
Firm6,26,-24945.417166075837,94,<bound method Firm.goodsPrice of <__main__.Firm object at 0x0000018CA7D75130>>,0,0,0
Firm7,26,-27417.497576918006,170,<bound method Firm.goodsPrice of <__main__.Firm object at 0x0000018CA7DC8C00>>,0,0,0
Firm8,26,-33364.026964255,233,<bound method Firm.goodsPrice of <__main__.Firm object at 0x0000018CA7DC8D10>>,0,0,0
Firm9,26,-26697.98124414978,197,<bound method Firm.goodsPrice of <__main__.Firm object at 0x0000018CA7D5A950>>,0,0,0
Firm10,26,-23206.961342052015,146,<bound method Firm.goodsPrice of <__main__.Firm object at 0x0000018CA7D5AF50>>,0,0,0
Firm1,27,-24131.456429224665,0,<bound method Firm.goodsPrice of <__main__.Firm object at 0x0000018CA7D79940>>,0,0,0
Firm2,27,-23036.38761866817,0,<bound method Firm.goodsPrice of <__main__.Firm object at 0x0000018CA7D7D450>>,0,0,0
Firm3,27,-24485.83273205008,27,<bound method Firm.goodsPrice of <__main__.Firm object at 0x0000018CA7D7D590>>,0,0,0
Firm4,27,-26512.412935834476,55,<bound method Firm.goodsPrice of <__main__.Firm object at 0x0000018CA7B5FCE0>>,0,0,0
Firm5,27,-25636.581886230073,26,<bound method Firm.goodsPrice of <__main__.Firm object at 0x0000018CA7B5FE10>>,0,0,0
Firm6,27,-25902.213273477115,97,<bound method Firm.goodsPrice of <__main__.Firm object at 0x0000018CA7D75130>>,0,0,0
Firm7,27,-28502.164041382926,177,<bound method Firm.goodsPrice of <__main__.Firm object at 0x0000018CA7DC8C00>>,0,0,0
Firm8,27,-34679.289432516984,242,<bound method Firm.goodsPrice of <__main__.Firm object at 0x0000018CA7DC8D10>>,0,0,0
Firm9,27,-27745.954998077817,205,<bound method Firm.goodsPrice of <__main__.Firm object at 0x0000018CA7D5A950>>,0,0,0
Firm10,27,-24103.741005659736,149,<bound method Firm.goodsPrice of <__main__.Firm object at 0x0000018CA7D5AF50>>,0,0,0
Firm1,28,-25042.450784941386,0,<bound method Firm.goodsPrice of <__main__.Firm object at 0x0000018CA7D79940>>,0,0,0
Firm2,28,-23898.104845455855,0,<bound method Firm.goodsPrice of <__main__.Firm object at 0x0000018CA7D7D450>>,0,0,0
Firm3,28,-25414.32241296727,28,<bound method Firm.goodsPrice of <__main__.Firm object at 0x0000018CA7D7D590>>,0,0,0
Firm4,28,-27522.964789689104,57,<bound method Firm.goodsPrice of <__main__.Firm object at 0x0000018CA7B5FCE0>>,0,0,0
Firm5,28,-26608.2691083193,27,<bound method Firm.goodsPrice of <__main__.Firm object at 0x0000018CA7B5FE10>>,0,0,0
Firm6,28,-26870.288554070827,101,<bound method Firm.goodsPrice of <__main__.Firm object at 0x0000018CA7D75130>>,0,0,0
Firm7,28,-29586.830505847847,184,<bound method Firm.goodsPrice of <__main__.Firm object at 0x0000018CA7DC8C00>>,0,0,0
Firm8,28,-35994.55190077897,251,<bound method Firm.goodsPrice of <__main__.Firm object at 0x0000018CA7DC8D10>>,0,0,0
Firm9,28,-28794.309952277832,213,<bound method Firm.goodsPrice of <__main__.Firm object at 0x0000018CA7D5A950>>,0,0,0
Firm10,28,-25024.424570036805,155,<bound method Firm.goodsPrice of <__main__.Firm object at 0x0000018CA7D5AF50>>,0,0,0
Firm1,29,-25953.445140658107,0,<bound method Firm.goodsPrice of <__main__.Firm object at 0x0000018CA7D79940>>,0,0,0
Firm2,29,-24759.82207224354,0,<bound method Firm.goodsPrice of <__main__.Firm object at 0x0000018CA7D7D450>>,0,0,0
Firm3,29,-26342.812093884462,29,<bound method Firm.goodsPrice of <__main__.Firm object at 0x0000018CA7D7D590>>,0,0,0
Firm4,29,-28574.199422149497,60,<bound method Firm.goodsPrice of <__main__.Firm object at 0x0000018CA7B5FCE0>>,0,0,0
Firm5,29,-27566.8975155578,27,<bound method Firm.goodsPrice of <__main__.Firm object at 0x0000018CA7B5FE10>>,0,0,0
Firm6,29,-27827.084661472105,104,<bound method Firm.goodsPrice of <__main__.Firm object at 0x0000018CA7D75130>>,0,0,0
Firm7,29,-30635.768274922164,188,<bound method Firm.goodsPrice of <__main__.Firm object at 0x0000018CA7DC8C00>>,0,0,0
Firm8,29,-37311.22148957235,260,<bound method Firm.goodsPrice of <__main__.Firm object at 0x0000018CA7DC8D10>>,0,0,0
Firm9,29,-29829.78084221738,220,<bound method Firm.goodsPrice of <__main__.Firm object at 0x0000018CA7D5A950>>,0,0,0
Firm10,29,-25937.140167490757,160,<bound method Firm.goodsPrice of <__main__.Firm object at 0x0000018CA7D5AF50>>,0,0,0
Firm1,30,-26864.439496374827,0,<bound method Firm.goodsPrice of <__main__.Firm object at 0x0000018CA7D79940>>,0,0,0
Firm2,30,-25621.539299031225,0,<bound method Firm.goodsPrice of <__main__.Firm object at 0x0000018CA7D7D450>>,0,0,0
Firm3,30,-27271.301774801654,30,<bound method Firm.goodsPrice of <__main__.Firm object at 0x0000018CA7D7D590>>,0,0,0
Firm4,30,-29584.751276004125,62,<bound method Firm.goodsPrice of <__main__.Firm object at 0x0000018CA7B5FCE0>>,0,0,0
Firm5,30,-28538.584737647026,28,<bound method Firm.goodsPrice of <__main__.Firm object at 0x0000018CA7B5FE10>>,0,0,0
Firm6,30,-28795.159942065817,108,<bound method Firm.goodsPrice of <__main__.Firm object at 0x0000018CA7D75130>>,0,0,0
Firm7,30,-31720.434739387085,195,<bound method Firm.goodsPrice of <__main__.Firm object at 0x0000018CA7DC8C00>>,0,0,0
Firm8,30,-38626.48395783434,269,<bound method Firm.goodsPrice of <__main__.Firm object at 0x0000018CA7DC8D10>>,0,0,0
Firm9,30,-30877.754596145416,228,<bound method Firm.goodsPrice of <__main__.Firm object at 0x0000018CA7D5A950>>,0,0,0
Firm10,30,-26857.823731867826,166,<bound method Firm.goodsPrice of <__main__.Firm object at 0x0000018CA7D5AF50>>,0,0,0
Firm1,31,-27775.433852091548,0,<bound method Firm.goodsPrice of <__main__.Firm object at 0x0000018CA7D79940>>,0,0,0
Firm2,31,-26483.25652581891,0,<bound method Firm.goodsPrice of <__main__.Firm object at 0x0000018CA7D7D450>>,0,0,0
Firm3,31,-28199.791455718845,31,<bound method Firm.goodsPrice of <__main__.Firm object at 0x0000018CA7D7D590>>,0,0,0
Firm4,31,-30595.303129858752,64,<bound method Firm.goodsPrice of <__main__.Firm object at 0x0000018CA7B5FCE0>>,0,0,0
Firm5,31,-29510.271959736252,29,<bound method Firm.goodsPrice of <__main__.Firm object at 0x0000018CA7B5FE10>>,0,0,0
Firm6,31,-29774.514395851962,113,<bound method Firm.goodsPrice of <__main__.Firm object at 0x0000018CA7D75130>>,0,0,0
Firm7,31,-32793.1916387218,201,<bound method Firm.goodsPrice of <__main__.Firm object at 0x0000018CA7DC8C00>>,0,0,0
Firm8,31,-39904.34124288707,277,<bound method Firm.goodsPrice of <__main__.Firm object at 0x0000018CA7DC8D10>>,0,0,0
Firm9,31,-31911.156393157948,236,<bound method Firm.goodsPrice of <__main__.Firm object at 0x0000018CA7D5A950>>,0,0,0
Firm10,31,-27770.53932932178,171,<bound method Firm.goodsPrice of <__main__.Firm object at 0x0000018CA7D5AF50>>,0,0,0
Firm1,32,-28686.42820780827,0,<bound method Firm.goodsPrice of <__main__.Firm object at 0x0000018CA7D79940>>,0,0,0
Firm2,32,-27344.973752606595,0,<bound method Firm.goodsPrice of <__main__.Firm object at 0x0000018CA7D7D450>>,0,0,0
Firm3,32,-29128.281136636037,32,<bound method Firm.goodsPrice of <__main__.Firm object at 0x0000018CA7D7D590>>,0,0,0
Firm4,32,-31605.85498371338,66,<bound method Firm.goodsPrice of <__main__.Firm object at 0x0000018CA7B5FCE0>>,0,0,0
Firm5,32,-30481.959181825478,30,<bound method Firm.goodsPrice of <__main__.Firm object at 0x0000018CA7B5FE10>>,0,0,0
Firm6,32,-30742.589676445674,117,<bound method Firm.goodsPrice of <__main__.Firm object at 0x0000018CA7D75130>>,0,0,0
Firm7,32,-33877.85810318672,208,<bound method Firm.goodsPrice of <__main__.Firm object at 0x0000018CA7DC8C00>>,0,0,0
Firm8,32,-41258.416014889706,287,<bound method Firm.goodsPrice of <__main__.Firm object at 0x0000018CA7DC8D10>>,0,0,0
Firm9,32,-32959.13014708598,244,<bound method Firm.goodsPrice of <__main__.Firm object at 0x0000018CA7D5A950>>,0,0,0
Firm10,32,-28691.222893698847,177,<bound method Firm.goodsPrice of <__main__.Firm object at 0x0000018CA7D5AF50>>,0,0,0
Firm1,33,-29597.42256352499,0,<bound method Firm.goodsPrice of <__main__.Firm object at 0x0000018CA7D79940>>,0,0,0
Firm2,33,-28206.69097939428,0,<bound method Firm.goodsPrice of <__main__.Firm object at 0x0000018CA7D7D450>>,0,0,0
Firm3,33,-30056.770817553228,33,<bound method Firm.goodsPrice of <__main__.Firm object at 0x0000018CA7D7D590>>,0,0,0
Firm4,33,-32616.406837568007,68,<bound method Firm.goodsPrice of <__main__.Firm object at 0x0000018CA7B5FCE0>>,0,0,0
Firm5,33,-31453.646403914703,31,<bound method Firm.goodsPrice of <__main__.Firm object at 0x0000018CA7B5FE10>>,0,0,0
Firm6,33,-31710.664957039386,121,<bound method Firm.goodsPrice of <__main__.Firm object at 0x0000018CA7D75130>>,0,0,0
Firm7,33,-34950.61500252144,214,<bound method Firm.goodsPrice of <__main__.Firm object at 0x0000018CA7DC8C00>>,0,0,0
Firm8,33,-42536.27329994244,295,<bound method Firm.goodsPrice of <__main__.Firm object at 0x0000018CA7DC8D10>>,0,0,0
Firm9,33,-33981.07225277764,250,<bound method Firm.goodsPrice of <__main__.Firm object at 0x0000018CA7D5A950>>,0,0,0
Firm10,33,-29611.906458075915,183,<bound method Firm.goodsPrice of <__main__.Firm object at 0x0000018CA7D5AF50>>,0,0,0
Firm1,34,-30508.41691924171,0,<bound method Firm.goodsPrice of <__main__.Firm object at 0x0000018CA7D79940>>,0,0,0
Firm2,34,-29068.408206181964,0,<bound method Firm.goodsPrice of <__main__.Firm object at 0x0000018CA7D7D450>>,0,0,0
Firm3,34,-30985.26049847042,34,<bound method Firm.goodsPrice of <__main__.Firm object at 0x0000018CA7D7D590>>,0,0,0
Firm4,34,-33626.958691422646,70,<bound method Firm.goodsPrice of <__main__.Firm object at 0x0000018CA7B5FCE0>>,0,0,0
Firm5,34,-32425.33362600393,32,<bound method Firm.goodsPrice of <__main__.Firm object at 0x0000018CA7B5FE10>>,0,0,0
Firm6,34,-32678.740237633097,125,<bound method Firm.goodsPrice of <__main__.Firm object at 0x0000018CA7D75130>>,0,0,0
Firm7,34,-36035.28146698636,221,<bound method Firm.goodsPrice of <__main__.Firm object at 0x0000018CA7DC8C00>>,0,0,0
Firm8,34,-43851.53576820443,304,<bound method Firm.goodsPrice of <__main__.Firm object at 0x0000018CA7DC8D10>>,0,0,0
Firm9,34,-35022.46358851362,258,<bound method Firm.goodsPrice of <__main__.Firm object at 0x0000018CA7D5A950>>,0,0,0
Firm10,34,-30532.590022452983,189,<bound method Firm.goodsPrice of <__main__.Firm object at 0x0000018CA7D5AF50>>,0,0,0
Firm1,35,-31419.41127495843,0,<bound method Firm.goodsPrice of <__main__.Firm object at 0x0000018CA7D79940>>,0,0,0
Firm2,35,-29930.12543296965,0,<bound method Firm.goodsPrice of <__main__.Firm object at 0x0000018CA7D7D450>>,0,0,0
Firm3,35,-31913.75017938761,35,<bound method Firm.goodsPrice of <__main__.Firm object at 0x0000018CA7D7D590>>,0,0,0
Firm4,35,-34637.510545277284,72,<bound method Firm.goodsPrice of <__main__.Firm object at 0x0000018CA7B5FCE0>>,0,0,0
Firm5,35,-33397.020848093154,33,<bound method Firm.goodsPrice of <__main__.Firm object at 0x0000018CA7B5FE10>>,0,0,0
Firm6,35,-33635.5363450344,128,<bound method Firm.goodsPrice of <__main__.Firm object at 0x0000018CA7D75130>>,0,0,0
Firm7,35,-37119.94793145128,228,<bound method Firm.goodsPrice of <__main__.Firm object at 0x0000018CA7DC8C00>>,0,0,0
Firm8,35,-45205.61054020706,314,<bound method Firm.goodsPrice of <__main__.Firm object at 0x0000018CA7DC8D10>>,0,0,0
Firm9,35,-36070.43734244167,266,<bound method Firm.goodsPrice of <__main__.Firm object at 0x0000018CA7D5A950>>,0,0,0
Firm10,35,-31445.305619906936,194,<bound method Firm.goodsPrice of <__main__.Firm object at 0x0000018CA7D5AF50>>,0,0,0
Firm1,36,-32330.40563067515,0,<bound method Firm.goodsPrice of <__main__.Firm object at 0x0000018CA7D79940>>,0,0,0
Firm2,36,-30791.842659757334,0,<bound method Firm.goodsPrice of <__main__.Firm object at 0x0000018CA7D7D450>>,0,0,0
Firm3,36,-32842.239860304806,36,<bound method Firm.goodsPrice of <__main__.Firm object at 0x0000018CA7D7D590>>,0,0,0
Firm4,36,-35648.06239913192,74,<bound method Firm.goodsPrice of <__main__.Firm object at 0x0000018CA7B5FCE0>>,0,0,0
Firm5,36,-34368.70807018238,34,<bound method Firm.goodsPrice of <__main__.Firm object at 0x0000018CA7B5FE10>>,0,0,0
Firm6,36,-34603.61162562802,132,<bound method Firm.goodsPrice of <__main__.Firm object at 0x0000018CA7D75130>>,0,0,0
Firm7,36,-38204.6143959162,235,<bound method Firm.goodsPrice of <__main__.Firm object at 0x0000018CA7DC8C00>>,0,0,0
Firm8,36,-46483.467825259795,322,<bound method Firm.goodsPrice of <__main__.Firm object at 0x0000018CA7DC8D10>>,0,0,0
Firm9,36,-37093.405368392734,272,<bound method Firm.goodsPrice of <__main__.Firm object at 0x0000018CA7D5A950>>,0,0,0
Firm10,36,-32365.989184284004,200,<bound method Firm.goodsPrice of <__main__.Firm object at 0x0000018CA7D5AF50>>,0,0,0
Firm1,37,-33241.39998639187,0,<bound method Firm.goodsPrice of <__main__.Firm object at 0x0000018CA7D79940>>,0,0,0
Firm2,37,-31653.55988654502,0,<bound method Firm.goodsPrice of <__main__.Firm object at 0x0000018CA7D7D450>>,0,0,0
Firm3,37,-33770.7295412219,37,<bound method Firm.goodsPrice of <__main__.Firm object at 0x0000018CA7D7D590>>,0,0,0
Firm4,37,-36658.61425298656,76,<bound method Firm.goodsPrice of <__main__.Firm object at 0x0000018CA7B5FCE0>>,0,0,0
Firm5,37,-35340.395292271605,35,<bound method Firm.goodsPrice of <__main__.Firm object at 0x0000018CA7B5FE10>>,0,0,0
Firm6,37,-35560.40773302921,135,<bound method Firm.goodsPrice of <__main__.Firm object at 0x0000018CA7D75130>>,0,0,0
Firm7,37,-39289.28086038112,242,<bound method Firm.goodsPrice of <__main__.Firm object at 0x0000018CA7DC8C00>>,0,0,0
Firm8,37,-47798.73029352178,331,<bound method Firm.goodsPrice of <__main__.Firm object at 0x0000018CA7DC8D10>>,0,0,0
Firm9,37,-38135.83987679633,279,<bound method Firm.goodsPrice of <__main__.Firm object at 0x0000018CA7D5A950>>,0,0,0
Firm10,37,-33294.6407155842,207,<bound method Firm.goodsPrice of <__main__.Firm object at 0x0000018CA7D5AF50>>,0,0,0
Firm1,38,-34152.3943421087,0,<bound method Firm.goodsPrice of <__main__.Firm object at 0x0000018CA7D79940>>,0,0,0
Firm2,38,-32515.277113332697,0,<bound method Firm.goodsPrice of <__main__.Firm object at 0x0000018CA7D7D450>>,0,0,0
Firm3,38,-34699.219222139,38,<bound method Firm.goodsPrice of <__main__.Firm object at 0x0000018CA7D7D590>>,0,0,0
Firm4,38,-37669.1661068412,78,<bound method Firm.goodsPrice of <__main__.Firm object at 0x0000018CA7B5FCE0>>,0,0,0
Firm5,38,-36312.08251436083,36,<bound method Firm.goodsPrice of <__main__.Firm object at 0x0000018CA7B5FE10>>,0,0,0
Firm6,38,-36528.483013622834,139,<bound method Firm.goodsPrice of <__main__.Firm object at 0x0000018CA7D75130>>,0,0,0
Firm7,38,-40362.03775971584,248,<bound method Firm.goodsPrice of <__main__.Firm object at 0x0000018CA7DC8C00>>,0,0,0
Firm8,38,-49152.805065524415,341,<bound method Firm.goodsPrice of <__main__.Firm object at 0x0000018CA7DC8D10>>,0,0,0
Firm9,38,-39171.310766735885,286,<bound method Firm.goodsPrice of <__main__.Firm object at 0x0000018CA7D5A950>>,0,0,0
Firm10,38,-34207.35631303828,212,<bound method Firm.goodsPrice of <__main__.Firm object at 0x0000018CA7D5AF50>>,0,0,0
Firm1,39,-35063.38869782553,0,<bound method Firm.goodsPrice of <__main__.Firm object at 0x0000018CA7D79940>>,0,0,0
Firm2,39,-33376.99434012038,0,<bound method Firm.goodsPrice of <__main__.Firm object at 0x0000018CA7D7D450>>,0,0,0
Firm3,39,-35627.7089030561,39,<bound method Firm.goodsPrice of <__main__.Firm object at 0x0000018CA7D7D590>>,0,0,0
Firm4,39,-38679.71796069584,80,<bound method Firm.goodsPrice of <__main__.Firm object at 0x0000018CA7B5FCE0>>,0,0,0
Firm5,39,-37283.76973645006,37,<bound method Firm.goodsPrice of <__main__.Firm object at 0x0000018CA7B5FE10>>,0,0,0
Firm6,39,-37496.558294216455,143,<bound method Firm.goodsPrice of <__main__.Firm object at 0x0000018CA7D75130>>,0,0,0
Firm7,39,-41446.70422418076,255,<bound method Firm.goodsPrice of <__main__.Firm object at 0x0000018CA7DC8C00>>,0,0,0
Firm8,39,-50430.66235057715,349,<bound method Firm.goodsPrice of <__main__.Firm object at 0x0000018CA7DC8D10>>,0,0,0
Firm9,39,-40206.78165667544,293,<bound method Firm.goodsPrice of <__main__.Firm object at 0x0000018CA7D5A950>>,0,0,0
Firm10,39,-35128.039877415475,218,<bound method Firm.goodsPrice of <__main__.Firm object at 0x0000018CA7D5AF50>>,0,0,0
Firm1,40,-35974.38305354236,0,<bound method Firm.goodsPrice of <__main__.Firm object at 0x0000018CA7D79940>>,0,0,0
Firm2,40,-34238.711566908045,0,<bound method Firm.goodsPrice of <__main__.Firm object at 0x0000018CA7D7D450>>,0,0,0
Firm3,40,-36556.19858397319,40,<bound method Firm.goodsPrice of <__main__.Firm object at 0x0000018CA7D7D590>>,0,0,0
Firm4,40,-39690.26981455048,82,<bound method Firm.goodsPrice of <__main__.Firm object at 0x0000018CA7B5FCE0>>,0,0,0
Firm5,40,-38255.45695853928,38,<bound method Firm.goodsPrice of <__main__.Firm object at 0x0000018CA7B5FE10>>,0,0,0
Firm6,40,-38453.354401617646,146,<bound method Firm.goodsPrice of <__main__.Firm object at 0x0000018CA7D75130>>,0,0,0
Firm7,40,-42531.37068864568,262,<bound method Firm.goodsPrice of <__main__.Firm object at 0x0000018CA7DC8C00>>,0,0,0
Firm8,40,-51745.924818839136,358,<bound method Firm.goodsPrice of <__main__.Firm object at 0x0000018CA7DC8D10>>,0,0,0
Firm9,40,-41242.252546615,300,<bound method Firm.goodsPrice of <__main__.Firm object at 0x0000018CA7D5A950>>,0,0,0
Firm10,40,-36048.72344179267,224,<bound method Firm.goodsPrice of <__main__.Firm object at 0x0000018CA7D5AF50>>,0,0,0
Firm1,41,-36885.37740925919,0,<bound method Firm.goodsPrice of <__main__.Firm object at 0x0000018CA7D79940>>,0,0,0
Firm2,41,-35100.42879369571,0,<bound method Firm.goodsPrice of <__main__.Firm object at 0x0000018CA7D7D450>>,0,0,0
Firm3,41,-37484.68826489029,41,<bound method Firm.goodsPrice of <__main__.Firm object at 0x0000018CA7D7D590>>,0,0,0
Firm4,41,-40700.821668405115,84,<bound method Firm.goodsPrice of <__main__.Firm object at 0x0000018CA7B5FCE0>>,0,0,0
Firm5,41,-39227.14418062851,39,<bound method Firm.goodsPrice of <__main__.Firm object at 0x0000018CA7B5FE10>>,0,0,0
Firm6,41,-39432.708855403696,151,<bound method Firm.goodsPrice of <__main__.Firm object at 0x0000018CA7D75130>>,0,0,0
Firm7,41,-43616.0371531106,269,<bound method Firm.goodsPrice of <__main__.Firm object at 0x0000018CA7DC8C00>>,0,0,0
Firm8,41,-53062.59440763252,367,<bound method Firm.goodsPrice of <__main__.Firm object at 0x0000018CA7DC8D10>>,0,0,0
Firm9,41,-42276.69751629514,307,<bound method Firm.goodsPrice of <__main__.Firm object at 0x0000018CA7D5A950>>,0,0,0
Firm10,41,-36961.43903924675,229,<bound method Firm.goodsPrice of <__main__.Firm object at 0x0000018CA7D5AF50>>,0,0,0
Firm1,42,-37796.37176497602,0,<bound method Firm.goodsPrice of <__main__.Firm object at 0x0000018CA7D79940>>,0,0,0
Firm2,42,-35962.14602048338,0,<bound method Firm.goodsPrice of <__main__.Firm object at 0x0000018CA7D7D450>>,0,0,0
Firm3,42,-38413.17794580739,42,<bound method Firm.goodsPrice of <__main__.Firm object at 0x0000018CA7D7D590>>,0,0,0
Firm4,42,-41711.37352225975,86,<bound method Firm.goodsPrice of <__main__.Firm object at 0x0000018CA7B5FCE0>>,0,0,0
Firm5,42,-40198.83140271773,40,<bound method Firm.goodsPrice of <__main__.Firm object at 0x0000018CA7B5FE10>>,0,0,0
Firm6,42,-40400.78413599732,155,<bound method Firm.goodsPrice of <__main__.Firm object at 0x0000018CA7D75130>>,0,0,0
Firm7,42,-44700.70361757552,276,<bound method Firm.goodsPrice of <__main__.Firm object at 0x0000018CA7DC8C00>>,0,0,0
Firm8,42,-54377.856875894504,376,<bound method Firm.goodsPrice of <__main__.Firm object at 0x0000018CA7DC8D10>>,0,0,0
Firm9,42,-43312.1684062347,314,<bound method Firm.goodsPrice of <__main__.Firm object at 0x0000018CA7D5A950>>,0,0,0
Firm10,42,-37866.186669777715,233,<bound method Firm.goodsPrice of <__main__.Firm object at 0x0000018CA7D5AF50>>,0,0,0
Firm1,43,-38707.36612069285,0,<bound method Firm.goodsPrice of <__main__.Firm object at 0x0000018CA7D79940>>,0,0,0
Firm2,43,-36823.863247271045,0,<bound method Firm.goodsPrice of <__main__.Firm object at 0x0000018CA7D7D450>>,0,0,0
Firm3,43,-39341.667626724484,43,<bound method Firm.goodsPrice of <__main__.Firm object at 0x0000018CA7D7D590>>,0,0,0
Firm4,43,-42721.92537611439,88,<bound method Firm.goodsPrice of <__main__.Firm object at 0x0000018CA7B5FCE0>>,0,0,0
Firm5,43,-41170.51862480696,41,<bound method Firm.goodsPrice of <__main__.Firm object at 0x0000018CA7B5FE10>>,0,0,0
Firm6,43,-41368.85941659094,159,<bound method Firm.goodsPrice of <__main__.Firm object at 0x0000018CA7D75130>>,0,0,0
Firm7,43,-45773.460516910236,282,<bound method Firm.goodsPrice of <__main__.Firm object at 0x0000018CA7DC8C00>>,0,0,0
Firm8,43,-55693.11934415649,385,<bound method Firm.goodsPrice of <__main__.Firm object at 0x0000018CA7DC8D10>>,0,0,0
Firm9,43,-44366.062605959174,323,<bound method Firm.goodsPrice of <__main__.Firm object at 0x0000018CA7D5A950>>,0,0,0
Firm10,43,-38778.902267231795,238,<bound method Firm.goodsPrice of <__main__.Firm object at 0x0000018CA7D5AF50>>,0,0,0
Firm1,44,-39618.36047640968,0,<bound method Firm.goodsPrice of <__main__.Firm object at 0x0000018CA7D79940>>,0,0,0
Firm2,44,-37685.58047405871,0,<bound method Firm.goodsPrice of <__main__.Firm object at 0x0000018CA7D7D450>>,0,0,0
Firm3,44,-40270.15730764158,44,<bound method Firm.goodsPrice of <__main__.Firm object at 0x0000018CA7D7D590>>,0,0,0
Firm4,44,-43732.47722996903,90,<bound method Firm.goodsPrice of <__main__.Firm object at 0x0000018CA7B5FCE0>>,0,0,0
Firm5,44,-42142.205846896184,42,<bound method Firm.goodsPrice of <__main__.Firm object at 0x0000018CA7B5FE10>>,0,0,0
Firm6,44,-42325.65552399213,162,<bound method Firm.goodsPrice of <__main__.Firm object at 0x0000018CA7D75130>>,0,0,0
Firm7,44,-46858.12698137516,289,<bound method Firm.goodsPrice of <__main__.Firm object at 0x0000018CA7DC8C00>>,0,0,0
Firm8,44,-57009.78893294987,394,<bound method Firm.goodsPrice of <__main__.Firm object at 0x0000018CA7DC8D10>>,0,0,0
Firm9,44,-45414.03635988722,331,<bound method Firm.goodsPrice of <__main__.Firm object at 0x0000018CA7D5A950>>,0,0,0
Firm10,44,-39699.58583160899,244,<bound method Firm.goodsPrice of <__main__.Firm object at 0x0000018CA7D5AF50>>,0,0,0
Firm1,45,-40529.35483212651,0,<bound method Firm.goodsPrice of <__main__.Firm object at 0x0000018CA7D79940>>,0,0,0
Firm2,45,-38547.29770084638,0,<bound method Firm.goodsPrice of <__main__.Firm object at 0x0000018CA7D7D450>>,0,0,0
Firm3,45,-41198.64698855868,45,<bound method Firm.goodsPrice of <__main__.Firm object at 0x0000018CA7D7D590>>,0,0,0
Firm4,45,-44743.02908382367,92,<bound method Firm.goodsPrice of <__main__.Firm object at 0x0000018CA7B5FCE0>>,0,0,0
Firm5,45,-43113.89306898541,43,<bound method Firm.goodsPrice of <__main__.Firm object at 0x0000018CA7B5FE10>>,0,0,0
Firm6,45,-43282.45163139332,165,<bound method Firm.goodsPrice of <__main__.Firm object at 0x0000018CA7D75130>>,0,0,0
Firm7,45,-47930.88388070987,295,<bound method Firm.goodsPrice of <__main__.Firm object at 0x0000018CA7DC8C00>>,0,0,0
Firm8,45,-58325.05140121186,403,<bound method Firm.goodsPrice of <__main__.Firm object at 0x0000018CA7DC8D10>>,0,0,0
Firm9,45,-46456.47086829082,338,<bound method Firm.goodsPrice of <__main__.Firm object at 0x0000018CA7D5A950>>,0,0,0
Firm10,45,-40620.26939598618,250,<bound method Firm.goodsPrice of <__main__.Firm object at 0x0000018CA7D5AF50>>,0,0,0
Firm1,46,-41440.34918784334,0,<bound method Firm.goodsPrice of <__main__.Firm object at 0x0000018CA7D79940>>,0,0,0
Firm2,46,-39409.014927634045,0,<bound method Firm.goodsPrice of <__main__.Firm object at 0x0000018CA7D7D450>>,0,0,0
Firm3,46,-42127.136669475774,46,<bound method Firm.goodsPrice of <__main__.Firm object at 0x0000018CA7D7D590>>,0,0,0
Firm4,46,-45753.58093767831,94,<bound method Firm.goodsPrice of <__main__.Firm object at 0x0000018CA7B5FCE0>>,0,0,0
Firm5,46,-44085.580291074635,44,<bound method Firm.goodsPrice of <__main__.Firm object at 0x0000018CA7B5FE10>>,0,0,0
Firm6,46,-44239.24773879451,168,<bound method Firm.goodsPrice of <__main__.Firm object at 0x0000018CA7D75130>>,0,0,0
Firm7,46,-49015.55034517479,302,<bound method Firm.goodsPrice of <__main__.Firm object at 0x0000018CA7DC8C00>>,0,0,0
Firm8,46,-59640.313869473845,412,<bound method Firm.goodsPrice of <__main__.Firm object at 0x0000018CA7DC8D10>>,0,0,0
Firm9,46,-47497.8622040268,346,<bound method Firm.goodsPrice of <__main__.Firm object at 0x0000018CA7D5A950>>,0,0,0
Firm10,46,-41540.95296036337,256,<bound method Firm.goodsPrice of <__main__.Firm object at 0x0000018CA7D5AF50>>,0,0,0
Firm1,47,-42351.34354356017,0,<bound method Firm.goodsPrice of <__main__.Firm object at 0x0000018CA7D79940>>,0,0,0
Firm2,47,-40270.73215442171,0,<bound method Firm.goodsPrice of <__main__.Firm object at 0x0000018CA7D7D450>>,0,0,0
Firm3,47,-43055.62635039287,47,<bound method Firm.goodsPrice of <__main__.Firm object at 0x0000018CA7D7D590>>,0,0,0
Firm4,47,-46764.132791532946,96,<bound method Firm.goodsPrice of <__main__.Firm object at 0x0000018CA7B5FCE0>>,0,0,0
Firm5,47,-45057.26751316386,45,<bound method Firm.goodsPrice of <__main__.Firm object at 0x0000018CA7B5FE10>>,0,0,0
Firm6,47,-45207.32301938813,172,<bound method Firm.goodsPrice of <__main__.Firm object at 0x0000018CA7D75130>>,0,0,0
Firm7,47,-50076.397679379304,307,<bound method Firm.goodsPrice of <__main__.Firm object at 0x0000018CA7DC8C00>>,0,0,0
Firm8,47,-60956.98345826723,421,<bound method Firm.goodsPrice of <__main__.Firm object at 0x0000018CA7DC8D10>>,0,0,0
Firm9,47,-48545.83595795485,354,<bound method Firm.goodsPrice of <__main__.Firm object at 0x0000018CA7D5A950>>,0,0,0
Firm10,47,-42461.63652474056,262,<bound method Firm.goodsPrice of <__main__.Firm object at 0x0000018CA7D5AF50>>,0,0,0
Firm1,48,-43262.337899277,0,<bound method Firm.goodsPrice of <__main__.Firm object at 0x0000018CA7D79940>>,0,0,0
Firm2,48,-41132.44938120938,0,<bound method Firm.goodsPrice of <__main__.Firm object at 0x0000018CA7D7D450>>,0,0,0
Firm3,48,-43984.11603130997,48,<bound method Firm.goodsPrice of <__main__.Firm object at 0x0000018CA7D7D590>>,0,0,0
Firm4,48,-47774.684645387584,98,<bound method Firm.goodsPrice of <__main__.Firm object at 0x0000018CA7B5FCE0>>,0,0,0
Firm5,48,-46028.954735253086,46,<bound method Firm.goodsPrice of <__main__.Firm object at 0x0000018CA7B5FE10>>,0,0,0
Firm6,48,-46152.83995359689,174,<bound method Firm.goodsPrice of <__main__.Firm object at 0x0000018CA7D75130>>,0,0,0
Firm7,48,-51161.064143844225,314,<bound method Firm.goodsPrice of <__main__.Firm object at 0x0000018CA7DC8C00>>,0,0,0
Firm8,48,-62272.24592652921,430,<bound method Firm.goodsPrice of <__main__.Firm object at 0x0000018CA7DC8D10>>,0,0,0
Firm9,48,-49593.809711882895,362,<bound method Firm.goodsPrice of <__main__.Firm object at 0x0000018CA7D5A950>>,0,0,0
Firm10,48,-43390.28805604087,269,<bound method Firm.goodsPrice of <__main__.Firm object at 0x0000018CA7D5AF50>>,0,0,0
Firm1,49,-44173.33225499383,0,<bound method Firm.goodsPrice of <__main__.Firm object at 0x0000018CA7D79940>>,0,0,0
Firm2,49,-41994.166607997046,0,<bound method Firm.goodsPrice of <__main__.Firm object at 0x0000018CA7D7D450>>,0,0,0
Firm3,49,-44912.605712227065,49,<bound method Firm.goodsPrice of <__main__.Firm object at 0x0000018CA7D7D590>>,0,0,0
Firm4,49,-48785.23649924222,100,<bound method Firm.goodsPrice of <__main__.Firm object at 0x0000018CA7B5FCE0>>,0,0,0
Firm5,49,-47000.64195734231,47,<bound method Firm.goodsPrice of <__main__.Firm object at 0x0000018CA7B5FE10>>,0,0,0
Firm6,49,-47120.915234190514,178,<bound method Firm.goodsPrice of <__main__.Firm object at 0x0000018CA7D75130>>,0,0,0
Firm7,49,-52245.730608309146,321,<bound method Firm.goodsPrice of <__main__.Firm object at 0x0000018CA7DC8C00>>,0,0,0
Firm8,49,-63550.10321158195,438,<bound method Firm.goodsPrice of <__main__.Firm object at 0x0000018CA7DC8D10>>,0,0,0
Firm9,49,-50621.67226337098,369,<bound method Firm.goodsPrice of <__main__.Firm object at 0x0000018CA7D5A950>>,0,0,0
Firm10,49,-44326.90755426428,277,<bound method Firm.goodsPrice of <__main__.Firm object at 0x0000018CA7D5AF50>>,0,0,0
Firm1,50,-45084.32661071066,0,<bound method Firm.goodsPrice of <__main__.Firm object at 0x0000018CA7D79940>>,0,0,0
Firm2,50,-42855.88383478471,0,<bound method Firm.goodsPrice of <__main__.Firm object at 0x0000018CA7D7D450>>,0,0,0
Firm3,50,-45841.09539314416,50,<bound method Firm.goodsPrice of <__main__.Firm object at 0x0000018CA7D7D590>>,0,0,0
Firm4,50,-49795.78835309686,102,<bound method Firm.goodsPrice of <__main__.Firm object at 0x0000018CA7B5FCE0>>,0,0,0
Firm5,50,-47972.32917943154,48,<bound method Firm.goodsPrice of <__main__.Firm object at 0x0000018CA7B5FE10>>,0,0,0
Firm6,50,-48066.432168399275,180,<bound method Firm.goodsPrice of <__main__.Firm object at 0x0000018CA7D75130>>,0,0,0
Firm7,50,-53330.39707277407,328,<bound method Firm.goodsPrice of <__main__.Firm object at 0x0000018CA7DC8C00>>,0,0,0
Firm8,50,-64904.17798358458,448,<bound method Firm.goodsPrice of <__main__.Firm object at 0x0000018CA7DC8D10>>,0,0,0
Firm9,50,-51657.143153310535,376,<bound method Firm.goodsPrice of <__main__.Firm object at 0x0000018CA7D5A950>>,0,0,0
Firm10,50,-45255.559085564586,284,<bound method Firm.goodsPrice of <__main__.Firm object at 0x0000018CA7D5AF50>>,0,0,0
Firm1,51,-45995.32096642749,0,<bound method Firm.goodsPrice of <__main__.Firm object at 0x0000018CA7D79940>>,0,0,0
Firm2,51,-43717.60106157238,0,<bound method Firm.goodsPrice of <__main__.Firm object at 0x0000018CA7D7D450>>,0,0,0
Firm3,51,-46769.58507406126,51,<bound method Firm.goodsPrice of <__main__.Firm object at 0x0000018CA7D7D590>>,0,0,0
Firm4,51,-50806.3402069515,104,<bound method Firm.goodsPrice of <__main__.Firm object at 0x0000018CA7B5FCE0>>,0,0,0
Firm5,51,-48944.01640152076,49,<bound method Firm.goodsPrice of <__main__.Firm object at 0x0000018CA7B5FE10>>,0,0,0
Firm6,51,-49045.786622185326,185,<bound method Firm.goodsPrice of <__main__.Firm object at 0x0000018CA7D75130>>,0,0,0
Firm7,51,-54415.06353723899,335,<bound method Firm.goodsPrice of <__main__.Firm object at 0x0000018CA7DC8C00>>,0,0,0
Firm8,51,-66182.03526863732,456,<bound method Firm.goodsPrice of <__main__.Firm object at 0x0000018CA7DC8D10>>,0,0,0
Firm9,51,-52684.62450452664,383,<bound method Firm.goodsPrice of <__main__.Firm object at 0x0000018CA7D5A950>>,0,0,0
Firm10,51,-46160.306716095554,288,<bound method Firm.goodsPrice of <__main__.Firm object at 0x0000018CA7D5AF50>>,0,0,0
Firm1,52,-46906.31532214432,0,<bound method Firm.goodsPrice of <__main__.Firm object at 0x0000018CA7D79940>>,0,0,0
Firm2,52,-44579.318288360046,0,<bound method Firm.goodsPrice of <__main__.Firm object at 0x0000018CA7D7D450>>,0,0,0
Firm3,52,-47698.074754978355,52,<bound method Firm.goodsPrice of <__main__.Firm object at 0x0000018CA7D7D590>>,0,0,0
Firm4,52,-51816.89206080614,106,<bound method Firm.goodsPrice of <__main__.Firm object at 0x0000018CA7B5FCE0>>,0,0,0
Firm5,52,-49915.70362360999,50,<bound method Firm.goodsPrice of <__main__.Firm object at 0x0000018CA7B5FE10>>,0,0,0
Firm6,52,-50013.86190277895,189,<bound method Firm.goodsPrice of <__main__.Firm object at 0x0000018CA7D75130>>,0,0,0
Firm7,52,-55499.73000170391,342,<bound method Firm.goodsPrice of <__main__.Firm object at 0x0000018CA7DC8C00>>,0,0,0
Firm8,52,-67497.29773689937,465,<bound method Firm.goodsPrice of <__main__.Firm object at 0x0000018CA7DC8D10>>,0,0,0
Firm9,52,-53726.015840262626,391,<bound method Firm.goodsPrice of <__main__.Firm object at 0x0000018CA7D5A950>>,0,0,0
Firm10,52,-47088.95824739586,295,<bound method Firm.goodsPrice of <__main__.Firm object at 0x0000018CA7D5AF50>>,0,0,0
Firm1,53,-47817.30967786115,0,<bound method Firm.goodsPrice of <__main__.Firm object at 0x0000018CA7D79940>>,0,0,0
Firm2,53,-45441.03551514771,0,<bound method Firm.goodsPrice of <__main__.Firm object at 0x0000018CA7D7D450>>,0,0,0
Firm3,53,-48626.56443589545,53,<bound method Firm.goodsPrice of <__main__.Firm object at 0x0000018CA7D7D590>>,0,0,0
Firm4,53,-52827.44391466078,108,<bound method Firm.goodsPrice of <__main__.Firm object at 0x0000018CA7B5FCE0>>,0,0,0
Firm5,53,-50887.390845699214,51,<bound method Firm.goodsPrice of <__main__.Firm object at 0x0000018CA7B5FE10>>,0,0,0
Firm6,53,-50970.65801018014,192,<bound method Firm.goodsPrice of <__main__.Firm object at 0x0000018CA7D75130>>,0,0,0
Firm7,53,-56584.39646616883,349,<bound method Firm.goodsPrice of <__main__.Firm object at 0x0000018CA7DC8C00>>,0,0,0
Firm8,53,-68851.37250890207,475,<bound method Firm.goodsPrice of <__main__.Firm object at 0x0000018CA7DC8D10>>,0,0,0
Firm9,53,-54768.45034866622,398,<bound method Firm.goodsPrice of <__main__.Firm object at 0x0000018CA7D5A950>>,0,0,0
Firm10,53,-48001.67384484994,300,<bound method Firm.goodsPrice of <__main__.Firm object at 0x0000018CA7D5AF50>>,0,0,0
Firm1,54,-48728.30403357798,0,<bound method Firm.goodsPrice of <__main__.Firm object at 0x0000018CA7D79940>>,0,0,0
Firm2,54,-46302.75274193538,0,<bound method Firm.goodsPrice of <__main__.Firm object at 0x0000018CA7D7D450>>,0,0,0
Firm3,54,-49555.05411681255,54,<bound method Firm.goodsPrice of <__main__.Firm object at 0x0000018CA7D7D590>>,0,0,0
Firm4,54,-53837.995768515415,110,<bound method Firm.goodsPrice of <__main__.Firm object at 0x0000018CA7B5FCE0>>,0,0,0
Firm5,54,-51859.07806778844,52,<bound method Firm.goodsPrice of <__main__.Firm object at 0x0000018CA7B5FE10>>,0,0,0
Firm6,54,-51927.45411758133,195,<bound method Firm.goodsPrice of <__main__.Firm object at 0x0000018CA7D75130>>,0,0,0
Firm7,54,-57669.06293063375,356,<bound method Firm.goodsPrice of <__main__.Firm object at 0x0000018CA7DC8C00>>,0,0,0
Firm8,54,-70129.22979395487,483,<bound method Firm.goodsPrice of <__main__.Firm object at 0x0000018CA7DC8D10>>,0,0,0
Firm9,54,-55816.42410259427,406,<bound method Firm.goodsPrice of <__main__.Firm object at 0x0000018CA7D5A950>>,0,0,0
Firm10,54,-48906.42147538091,304,<bound method Firm.goodsPrice of <__main__.Firm object at 0x0000018CA7D5AF50>>,0,0,0
Firm1,55,-49639.29838929481,0,<bound method Firm.goodsPrice of <__main__.Firm object at 0x0000018CA7D79940>>,0,0,0
Firm2,55,-47164.469968723046,0,<bound method Firm.goodsPrice of <__main__.Firm object at 0x0000018CA7D7D450>>,0,0,0
Firm3,55,-50483.543797729646,55,<bound method Firm.goodsPrice of <__main__.Firm object at 0x0000018CA7D7D590>>,0,0,0
Firm4,55,-54889.230400975815,113,<bound method Firm.goodsPrice of <__main__.Firm object at 0x0000018CA7B5FCE0>>,0,0,0
Firm5,55,-52817.70647502694,52,<bound method Firm.goodsPrice of <__main__.Firm object at 0x0000018CA7B5FE10>>,0,0,0
Firm6,55,-52884.25022498252,198,<bound method Firm.goodsPrice of <__main__.Firm object at 0x0000018CA7D75130>>,0,0,0
Firm7,55,-58741.81982996847,362,<bound method Firm.goodsPrice of <__main__.Firm object at 0x0000018CA7DC8C00>>,0,0,0
Firm8,55,-71444.49226221693,492,<bound method Firm.goodsPrice of <__main__.Firm object at 0x0000018CA7DC8D10>>,0,0,0
Firm9,55,-56864.397856522315,414,<bound method Firm.goodsPrice of <__main__.Firm object at 0x0000018CA7D5A950>>,0,0,0
Firm10,55,-49811.169105911875,308,<bound method Firm.goodsPrice of <__main__.Firm object at 0x0000018CA7D5AF50>>,0,0,0
Firm1,56,-50550.29274501164,0,<bound method Firm.goodsPrice of <__main__.Firm object at 0x0000018CA7D79940>>,0,0,0
Firm2,56,-48026.18719551071,0,<bound method Firm.goodsPrice of <__main__.Firm object at 0x0000018CA7D7D450>>,0,0,0
Firm3,56,-51412.03347864674,56,<bound method Firm.goodsPrice of <__main__.Firm object at 0x0000018CA7D7D590>>,0,0,0
Firm4,56,-55899.782254830454,115,<bound method Firm.goodsPrice of <__main__.Firm object at 0x0000018CA7B5FCE0>>,0,0,0
Firm5,56,-53789.39369711617,53,<bound method Firm.goodsPrice of <__main__.Firm object at 0x0000018CA7B5FE10>>,0,0,0
Firm6,56,-53841.04633238371,201,<bound method Firm.goodsPrice of <__main__.Firm object at 0x0000018CA7D75130>>,0,0,0
Firm7,56,-59814.57672930318,368,<bound method Firm.goodsPrice of <__main__.Firm object at 0x0000018CA7DC8C00>>,0,0,0
Firm8,56,-72798.56703421962,502,<bound method Firm.goodsPrice of <__main__.Firm object at 0x0000018CA7DC8D10>>,0,0,0
Firm9,56,-57912.37161045036,422,<bound method Firm.goodsPrice of <__main__.Firm object at 0x0000018CA7D5A950>>,0,0,0
Firm10,56,-50739.82063721218,315,<bound method Firm.goodsPrice of <__main__.Firm object at 0x0000018CA7D5AF50>>,0,0,0
Firm1,57,-51461.28710072847,0,<bound method Firm.goodsPrice of <__main__.Firm object at 0x0000018CA7D79940>>,0,0,0
Firm2,57,-48887.90442229838,0,<bound method Firm.goodsPrice of <__main__.Firm object at 0x0000018CA7D7D450>>,0,0,0
Firm3,57,-52340.52315956384,57,<bound method Firm.goodsPrice of <__main__.Firm object at 0x0000018CA7D7D590>>,0,0,0
Firm4,57,-56910.33410868509,117,<bound method Firm.goodsPrice of <__main__.Firm object at 0x0000018CA7B5FCE0>>,0,0,0
Firm5,57,-54761.08091920539,54,<bound method Firm.goodsPrice of <__main__.Firm object at 0x0000018CA7B5FE10>>,0,0,0
Firm6,57,-54809.12161297733,205,<bound method Firm.goodsPrice of <__main__.Firm object at 0x0000018CA7D75130>>,0,0,0
Firm7,57,-60887.3336286379,374,<bound method Firm.goodsPrice of <__main__.Firm object at 0x0000018CA7DC8C00>>,0,0,0
Firm8,57,-74076.42431927242,510,<bound method Firm.goodsPrice of <__main__.Firm object at 0x0000018CA7DC8D10>>,0,0,0
Firm9,57,-58954.80611885396,429,<bound method Firm.goodsPrice of <__main__.Firm object at 0x0000018CA7D5A950>>,0,0,0
Firm10,57,-51652.53623466626,320,<bound method Firm.goodsPrice of <__main__.Firm object at 0x0000018CA7D5AF50>>,0,0,0
Firm1,58,-52372.2814564453,0,<bound method Firm.goodsPrice of <__main__.Firm object at 0x0000018CA7D79940>>,0,0,0
Firm2,58,-49749.621649086046,0,<bound method Firm.goodsPrice of <__main__.Firm object at 0x0000018CA7D7D450>>,0,0,0
Firm3,58,-53269.01284048094,58,<bound method Firm.goodsPrice of <__main__.Firm object at 0x0000018CA7D7D590>>,0,0,0
Firm4,58,-57920.88596253973,119,<bound method Firm.goodsPrice of <__main__.Firm object at 0x0000018CA7B5FCE0>>,0,0,0
Firm5,58,-55732.76814129462,55,<bound method Firm.goodsPrice of <__main__.Firm object at 0x0000018CA7B5FE10>>,0,0,0
Firm6,58,-55765.91772037852,208,<bound method Firm.goodsPrice of <__main__.Firm object at 0x0000018CA7D75130>>,0,0,0
Firm7,58,-61972.00009310282,381,<bound method Firm.goodsPrice of <__main__.Firm object at 0x0000018CA7DC8C00>>,0,0,0
Firm8,58,-75391.68678753448,519,<bound method Firm.goodsPrice of <__main__.Firm object at 0x0000018CA7DC8D10>>,0,0,0
Firm9,58,-59990.27700879351,436,<bound method Firm.goodsPrice of <__main__.Firm object at 0x0000018CA7D5A950>>,0,0,0
Firm10,58,-52581.18776596656,327,<bound method Firm.goodsPrice of <__main__.Firm object at 0x0000018CA7D5AF50>>,0,0,0
Firm1,59,-53283.27581216213,0,<bound method Firm.goodsPrice of <__main__.Firm object at 0x0000018CA7D79940>>,0,0,0
Firm2,59,-50611.33887587371,0,<bound method Firm.goodsPrice of <__main__.Firm object at 0x0000018CA7D7D450>>,0,0,0
Firm3,59,-54197.50252139803,59,<bound method Firm.goodsPrice of <__main__.Firm object at 0x0000018CA7D7D590>>,0,0,0
Firm4,59,-58931.43781639437,121,<bound method Firm.goodsPrice of <__main__.Firm object at 0x0000018CA7B5FCE0>>,0,0,0
Firm5,59,-56704.455363383844,56,<bound method Firm.goodsPrice of <__main__.Firm object at 0x0000018CA7B5FE10>>,0,0,0
Firm6,59,-56733.99300097214,212,<bound method Firm.goodsPrice of <__main__.Firm object at 0x0000018CA7D75130>>,0,0,0
Firm7,59,-63044.756992437535,387,<bound method Firm.goodsPrice of <__main__.Firm object at 0x0000018CA7DC8C00>>,0,0,0
Firm8,59,-76708.35637632792,528,<bound method Firm.goodsPrice of <__main__.Firm object at 0x0000018CA7DC8D10>>,0,0,0
Firm9,59,-61017.75836000962,443,<bound method Firm.goodsPrice of <__main__.Firm object at 0x0000018CA7D5A950>>,0,0,0
Firm10,59,-53493.90336342064,332,<bound method Firm.goodsPrice of <__main__.Firm object at 0x0000018CA7D5AF50>>,0,0,0
Firm1,60,-54194.27016787896,0,<bound method Firm.goodsPrice of <__main__.Firm object at 0x0000018CA7D79940>>,0,0,0
Firm2,60,-51473.05610266138,0,<bound method Firm.goodsPrice of <__main__.Firm object at 0x0000018CA7D7D450>>,0,0,0
Firm3,60,-55125.99220231513,60,<bound method Firm.goodsPrice of <__main__.Firm object at 0x0000018CA7D7D590>>,0,0,0
Firm4,60,-59941.98967024901,123,<bound method Firm.goodsPrice of <__main__.Firm object at 0x0000018CA7B5FCE0>>,0,0,0
Firm5,60,-57676.14258547307,57,<bound method Firm.goodsPrice of <__main__.Firm object at 0x0000018CA7B5FE10>>,0,0,0
Firm6,60,-57713.34745475819,217,<bound method Firm.goodsPrice of <__main__.Firm object at 0x0000018CA7D75130>>,0,0,0
Firm7,60,-64129.423456902456,394,<bound method Firm.goodsPrice of <__main__.Firm object at 0x0000018CA7DC8C00>>,0,0,0
Firm8,60,-78023.61884458998,537,<bound method Firm.goodsPrice of <__main__.Firm object at 0x0000018CA7DC8D10>>,0,0,0
Firm9,60,-62040.72638596068,449,<bound method Firm.goodsPrice of <__main__.Firm object at 0x0000018CA7D5A950>>,0,0,0
Firm10,60,-54430.52286164406,340,<bound method Firm.goodsPrice of <__main__.Firm object at 0x0000018CA7D5AF50>>,0,0,0
Firm1,61,-55105.26452359579,0,<bound method Firm.goodsPrice of <__main__.Firm object at 0x0000018CA7D79940>>,0,0,0
Firm2,61,-52334.773329449046,0,<bound method Firm.goodsPrice of <__main__.Firm object at 0x0000018CA7D7D450>>,0,0,0
Firm3,61,-56054.48188323223,61,<bound method Firm.goodsPrice of <__main__.Firm object at 0x0000018CA7D7D590>>,0,0,0
Firm4,61,-60952.541524103646,125,<bound method Firm.goodsPrice of <__main__.Firm object at 0x0000018CA7B5FCE0>>,0,0,0
Firm5,61,-58647.829807562295,58,<bound method Firm.goodsPrice of <__main__.Firm object at 0x0000018CA7B5FE10>>,0,0,0
Firm6,61,-58681.422735351814,221,<bound method Firm.goodsPrice of <__main__.Firm object at 0x0000018CA7D75130>>,0,0,0
Firm7,61,-65202.18035623717,400,<bound method Firm.goodsPrice of <__main__.Firm object at 0x0000018CA7DC8C00>>,0,0,0
Firm8,61,-79338.88131285203,546,<bound method Firm.goodsPrice of <__main__.Firm object at 0x0000018CA7DC8D10>>,0,0,0
Firm9,61,-63089.08134016071,457,<bound method Firm.goodsPrice of <__main__.Firm object at 0x0000018CA7D5A950>>,0,0,0
Firm10,61,-55343.23845909814,345,<bound method Firm.goodsPrice of <__main__.Firm object at 0x0000018CA7D5AF50>>,0,0,0
Firm1,62,-56016.25887931262,0,<bound method Firm.goodsPrice of <__main__.Firm object at 0x0000018CA7D79940>>,0,0,0
Firm2,62,-53196.49055623671,0,<bound method Firm.goodsPrice of <__main__.Firm object at 0x0000018CA7D7D450>>,0,0,0
Firm3,62,-56982.971564149324,62,<bound method Firm.goodsPrice of <__main__.Firm object at 0x0000018CA7D7D590>>,0,0,0
Firm4,62,-61963.093377958285,127,<bound method Firm.goodsPrice of <__main__.Firm object at 0x0000018CA7B5FCE0>>,0,0,0
Firm5,62,-59619.51702965152,59,<bound method Firm.goodsPrice of <__main__.Firm object at 0x0000018CA7B5FE10>>,0,0,0
Firm6,62,-59649.498015945435,225,<bound method Firm.goodsPrice of <__main__.Firm object at 0x0000018CA7D75130>>,0,0,0
Firm7,62,-66286.84682070209,407,<bound method Firm.goodsPrice of <__main__.Firm object at 0x0000018CA7DC8C00>>,0,0,0
Firm8,62,-80655.55090164547,555,<bound method Firm.goodsPrice of <__main__.Firm object at 0x0000018CA7DC8D10>>,0,0,0
Firm9,62,-64124.552230100264,464,<bound method Firm.goodsPrice of <__main__.Firm object at 0x0000018CA7D5A950>>,0,0,0
Firm10,62,-56247.98608962911,349,<bound method Firm.goodsPrice of <__main__.Firm object at 0x0000018CA7D5AF50>>,0,0,0
Firm1,63,-56927.25323502945,0,<bound method Firm.goodsPrice of <__main__.Firm object at 0x0000018CA7D79940>>,0,0,0
Firm2,63,-54058.20778302438,0,<bound method Firm.goodsPrice of <__main__.Firm object at 0x0000018CA7D7D450>>,0,0,0
Firm3,63,-57911.46124506642,63,<bound method Firm.goodsPrice of <__main__.Firm object at 0x0000018CA7D7D590>>,0,0,0
Firm4,63,-62973.64523181292,129,<bound method Firm.goodsPrice of <__main__.Firm object at 0x0000018CA7B5FCE0>>,0,0,0
Firm5,63,-60591.204251740746,60,<bound method Firm.goodsPrice of <__main__.Firm object at 0x0000018CA7B5FE10>>,0,0,0
Firm6,63,-60606.294123346626,228,<bound method Firm.goodsPrice of <__main__.Firm object at 0x0000018CA7D75130>>,0,0,0
Firm7,63,-67371.51328516686,414,<bound method Firm.goodsPrice of <__main__.Firm object at 0x0000018CA7DC8C00>>,0,0,0
Firm8,63,-81970.81336990753,564,<bound method Firm.goodsPrice of <__main__.Firm object at 0x0000018CA7DC8D10>>,0,0,0
Firm9,63,-65172.52598402831,472,<bound method Firm.goodsPrice of <__main__.Firm object at 0x0000018CA7D5A950>>,0,0,0
Firm10,63,-57160.70168708319,354,<bound method Firm.goodsPrice of <__main__.Firm object at 0x0000018CA7D5AF50>>,0,0,0
Firm1,64,-57838.24759074628,0,<bound method Firm.goodsPrice of <__main__.Firm object at 0x0000018CA7D79940>>,0,0,0
Firm2,64,-54919.92500981205,0,<bound method Firm.goodsPrice of <__main__.Firm object at 0x0000018CA7D7D450>>,0,0,0
Firm3,64,-58839.95092598352,64,<bound method Firm.goodsPrice of <__main__.Firm object at 0x0000018CA7D7D590>>,0,0,0
Firm4,64,-63984.19708566756,131,<bound method Firm.goodsPrice of <__main__.Firm object at 0x0000018CA7B5FCE0>>,0,0,0
Firm5,64,-61562.89147382997,61,<bound method Firm.goodsPrice of <__main__.Firm object at 0x0000018CA7B5FE10>>,0,0,0
Firm6,64,-61574.36940394025,232,<bound method Firm.goodsPrice of <__main__.Firm object at 0x0000018CA7D75130>>,0,0,0
Firm7,64,-68456.17974963163,421,<bound method Firm.goodsPrice of <__main__.Firm object at 0x0000018CA7DC8C00>>,0,0,0
Firm8,64,-83286.07583816958,573,<bound method Firm.goodsPrice of <__main__.Firm object at 0x0000018CA7DC8D10>>,0,0,0
Firm9,64,-66201.41445577583,479,<bound method Firm.goodsPrice of <__main__.Firm object at 0x0000018CA7D5A950>>,0,0,0
Firm10,64,-58073.41728453727,359,<bound method Firm.goodsPrice of <__main__.Firm object at 0x0000018CA7D5AF50>>,0,0,0
Firm1,65,-58749.24194646311,0,<bound method Firm.goodsPrice of <__main__.Firm object at 0x0000018CA7D79940>>,0,0,0
Firm2,65,-55781.64223659971,0,<bound method Firm.goodsPrice of <__main__.Firm object at 0x0000018CA7D7D450>>,0,0,0
Firm3,65,-59768.440606900615,65,<bound method Firm.goodsPrice of <__main__.Firm object at 0x0000018CA7D7D590>>,0,0,0
Firm4,65,-64994.7489395222,133,<bound method Firm.goodsPrice of <__main__.Firm object at 0x0000018CA7B5FCE0>>,0,0,0
Firm5,65,-62534.5786959192,62,<bound method Firm.goodsPrice of <__main__.Firm object at 0x0000018CA7B5FE10>>,0,0,0
Firm6,65,-62542.44468453387,236,<bound method Firm.goodsPrice of <__main__.Firm object at 0x0000018CA7D75130>>,0,0,0
Firm7,65,-69528.93664896619,427,<bound method Firm.goodsPrice of <__main__.Firm object at 0x0000018CA7DC8C00>>,0,0,0
Firm8,65,-84602.74542696303,582,<bound method Firm.goodsPrice of <__main__.Firm object at 0x0000018CA7DC8D10>>,0,0,0
Firm9,65,-67249.38820970384,487,<bound method Firm.goodsPrice of <__main__.Firm object at 0x0000018CA7D5A950>>,0,0,0
Firm10,65,-59010.03678276068,367,<bound method Firm.goodsPrice of <__main__.Firm object at 0x0000018CA7D5AF50>>,0,0,0
Firm1,66,-59660.23630217994,0,<bound method Firm.goodsPrice of <__main__.Firm object at 0x0000018CA7D79940>>,0,0,0
Firm2,66,-56643.35946338738,0,<bound method Firm.goodsPrice of <__main__.Firm object at 0x0000018CA7D7D450>>,0,0,0
Firm3,66,-60696.93028781771,66,<bound method Firm.goodsPrice of <__main__.Firm object at 0x0000018CA7D7D590>>,0,0,0
Firm4,66,-66005.30079337684,135,<bound method Firm.goodsPrice of <__main__.Firm object at 0x0000018CA7B5FCE0>>,0,0,0
Firm5,66,-63506.26591800842,63,<bound method Firm.goodsPrice of <__main__.Firm object at 0x0000018CA7B5FE10>>,0,0,0
Firm6,66,-63499.24079193506,239,<bound method Firm.goodsPrice of <__main__.Firm object at 0x0000018CA7D75130>>,0,0,0
Firm7,66,-70613.60311343096,434,<bound method Firm.goodsPrice of <__main__.Firm object at 0x0000018CA7DC8C00>>,0,0,0
Firm8,66,-85918.00789522508,591,<bound method Firm.goodsPrice of <__main__.Firm object at 0x0000018CA7DC8D10>>,0,0,0
Firm9,66,-68279.31985411893,493,<bound method Firm.goodsPrice of <__main__.Firm object at 0x0000018CA7D5A950>>,0,0,0
Firm10,66,-59922.75238021476,372,<bound method Firm.goodsPrice of <__main__.Firm object at 0x0000018CA7D5AF50>>,0,0,0
Firm1,67,-60571.23065789677,0,<bound method Firm.goodsPrice of <__main__.Firm object at 0x0000018CA7D79940>>,0,0,0
Firm2,67,-57505.07669017505,0,<bound method Firm.goodsPrice of <__main__.Firm object at 0x0000018CA7D7D450>>,0,0,0
Firm3,67,-61625.41996873481,67,<bound method Firm.goodsPrice of <__main__.Firm object at 0x0000018CA7D7D590>>,0,0,0
Firm4,67,-67015.8526472315,137,<bound method Firm.goodsPrice of <__main__.Firm object at 0x0000018CA7B5FCE0>>,0,0,0
Firm5,67,-64477.95314009765,64,<bound method Firm.goodsPrice of <__main__.Firm object at 0x0000018CA7B5FE10>>,0,0,0
Firm6,67,-64467.31607252868,243,<bound method Firm.goodsPrice of <__main__.Firm object at 0x0000018CA7D75130>>,0,0,0
Firm7,67,-71698.26957789573,441,<bound method Firm.goodsPrice of <__main__.Firm object at 0x0000018CA7DC8C00>>,0,0,0
Firm8,67,-87195.86518027788,599,<bound method Firm.goodsPrice of <__main__.Firm object at 0x0000018CA7DC8D10>>,0,0,0
Firm9,67,-69325.22451511995,502,<bound method Firm.goodsPrice of <__main__.Firm object at 0x0000018CA7D5A950>>,0,0,0
Firm10,67,-60835.46797766884,377,<bound method Firm.goodsPrice of <__main__.Firm object at 0x0000018CA7D5AF50>>,0,0,0
Firm1,68,-61482.2250136136,0,<bound method Firm.goodsPrice of <__main__.Firm object at 0x0000018CA7D79940>>,0,0,0
Firm2,68,-58366.79391696271,0,<bound method Firm.goodsPrice of <__main__.Firm object at 0x0000018CA7D7D450>>,0,0,0
Firm3,68,-62553.909649651905,68,<bound method Firm.goodsPrice of <__main__.Firm object at 0x0000018CA7D7D590>>,0,0,0
Firm4,68,-68026.40450108616,139,<bound method Firm.goodsPrice of <__main__.Firm object at 0x0000018CA7B5FCE0>>,0,0,0
Firm5,68,-65449.64036218688,65,<bound method Firm.goodsPrice of <__main__.Firm object at 0x0000018CA7B5FE10>>,0,0,0
Firm6,68,-65424.11217992987,246,<bound method Firm.goodsPrice of <__main__.Firm object at 0x0000018CA7D75130>>,0,0,0
Firm7,68,-72782.9360423605,448,<bound method Firm.goodsPrice of <__main__.Firm object at 0x0000018CA7DC8C00>>,0,0,0
Firm8,68,-88549.93995228058,609,<bound method Firm.goodsPrice of <__main__.Firm object at 0x0000018CA7DC8D10>>,0,0,0
Firm9,68,-70373.19826904796,510,<bound method Firm.goodsPrice of <__main__.Firm object at 0x0000018CA7D5A950>>,0,0,0
Firm10,68,-61748.18357512292,382,<bound method Firm.goodsPrice of <__main__.Firm object at 0x0000018CA7D5AF50>>,0,0,0
Firm1,69,-62393.21936933043,0,<bound method Firm.goodsPrice of <__main__.Firm object at 0x0000018CA7D79940>>,0,0,0
Firm2,69,-59228.51114375038,0,<bound method Firm.goodsPrice of <__main__.Firm object at 0x0000018CA7D7D450>>,0,0,0
Firm3,69,-63482.399330569,69,<bound method Firm.goodsPrice of <__main__.Firm object at 0x0000018CA7D7D590>>,0,0,0
Firm4,69,-69036.95635494082,141,<bound method Firm.goodsPrice of <__main__.Firm object at 0x0000018CA7B5FCE0>>,0,0,0
Firm5,69,-66421.3275842761,66,<bound method Firm.goodsPrice of <__main__.Firm object at 0x0000018CA7B5FE10>>,0,0,0
Firm6,69,-66392.18746052346,250,<bound method Firm.goodsPrice of <__main__.Firm object at 0x0000018CA7D75130>>,0,0,0
Firm7,69,-73867.60250682526,455,<bound method Firm.goodsPrice of <__main__.Firm object at 0x0000018CA7DC8C00>>,0,0,0
Firm8,69,-89865.20242054263,618,<bound method Firm.goodsPrice of <__main__.Firm object at 0x0000018CA7DC8D10>>,0,0,0
Firm9,69,-71396.16629499901,516,<bound method Firm.goodsPrice of <__main__.Firm object at 0x0000018CA7D5A950>>,0,0,0
Firm10,69,-62668.867139500115,388,<bound method Firm.goodsPrice of <__main__.Firm object at 0x0000018CA7D5AF50>>,0,0,0
Firm1,70,-63304.21372504726,0,<bound method Firm.goodsPrice of <__main__.Firm object at 0x0000018CA7D79940>>,0,0,0
Firm2,70,-60090.22837053805,0,<bound method Firm.goodsPrice of <__main__.Firm object at 0x0000018CA7D7D450>>,0,0,0
Firm3,70,-64410.8890114861,70,<bound method Firm.goodsPrice of <__main__.Firm object at 0x0000018CA7D7D590>>,0,0,0
Firm4,70,-70047.50820879548,143,<bound method Firm.goodsPrice of <__main__.Firm object at 0x0000018CA7B5FCE0>>,0,0,0
Firm5,70,-67393.01480636555,67,<bound method Firm.goodsPrice of <__main__.Firm object at 0x0000018CA7B5FE10>>,0,0,0
Firm6,70,-67371.54191430968,255,<bound method Firm.goodsPrice of <__main__.Firm object at 0x0000018CA7D75130>>,0,0,0
Firm7,70,-74952.26897129003,462,<bound method Firm.goodsPrice of <__main__.Firm object at 0x0000018CA7DC8C00>>,0,0,0
Firm8,70,-91143.05970559543,626,<bound method Firm.goodsPrice of <__main__.Firm object at 0x0000018CA7DC8D10>>,0,0,0
Firm9,70,-72426.0979394141,522,<bound method Firm.goodsPrice of <__main__.Firm object at 0x0000018CA7D5A950>>,0,0,0
Firm10,70,-63597.51867080042,395,<bound method Firm.goodsPrice of <__main__.Firm object at 0x0000018CA7D5AF50>>,0,0,0
Firm1,71,-64215.20808076409,0,<bound method Firm.goodsPrice of <__main__.Firm object at 0x0000018CA7D79940>>,0,0,0
Firm2,71,-60951.94559732571,0,<bound method Firm.goodsPrice of <__main__.Firm object at 0x0000018CA7D7D450>>,0,0,0
Firm3,71,-65339.37869240318,71,<bound method Firm.goodsPrice of <__main__.Firm object at 0x0000018CA7D7D590>>,0,0,0
Firm4,71,-71058.06006265014,145,<bound method Firm.goodsPrice of <__main__.Firm object at 0x0000018CA7B5FCE0>>,0,0,0
Firm5,71,-68364.702028455,68,<bound method Firm.goodsPrice of <__main__.Firm object at 0x0000018CA7B5FE10>>,0,0,0
Firm6,71,-68339.61719490346,259,<bound method Firm.goodsPrice of <__main__.Firm object at 0x0000018CA7D75130>>,0,0,0
Firm7,71,-76025.0258706246,468,<bound method Firm.goodsPrice of <__main__.Firm object at 0x0000018CA7DC8C00>>,0,0,0
Firm8,71,-92497.13447759813,636,<bound method Firm.goodsPrice of <__main__.Firm object at 0x0000018CA7DC8D10>>,0,0,0
Firm9,71,-73474.07169334212,530,<bound method Firm.goodsPrice of <__main__.Firm object at 0x0000018CA7D5A950>>,0,0,0
Firm10,71,-64494.298334408275,398,<bound method Firm.goodsPrice of <__main__.Firm object at 0x0000018CA7D5AF50>>,0,0,0
Firm1,72,-65126.20243648092,0,<bound method Firm.goodsPrice of <__main__.Firm object at 0x0000018CA7D79940>>,0,0,0
Firm2,72,-61813.66282411338,0,<bound method Firm.goodsPrice of <__main__.Firm object at 0x0000018CA7D7D450>>,0,0,0
Firm3,72,-66267.86837332022,72,<bound method Firm.goodsPrice of <__main__.Firm object at 0x0000018CA7D7D590>>,0,0,0
Firm4,72,-72068.6119165048,147,<bound method Firm.goodsPrice of <__main__.Firm object at 0x0000018CA7B5FCE0>>,0,0,0
Firm5,72,-69336.38925054444,69,<bound method Firm.goodsPrice of <__main__.Firm object at 0x0000018CA7B5FE10>>,0,0,0
Firm6,72,-69307.69247549724,263,<bound method Firm.goodsPrice of <__main__.Firm object at 0x0000018CA7D75130>>,0,0,0
Firm7,72,-77109.69233508936,475,<bound method Firm.goodsPrice of <__main__.Firm object at 0x0000018CA7DC8C00>>,0,0,0
Firm8,72,-93812.39694586018,645,<bound method Firm.goodsPrice of <__main__.Firm object at 0x0000018CA7DC8D10>>,0,0,0
Firm9,72,-74509.54258328165,537,<bound method Firm.goodsPrice of <__main__.Firm object at 0x0000018CA7D5A950>>,0,0,0
Firm10,72,-65399.04596493924,402,<bound method Firm.goodsPrice of <__main__.Firm object at 0x0000018CA7D5AF50>>,0,0,0
Firm1,73,-66037.19679219775,0,<bound method Firm.goodsPrice of <__main__.Firm object at 0x0000018CA7D79940>>,0,0,0
Firm2,73,-62675.38005090105,0,<bound method Firm.goodsPrice of <__main__.Firm object at 0x0000018CA7D7D450>>,0,0,0
Firm3,73,-67196.35805423725,73,<bound method Firm.goodsPrice of <__main__.Firm object at 0x0000018CA7D7D590>>,0,0,0
Firm4,73,-73079.16377035946,149,<bound method Firm.goodsPrice of <__main__.Firm object at 0x0000018CA7B5FCE0>>,0,0,0
Firm5,73,-70308.07647263388,70,<bound method Firm.goodsPrice of <__main__.Firm object at 0x0000018CA7B5FE10>>,0,0,0
Firm6,73,-70275.76775609102,267,<bound method Firm.goodsPrice of <__main__.Firm object at 0x0000018CA7D75130>>,0,0,0
Firm7,73,-78182.44923442393,481,<bound method Firm.goodsPrice of <__main__.Firm object at 0x0000018CA7DC8C00>>,0,0,0
Firm8,73,-95090.25423091298,653,<bound method Firm.goodsPrice of <__main__.Firm object at 0x0000018CA7DC8D10>>,0,0,0
Firm9,73,-75557.51633720967,545,<bound method Firm.goodsPrice of <__main__.Firm object at 0x0000018CA7D5A950>>,0,0,0
Firm10,73,-66335.66546316266,410,<bound method Firm.goodsPrice of <__main__.Firm object at 0x0000018CA7D5AF50>>,0,0,0
Firm1,74,-66948.19114791458,0,<bound method Firm.goodsPrice of <__main__.Firm object at 0x0000018CA7D79940>>,0,0,0
Firm2,74,-63537.097277688714,0,<bound method Firm.goodsPrice of <__main__.Firm object at 0x0000018CA7D7D450>>,0,0,0
Firm3,74,-68124.84773515428,74,<bound method Firm.goodsPrice of <__main__.Firm object at 0x0000018CA7D7D590>>,0,0,0
Firm4,74,-74089.71562421412,151,<bound method Firm.goodsPrice of <__main__.Firm object at 0x0000018CA7B5FCE0>>,0,0,0
Firm5,74,-71279.76369472333,71,<bound method Firm.goodsPrice of <__main__.Firm object at 0x0000018CA7B5FE10>>,0,0,0
Firm6,74,-71232.56386349237,270,<bound method Firm.goodsPrice of <__main__.Firm object at 0x0000018CA7D75130>>,0,0,0
Firm7,74,-79267.1156988887,488,<bound method Firm.goodsPrice of <__main__.Firm object at 0x0000018CA7DC8C00>>,0,0,0
Firm8,74,-96444.32900291568,663,<bound method Firm.goodsPrice of <__main__.Firm object at 0x0000018CA7DC8D10>>,0,0,0
Firm9,74,-76574.94511763628,550,<bound method Firm.goodsPrice of <__main__.Firm object at 0x0000018CA7D5A950>>,0,0,0
Firm10,74,-67256.34902753985,416,<bound method Firm.goodsPrice of <__main__.Firm object at 0x0000018CA7D5AF50>>,0,0,0
Firm1,75,-67859.18550363141,0,<bound method Firm.goodsPrice of <__main__.Firm object at 0x0000018CA7D79940>>,0,0,0
Firm2,75,-64398.81450447638,0,<bound method Firm.goodsPrice of <__main__.Firm object at 0x0000018CA7D7D450>>,0,0,0
Firm3,75,-69053.33741607131,75,<bound method Firm.goodsPrice of <__main__.Firm object at 0x0000018CA7D7D590>>,0,0,0
Firm4,75,-75100.26747806878,153,<bound method Firm.goodsPrice of <__main__.Firm object at 0x0000018CA7B5FCE0>>,0,0,0
Firm5,75,-72251.45091681277,72,<bound method Firm.goodsPrice of <__main__.Firm object at 0x0000018CA7B5FE10>>,0,0,0
Firm6,75,-72200.63914408615,274,<bound method Firm.goodsPrice of <__main__.Firm object at 0x0000018CA7D75130>>,0,0,0
Firm7,75,-80339.87259822326,494,<bound method Firm.goodsPrice of <__main__.Firm object at 0x0000018CA7DC8C00>>,0,0,0
Firm8,75,-97722.18628796848,671,<bound method Firm.goodsPrice of <__main__.Firm object at 0x0000018CA7DC8D10>>,0,0,0
Firm9,75,-77627.43219682934,559,<bound method Firm.goodsPrice of <__main__.Firm object at 0x0000018CA7D5A950>>,0,0,0
Firm10,75,-68185.00055884015,423,<bound method Firm.goodsPrice of <__main__.Firm object at 0x0000018CA7D5AF50>>,0,0,0
Firm1,76,-68770.17985934824,0,<bound method Firm.goodsPrice of <__main__.Firm object at 0x0000018CA7D79940>>,0,0,0
Firm2,76,-65260.531731264055,0,<bound method Firm.goodsPrice of <__main__.Firm object at 0x0000018CA7D7D450>>,0,0,0
Firm3,76,-69981.82709698835,76,<bound method Firm.goodsPrice of <__main__.Firm object at 0x0000018CA7D7D590>>,0,0,0
Firm4,76,-76110.81933192344,155,<bound method Firm.goodsPrice of <__main__.Firm object at 0x0000018CA7B5FCE0>>,0,0,0
Firm5,76,-73223.13813890221,73,<bound method Firm.goodsPrice of <__main__.Firm object at 0x0000018CA7B5FE10>>,0,0,0
Firm6,76,-73157.43525148749,277,<bound method Firm.goodsPrice of <__main__.Firm object at 0x0000018CA7D75130>>,0,0,0
Firm7,76,-81424.53906268803,501,<bound method Firm.goodsPrice of <__main__.Firm object at 0x0000018CA7DC8C00>>,0,0,0
Firm8,76,-99037.44875623053,680,<bound method Firm.goodsPrice of <__main__.Firm object at 0x0000018CA7DC8D10>>,0,0,0
Firm9,76,-78668.82353256531,567,<bound method Firm.goodsPrice of <__main__.Firm object at 0x0000018CA7D5A950>>,0,0,0
Firm10,76,-69089.74818937112,427,<bound method Firm.goodsPrice of <__main__.Firm object at 0x0000018CA7D5AF50>>,0,0,0
Firm1,77,-69681.17421506507,0,<bound method Firm.goodsPrice of <__main__.Firm object at 0x0000018CA7D79940>>,0,0,0
Firm2,77,-66122.24895805173,0,<bound method Firm.goodsPrice of <__main__.Firm object at 0x0000018CA7D7D450>>,0,0,0
Firm3,77,-70910.31677790538,77,<bound method Firm.goodsPrice of <__main__.Firm object at 0x0000018CA7D7D590>>,0,0,0
Firm4,77,-77121.3711857781,157,<bound method Firm.goodsPrice of <__main__.Firm object at 0x0000018CA7B5FCE0>>,0,0,0
Firm5,77,-74194.82536099166,74,<bound method Firm.goodsPrice of <__main__.Firm object at 0x0000018CA7B5FE10>>,0,0,0
Firm6,77,-74125.51053208127,281,<bound method Firm.goodsPrice of <__main__.Firm object at 0x0000018CA7D75130>>,0,0,0
Firm7,77,-82509.2055271528,508,<bound method Firm.goodsPrice of <__main__.Firm object at 0x0000018CA7DC8C00>>,0,0,0
Firm8,77,-100354.11834502398,689,<bound method Firm.goodsPrice of <__main__.Firm object at 0x0000018CA7DC8D10>>,0,0,0
Firm9,77,-79721.31061175837,576,<bound method Firm.goodsPrice of <__main__.Firm object at 0x0000018CA7D5A950>>,0,0,0
Firm10,77,-70010.43175374831,433,<bound method Firm.goodsPrice of <__main__.Firm object at 0x0000018CA7D5AF50>>,0,0,0
Firm1,78,-70592.1685707819,0,<bound method Firm.goodsPrice of <__main__.Firm object at 0x0000018CA7D79940>>,0,0,0
Firm2,78,-66983.96618483937,0,<bound method Firm.goodsPrice of <__main__.Firm object at 0x0000018CA7D7D450>>,0,0,0
Firm3,78,-71838.80645882241,78,<bound method Firm.goodsPrice of <__main__.Firm object at 0x0000018CA7D7D590>>,0,0,0
Firm4,78,-78131.92303963276,159,<bound method Firm.goodsPrice of <__main__.Firm object at 0x0000018CA7B5FCE0>>,0,0,0
Firm5,78,-75166.5125830811,75,<bound method Firm.goodsPrice of <__main__.Firm object at 0x0000018CA7B5FE10>>,0,0,0
Firm6,78,-75093.58581267505,285,<bound method Firm.goodsPrice of <__main__.Firm object at 0x0000018CA7D75130>>,0,0,0
Firm7,78,-83593.87199161756,515,<bound method Firm.goodsPrice of <__main__.Firm object at 0x0000018CA7DC8C00>>,0,0,0
Firm8,78,-101669.38081328603,698,<bound method Firm.goodsPrice of <__main__.Firm object at 0x0000018CA7DC8D10>>,0,0,0
Firm9,78,-80751.24225617346,582,<bound method Firm.goodsPrice of <__main__.Firm object at 0x0000018CA7D5A950>>,0,0,0
Firm10,78,-70923.1473512024,438,<bound method Firm.goodsPrice of <__main__.Firm object at 0x0000018CA7D5AF50>>,0,0,0
Firm1,79,-71503.16292649873,0,<bound method Firm.goodsPrice of <__main__.Firm object at 0x0000018CA7D79940>>,0,0,0
Firm2,79,-67845.68341162702,0,<bound method Firm.goodsPrice of <__main__.Firm object at 0x0000018CA7D7D450>>,0,0,0
Firm3,79,-72767.29613973944,79,<bound method Firm.goodsPrice of <__main__.Firm object at 0x0000018CA7D7D590>>,0,0,0
Firm4,79,-79142.47489348742,161,<bound method Firm.goodsPrice of <__main__.Firm object at 0x0000018CA7B5FCE0>>,0,0,0
Firm5,79,-76138.19980517055,76,<bound method Firm.goodsPrice of <__main__.Firm object at 0x0000018CA7B5FE10>>,0,0,0
Firm6,79,-76050.3819200764,288,<bound method Firm.goodsPrice of <__main__.Firm object at 0x0000018CA7D75130>>,0,0,0
Firm7,79,-84678.53845608233,522,<bound method Firm.goodsPrice of <__main__.Firm object at 0x0000018CA7DC8C00>>,0,0,0
Firm8,79,-102984.64328154808,707,<bound method Firm.goodsPrice of <__main__.Firm object at 0x0000018CA7DC8D10>>,0,0,0
Firm9,79,-81792.63359190943,590,<bound method Firm.goodsPrice of <__main__.Firm object at 0x0000018CA7D5A950>>,0,0,0
Firm10,79,-71835.86294865648,443,<bound method Firm.goodsPrice of <__main__.Firm object at 0x0000018CA7D5AF50>>,0,0,0
Firm1,80,-72414.15728221556,0,<bound method Firm.goodsPrice of <__main__.Firm object at 0x0000018CA7D79940>>,0,0,0
Firm2,80,-68707.40063841466,0,<bound method Firm.goodsPrice of <__main__.Firm object at 0x0000018CA7D7D450>>,0,0,0
Firm3,80,-73695.78582065647,80,<bound method Firm.goodsPrice of <__main__.Firm object at 0x0000018CA7D7D590>>,0,0,0
Firm4,80,-80153.02674734208,163,<bound method Firm.goodsPrice of <__main__.Firm object at 0x0000018CA7B5FCE0>>,0,0,0
Firm5,80,-77109.88702725999,77,<bound method Firm.goodsPrice of <__main__.Firm object at 0x0000018CA7B5FE10>>,0,0,0
Firm6,80,-77029.73637386262,293,<bound method Firm.goodsPrice of <__main__.Firm object at 0x0000018CA7D75130>>,0,0,0
Firm7,80,-85763.2049205471,529,<bound method Firm.goodsPrice of <__main__.Firm object at 0x0000018CA7DC8C00>>,0,0,0
Firm8,80,-104301.31287034153,716,<bound method Firm.goodsPrice of <__main__.Firm object at 0x0000018CA7DC8D10>>,0,0,0
Firm9,80,-82815.60161786048,596,<bound method Firm.goodsPrice of <__main__.Firm object at 0x0000018CA7D5A950>>,0,0,0
Firm10,80,-72748.57854611056,448,<bound method Firm.goodsPrice of <__main__.Firm object at 0x0000018CA7D5AF50>>,0,0,0
Firm1,81,-73325.15163793239,0,<bound method Firm.goodsPrice of <__main__.Firm object at 0x0000018CA7D79940>>,0,0,0
Firm2,81,-69569.11786520231,0,<bound method Firm.goodsPrice of <__main__.Firm object at 0x0000018CA7D7D450>>,0,0,0
Firm3,81,-74624.2755015735,81,<bound method Firm.goodsPrice of <__main__.Firm object at 0x0000018CA7D7D590>>,0,0,0
Firm4,81,-81204.26137980251,166,<bound method Firm.goodsPrice of <__main__.Firm object at 0x0000018CA7B5FCE0>>,0,0,0
Firm5,81,-78068.51543449871,77,<bound method Firm.goodsPrice of <__main__.Firm object at 0x0000018CA7B5FE10>>,0,0,0
Firm6,81,-77997.8116544564,297,<bound method Firm.goodsPrice of <__main__.Firm object at 0x0000018CA7D75130>>,0,0,0
Firm7,81,-86824.05225475146,534,<bound method Firm.goodsPrice of <__main__.Firm object at 0x0000018CA7DC8C00>>,0,0,0
Firm8,81,-105616.57533860358,725,<bound method Firm.goodsPrice of <__main__.Firm object at 0x0000018CA7DC8D10>>,0,0,0
Firm9,81,-83863.5753717885,604,<bound method Firm.goodsPrice of <__main__.Firm object at 0x0000018CA7D5A950>>,0,0,0
Firm10,81,-73661.29414356464,453,<bound method Firm.goodsPrice of <__main__.Firm object at 0x0000018CA7D5AF50>>,0,0,0
Firm1,82,-74236.14599364922,0,<bound method Firm.goodsPrice of <__main__.Firm object at 0x0000018CA7D79940>>,0,0,0
Firm2,82,-70430.83509198995,0,<bound method Firm.goodsPrice of <__main__.Firm object at 0x0000018CA7D7D450>>,0,0,0
Firm3,82,-75552.76518249053,82,<bound method Firm.goodsPrice of <__main__.Firm object at 0x0000018CA7D7D590>>,0,0,0
Firm4,82,-82214.81323365717,168,<bound method Firm.goodsPrice of <__main__.Firm object at 0x0000018CA7B5FCE0>>,0,0,0
Firm5,82,-79040.20265658815,78,<bound method Firm.goodsPrice of <__main__.Firm object at 0x0000018CA7B5FE10>>,0,0,0
Firm6,82,-78965.88693505018,301,<bound method Firm.goodsPrice of <__main__.Firm object at 0x0000018CA7D75130>>,0,0,0
Firm7,82,-87908.71871921622,541,<bound method Firm.goodsPrice of <__main__.Firm object at 0x0000018CA7DC8C00>>,0,0,0
Firm8,82,-106931.83780686563,734,<bound method Firm.goodsPrice of <__main__.Firm object at 0x0000018CA7DC8D10>>,0,0,0
Firm9,82,-84911.9303259885,612,<bound method Firm.goodsPrice of <__main__.Firm object at 0x0000018CA7D5A950>>,0,0,0
Firm10,82,-74558.07380717249,456,<bound method Firm.goodsPrice of <__main__.Firm object at 0x0000018CA7D5AF50>>,0,0,0
Firm1,83,-75147.14034936605,0,<bound method Firm.goodsPrice of <__main__.Firm object at 0x0000018CA7D79940>>,0,0,0
Firm2,83,-71292.5523187776,0,<bound method Firm.goodsPrice of <__main__.Firm object at 0x0000018CA7D7D450>>,0,0,0
Firm3,83,-76481.25486340756,83,<bound method Firm.goodsPrice of <__main__.Firm object at 0x0000018CA7D7D590>>,0,0,0
Firm4,83,-83225.36508751183,170,<bound method Firm.goodsPrice of <__main__.Firm object at 0x0000018CA7B5FCE0>>,0,0,0
Firm5,83,-80011.8898786776,79,<bound method Firm.goodsPrice of <__main__.Firm object at 0x0000018CA7B5FE10>>,0,0,0
Firm6,83,-79933.96221564396,305,<bound method Firm.goodsPrice of <__main__.Firm object at 0x0000018CA7D75130>>,0,0,0
Firm7,83,-88993.38518368099,548,<bound method Firm.goodsPrice of <__main__.Firm object at 0x0000018CA7DC8C00>>,0,0,0
Firm8,83,-108248.50739565908,743,<bound method Firm.goodsPrice of <__main__.Firm object at 0x0000018CA7DC8D10>>,0,0,0
Firm9,83,-85947.40121592804,619,<bound method Firm.goodsPrice of <__main__.Firm object at 0x0000018CA7D5A950>>,0,0,0
Firm10,83,-75470.78940462657,461,<bound method Firm.goodsPrice of <__main__.Firm object at 0x0000018CA7D5AF50>>,0,0,0
Firm1,84,-76058.13470508288,0,<bound method Firm.goodsPrice of <__main__.Firm object at 0x0000018CA7D79940>>,0,0,0
Firm2,84,-72154.26954556524,0,<bound method Firm.goodsPrice of <__main__.Firm object at 0x0000018CA7D7D450>>,0,0,0
Firm3,84,-77409.7445443246,84,<bound method Firm.goodsPrice of <__main__.Firm object at 0x0000018CA7D7D590>>,0,0,0
Firm4,84,-84235.9169413665,172,<bound method Firm.goodsPrice of <__main__.Firm object at 0x0000018CA7B5FCE0>>,0,0,0
Firm5,84,-80983.57710076704,80,<bound method Firm.goodsPrice of <__main__.Firm object at 0x0000018CA7B5FE10>>,0,0,0
Firm6,84,-80879.47914985286,307,<bound method Firm.goodsPrice of <__main__.Firm object at 0x0000018CA7D75130>>,0,0,0
Firm7,84,-90078.05164814576,555,<bound method Firm.goodsPrice of <__main__.Firm object at 0x0000018CA7DC8C00>>,0,0,0
Firm8,84,-109563.76986392113,752,<bound method Firm.goodsPrice of <__main__.Firm object at 0x0000018CA7DC8D10>>,0,0,0
Firm9,84,-86982.87210586757,626,<bound method Firm.goodsPrice of <__main__.Firm object at 0x0000018CA7D5A950>>,0,0,0
Firm10,84,-76399.44093592688,468,<bound method Firm.goodsPrice of <__main__.Firm object at 0x0000018CA7D5AF50>>,0,0,0
Firm1,85,-76969.1290607997,0,<bound method Firm.goodsPrice of <__main__.Firm object at 0x0000018CA7D79940>>,0,0,0
Firm2,85,-73015.98677235289,0,<bound method Firm.goodsPrice of <__main__.Firm object at 0x0000018CA7D7D450>>,0,0,0
Firm3,85,-78338.23422524163,85,<bound method Firm.goodsPrice of <__main__.Firm object at 0x0000018CA7D7D590>>,0,0,0
Firm4,85,-85246.46879522115,174,<bound method Firm.goodsPrice of <__main__.Firm object at 0x0000018CA7B5FCE0>>,0,0,0
Firm5,85,-81955.26432285648,81,<bound method Firm.goodsPrice of <__main__.Firm object at 0x0000018CA7B5FE10>>,0,0,0
Firm6,85,-81847.55443044665,311,<bound method Firm.goodsPrice of <__main__.Firm object at 0x0000018CA7D75130>>,0,0,0
Firm7,85,-91150.80854748032,561,<bound method Firm.goodsPrice of <__main__.Firm object at 0x0000018CA7DC8C00>>,0,0,0
Firm8,85,-110841.62714897393,760,<bound method Firm.goodsPrice of <__main__.Firm object at 0x0000018CA7DC8D10>>,0,0,0
Firm9,85,-88022.85632107215,634,<bound method Firm.goodsPrice of <__main__.Firm object at 0x0000018CA7D5A950>>,0,0,0
Firm10,85,-77336.06043415029,476,<bound method Firm.goodsPrice of <__main__.Firm object at 0x0000018CA7D5AF50>>,0,0,0
Firm1,86,-77880.12341651654,0,<bound method Firm.goodsPrice of <__main__.Firm object at 0x0000018CA7D79940>>,0,0,0
Firm2,86,-73877.70399914053,0,<bound method Firm.goodsPrice of <__main__.Firm object at 0x0000018CA7D7D450>>,0,0,0
Firm3,86,-79266.72390615866,86,<bound method Firm.goodsPrice of <__main__.Firm object at 0x0000018CA7D7D590>>,0,0,0
Firm4,86,-86257.02064907581,176,<bound method Firm.goodsPrice of <__main__.Firm object at 0x0000018CA7B5FCE0>>,0,0,0
Firm5,86,-82926.95154494593,82,<bound method Firm.goodsPrice of <__main__.Firm object at 0x0000018CA7B5FE10>>,0,0,0
Firm6,86,-82804.35053784799,314,<bound method Firm.goodsPrice of <__main__.Firm object at 0x0000018CA7D75130>>,0,0,0
Firm7,86,-92235.47501194509,568,<bound method Firm.goodsPrice of <__main__.Firm object at 0x0000018CA7DC8C00>>,0,0,0
Firm8,86,-112195.70192097663,770,<bound method Firm.goodsPrice of <__main__.Firm object at 0x0000018CA7DC8D10>>,0,0,0
Firm9,86,-89065.29082947572,641,<bound method Firm.goodsPrice of <__main__.Firm object at 0x0000018CA7D5A950>>,0,0,0
Firm10,86,-78256.74399852748,482,<bound method Firm.goodsPrice of <__main__.Firm object at 0x0000018CA7D5AF50>>,0,0,0
Firm1,87,-78791.11777223337,0,<bound method Firm.goodsPrice of <__main__.Firm object at 0x0000018CA7D79940>>,0,0,0
Firm2,87,-74739.42122592818,0,<bound method Firm.goodsPrice of <__main__.Firm object at 0x0000018CA7D7D450>>,0,0,0
Firm3,87,-80195.21358707569,87,<bound method Firm.goodsPrice of <__main__.Firm object at 0x0000018CA7D7D590>>,0,0,0
Firm4,87,-87267.57250293047,178,<bound method Firm.goodsPrice of <__main__.Firm object at 0x0000018CA7B5FCE0>>,0,0,0
Firm5,87,-83898.63876703537,83,<bound method Firm.goodsPrice of <__main__.Firm object at 0x0000018CA7B5FE10>>,0,0,0
Firm6,87,-83761.14664524933,317,<bound method Firm.goodsPrice of <__main__.Firm object at 0x0000018CA7D75130>>,0,0,0
Firm7,87,-93308.23191127965,574,<bound method Firm.goodsPrice of <__main__.Firm object at 0x0000018CA7DC8C00>>,0,0,0
Firm8,87,-113510.96438923868,779,<bound method Firm.goodsPrice of <__main__.Firm object at 0x0000018CA7DC8D10>>,0,0,0
Firm9,87,-90113.26458340374,649,<bound method Firm.goodsPrice of <__main__.Firm object at 0x0000018CA7D5A950>>,0,0,0
Firm10,87,-79169.45959598156,487,<bound method Firm.goodsPrice of <__main__.Firm object at 0x0000018CA7D5AF50>>,0,0,0
Firm1,88,-79702.1121279502,0,<bound method Firm.goodsPrice of <__main__.Firm object at 0x0000018CA7D79940>>,0,0,0
Firm2,88,-75601.13845271582,0,<bound method Firm.goodsPrice of <__main__.Firm object at 0x0000018CA7D7D450>>,0,0,0
Firm3,88,-81123.70326799272,88,<bound method Firm.goodsPrice of <__main__.Firm object at 0x0000018CA7D7D590>>,0,0,0
Firm4,88,-88278.12435678513,180,<bound method Firm.goodsPrice of <__main__.Firm object at 0x0000018CA7B5FCE0>>,0,0,0
Firm5,88,-84870.32598912482,84,<bound method Firm.goodsPrice of <__main__.Firm object at 0x0000018CA7B5FE10>>,0,0,0
Firm6,88,-84717.94275265068,320,<bound method Firm.goodsPrice of <__main__.Firm object at 0x0000018CA7D75130>>,0,0,0
Firm7,88,-94392.89837574442,581,<bound method Firm.goodsPrice of <__main__.Firm object at 0x0000018CA7DC8C00>>,0,0,0
Firm8,88,-114788.82167429148,787,<bound method Firm.goodsPrice of <__main__.Firm object at 0x0000018CA7DC8D10>>,0,0,0
Firm9,88,-91161.23833733176,657,<bound method Firm.goodsPrice of <__main__.Firm object at 0x0000018CA7D5A950>>,0,0,0
Firm10,88,-80082.17519343564,492,<bound method Firm.goodsPrice of <__main__.Firm object at 0x0000018CA7D5AF50>>,0,0,0
Firm1,89,-80613.10648366703,0,<bound method Firm.goodsPrice of <__main__.Firm object at 0x0000018CA7D79940>>,0,0,0
Firm2,89,-76462.85567950347,0,<bound method Firm.goodsPrice of <__main__.Firm object at 0x0000018CA7D7D450>>,0,0,0
Firm3,89,-82052.19294890975,89,<bound method Firm.goodsPrice of <__main__.Firm object at 0x0000018CA7D7D590>>,0,0,0
Firm4,89,-89288.6762106398,182,<bound method Firm.goodsPrice of <__main__.Firm object at 0x0000018CA7B5FCE0>>,0,0,0
Firm5,89,-85842.01321121426,85,<bound method Firm.goodsPrice of <__main__.Firm object at 0x0000018CA7B5FE10>>,0,0,0
Firm6,89,-85674.73886005202,323,<bound method Firm.goodsPrice of <__main__.Firm object at 0x0000018CA7D75130>>,0,0,0
Firm7,89,-95465.65527507899,587,<bound method Firm.goodsPrice of <__main__.Firm object at 0x0000018CA7DC8C00>>,0,0,0
Firm8,89,-116142.89644629418,797,<bound method Firm.goodsPrice of <__main__.Firm object at 0x0000018CA7DC8D10>>,0,0,0
Firm9,89,-92209.21209125977,665,<bound method Firm.goodsPrice of <__main__.Firm object at 0x0000018CA7D5A950>>,0,0,0
Firm10,89,-81018.79469165906,500,<bound method Firm.goodsPrice of <__main__.Firm object at 0x0000018CA7D5AF50>>,0,0,0
Firm1,90,-81524.10083938386,0,<bound method Firm.goodsPrice of <__main__.Firm object at 0x0000018CA7D79940>>,0,0,0
Firm2,90,-77324.57290629111,0,<bound method Firm.goodsPrice of <__main__.Firm object at 0x0000018CA7D7D450>>,0,0,0
Firm3,90,-82980.68262982678,90,<bound method Firm.goodsPrice of <__main__.Firm object at 0x0000018CA7D7D590>>,0,0,0
Firm4,90,-90299.22806449445,184,<bound method Firm.goodsPrice of <__main__.Firm object at 0x0000018CA7B5FCE0>>,0,0,0
Firm5,90,-86813.7004333037,86,<bound method Firm.goodsPrice of <__main__.Firm object at 0x0000018CA7B5FE10>>,0,0,0
Firm6,90,-86642.8141406458,327,<bound method Firm.goodsPrice of <__main__.Firm object at 0x0000018CA7D75130>>,0,0,0
Firm7,90,-96538.41217441355,593,<bound method Firm.goodsPrice of <__main__.Firm object at 0x0000018CA7DC8C00>>,0,0,0
Firm8,90,-117458.15891455623,806,<bound method Firm.goodsPrice of <__main__.Firm object at 0x0000018CA7DC8D10>>,0,0,0
Firm9,90,-93239.14373567486,671,<bound method Firm.goodsPrice of <__main__.Firm object at 0x0000018CA7D5A950>>,0,0,0
Firm10,90,-81923.54232219003,504,<bound method Firm.goodsPrice of <__main__.Firm object at 0x0000018CA7D5AF50>>,0,0,0
Firm1,91,-82435.09519510069,0,<bound method Firm.goodsPrice of <__main__.Firm object at 0x0000018CA7D79940>>,0,0,0
Firm2,91,-78186.29013307876,0,<bound method Firm.goodsPrice of <__main__.Firm object at 0x0000018CA7D7D450>>,0,0,0
Firm3,91,-83909.17231074382,91,<bound method Firm.goodsPrice of <__main__.Firm object at 0x0000018CA7D7D590>>,0,0,0
Firm4,91,-91309.77991834912,186,<bound method Firm.goodsPrice of <__main__.Firm object at 0x0000018CA7B5FCE0>>,0,0,0
Firm5,91,-87785.38765539315,87,<bound method Firm.goodsPrice of <__main__.Firm object at 0x0000018CA7B5FE10>>,0,0,0
Firm6,91,-87622.16859443202,332,<bound method Firm.goodsPrice of <__main__.Firm object at 0x0000018CA7D75130>>,0,0,0
Firm7,91,-97623.07863887832,600,<bound method Firm.goodsPrice of <__main__.Firm object at 0x0000018CA7DC8C00>>,0,0,0
Firm8,91,-118736.01619960903,814,<bound method Firm.goodsPrice of <__main__.Firm object at 0x0000018CA7DC8D10>>,0,0,0
Firm9,91,-94293.03793539932,680,<bound method Firm.goodsPrice of <__main__.Firm object at 0x0000018CA7D5A950>>,0,0,0
Firm10,91,-82844.22588656722,510,<bound method Firm.goodsPrice of <__main__.Firm object at 0x0000018CA7D5AF50>>,0,0,0
Firm1,92,-83346.08955081752,0,<bound method Firm.goodsPrice of <__main__.Firm object at 0x0000018CA7D79940>>,0,0,0
Firm2,92,-79048.0073598664,0,<bound method Firm.goodsPrice of <__main__.Firm object at 0x0000018CA7D7D450>>,0,0,0
Firm3,92,-84837.66199166085,92,<bound method Firm.goodsPrice of <__main__.Firm object at 0x0000018CA7D7D590>>,0,0,0
Firm4,92,-92320.33177220378,188,<bound method Firm.goodsPrice of <__main__.Firm object at 0x0000018CA7B5FCE0>>,0,0,0
Firm5,92,-88757.07487748259,88,<bound method Firm.goodsPrice of <__main__.Firm object at 0x0000018CA7B5FE10>>,0,0,0
Firm6,92,-88567.68552864093,334,<bound method Firm.goodsPrice of <__main__.Firm object at 0x0000018CA7D75130>>,0,0,0
Firm7,92,-98707.74510334308,607,<bound method Firm.goodsPrice of <__main__.Firm object at 0x0000018CA7DC8C00>>,0,0,0
Firm8,92,-120090.09097161173,824,<bound method Firm.goodsPrice of <__main__.Firm object at 0x0000018CA7DC8D10>>,0,0,0
Firm9,92,-95316.00596135037,686,<bound method Firm.goodsPrice of <__main__.Firm object at 0x0000018CA7D5A950>>,0,0,0
Firm10,92,-83756.9414840213,515,<bound method Firm.goodsPrice of <__main__.Firm object at 0x0000018CA7D5AF50>>,0,0,0
Firm1,93,-84257.08390653435,0,<bound method Firm.goodsPrice of <__main__.Firm object at 0x0000018CA7D79940>>,0,0,0
Firm2,93,-79909.72458665405,0,<bound method Firm.goodsPrice of <__main__.Firm object at 0x0000018CA7D7D450>>,0,0,0
Firm3,93,-85766.15167257788,93,<bound method Firm.goodsPrice of <__main__.Firm object at 0x0000018CA7D7D590>>,0,0,0
Firm4,93,-93330.88362605844,190,<bound method Firm.goodsPrice of <__main__.Firm object at 0x0000018CA7B5FCE0>>,0,0,0
Firm5,93,-89728.76209957204,89,<bound method Firm.goodsPrice of <__main__.Firm object at 0x0000018CA7B5FE10>>,0,0,0
Firm6,93,-89535.7608092347,338,<bound method Firm.goodsPrice of <__main__.Firm object at 0x0000018CA7D75130>>,0,0,0
Firm7,93,-99792.41156780785,614,<bound method Firm.goodsPrice of <__main__.Firm object at 0x0000018CA7DC8C00>>,0,0,0
Firm8,93,-121367.94825666453,832,<bound method Firm.goodsPrice of <__main__.Firm object at 0x0000018CA7DC8D10>>,0,0,0
Firm9,93,-96368.49304054343,695,<bound method Firm.goodsPrice of <__main__.Firm object at 0x0000018CA7D5A950>>,0,0,0
Firm10,93,-84693.56098224471,523,<bound method Firm.goodsPrice of <__main__.Firm object at 0x0000018CA7D5AF50>>,0,0,0
Firm1,94,-85168.07826225118,0,<bound method Firm.goodsPrice of <__main__.Firm object at 0x0000018CA7D79940>>,0,0,0
Firm2,94,-80771.44181344169,0,<bound method Firm.goodsPrice of <__main__.Firm object at 0x0000018CA7D7D450>>,0,0,0
Firm3,94,-86694.64135349491,94,<bound method Firm.goodsPrice of <__main__.Firm object at 0x0000018CA7D7D590>>,0,0,0
Firm4,94,-94341.4354799131,192,<bound method Firm.goodsPrice of <__main__.Firm object at 0x0000018CA7B5FCE0>>,0,0,0
Firm5,94,-90700.44932166148,90,<bound method Firm.goodsPrice of <__main__.Firm object at 0x0000018CA7B5FE10>>,0,0,0
Firm6,94,-90481.27774344361,340,<bound method Firm.goodsPrice of <__main__.Firm object at 0x0000018CA7D75130>>,0,0,0
Firm7,94,-100877.07803227262,621,<bound method Firm.goodsPrice of <__main__.Firm object at 0x0000018CA7DC8C00>>,0,0,0
Firm8,94,-122683.21072492658,841,<bound method Firm.goodsPrice of <__main__.Firm object at 0x0000018CA7DC8D10>>,0,0,0
Firm9,94,-97397.38151229091,702,<bound method Firm.goodsPrice of <__main__.Firm object at 0x0000018CA7D5A950>>,0,0,0
Firm10,94,-85622.21251354502,530,<bound method Firm.goodsPrice of <__main__.Firm object at 0x0000018CA7D5AF50>>,0,0,0
Firm1,95,-86079.072617968,0,<bound method Firm.goodsPrice of <__main__.Firm object at 0x0000018CA7D79940>>,0,0,0
Firm2,95,-81633.15904022934,0,<bound method Firm.goodsPrice of <__main__.Firm object at 0x0000018CA7D7D450>>,0,0,0
Firm3,95,-87623.13103441194,95,<bound method Firm.goodsPrice of <__main__.Firm object at 0x0000018CA7D7D590>>,0,0,0
Firm4,95,-95351.98733376776,194,<bound method Firm.goodsPrice of <__main__.Firm object at 0x0000018CA7B5FCE0>>,0,0,0
Firm5,95,-91672.13654375092,91,<bound method Firm.goodsPrice of <__main__.Firm object at 0x0000018CA7B5FE10>>,0,0,0
Firm6,95,-91449.3530240374,344,<bound method Firm.goodsPrice of <__main__.Firm object at 0x0000018CA7D75130>>,0,0,0
Firm7,95,-101961.74449673739,628,<bound method Firm.goodsPrice of <__main__.Firm object at 0x0000018CA7DC8C00>>,0,0,0
Firm8,95,-123999.88031372003,850,<bound method Firm.goodsPrice of <__main__.Firm object at 0x0000018CA7DC8D10>>,0,0,0
Firm9,95,-98444.32934595953,710,<bound method Firm.goodsPrice of <__main__.Firm object at 0x0000018CA7D5A950>>,0,0,0
Firm10,95,-86542.89607792221,536,<bound method Firm.goodsPrice of <__main__.Firm object at 0x0000018CA7D5AF50>>,0,0,0
Firm1,96,-86990.06697368484,0,<bound method Firm.goodsPrice of <__main__.Firm object at 0x0000018CA7D79940>>,0,0,0
Firm2,96,-82494.87626701698,0,<bound method Firm.goodsPrice of <__main__.Firm object at 0x0000018CA7D7D450>>,0,0,0
Firm3,96,-88551.62071532897,96,<bound method Firm.goodsPrice of <__main__.Firm object at 0x0000018CA7D7D590>>,0,0,0
Firm4,96,-96362.53918762242,196,<bound method Firm.goodsPrice of <__main__.Firm object at 0x0000018CA7B5FCE0>>,0,0,0
Firm5,96,-92643.82376584037,92,<bound method Firm.goodsPrice of <__main__.Firm object at 0x0000018CA7B5FE10>>,0,0,0
Firm6,96,-92406.14913143874,347,<bound method Firm.goodsPrice of <__main__.Firm object at 0x0000018CA7D75130>>,0,0,0
Firm7,96,-103046.41096120216,635,<bound method Firm.goodsPrice of <__main__.Firm object at 0x0000018CA7DC8C00>>,0,0,0
Firm8,96,-125315.14278198208,859,<bound method Firm.goodsPrice of <__main__.Firm object at 0x0000018CA7DC8D10>>,0,0,0
Firm9,96,-99479.80023589906,717,<bound method Firm.goodsPrice of <__main__.Firm object at 0x0000018CA7D5A950>>,0,0,0
Firm10,96,-87447.64370845318,540,<bound method Firm.goodsPrice of <__main__.Firm object at 0x0000018CA7D5AF50>>,0,0,0
Firm1,97,-87901.06132940167,0,<bound method Firm.goodsPrice of <__main__.Firm object at 0x0000018CA7D79940>>,0,0,0
Firm2,97,-83356.59349380463,0,<bound method Firm.goodsPrice of <__main__.Firm object at 0x0000018CA7D7D450>>,0,0,0
Firm3,97,-89480.110396246,97,<bound method Firm.goodsPrice of <__main__.Firm object at 0x0000018CA7D7D590>>,0,0,0
Firm4,97,-97373.09104147708,198,<bound method Firm.goodsPrice of <__main__.Firm object at 0x0000018CA7B5FCE0>>,0,0,0
Firm5,97,-93615.51098792981,93,<bound method Firm.goodsPrice of <__main__.Firm object at 0x0000018CA7B5FE10>>,0,0,0
Firm6,97,-93362.94523884008,350,<bound method Firm.goodsPrice of <__main__.Firm object at 0x0000018CA7D75130>>,0,0,0
Firm7,97,-104131.07742566692,642,<bound method Firm.goodsPrice of <__main__.Firm object at 0x0000018CA7DC8C00>>,0,0,0
Firm8,97,-126630.40525024413,868,<bound method Firm.goodsPrice of <__main__.Firm object at 0x0000018CA7DC8D10>>,0,0,0
Firm9,97,-100533.69443562352,726,<bound method Firm.goodsPrice of <__main__.Firm object at 0x0000018CA7D5A950>>,0,0,0
Firm10,97,-88360.35930590726,545,<bound method Firm.goodsPrice of <__main__.Firm object at 0x0000018CA7D5AF50>>,0,0,0
Firm1,98,-88812.0556851185,0,<bound method Firm.goodsPrice of <__main__.Firm object at 0x0000018CA7D79940>>,0,0,0
Firm2,98,-84218.31072059227,0,<bound method Firm.goodsPrice of <__main__.Firm object at 0x0000018CA7D7D450>>,0,0,0
Firm3,98,-90408.60007716304,98,<bound method Firm.goodsPrice of <__main__.Firm object at 0x0000018CA7D7D590>>,0,0,0
Firm4,98,-98383.64289533174,200,<bound method Firm.goodsPrice of <__main__.Firm object at 0x0000018CA7B5FCE0>>,0,0,0
Firm5,98,-94587.19821001925,94,<bound method Firm.goodsPrice of <__main__.Firm object at 0x0000018CA7B5FE10>>,0,0,0
Firm6,98,-94319.74134624143,353,<bound method Firm.goodsPrice of <__main__.Firm object at 0x0000018CA7D75130>>,0,0,0
Firm7,98,-105215.7438901317,649,<bound method Firm.goodsPrice of <__main__.Firm object at 0x0000018CA7DC8C00>>,0,0,0
Firm8,98,-127947.07483903758,877,<bound method Firm.goodsPrice of <__main__.Firm object at 0x0000018CA7DC8D10>>,0,0,0
Firm9,98,-101581.66818955154,734,<bound method Firm.goodsPrice of <__main__.Firm object at 0x0000018CA7D5A950>>,0,0,0
Firm10,98,-89281.04287028445,551,<bound method Firm.goodsPrice of <__main__.Firm object at 0x0000018CA7D5AF50>>,0,0,0
Firm1,99,-89723.05004083533,0,<bound method Firm.goodsPrice of <__main__.Firm object at 0x0000018CA7D79940>>,0,0,0
Firm2,99,-85080.02794737992,0,<bound method Firm.goodsPrice of <__main__.Firm object at 0x0000018CA7D7D450>>,0,0,0
Firm3,99,-91337.08975808007,99,<bound method Firm.goodsPrice of <__main__.Firm object at 0x0000018CA7D7D590>>,0,0,0
Firm4,99,-99394.1947491864,202,<bound method Firm.goodsPrice of <__main__.Firm object at 0x0000018CA7B5FCE0>>,0,0,0
Firm5,99,-95558.8854321087,95,<bound method Firm.goodsPrice of <__main__.Firm object at 0x0000018CA7B5FE10>>,0,0,0
Firm6,99,-95299.09580002764,358,<bound method Firm.goodsPrice of <__main__.Firm object at 0x0000018CA7D75130>>,0,0,0
Firm7,99,-106276.59122433605,654,<bound method Firm.goodsPrice of <__main__.Firm object at 0x0000018CA7DC8C00>>,0,0,0
Firm8,99,-129262.33730729963,886,<bound method Firm.goodsPrice of <__main__.Firm object at 0x0000018CA7DC8D10>>,0,0,0
Firm9,99,-102611.59983396663,740,<bound method Firm.goodsPrice of <__main__.Firm object at 0x0000018CA7D5A950>>,0,0,0
Firm10,99,-90201.72643466164,557,<bound method Firm.goodsPrice of <__main__.Firm object at 0x0000018CA7D5AF50>>,0,0,0
Firm1,100,-90634.04439655216,0,<bound method Firm.goodsPrice of <__main__.Firm object at 0x0000018CA7D79940>>,0,0,0
Firm2,100,-85941.74517416756,0,<bound method Firm.goodsPrice of <__main__.Firm object at 0x0000018CA7D7D450>>,0,0,0
Firm3,100,-92265.5794389971,100,<bound method Firm.goodsPrice of <__main__.Firm object at 0x0000018CA7D7D590>>,0,0,0
Firm4,100,-100404.74660304106,204,<bound method Firm.goodsPrice of <__main__.Firm object at 0x0000018CA7B5FCE0>>,0,0,0
Firm5,100,-96530.57265419814,96,<bound method Firm.goodsPrice of <__main__.Firm object at 0x0000018CA7B5FE10>>,0,0,0
Firm6,100,-96267.17108062143,362,<bound method Firm.goodsPrice of <__main__.Firm object at 0x0000018CA7D75130>>,0,0,0
Firm7,100,-107361.25768880082,661,<bound method Firm.goodsPrice of <__main__.Firm object at 0x0000018CA7DC8C00>>,0,0,0
Firm8,100,-130577.59977556168,895,<bound method Firm.goodsPrice of <__main__.Firm object at 0x0000018CA7DC8D10>>,0,0,0
Firm9,100,-103665.49403369108,749,<bound method Firm.goodsPrice of <__main__.Firm object at 0x0000018CA7D5A950>>,0,0,0
Firm10,100,-91106.47406519261,561,<bound method Firm.goodsPrice of <__main__.Firm object at 0x0000018CA7D5AF50>>,0,0,0
Firm1,101,-91545.03875226899,0,<bound method Firm.goodsPrice of <__main__.Firm object at 0x0000018CA7D79940>>,0,0,0
Firm2,101,-86803.4624009552,0,<bound method Firm.goodsPrice of <__main__.Firm object at 0x0000018CA7D7D450>>,0,0,0
Firm3,101,-93194.06911991413,101,<bound method Firm.goodsPrice of <__main__.Firm object at 0x0000018CA7D7D590>>,0,0,0
Firm4,101,-101415.29845689572,206,<bound method Firm.goodsPrice of <__main__.Firm object at 0x0000018CA7B5FCE0>>,0,0,0
Firm5,101,-97502.25987628759,97,<bound method Firm.goodsPrice of <__main__.Firm object at 0x0000018CA7B5FE10>>,0,0,0
Firm6,101,-97235.2463612152,366,<bound method Firm.goodsPrice of <__main__.Firm object at 0x0000018CA7D75130>>,0,0,0
Firm7,101,-108434.01458813538,667,<bound method Firm.goodsPrice of <__main__.Firm object at 0x0000018CA7DC8C00>>,0,0,0
Firm8,101,-131894.26936435513,904,<bound method Firm.goodsPrice of <__main__.Firm object at 0x0000018CA7DC8D10>>,0,0,0
Firm9,101,-104688.46205964213,755,<bound method Firm.goodsPrice of <__main__.Firm object at 0x0000018CA7D5A950>>,0,0,0
Firm10,101,-92035.12559649292,568,<bound method Firm.goodsPrice of <__main__.Firm object at 0x0000018CA7D5AF50>>,0,0,0
Firm1,102,-92456.03310798582,0,<bound method Firm.goodsPrice of <__main__.Firm object at 0x0000018CA7D79940>>,0,0,0
Firm2,102,-87665.17962774285,0,<bound method Firm.goodsPrice of <__main__.Firm object at 0x0000018CA7D7D450>>,0,0,0
Firm3,102,-94122.55880083116,102,<bound method Firm.goodsPrice of <__main__.Firm object at 0x0000018CA7D7D590>>,0,0,0
Firm4,102,-102425.85031075038,208,<bound method Firm.goodsPrice of <__main__.Firm object at 0x0000018CA7B5FCE0>>,0,0,0
Firm5,102,-98473.94709837703,98,<bound method Firm.goodsPrice of <__main__.Firm object at 0x0000018CA7B5FE10>>,0,0,0
Firm6,102,-98192.04246861655,369,<bound method Firm.goodsPrice of <__main__.Firm object at 0x0000018CA7D75130>>,0,0,0
Firm7,102,-109518.68105260015,674,<bound method Firm.goodsPrice of <__main__.Firm object at 0x0000018CA7DC8C00>>,0,0,0
Firm8,102,-133209.531832617,913,<bound method Firm.goodsPrice of <__main__.Firm object at 0x0000018CA7DC8D10>>,0,0,0
Firm9,102,-105736.43581357015,763,<bound method Firm.goodsPrice of <__main__.Firm object at 0x0000018CA7D5A950>>,0,0,0
Firm10,102,-92963.77712779322,575,<bound method Firm.goodsPrice of <__main__.Firm object at 0x0000018CA7D5AF50>>,0,0,0
Firm1,103,-93367.02746370265,0,<bound method Firm.goodsPrice of <__main__.Firm object at 0x0000018CA7D79940>>,0,0,0
Firm2,103,-88526.8968545305,0,<bound method Firm.goodsPrice of <__main__.Firm object at 0x0000018CA7D7D450>>,0,0,0
Firm3,103,-95051.04848174819,103,<bound method Firm.goodsPrice of <__main__.Firm object at 0x0000018CA7D7D590>>,0,0,0
Firm4,103,-103436.40216460504,210,<bound method Firm.goodsPrice of <__main__.Firm object at 0x0000018CA7B5FCE0>>,0,0,0
Firm5,103,-99445.63432046647,99,<bound method Firm.goodsPrice of <__main__.Firm object at 0x0000018CA7B5FE10>>,0,0,0
Firm6,103,-99160.11774921033,373,<bound method Firm.goodsPrice of <__main__.Firm object at 0x0000018CA7D75130>>,0,0,0
Firm7,103,-110591.43795193471,680,<bound method Firm.goodsPrice of <__main__.Firm object at 0x0000018CA7DC8C00>>,0,0,0
Firm8,103,-134487.38911766963,921,<bound method Firm.goodsPrice of <__main__.Firm object at 0x0000018CA7DC8D10>>,0,0,0
Firm9,103,-106770.88078325028,770,<bound method Firm.goodsPrice of <__main__.Firm object at 0x0000018CA7D5A950>>,0,0,0
Firm10,103,-93884.46069217041,581,<bound method Firm.goodsPrice of <__main__.Firm object at 0x0000018CA7D5AF50>>,0,0,0
Firm1,104,-94278.02181941947,0,<bound method Firm.goodsPrice of <__main__.Firm object at 0x0000018CA7D79940>>,0,0,0
Firm2,104,-89388.61408131814,0,<bound method Firm.goodsPrice of <__main__.Firm object at 0x0000018CA7D7D450>>,0,0,0
Firm3,104,-95979.53816266522,104,<bound method Firm.goodsPrice of <__main__.Firm object at 0x0000018CA7D7D590>>,0,0,0
Firm4,104,-104446.9540184597,212,<bound method Firm.goodsPrice of <__main__.Firm object at 0x0000018CA7B5FCE0>>,0,0,0
Firm5,104,-100417.32154255592,100,<bound method Firm.goodsPrice of <__main__.Firm object at 0x0000018CA7B5FE10>>,0,0,0
Firm6,104,-100128.19302980411,377,<bound method Firm.goodsPrice of <__main__.Firm object at 0x0000018CA7D75130>>,0,0,0
Firm7,104,-111676.10441639948,687,<bound method Firm.goodsPrice of <__main__.Firm object at 0x0000018CA7DC8C00>>,0,0,0
Firm8,104,-135841.46388967216,931,<bound method Firm.goodsPrice of <__main__.Firm object at 0x0000018CA7DC8D10>>,0,0,0
Firm9,104,-107818.8545371783,778,<bound method Firm.goodsPrice of <__main__.Firm object at 0x0000018CA7D5A950>>,0,0,0
Firm10,104,-94781.24035577827,584,<bound method Firm.goodsPrice of <__main__.Firm object at 0x0000018CA7D5AF50>>,0,0,0
Firm1,105,-95189.0161751363,0,<bound method Firm.goodsPrice of <__main__.Firm object at 0x0000018CA7D79940>>,0,0,0
Firm2,105,-90250.33130810579,0,<bound method Firm.goodsPrice of <__main__.Firm object at 0x0000018CA7D7D450>>,0,0,0
Firm3,105,-96908.02784358225,105,<bound method Firm.goodsPrice of <__main__.Firm object at 0x0000018CA7D7D590>>,0,0,0
Firm4,105,-105457.50587231436,214,<bound method Firm.goodsPrice of <__main__.Firm object at 0x0000018CA7B5FCE0>>,0,0,0
Firm5,105,-101389.00876464536,101,<bound method Firm.goodsPrice of <__main__.Firm object at 0x0000018CA7B5FE10>>,0,0,0
Firm6,105,-101084.98913720546,380,<bound method Firm.goodsPrice of <__main__.Firm object at 0x0000018CA7D75130>>,0,0,0
Firm7,105,-112760.77088086425,694,<bound method Firm.goodsPrice of <__main__.Firm object at 0x0000018CA7DC8C00>>,0,0,0
Firm8,105,-137156.72635793404,940,<bound method Firm.goodsPrice of <__main__.Firm object at 0x0000018CA7DC8D10>>,0,0,0
Firm9,105,-108866.82829110631,786,<bound method Firm.goodsPrice of <__main__.Firm object at 0x0000018CA7D5A950>>,0,0,0
Firm10,105,-95701.92392015546,590,<bound method Firm.goodsPrice of <__main__.Firm object at 0x0000018CA7D5AF50>>,0,0,0
Firm1,106,-96100.01053085313,0,<bound method Firm.goodsPrice of <__main__.Firm object at 0x0000018CA7D79940>>,0,0,0
Firm2,106,-91112.04853489343,0,<bound method Firm.goodsPrice of <__main__.Firm object at 0x0000018CA7D7D450>>,0,0,0
Firm3,106,-97836.51752449929,106,<bound method Firm.goodsPrice of <__main__.Firm object at 0x0000018CA7D7D590>>,0,0,0
Firm4,106,-106468.05772616902,216,<bound method Firm.goodsPrice of <__main__.Firm object at 0x0000018CA7B5FCE0>>,0,0,0
Firm5,106,-102360.6959867348,102,<bound method Firm.goodsPrice of <__main__.Firm object at 0x0000018CA7B5FE10>>,0,0,0
Firm6,106,-102053.06441779924,384,<bound method Firm.goodsPrice of <__main__.Firm object at 0x0000018CA7D75130>>,0,0,0
Firm7,106,-113845.43734532902,701,<bound method Firm.goodsPrice of <__main__.Firm object at 0x0000018CA7DC8C00>>,0,0,0
Firm8,106,-138434.58364298666,948,<bound method Firm.goodsPrice of <__main__.Firm object at 0x0000018CA7DC8D10>>,0,0,0
Firm9,106,-109877.29345306888,791,<bound method Firm.goodsPrice of <__main__.Firm object at 0x0000018CA7D5A950>>,0,0,0
Firm10,106,-96622.60748453265,596,<bound method Firm.goodsPrice of <__main__.Firm object at 0x0000018CA7D5AF50>>,0,0,0
Firm1,107,-97011.00488656996,0,<bound method Firm.goodsPrice of <__main__.Firm object at 0x0000018CA7D79940>>,0,0,0
Firm2,107,-91973.76576168108,0,<bound method Firm.goodsPrice of <__main__.Firm object at 0x0000018CA7D7D450>>,0,0,0
Firm3,107,-98765.00720541632,107,<bound method Firm.goodsPrice of <__main__.Firm object at 0x0000018CA7D7D590>>,0,0,0
Firm4,107,-107519.29235862945,219,<bound method Firm.goodsPrice of <__main__.Firm object at 0x0000018CA7B5FCE0>>,0,0,0
Firm5,107,-103319.32439397353,102,<bound method Firm.goodsPrice of <__main__.Firm object at 0x0000018CA7B5FE10>>,0,0,0
Firm6,107,-103009.86052520058,387,<bound method Firm.goodsPrice of <__main__.Firm object at 0x0000018CA7D75130>>,0,0,0
Firm7,107,-114918.19424466358,707,<bound method Firm.goodsPrice of <__main__.Firm object at 0x0000018CA7DC8C00>>,0,0,0
Firm8,107,-139788.6584149892,958,<bound method Firm.goodsPrice of <__main__.Firm object at 0x0000018CA7DC8D10>>,0,0,0
Firm9,107,-110919.72796147245,798,<bound method Firm.goodsPrice of <__main__.Firm object at 0x0000018CA7D5A950>>,0,0,0
Firm10,107,-97543.29104890984,602,<bound method Firm.goodsPrice of <__main__.Firm object at 0x0000018CA7D5AF50>>,0,0,0
Firm1,108,-97921.9992422868,0,<bound method Firm.goodsPrice of <__main__.Firm object at 0x0000018CA7D79940>>,0,0,0
Firm2,108,-92835.48298846872,0,<bound method Firm.goodsPrice of <__main__.Firm object at 0x0000018CA7D7D450>>,0,0,0
Firm3,108,-99693.49688633335,108,<bound method Firm.goodsPrice of <__main__.Firm object at 0x0000018CA7D7D590>>,0,0,0
Firm4,108,-108529.84421248411,221,<bound method Firm.goodsPrice of <__main__.Firm object at 0x0000018CA7B5FCE0>>,0,0,0
Firm5,108,-104291.01161606297,103,<bound method Firm.goodsPrice of <__main__.Firm object at 0x0000018CA7B5FE10>>,0,0,0
Firm6,108,-103977.93580579436,391,<bound method Firm.goodsPrice of <__main__.Firm object at 0x0000018CA7D75130>>,0,0,0
Firm7,108,-115990.95114399814,713,<bound method Firm.goodsPrice of <__main__.Firm object at 0x0000018CA7DC8C00>>,0,0,0
Firm8,108,-141103.92088325106,967,<bound method Firm.goodsPrice of <__main__.Firm object at 0x0000018CA7DC8D10>>,0,0,0
Firm9,108,-111955.19885141199,805,<bound method Firm.goodsPrice of <__main__.Firm object at 0x0000018CA7D5A950>>,0,0,0
Firm10,108,-98448.03867944081,606,<bound method Firm.goodsPrice of <__main__.Firm object at 0x0000018CA7D5AF50>>,0,0,0
Firm1,109,-98832.99359800362,0,<bound method Firm.goodsPrice of <__main__.Firm object at 0x0000018CA7D79940>>,0,0,0
Firm2,109,-93697.20021525637,0,<bound method Firm.goodsPrice of <__main__.Firm object at 0x0000018CA7D7D450>>,0,0,0
Firm3,109,-100621.98656725038,109,<bound method Firm.goodsPrice of <__main__.Firm object at 0x0000018CA7D7D590>>,0,0,0
Firm4,109,-109540.39606633877,223,<bound method Firm.goodsPrice of <__main__.Firm object at 0x0000018CA7B5FCE0>>,0,0,0
Firm5,109,-105262.69883815241,104,<bound method Firm.goodsPrice of <__main__.Firm object at 0x0000018CA7B5FE10>>,0,0,0
Firm6,109,-104957.29025958058,396,<bound method Firm.goodsPrice of <__main__.Firm object at 0x0000018CA7D75130>>,0,0,0
Firm7,109,-117075.61760846291,720,<bound method Firm.goodsPrice of <__main__.Firm object at 0x0000018CA7DC8C00>>,0,0,0
Firm8,109,-142381.7781683037,975,<bound method Firm.goodsPrice of <__main__.Firm object at 0x0000018CA7DC8D10>>,0,0,0
Firm9,109,-112984.08732315947,812,<bound method Firm.goodsPrice of <__main__.Firm object at 0x0000018CA7D5A950>>,0,0,0
Firm10,109,-99368.722243818,612,<bound method Firm.goodsPrice of <__main__.Firm object at 0x0000018CA7D5AF50>>,0,0,0
Firm1,110,-99743.98795372045,0,<bound method Firm.goodsPrice of <__main__.Firm object at 0x0000018CA7D79940>>,0,0,0
Firm2,110,-94558.91744204401,0,<bound method Firm.goodsPrice of <__main__.Firm object at 0x0000018CA7D7D450>>,0,0,0
Firm3,110,-101550.47624816741,110,<bound method Firm.goodsPrice of <__main__.Firm object at 0x0000018CA7D7D590>>,0,0,0
Firm4,110,-110550.94792019343,225,<bound method Firm.goodsPrice of <__main__.Firm object at 0x0000018CA7B5FCE0>>,0,0,0
Firm5,110,-106234.38606024186,105,<bound method Firm.goodsPrice of <__main__.Firm object at 0x0000018CA7B5FE10>>,0,0,0
Firm6,110,-105925.36554017436,400,<bound method Firm.goodsPrice of <__main__.Firm object at 0x0000018CA7D75130>>,0,0,0
Firm7,110,-118160.28407292768,727,<bound method Firm.goodsPrice of <__main__.Firm object at 0x0000018CA7DC8C00>>,0,0,0
Firm8,110,-143735.8529403062,985,<bound method Firm.goodsPrice of <__main__.Firm object at 0x0000018CA7DC8D10>>,0,0,0
Firm9,110,-114019.55821309901,819,<bound method Firm.goodsPrice of <__main__.Firm object at 0x0000018CA7D5A950>>,0,0,0
Firm10,110,-100289.4058081952,618,<bound method Firm.goodsPrice of <__main__.Firm object at 0x0000018CA7D5AF50>>,0,0,0
Firm1,111,-100654.98230943728,0,<bound method Firm.goodsPrice of <__main__.Firm object at 0x0000018CA7D79940>>,0,0,0
Firm2,111,-95420.63466883166,0,<bound method Firm.goodsPrice of <__main__.Firm object at 0x0000018CA7D7D450>>,0,0,0
Firm3,111,-102478.96592908444,111,<bound method Firm.goodsPrice of <__main__.Firm object at 0x0000018CA7D7D590>>,0,0,0
Firm4,111,-111561.49977404809,227,<bound method Firm.goodsPrice of <__main__.Firm object at 0x0000018CA7B5FCE0>>,0,0,0
Firm5,111,-107206.0732823313,106,<bound method Firm.goodsPrice of <__main__.Firm object at 0x0000018CA7B5FE10>>,0,0,0
Firm6,111,-106893.44082076814,404,<bound method Firm.goodsPrice of <__main__.Firm object at 0x0000018CA7D75130>>,0,0,0
Firm7,111,-119244.95053739245,734,<bound method Firm.goodsPrice of <__main__.Firm object at 0x0000018CA7DC8C00>>,0,0,0
Firm8,111,-145013.71022535884,993,<bound method Firm.goodsPrice of <__main__.Firm object at 0x0000018CA7DC8D10>>,0,0,0
Firm9,111,-115054.00318277914,826,<bound method Firm.goodsPrice of <__main__.Firm object at 0x0000018CA7D5A950>>,0,0,0
Firm10,111,-101202.12140564928,623,<bound method Firm.goodsPrice of <__main__.Firm object at 0x0000018CA7D5AF50>>,0,0,0
Firm1,112,-101565.97666515411,0,<bound method Firm.goodsPrice of <__main__.Firm object at 0x0000018CA7D79940>>,0,0,0
Firm2,112,-96282.3518956193,0,<bound method Firm.goodsPrice of <__main__.Firm object at 0x0000018CA7D7D450>>,0,0,0
Firm3,112,-103407.45561000147,112,<bound method Firm.goodsPrice of <__main__.Firm object at 0x0000018CA7D7D590>>,0,0,0
Firm4,112,-112572.05162790275,229,<bound method Firm.goodsPrice of <__main__.Firm object at 0x0000018CA7B5FCE0>>,0,0,0
Firm5,112,-108177.76050442074,107,<bound method Firm.goodsPrice of <__main__.Firm object at 0x0000018CA7B5FE10>>,0,0,0
Firm6,112,-107861.51610136192,408,<bound method Firm.goodsPrice of <__main__.Firm object at 0x0000018CA7D75130>>,0,0,0
Firm7,112,-120329.61700185722,741,<bound method Firm.goodsPrice of <__main__.Firm object at 0x0000018CA7DC8C00>>,0,0,0
Firm8,112,-146328.97269362072,1002,<bound method Firm.goodsPrice of <__main__.Firm object at 0x0000018CA7DC8D10>>,0,0,0
Firm9,112,-116095.39451851511,834,<bound method Firm.goodsPrice of <__main__.Firm object at 0x0000018CA7D5A950>>,0,0,0
Firm10,112,-102122.80497002647,629,<bound method Firm.goodsPrice of <__main__.Firm object at 0x0000018CA7D5AF50>>,0,0,0
Firm1,113,-102476.97102087094,0,<bound method Firm.goodsPrice of <__main__.Firm object at 0x0000018CA7D79940>>,0,0,0
Firm2,113,-97144.06912240695,0,<bound method Firm.goodsPrice of <__main__.Firm object at 0x0000018CA7D7D450>>,0,0,0
Firm3,113,-104335.9452909185,113,<bound method Firm.goodsPrice of <__main__.Firm object at 0x0000018CA7D7D590>>,0,0,0
Firm4,113,-113582.60348175741,231,<bound method Firm.goodsPrice of <__main__.Firm object at 0x0000018CA7B5FCE0>>,0,0,0
Firm5,113,-109149.44772651019,108,<bound method Firm.goodsPrice of <__main__.Firm object at 0x0000018CA7B5FE10>>,0,0,0
Firm6,113,-108818.31220876327,411,<bound method Firm.goodsPrice of <__main__.Firm object at 0x0000018CA7D75130>>,0,0,0
Firm7,113,-121402.37390119178,747,<bound method Firm.goodsPrice of <__main__.Firm object at 0x0000018CA7DC8C00>>,0,0,0
Firm8,113,-147645.642282414,1011,<bound method Firm.goodsPrice of <__main__.Firm object at 0x0000018CA7DC8D10>>,0,0,0
Firm9,113,-117147.88159770817,843,<bound method Firm.goodsPrice of <__main__.Firm object at 0x0000018CA7D5A950>>,0,0,0
Firm10,113,-103035.52056748055,634,<bound method Firm.goodsPrice of <__main__.Firm object at 0x0000018CA7D5AF50>>,0,0,0
Firm1,114,-103387.96537658777,0,<bound method Firm.goodsPrice of <__main__.Firm object at 0x0000018CA7D79940>>,0,0,0
Firm2,114,-98005.78634919459,0,<bound method Firm.goodsPrice of <__main__.Firm object at 0x0000018CA7D7D450>>,0,0,0
Firm3,114,-105264.43497183554,114,<bound method Firm.goodsPrice of <__main__.Firm object at 0x0000018CA7D7D590>>,0,0,0
Firm4,114,-114593.15533561207,233,<bound method Firm.goodsPrice of <__main__.Firm object at 0x0000018CA7B5FCE0>>,0,0,0
Firm5,114,-110121.13494859963,109,<bound method Firm.goodsPrice of <__main__.Firm object at 0x0000018CA7B5FE10>>,0,0,0
Firm6,114,-109786.38748935705,415,<bound method Firm.goodsPrice of <__main__.Firm object at 0x0000018CA7D75130>>,0,0,0
Firm7,114,-122487.04036565655,754,<bound method Firm.goodsPrice of <__main__.Firm object at 0x0000018CA7DC8C00>>,0,0,0
Firm8,114,-148960.90475067587,1020,<bound method Firm.goodsPrice of <__main__.Firm object at 0x0000018CA7DC8D10>>,0,0,0
Firm9,114,-118195.85535163619,851,<bound method Firm.goodsPrice of <__main__.Firm object at 0x0000018CA7D5A950>>,0,0,0
Firm10,114,-103956.20413185774,640,<bound method Firm.goodsPrice of <__main__.Firm object at 0x0000018CA7D5AF50>>,0,0,0
Firm1,115,-104298.9597323046,0,<bound method Firm.goodsPrice of <__main__.Firm object at 0x0000018CA7D79940>>,0,0,0
Firm2,115,-98867.50357598223,0,<bound method Firm.goodsPrice of <__main__.Firm object at 0x0000018CA7D7D450>>,0,0,0
Firm3,115,-106192.92465275257,115,<bound method Firm.goodsPrice of <__main__.Firm object at 0x0000018CA7D7D590>>,0,0,0
Firm4,115,-115603.70718946673,235,<bound method Firm.goodsPrice of <__main__.Firm object at 0x0000018CA7B5FCE0>>,0,0,0
Firm5,115,-111092.82217068908,110,<bound method Firm.goodsPrice of <__main__.Firm object at 0x0000018CA7B5FE10>>,0,0,0
Firm6,115,-110743.18359675839,418,<bound method Firm.goodsPrice of <__main__.Firm object at 0x0000018CA7D75130>>,0,0,0
Firm7,115,-123559.79726499111,760,<bound method Firm.goodsPrice of <__main__.Firm object at 0x0000018CA7DC8C00>>,0,0,0
Firm8,115,-150276.16721893774,1029,<bound method Firm.goodsPrice of <__main__.Firm object at 0x0000018CA7DC8D10>>,0,0,0
Firm9,115,-119244.2103058362,859,<bound method Firm.goodsPrice of <__main__.Firm object at 0x0000018CA7D5A950>>,0,0,0
Firm10,115,-104868.91972931182,645,<bound method Firm.goodsPrice of <__main__.Firm object at 0x0000018CA7D5AF50>>,0,0,0
Firm1,116,-105209.95408802143,0,<bound method Firm.goodsPrice of <__main__.Firm object at 0x0000018CA7D79940>>,0,0,0
Firm2,116,-99729.22080276988,0,<bound method Firm.goodsPrice of <__main__.Firm object at 0x0000018CA7D7D450>>,0,0,0
Firm3,116,-107121.4143336696,116,<bound method Firm.goodsPrice of <__main__.Firm object at 0x0000018CA7D7D590>>,0,0,0
Firm4,116,-116614.25904332139,237,<bound method Firm.goodsPrice of <__main__.Firm object at 0x0000018CA7B5FCE0>>,0,0,0
Firm5,116,-112064.50939277852,111,<bound method Firm.goodsPrice of <__main__.Firm object at 0x0000018CA7B5FE10>>,0,0,0
Firm6,116,-111711.25887735217,422,<bound method Firm.goodsPrice of <__main__.Firm object at 0x0000018CA7D75130>>,0,0,0
Firm7,116,-124644.46372945588,767,<bound method Firm.goodsPrice of <__main__.Firm object at 0x0000018CA7DC8C00>>,0,0,0
Firm8,116,-151592.83680773102,1038,<bound method Firm.goodsPrice of <__main__.Firm object at 0x0000018CA7DC8D10>>,0,0,0
Firm9,116,-120279.68119577573,866,<bound method Firm.goodsPrice of <__main__.Firm object at 0x0000018CA7D5A950>>,0,0,0
Firm10,116,-105781.6353267659,650,<bound method Firm.goodsPrice of <__main__.Firm object at 0x0000018CA7D5AF50>>,0,0,0
Firm1,117,-106120.94844373826,0,<bound method Firm.goodsPrice of <__main__.Firm object at 0x0000018CA7D79940>>,0,0,0
Firm2,117,-100590.93802955752,0,<bound method Firm.goodsPrice of <__main__.Firm object at 0x0000018CA7D7D450>>,0,0,0
Firm3,117,-108049.90401458663,117,<bound method Firm.goodsPrice of <__main__.Firm object at 0x0000018CA7D7D590>>,0,0,0
Firm4,117,-117624.81089717605,239,<bound method Firm.goodsPrice of <__main__.Firm object at 0x0000018CA7B5FCE0>>,0,0,0
Firm5,117,-113036.19661486796,112,<bound method Firm.goodsPrice of <__main__.Firm object at 0x0000018CA7B5FE10>>,0,0,0
Firm6,117,-112679.33415794595,426,<bound method Firm.goodsPrice of <__main__.Firm object at 0x0000018CA7D75130>>,0,0,0
Firm7,117,-125705.31106366024,772,<bound method Firm.goodsPrice of <__main__.Firm object at 0x0000018CA7DC8C00>>,0,0,0
Firm8,117,-152908.0992759929,1047,<bound method Firm.goodsPrice of <__main__.Firm object at 0x0000018CA7DC8D10>>,0,0,0
Firm9,117,-121327.65494970375,874,<bound method Firm.goodsPrice of <__main__.Firm object at 0x0000018CA7D5A950>>,0,0,0
Firm10,117,-106702.31889114309,656,<bound method Firm.goodsPrice of <__main__.Firm object at 0x0000018CA7D5AF50>>,0,0,0
Firm1,118,-107031.9427994551,0,<bound method Firm.goodsPrice of <__main__.Firm object at 0x0000018CA7D79940>>,0,0,0
Firm2,118,-101452.65525634517,0,<bound method Firm.goodsPrice of <__main__.Firm object at 0x0000018CA7D7D450>>,0,0,0
Firm3,118,-108978.39369550366,118,<bound method Firm.goodsPrice of <__main__.Firm object at 0x0000018CA7D7D590>>,0,0,0
Firm4,118,-118635.36275103071,241,<bound method Firm.goodsPrice of <__main__.Firm object at 0x0000018CA7B5FCE0>>,0,0,0
Firm5,118,-114007.88383695741,113,<bound method Firm.goodsPrice of <__main__.Firm object at 0x0000018CA7B5FE10>>,0,0,0
Firm6,118,-113636.1302653473,429,<bound method Firm.goodsPrice of <__main__.Firm object at 0x0000018CA7D75130>>,0,0,0
Firm7,118,-126789.977528125,779,<bound method Firm.goodsPrice of <__main__.Firm object at 0x0000018CA7DC8C00>>,0,0,0
Firm8,118,-154223.36174425477,1056,<bound method Firm.goodsPrice of <__main__.Firm object at 0x0000018CA7DC8D10>>,0,0,0
Firm9,118,-122375.62870363177,882,<bound method Firm.goodsPrice of <__main__.Firm object at 0x0000018CA7D5A950>>,0,0,0
Firm10,118,-107630.9704224434,663,<bound method Firm.goodsPrice of <__main__.Firm object at 0x0000018CA7D5AF50>>,0,0,0
Firm1,119,-107942.93715517192,0,<bound method Firm.goodsPrice of <__main__.Firm object at 0x0000018CA7D79940>>,0,0,0
Firm2,119,-102314.37248313281,0,<bound method Firm.goodsPrice of <__main__.Firm object at 0x0000018CA7D7D450>>,0,0,0
Firm3,119,-109906.8833764207,119,<bound method Firm.goodsPrice of <__main__.Firm object at 0x0000018CA7D7D590>>,0,0,0
Firm4,119,-119645.91460488537,243,<bound method Firm.goodsPrice of <__main__.Firm object at 0x0000018CA7B5FCE0>>,0,0,0
Firm5,119,-114979.57105904685,114,<bound method Firm.goodsPrice of <__main__.Firm object at 0x0000018CA7B5FE10>>,0,0,0
Firm6,119,-114615.48471913351,434,<bound method Firm.goodsPrice of <__main__.Firm object at 0x0000018CA7D75130>>,0,0,0
Firm7,119,-127874.64399258977,786,<bound method Firm.goodsPrice of <__main__.Firm object at 0x0000018CA7DC8C00>>,0,0,0
Firm8,119,-155540.03133304804,1065,<bound method Firm.goodsPrice of <__main__.Firm object at 0x0000018CA7DC8D10>>,0,0,0
Firm9,119,-123380.55462006989,886,<bound method Firm.goodsPrice of <__main__.Firm object at 0x0000018CA7D5A950>>,0,0,0
Firm10,119,-108551.65398682059,669,<bound method Firm.goodsPrice of <__main__.Firm object at 0x0000018CA7D5AF50>>,0,0,0
Firm1,120,-108853.93151088875,0,<bound method Firm.goodsPrice of <__main__.Firm object at 0x0000018CA7D79940>>,0,0,0
Firm2,120,-103176.08970992046,0,<bound method Firm.goodsPrice of <__main__.Firm object at 0x0000018CA7D7D450>>,0,0,0
Firm3,120,-110835.37305733773,120,<bound method Firm.goodsPrice of <__main__.Firm object at 0x0000018CA7D7D590>>,0,0,0
Firm4,120,-120656.46645874003,245,<bound method Firm.goodsPrice of <__main__.Firm object at 0x0000018CA7B5FCE0>>,0,0,0
Firm5,120,-115951.2582811363,115,<bound method Firm.goodsPrice of <__main__.Firm object at 0x0000018CA7B5FE10>>,0,0,0
Firm6,120,-115583.5599997273,438,<bound method Firm.goodsPrice of <__main__.Firm object at 0x0000018CA7D75130>>,0,0,0
Firm7,120,-128959.31045705454,793,<bound method Firm.goodsPrice of <__main__.Firm object at 0x0000018CA7DC8C00>>,0,0,0
Firm8,120,-156855.29380130992,1074,<bound method Firm.goodsPrice of <__main__.Firm object at 0x0000018CA7DC8D10>>,0,0,0
Firm9,120,-124416.02551000942,893,<bound method Firm.goodsPrice of <__main__.Firm object at 0x0000018CA7D5A950>>,0,0,0
Firm10,120,-109464.36958427467,674,<bound method Firm.goodsPrice of <__main__.Firm object at 0x0000018CA7D5AF50>>,0,0,0
Firm1,121,-109764.92586660558,0,<bound method Firm.goodsPrice of <__main__.Firm object at 0x0000018CA7D79940>>,0,0,0
Firm2,121,-104037.8069367081,0,<bound method Firm.goodsPrice of <__main__.Firm object at 0x0000018CA7D7D450>>,0,0,0
Firm3,121,-111763.86273825476,121,<bound method Firm.goodsPrice of <__main__.Firm object at 0x0000018CA7D7D590>>,0,0,0
Firm4,121,-121667.0183125947,247,<bound method Firm.goodsPrice of <__main__.Firm object at 0x0000018CA7B5FCE0>>,0,0,0
Firm5,121,-116922.94550322574,116,<bound method Firm.goodsPrice of <__main__.Firm object at 0x0000018CA7B5FE10>>,0,0,0
Firm6,121,-116551.63528032108,442,<bound method Firm.goodsPrice of <__main__.Firm object at 0x0000018CA7D75130>>,0,0,0
Firm7,121,-130043.97692151931,800,<bound method Firm.goodsPrice of <__main__.Firm object at 0x0000018CA7DC8C00>>,0,0,0
Firm8,121,-158133.15108636254,1082,<bound method Firm.goodsPrice of <__main__.Firm object at 0x0000018CA7DC8D10>>,0,0,0
Firm9,121,-125443.50686122551,900,<bound method Firm.goodsPrice of <__main__.Firm object at 0x0000018CA7D5A950>>,0,0,0
Firm10,121,-110385.05314865186,680,<bound method Firm.goodsPrice of <__main__.Firm object at 0x0000018CA7D5AF50>>,0,0,0
Firm1,122,-110675.92022232241,0,<bound method Firm.goodsPrice of <__main__.Firm object at 0x0000018CA7D79940>>,0,0,0
Firm2,122,-104899.52416349575,0,<bound method Firm.goodsPrice of <__main__.Firm object at 0x0000018CA7D7D450>>,0,0,0
Firm3,122,-112692.35241917179,122,<bound method Firm.goodsPrice of <__main__.Firm object at 0x0000018CA7D7D590>>,0,0,0
Firm4,122,-122677.57016644935,249,<bound method Firm.goodsPrice of <__main__.Firm object at 0x0000018CA7B5FCE0>>,0,0,0
Firm5,122,-117894.63272531518,117,<bound method Firm.goodsPrice of <__main__.Firm object at 0x0000018CA7B5FE10>>,0,0,0
Firm6,122,-117519.71056091486,446,<bound method Firm.goodsPrice of <__main__.Firm object at 0x0000018CA7D75130>>,0,0,0
Firm7,122,-131128.6433859841,807,<bound method Firm.goodsPrice of <__main__.Firm object at 0x0000018CA7DC8C00>>,0,0,0
Firm8,122,-159487.22585836507,1092,<bound method Firm.goodsPrice of <__main__.Firm object at 0x0000018CA7DC8D10>>,0,0,0
Firm9,122,-126466.47488717656,906,<bound method Firm.goodsPrice of <__main__.Firm object at 0x0000018CA7D5A950>>,0,0,0
Firm10,122,-111321.67264687527,688,<bound method Firm.goodsPrice of <__main__.Firm object at 0x0000018CA7D5AF50>>,0,0,0
Firm1,123,-111586.91457803924,0,<bound method Firm.goodsPrice of <__main__.Firm object at 0x0000018CA7D79940>>,0,0,0
Firm2,123,-105761.2413902834,0,<bound method Firm.goodsPrice of <__main__.Firm object at 0x0000018CA7D7D450>>,0,0,0
Firm3,123,-113620.84210008882,123,<bound method Firm.goodsPrice of <__main__.Firm object at 0x0000018CA7D7D590>>,0,0,0
Firm4,123,-123688.12202030401,251,<bound method Firm.goodsPrice of <__main__.Firm object at 0x0000018CA7B5FCE0>>,0,0,0
Firm5,123,-118866.31994740463,118,<bound method Firm.goodsPrice of <__main__.Firm object at 0x0000018CA7B5FE10>>,0,0,0
Firm6,123,-118476.5066683162,449,<bound method Firm.goodsPrice of <__main__.Firm object at 0x0000018CA7D75130>>,0,0,0
Firm7,123,-132213.30985044924,814,<bound method Firm.goodsPrice of <__main__.Firm object at 0x0000018CA7DC8C00>>,0,0,0
Firm8,123,-160802.48832662695,1101,<bound method Firm.goodsPrice of <__main__.Firm object at 0x0000018CA7DC8D10>>,0,0,0
Firm9,123,-127508.90939558014,913,<bound method Firm.goodsPrice of <__main__.Firm object at 0x0000018CA7D5A950>>,0,0,0
Firm10,123,-112234.38824432936,693,<bound method Firm.goodsPrice of <__main__.Firm object at 0x0000018CA7D5AF50>>,0,0,0
Firm1,124,-112497.90893375607,0,<bound method Firm.goodsPrice of <__main__.Firm object at 0x0000018CA7D79940>>,0,0,0
Firm2,124,-106622.95861707104,0,<bound method Firm.goodsPrice of <__main__.Firm object at 0x0000018CA7D7D450>>,0,0,0
Firm3,124,-114549.33178100585,124,<bound method Firm.goodsPrice of <__main__.Firm object at 0x0000018CA7D7D590>>,0,0,0
Firm4,124,-124698.67387415867,253,<bound method Firm.goodsPrice of <__main__.Firm object at 0x0000018CA7B5FCE0>>,0,0,0
Firm5,124,-119838.00716949407,119,<bound method Firm.goodsPrice of <__main__.Firm object at 0x0000018CA7B5FE10>>,0,0,0
Firm6,124,-119444.58194890998,453,<bound method Firm.goodsPrice of <__main__.Firm object at 0x0000018CA7D75130>>,0,0,0
Firm7,124,-133297.97631491438,821,<bound method Firm.goodsPrice of <__main__.Firm object at 0x0000018CA7DC8C00>>,0,0,0
Firm8,124,-162080.34561167957,1109,<bound method Firm.goodsPrice of <__main__.Firm object at 0x0000018CA7DC8D10>>,0,0,0
Firm9,124,-128562.80359530459,922,<bound method Firm.goodsPrice of <__main__.Firm object at 0x0000018CA7D5A950>>,0,0,0
Firm10,124,-113115.23197409099,694,<bound method Firm.goodsPrice of <__main__.Firm object at 0x0000018CA7D5AF50>>,0,0,0
Firm1,125,-113408.9032894729,0,<bound method Firm.goodsPrice of <__main__.Firm object at 0x0000018CA7D79940>>,0,0,0
Firm2,125,-107484.67584385868,0,<bound method Firm.goodsPrice of <__main__.Firm object at 0x0000018CA7D7D450>>,0,0,0
Firm3,125,-115477.82146192288,125,<bound method Firm.goodsPrice of <__main__.Firm object at 0x0000018CA7D7D590>>,0,0,0
Firm4,125,-125709.22572801333,255,<bound method Firm.goodsPrice of <__main__.Firm object at 0x0000018CA7B5FCE0>>,0,0,0
Firm5,125,-120809.69439158351,120,<bound method Firm.goodsPrice of <__main__.Firm object at 0x0000018CA7B5FE10>>,0,0,0
Firm6,125,-120412.65722950376,457,<bound method Firm.goodsPrice of <__main__.Firm object at 0x0000018CA7D75130>>,0,0,0
Firm7,125,-134382.64277937953,828,<bound method Firm.goodsPrice of <__main__.Firm object at 0x0000018CA7DC8C00>>,0,0,0
Firm8,125,-163434.4203836821,1119,<bound method Firm.goodsPrice of <__main__.Firm object at 0x0000018CA7DC8D10>>,0,0,0
Firm9,125,-129610.77734923261,930,<bound method Firm.goodsPrice of <__main__.Firm object at 0x0000018CA7D5A950>>,0,0,0
Firm10,125,-114035.91553846818,700,<bound method Firm.goodsPrice of <__main__.Firm object at 0x0000018CA7D5AF50>>,0,0,0
Firm1,126,-114319.89764518973,0,<bound method Firm.goodsPrice of <__main__.Firm object at 0x0000018CA7D79940>>,0,0,0
Firm2,126,-108346.39307064633,0,<bound method Firm.goodsPrice of <__main__.Firm object at 0x0000018CA7D7D450>>,0,0,0
Firm3,126,-116406.31114283991,126,<bound method Firm.goodsPrice of <__main__.Firm object at 0x0000018CA7D7D590>>,0,0,0
Firm4,126,-126719.777581868,257,<bound method Firm.goodsPrice of <__main__.Firm object at 0x0000018CA7B5FCE0>>,0,0,0
Firm5,126,-121781.38161367296,121,<bound method Firm.goodsPrice of <__main__.Firm object at 0x0000018CA7B5FE10>>,0,0,0
Firm6,126,-121358.17416371267,459,<bound method Firm.goodsPrice of <__main__.Firm object at 0x0000018CA7D75130>>,0,0,0
Firm7,126,-135455.3996787145,834,<bound method Firm.goodsPrice of <__main__.Firm object at 0x0000018CA7DC8C00>>,0,0,0
Firm8,126,-164749.68285194397,1128,<bound method Firm.goodsPrice of <__main__.Firm object at 0x0000018CA7DC8D10>>,0,0,0
Firm9,126,-130658.75110316063,938,<bound method Firm.goodsPrice of <__main__.Firm object at 0x0000018CA7D5A950>>,0,0,0
Firm10,126,-114956.59910284537,706,<bound method Firm.goodsPrice of <__main__.Firm object at 0x0000018CA7D5AF50>>,0,0,0
Firm1,127,-115230.89200090656,0,<bound method Firm.goodsPrice of <__main__.Firm object at 0x0000018CA7D79940>>,0,0,0
Firm2,127,-109208.11029743397,0,<bound method Firm.goodsPrice of <__main__.Firm object at 0x0000018CA7D7D450>>,0,0,0
Firm3,127,-117334.80082375694,127,<bound method Firm.goodsPrice of <__main__.Firm object at 0x0000018CA7D7D590>>,0,0,0
Firm4,127,-127730.32943572266,259,<bound method Firm.goodsPrice of <__main__.Firm object at 0x0000018CA7B5FCE0>>,0,0,0
Firm5,127,-122753.0688357624,122,<bound method Firm.goodsPrice of <__main__.Firm object at 0x0000018CA7B5FE10>>,0,0,0
Firm6,127,-122326.24944430645,463,<bound method Firm.goodsPrice of <__main__.Firm object at 0x0000018CA7D75130>>,0,0,0
Firm7,127,-136528.15657804944,840,<bound method Firm.goodsPrice of <__main__.Firm object at 0x0000018CA7DC8C00>>,0,0,0
Firm8,127,-166027.5401369966,1136,<bound method Firm.goodsPrice of <__main__.Firm object at 0x0000018CA7DC8D10>>,0,0,0
Firm9,127,-131712.6453028851,947,<bound method Firm.goodsPrice of <__main__.Firm object at 0x0000018CA7D5A950>>,0,0,0
Firm10,127,-115893.21860106879,714,<bound method Firm.goodsPrice of <__main__.Firm object at 0x0000018CA7D5AF50>>,0,0,0
Firm1,128,-116141.88635662339,0,<bound method Firm.goodsPrice of <__main__.Firm object at 0x0000018CA7D79940>>,0,0,0
Firm2,128,-110069.82752422162,0,<bound method Firm.goodsPrice of <__main__.Firm object at 0x0000018CA7D7D450>>,0,0,0
Firm3,128,-118263.29050467398,128,<bound method Firm.goodsPrice of <__main__.Firm object at 0x0000018CA7D7D590>>,0,0,0
Firm4,128,-128740.88128957732,261,<bound method Firm.goodsPrice of <__main__.Firm object at 0x0000018CA7B5FCE0>>,0,0,0
Firm5,128,-123724.75605785185,123,<bound method Firm.goodsPrice of <__main__.Firm object at 0x0000018CA7B5FE10>>,0,0,0
Firm6,128,-123283.0455517078,466,<bound method Firm.goodsPrice of <__main__.Firm object at 0x0000018CA7D75130>>,0,0,0
Firm7,128,-137612.8230425146,847,<bound method Firm.goodsPrice of <__main__.Firm object at 0x0000018CA7DC8C00>>,0,0,0
Firm8,128,-167381.61490899912,1146,<bound method Firm.goodsPrice of <__main__.Firm object at 0x0000018CA7DC8D10>>,0,0,0
Firm9,128,-132730.07408331195,952,<bound method Firm.goodsPrice of <__main__.Firm object at 0x0000018CA7D5A950>>,0,0,0
Firm10,128,-116805.93419852287,719,<bound method Firm.goodsPrice of <__main__.Firm object at 0x0000018CA7D5AF50>>,0,0,0
Firm1,129,-117052.88071234022,0,<bound method Firm.goodsPrice of <__main__.Firm object at 0x0000018CA7D79940>>,0,0,0
Firm2,129,-110931.54475100926,0,<bound method Firm.goodsPrice of <__main__.Firm object at 0x0000018CA7D7D450>>,0,0,0
Firm3,129,-119191.78018559101,129,<bound method Firm.goodsPrice of <__main__.Firm object at 0x0000018CA7D7D590>>,0,0,0
Firm4,129,-129751.43314343198,263,<bound method Firm.goodsPrice of <__main__.Firm object at 0x0000018CA7B5FCE0>>,0,0,0
Firm5,129,-124696.44327994129,124,<bound method Firm.goodsPrice of <__main__.Firm object at 0x0000018CA7B5FE10>>,0,0,0
Firm6,129,-124262.40000549401,471,<bound method Firm.goodsPrice of <__main__.Firm object at 0x0000018CA7D75130>>,0,0,0
Firm7,129,-138685.57994184954,853,<bound method Firm.goodsPrice of <__main__.Firm object at 0x0000018CA7DC8C00>>,0,0,0
Firm8,129,-168659.47219405175,1154,<bound method Firm.goodsPrice of <__main__.Firm object at 0x0000018CA7DC8D10>>,0,0,0
Firm9,129,-133782.56116250524,961,<bound method Firm.goodsPrice of <__main__.Firm object at 0x0000018CA7D5A950>>,0,0,0
Firm10,129,-117718.64979597695,724,<bound method Firm.goodsPrice of <__main__.Firm object at 0x0000018CA7D5AF50>>,0,0,0
Firm1,130,-117963.87506805705,0,<bound method Firm.goodsPrice of <__main__.Firm object at 0x0000018CA7D79940>>,0,0,0
Firm2,130,-111793.26197779691,0,<bound method Firm.goodsPrice of <__main__.Firm object at 0x0000018CA7D7D450>>,0,0,0
Firm3,130,-120120.26986650804,130,<bound method Firm.goodsPrice of <__main__.Firm object at 0x0000018CA7D7D590>>,0,0,0
Firm4,130,-130761.98499728664,265,<bound method Firm.goodsPrice of <__main__.Firm object at 0x0000018CA7B5FCE0>>,0,0,0
Firm5,130,-125668.13050203073,125,<bound method Firm.goodsPrice of <__main__.Firm object at 0x0000018CA7B5FE10>>,0,0,0
Firm6,130,-125219.19611289536,474,<bound method Firm.goodsPrice of <__main__.Firm object at 0x0000018CA7D75130>>,0,0,0
Firm7,130,-139770.2464063147,860,<bound method Firm.goodsPrice of <__main__.Firm object at 0x0000018CA7DC8C00>>,0,0,0
Firm8,130,-169974.73466231363,1163,<bound method Firm.goodsPrice of <__main__.Firm object at 0x0000018CA7DC8D10>>,0,0,0
Firm9,130,-134823.95249824144,969,<bound method Firm.goodsPrice of <__main__.Firm object at 0x0000018CA7D5A950>>,0,0,0
Firm10,130,-118639.33336035414,730,<bound method Firm.goodsPrice of <__main__.Firm object at 0x0000018CA7D5AF50>>,0,0,0
Firm1,131,-118874.86942377388,0,<bound method Firm.goodsPrice of <__main__.Firm object at 0x0000018CA7D79940>>,0,0,0
Firm2,131,-112654.97920458455,0,<bound method Firm.goodsPrice of <__main__.Firm object at 0x0000018CA7D7D450>>,0,0,0
Firm3,131,-121048.75954742507,131,<bound method Firm.goodsPrice of <__main__.Firm object at 0x0000018CA7D7D590>>,0,0,0
Firm4,131,-131772.53685114134,267,<bound method Firm.goodsPrice of <__main__.Firm object at 0x0000018CA7B5FCE0>>,0,0,0
Firm5,131,-126639.81772412018,126,<bound method Firm.goodsPrice of <__main__.Firm object at 0x0000018CA7B5FE10>>,0,0,0
Firm6,131,-126175.9922202967,477,<bound method Firm.goodsPrice of <__main__.Firm object at 0x0000018CA7D75130>>,0,0,0
Firm7,131,-140843.00330564965,866,<bound method Firm.goodsPrice of <__main__.Firm object at 0x0000018CA7DC8C00>>,0,0,0
Firm8,131,-171328.80943431615,1173,<bound method Firm.goodsPrice of <__main__.Firm object at 0x0000018CA7DC8D10>>,0,0,0
Firm9,131,-135871.9262521697,977,<bound method Firm.goodsPrice of <__main__.Firm object at 0x0000018CA7D5A950>>,0,0,0
Firm10,131,-119575.95285857756,738,<bound method Firm.goodsPrice of <__main__.Firm object at 0x0000018CA7D5AF50>>,0,0,0
Firm1,132,-119785.86377949071,0,<bound method Firm.goodsPrice of <__main__.Firm object at 0x0000018CA7D79940>>,0,0,0
Firm2,132,-113516.6964313722,0,<bound method Firm.goodsPrice of <__main__.Firm object at 0x0000018CA7D7D450>>,0,0,0
Firm3,132,-121977.2492283421,132,<bound method Firm.goodsPrice of <__main__.Firm object at 0x0000018CA7D7D590>>,0,0,0
Firm4,132,-132783.08870499616,269,<bound method Firm.goodsPrice of <__main__.Firm object at 0x0000018CA7B5FCE0>>,0,0,0
Firm5,132,-127611.50494620962,127,<bound method Firm.goodsPrice of <__main__.Firm object at 0x0000018CA7B5FE10>>,0,0,0
Firm6,132,-127132.78832769804,480,<bound method Firm.goodsPrice of <__main__.Firm object at 0x0000018CA7D75130>>,0,0,0
Firm7,132,-141927.6697701148,873,<bound method Firm.goodsPrice of <__main__.Firm object at 0x0000018CA7DC8C00>>,0,0,0
Firm8,132,-172606.66671936878,1181,<bound method Firm.goodsPrice of <__main__.Firm object at 0x0000018CA7DC8D10>>,0,0,0
Firm9,132,-136901.85789658505,983,<bound method Firm.goodsPrice of <__main__.Firm object at 0x0000018CA7D5A950>>,0,0,0
Firm10,132,-120472.73252218541,741,<bound method Firm.goodsPrice of <__main__.Firm object at 0x0000018CA7D5AF50>>,0,0,0
Firm1,133,-120696.85813520754,0,<bound method Firm.goodsPrice of <__main__.Firm object at 0x0000018CA7D79940>>,0,0,0
Firm2,133,-114378.41365815984,0,<bound method Firm.goodsPrice of <__main__.Firm object at 0x0000018CA7D7D450>>,0,0,0
Firm3,133,-122905.73890925913,133,<bound method Firm.goodsPrice of <__main__.Firm object at 0x0000018CA7D7D590>>,0,0,0
Firm4,133,-133834.32333745674,272,<bound method Firm.goodsPrice of <__main__.Firm object at 0x0000018CA7B5FCE0>>,0,0,0
Firm5,133,-128570.13335344834,127,<bound method Firm.goodsPrice of <__main__.Firm object at 0x0000018CA7B5FE10>>,0,0,0
Firm6,133,-128089.58443509939,483,<bound method Firm.goodsPrice of <__main__.Firm object at 0x0000018CA7D75130>>,0,0,0
Firm7,133,-143000.42666944975,879,<bound method Firm.goodsPrice of <__main__.Firm object at 0x0000018CA7DC8C00>>,0,0,0
Firm8,133,-173921.92918763065,1190,<bound method Firm.goodsPrice of <__main__.Firm object at 0x0000018CA7DC8D10>>,0,0,0
Firm9,133,-137955.75209630973,992,<bound method Firm.goodsPrice of <__main__.Firm object at 0x0000018CA7D5A950>>,0,0,0
Firm10,133,-121385.44811963949,746,<bound method Firm.goodsPrice of <__main__.Firm object at 0x0000018CA7D5AF50>>,0,0,0
Firm1,134,-121607.85249092437,0,<bound method Firm.goodsPrice of <__main__.Firm object at 0x0000018CA7D79940>>,0,0,0
Firm2,134,-115240.13088494749,0,<bound method Firm.goodsPrice of <__main__.Firm object at 0x0000018CA7D7D450>>,0,0,0
Firm3,134,-123834.22859017616,134,<bound method Firm.goodsPrice of <__main__.Firm object at 0x0000018CA7D7D590>>,0,0,0
Firm4,134,-134844.87519131156,274,<bound method Firm.goodsPrice of <__main__.Firm object at 0x0000018CA7B5FCE0>>,0,0,0
Firm5,134,-129541.82057553779,128,<bound method Firm.goodsPrice of <__main__.Firm object at 0x0000018CA7B5FE10>>,0,0,0
Firm6,134,-129046.38054250073,486,<bound method Firm.goodsPrice of <__main__.Firm object at 0x0000018CA7D75130>>,0,0,0
Firm7,134,-144085.0931339149,886,<bound method Firm.goodsPrice of <__main__.Firm object at 0x0000018CA7DC8C00>>,0,0,0
Firm8,134,-175276.00395963318,1200,<bound method Firm.goodsPrice of <__main__.Firm object at 0x0000018CA7DC8D10>>,0,0,0
Firm9,134,-138991.22298624952,999,<bound method Firm.goodsPrice of <__main__.Firm object at 0x0000018CA7D5A950>>,0,0,0
Firm10,134,-122306.13168401668,752,<bound method Firm.goodsPrice of <__main__.Firm object at 0x0000018CA7D5AF50>>,0,0,0
Firm1,135,-122518.8468466412,0,<bound method Firm.goodsPrice of <__main__.Firm object at 0x0000018CA7D79940>>,0,0,0
Firm2,135,-116101.84811173513,0,<bound method Firm.goodsPrice of <__main__.Firm object at 0x0000018CA7D7D450>>,0,0,0
Firm3,135,-124762.7182710932,135,<bound method Firm.goodsPrice of <__main__.Firm object at 0x0000018CA7D7D590>>,0,0,0
Firm4,135,-135855.42704516638,276,<bound method Firm.goodsPrice of <__main__.Firm object at 0x0000018CA7B5FCE0>>,0,0,0
Firm5,135,-130513.50779762723,129,<bound method Firm.goodsPrice of <__main__.Firm object at 0x0000018CA7B5FE10>>,0,0,0
Firm6,135,-130014.45582309451,490,<bound method Firm.goodsPrice of <__main__.Firm object at 0x0000018CA7D75130>>,0,0,0
Firm7,135,-145157.85003324985,892,<bound method Firm.goodsPrice of <__main__.Firm object at 0x0000018CA7DC8C00>>,0,0,0
Firm8,135,-176553.8612446858,1208,<bound method Firm.goodsPrice of <__main__.Firm object at 0x0000018CA7DC8D10>>,0,0,0
Firm9,135,-140026.6938761893,1006,<bound method Firm.goodsPrice of <__main__.Firm object at 0x0000018CA7D5A950>>,0,0,0
Firm10,135,-123242.7511822401,760,<bound method Firm.goodsPrice of <__main__.Firm object at 0x0000018CA7D5AF50>>,0,0,0
Firm1,136,-123429.84120235803,0,<bound method Firm.goodsPrice of <__main__.Firm object at 0x0000018CA7D79940>>,0,0,0
Firm2,136,-116963.56533852278,0,<bound method Firm.goodsPrice of <__main__.Firm object at 0x0000018CA7D7D450>>,0,0,0
Firm3,136,-125691.20795201023,136,<bound method Firm.goodsPrice of <__main__.Firm object at 0x0000018CA7D7D590>>,0,0,0
Firm4,136,-136865.9788990212,278,<bound method Firm.goodsPrice of <__main__.Firm object at 0x0000018CA7B5FCE0>>,0,0,0
Firm5,136,-131485.19501971666,130,<bound method Firm.goodsPrice of <__main__.Firm object at 0x0000018CA7B5FE10>>,0,0,0
Firm6,136,-130959.97275730342,492,<bound method Firm.goodsPrice of <__main__.Firm object at 0x0000018CA7D75130>>,0,0,0
Firm7,136,-146242.516497715,899,<bound method Firm.goodsPrice of <__main__.Firm object at 0x0000018CA7DC8C00>>,0,0,0
Firm8,136,-177869.12371294768,1217,<bound method Firm.goodsPrice of <__main__.Firm object at 0x0000018CA7DC8D10>>,0,0,0
Firm9,136,-141056.62552060463,1012,<bound method Firm.goodsPrice of <__main__.Firm object at 0x0000018CA7D5A950>>,0,0,0
Firm10,136,-124171.4027135404,767,<bound method Firm.goodsPrice of <__main__.Firm object at 0x0000018CA7D5AF50>>,0,0,0
Firm1,137,-124340.83555807486,0,<bound method Firm.goodsPrice of <__main__.Firm object at 0x0000018CA7D79940>>,0,0,0
Firm2,137,-117825.28256531042,0,<bound method Firm.goodsPrice of <__main__.Firm object at 0x0000018CA7D7D450>>,0,0,0
Firm3,137,-126619.69763292726,137,<bound method Firm.goodsPrice of <__main__.Firm object at 0x0000018CA7D7D590>>,0,0,0
Firm4,137,-137876.53075287602,280,<bound method Firm.goodsPrice of <__main__.Firm object at 0x0000018CA7B5FCE0>>,0,0,0
Firm5,137,-132456.88224180567,131,<bound method Firm.goodsPrice of <__main__.Firm object at 0x0000018CA7B5FE10>>,0,0,0
Firm6,137,-131928.04803789727,496,<bound method Firm.goodsPrice of <__main__.Firm object at 0x0000018CA7D75130>>,0,0,0
Firm7,137,-147327.18296218014,906,<bound method Firm.goodsPrice of <__main__.Firm object at 0x0000018CA7DC8C00>>,0,0,0
Firm8,137,-179185.79330174095,1226,<bound method Firm.goodsPrice of <__main__.Firm object at 0x0000018CA7DC8D10>>,0,0,0
Firm9,137,-142096.60973580944,1020,<bound method Firm.goodsPrice of <__main__.Firm object at 0x0000018CA7D5A950>>,0,0,0
Firm10,137,-125092.0862779176,773,<bound method Firm.goodsPrice of <__main__.Firm object at 0x0000018CA7D5AF50>>,0,0,0
Firm1,138,-125251.82991379169,0,<bound method Firm.goodsPrice of <__main__.Firm object at 0x0000018CA7D79940>>,0,0,0
Firm2,138,-118686.99979209807,0,<bound method Firm.goodsPrice of <__main__.Firm object at 0x0000018CA7D7D450>>,0,0,0
Firm3,138,-127548.18731384429,138,<bound method Firm.goodsPrice of <__main__.Firm object at 0x0000018CA7D7D590>>,0,0,0
Firm4,138,-138887.08260673084,282,<bound method Firm.goodsPrice of <__main__.Firm object at 0x0000018CA7B5FCE0>>,0,0,0
Firm5,138,-133428.56946389467,132,<bound method Firm.goodsPrice of <__main__.Firm object at 0x0000018CA7B5FE10>>,0,0,0
Firm6,138,-132896.12331849078,500,<bound method Firm.goodsPrice of <__main__.Firm object at 0x0000018CA7D75130>>,0,0,0
Firm7,138,-148411.8494266453,913,<bound method Firm.goodsPrice of <__main__.Firm object at 0x0000018CA7DC8C00>>,0,0,0
Firm8,138,-180501.05577000283,1235,<bound method Firm.goodsPrice of <__main__.Firm object at 0x0000018CA7DC8D10>>,0,0,0
Firm9,138,-143132.08062574922,1027,<bound method Firm.goodsPrice of <__main__.Firm object at 0x0000018CA7D5A950>>,0,0,0
Firm10,138,-126012.76984229479,779,<bound method Firm.goodsPrice of <__main__.Firm object at 0x0000018CA7D5AF50>>,0,0,0
Firm1,139,-126162.82426950852,0,<bound method Firm.goodsPrice of <__main__.Firm object at 0x0000018CA7D79940>>,0,0,0
Firm2,139,-119548.71701888571,0,<bound method Firm.goodsPrice of <__main__.Firm object at 0x0000018CA7D7D450>>,0,0,0
Firm3,139,-128476.67699476132,139,<bound method Firm.goodsPrice of <__main__.Firm object at 0x0000018CA7D7D590>>,0,0,0
Firm4,139,-139897.63446058566,284,<bound method Firm.goodsPrice of <__main__.Firm object at 0x0000018CA7B5FCE0>>,0,0,0
Firm5,139,-134387.19787113296,132,<bound method Firm.goodsPrice of <__main__.Firm object at 0x0000018CA7B5FE10>>,0,0,0
Firm6,139,-133875.4777722767,505,<bound method Firm.goodsPrice of <__main__.Firm object at 0x0000018CA7D75130>>,0,0,0
Firm7,139,-149496.51589111044,920,<bound method Firm.goodsPrice of <__main__.Firm object at 0x0000018CA7DC8C00>>,0,0,0
Firm8,139,-181778.91305505545,1243,<bound method Firm.goodsPrice of <__main__.Firm object at 0x0000018CA7DC8D10>>,0,0,0
Firm9,139,-144172.06484095403,1035,<bound method Firm.goodsPrice of <__main__.Firm object at 0x0000018CA7D5A950>>,0,0,0
Firm10,139,-126819.09895842343,782,<bound method Firm.goodsPrice of <__main__.Firm object at 0x0000018CA7D5AF50>>,1,1,0
Firm1,140,-126975.87710726933,0,<bound method Firm.goodsPrice of <__main__.Firm object at 0x0000018CA7D79940>>,1,1,0
Firm2,140,-120336.93656394974,0,<bound method Firm.goodsPrice of <__main__.Firm object at 0x0000018CA7D7D450>>,1,1,0
Firm3,140,-129298.57241938463,139,<bound method Firm.goodsPrice of <__main__.Firm object at 0x0000018CA7D7D590>>,1,1,0
Firm4,140,-140837.82890586488,286,<bound method Firm.goodsPrice of <__main__.Firm object at 0x0000018CA7B5FCE0>>,1,1,0
Firm5,140,-135255.91120803045,132,<bound method Firm.goodsPrice of <__main__.Firm object at 0x0000018CA7B5FE10>>,1,1,0
Firm6,140,-134731.66065867516,507,<bound method Firm.goodsPrice of <__main__.Firm object at 0x0000018CA7D75130>>,1,1,0
Firm7,140,-150467.4277863238,925,<bound method Firm.goodsPrice of <__main__.Firm object at 0x0000018CA7DC8C00>>,1,1,0
Firm8,140,-183021.4760099985,1252,<bound method Firm.goodsPrice of <__main__.Firm object at 0x0000018CA7DC8D10>>,1,1,0
Firm9,140,-145102.20312540766,1040,<bound method Firm.goodsPrice of <__main__.Firm object at 0x0000018CA7D5A950>>,1,1,0
Firm10,140,-127633.3960414752,786,<bound method Firm.goodsPrice of <__main__.Firm object at 0x0000018CA7D5AF50>>,2,2,0
Firm1,141,-127788.92994503015,0,<bound method Firm.goodsPrice of <__main__.Firm object at 0x0000018CA7D79940>>,2,2,0
Firm2,141,-121125.15610901377,0,<bound method Firm.goodsPrice of <__main__.Firm object at 0x0000018CA7D7D450>>,2,2,0
Firm3,141,-130120.46784400793,139,<bound method Firm.goodsPrice of <__main__.Firm object at 0x0000018CA7D7D590>>,2,2,0
Firm4,141,-141778.0233511441,288,<bound method Firm.goodsPrice of <__main__.Firm object at 0x0000018CA7B5FCE0>>,2,2,0
Firm5,141,-136124.62454492794,132,<bound method Firm.goodsPrice of <__main__.Firm object at 0x0000018CA7B5FE10>>,2,2,0
Firm6,141,-135587.8435450736,509,<bound method Firm.goodsPrice of <__main__.Firm object at 0x0000018CA7D75130>>,2,2,0
Firm7,141,-151426.43011640696,929,<bound method Firm.goodsPrice of <__main__.Firm object at 0x0000018CA7DC8C00>>,2,2,0
Firm8,141,-184225.2266612009,1260,<bound method Firm.goodsPrice of <__main__.Firm object at 0x0000018CA7DC8D10>>,2,2,0
Firm9,141,-146037.88065538573,1046,<bound method Firm.goodsPrice of <__main__.Firm object at 0x0000018CA7D5A950>>,2,2,0
Firm10,141,-128439.72515760384,789,<bound method Firm.goodsPrice of <__main__.Firm object at 0x0000018CA7D5AF50>>,3,3,0
Firm1,142,-128601.98278279096,0,<bound method Firm.goodsPrice of <__main__.Firm object at 0x0000018CA7D79940>>,3,3,0
Firm2,142,-121913.3756540778,0,<bound method Firm.goodsPrice of <__main__.Firm object at 0x0000018CA7D7D450>>,3,3,0
Firm3,142,-130942.36326863122,139,<bound method Firm.goodsPrice of <__main__.Firm object at 0x0000018CA7D7D590>>,3,3,0
Firm4,142,-142718.21779642333,290,<bound method Firm.goodsPrice of <__main__.Firm object at 0x0000018CA7B5FCE0>>,3,3,0
Firm5,142,-136993.33788182543,132,<bound method Firm.goodsPrice of <__main__.Firm object at 0x0000018CA7B5FE10>>,3,3,0
Firm6,142,-136444.02643147207,511,<bound method Firm.goodsPrice of <__main__.Firm object at 0x0000018CA7D75130>>,3,3,0
Firm7,142,-152397.34201162032,934,<bound method Firm.goodsPrice of <__main__.Firm object at 0x0000018CA7DC8C00>>,3,3,0
Firm8,142,-185391.57212919404,1267,<bound method Firm.goodsPrice of <__main__.Firm object at 0x0000018CA7DC8D10>>,3,3,0
Firm9,142,-146966.97576717174,1052,<bound method Firm.goodsPrice of <__main__.Firm object at 0x0000018CA7D5A950>>,3,3,0
Firm10,142,-129254.0222406556,793,<bound method Firm.goodsPrice of <__main__.Firm object at 0x0000018CA7D5AF50>>,4,4,0
Firm1,143,-129415.03562055177,0,<bound method Firm.goodsPrice of <__main__.Firm object at 0x0000018CA7D79940>>,4,4,0
Firm2,143,-122701.59519914183,0,<bound method Firm.goodsPrice of <__main__.Firm object at 0x0000018CA7D7D450>>,4,4,0
Firm3,143,-131764.25869325452,139,<bound method Firm.goodsPrice of <__main__.Firm object at 0x0000018CA7D7D590>>,4,4,0
Firm4,143,-143658.41224170255,292,<bound method Firm.goodsPrice of <__main__.Firm object at 0x0000018CA7B5FCE0>>,4,4,0
Firm5,143,-137862.05121872292,132,<bound method Firm.goodsPrice of <__main__.Firm object at 0x0000018CA7B5FE10>>,4,4,0
Firm6,143,-137300.20931787053,513,<bound method Firm.goodsPrice of <__main__.Firm object at 0x0000018CA7D75130>>,4,4,0
Firm7,143,-153356.3443417035,938,<bound method Firm.goodsPrice of <__main__.Firm object at 0x0000018CA7DC8C00>>,4,4,0
Firm8,143,-186634.1350841371,1276,<bound method Firm.goodsPrice of <__main__.Firm object at 0x0000018CA7DC8D10>>,4,4,0
Firm9,143,-147902.6532971498,1058,<bound method Firm.goodsPrice of <__main__.Firm object at 0x0000018CA7D5A950>>,4,4,0
Firm10,143,-130076.28729063047,798,<bound method Firm.goodsPrice of <__main__.Firm object at 0x0000018CA7D5AF50>>,5,5,0
Firm1,144,-130228.08845831259,0,<bound method Firm.goodsPrice of <__main__.Firm object at 0x0000018CA7D79940>>,5,5,0
Firm2,144,-123489.81474420585,0,<bound method Firm.goodsPrice of <__main__.Firm object at 0x0000018CA7D7D450>>,5,5,0
Firm3,144,-132586.15411787783,139,<bound method Firm.goodsPrice of <__main__.Firm object at 0x0000018CA7D7D590>>,5,5,0
Firm4,144,-144598.60668698177,294,<bound method Firm.goodsPrice of <__main__.Firm object at 0x0000018CA7B5FCE0>>,5,5,0
Firm5,144,-138730.7645556204,132,<bound method Firm.goodsPrice of <__main__.Firm object at 0x0000018CA7B5FE10>>,5,5,0
Firm6,144,-138156.39220426898,515,<bound method Firm.goodsPrice of <__main__.Firm object at 0x0000018CA7D75130>>,5,5,0
Firm7,144,-154315.34667178665,942,<bound method Firm.goodsPrice of <__main__.Firm object at 0x0000018CA7DC8C00>>,5,5,0
Firm8,144,-187837.88573533949,1284,<bound method Firm.goodsPrice of <__main__.Firm object at 0x0000018CA7DC8D10>>,5,5,0
Firm9,144,-148832.79158160344,1063,<bound method Firm.goodsPrice of <__main__.Firm object at 0x0000018CA7D5A950>>,5,5,0
Firm10,144,-130882.61640675912,801,<bound method Firm.goodsPrice of <__main__.Firm object at 0x0000018CA7D5AF50>>,6,6,0
Firm1,145,-131041.1412960734,0,<bound method Firm.goodsPrice of <__main__.Firm object at 0x0000018CA7D79940>>,6,6,0
Firm2,145,-124278.03428926988,0,<bound method Firm.goodsPrice of <__main__.Firm object at 0x0000018CA7D7D450>>,6,6,0
Firm3,145,-133408.04954250113,139,<bound method Firm.goodsPrice of <__main__.Firm object at 0x0000018CA7D7D590>>,6,6,0
Firm4,145,-145538.801132261,296,<bound method Firm.goodsPrice of <__main__.Firm object at 0x0000018CA7B5FCE0>>,6,6,0
Firm5,145,-139599.4778925179,132,<bound method Firm.goodsPrice of <__main__.Firm object at 0x0000018CA7B5FE10>>,6,6,0
Firm6,145,-139012.57509066744,517,<bound method Firm.goodsPrice of <__main__.Firm object at 0x0000018CA7D75130>>,6,6,0
Firm7,145,-155274.34900186982,946,<bound method Firm.goodsPrice of <__main__.Firm object at 0x0000018CA7DC8C00>>,6,6,0
Firm8,145,-189004.23120333263,1291,<bound method Firm.goodsPrice of <__main__.Firm object at 0x0000018CA7DC8D10>>,6,6,0
Firm9,145,-149761.88669338945,1069,<bound method Firm.goodsPrice of <__main__.Firm object at 0x0000018CA7D5A950>>,6,6,0
Firm10,145,-131704.88145673397,806,<bound method Firm.goodsPrice of <__main__.Firm object at 0x0000018CA7D5AF50>>,7,7,0
Firm1,146,-131854.1941338341,0,<bound method Firm.goodsPrice of <__main__.Firm object at 0x0000018CA7D79940>>,7,7,0
Firm2,146,-125066.25383433391,0,<bound method Firm.goodsPrice of <__main__.Firm object at 0x0000018CA7D7D450>>,7,7,0
Firm3,146,-134229.94496712444,139,<bound method Firm.goodsPrice of <__main__.Firm object at 0x0000018CA7D7D590>>,7,7,0
Firm4,146,-146373.8823814755,297,<bound method Firm.goodsPrice of <__main__.Firm object at 0x0000018CA7B5FCE0>>,8,8,0
Firm5,146,-140365.21734422387,131,<bound method Firm.goodsPrice of <__main__.Firm object at 0x0000018CA7B5FE10>>,8,8,0
Firm6,146,-139768.14475606327,518,<bound method Firm.goodsPrice of <__main__.Firm object at 0x0000018CA7D75130>>,8,8,0
Firm7,146,-156143.41589296158,950,<bound method Firm.goodsPrice of <__main__.Firm object at 0x0000018CA7DC8C00>>,8,8,0
Firm8,146,-190134.13700094368,1299,<bound method Firm.goodsPrice of <__main__.Firm object at 0x0000018CA7DC8D10>>,8,8,0
Firm9,146,-150610.2737273943,1075,<bound method Firm.goodsPrice of <__main__.Firm object at 0x0000018CA7D5A950>>,8,8,0
Firm10,146,-132420.7600253834,809,<bound method Firm.goodsPrice of <__main__.Firm object at 0x0000018CA7D5AF50>>,9,9,0
Firm1,147,-132569.30545363878,0,<bound method Firm.goodsPrice of <__main__.Firm object at 0x0000018CA7D79940>>,9,9,0
Firm2,147,-125858.1799094312,0,<bound method Firm.goodsPrice of <__main__.Firm object at 0x0000018CA7D7D450>>,9,9,0
Firm3,147,-134945.246135454,138,<bound method Firm.goodsPrice of <__main__.Firm object at 0x0000018CA7D7D590>>,9,9,0
Firm4,147,-147169.42619235677,297,<bound method Firm.goodsPrice of <__main__.Firm object at 0x0000018CA7B5FCE0>>,10,10,0
Firm5,147,-141117.89798107912,129,<bound method Firm.goodsPrice of <__main__.Firm object at 0x0000018CA7B5FE10>>,10,10,0
Firm6,147,-140523.7144214591,519,<bound method Firm.goodsPrice of <__main__.Firm object at 0x0000018CA7D75130>>,10,10,0
Firm7,147,-157000.57321892315,953,<bound method Firm.goodsPrice of <__main__.Firm object at 0x0000018CA7DC8C00>>,10,10,0
Firm8,147,-191189.84597771603,1305,<bound method Firm.goodsPrice of <__main__.Firm object at 0x0000018CA7DC8D10>>,10,10,0
Firm9,147,-151440.6186518862,1079,<bound method Firm.goodsPrice of <__main__.Firm object at 0x0000018CA7D5A950>>,10,10,0
Firm10,147,-133144.60656095596,813,<bound method Firm.goodsPrice of <__main__.Firm object at 0x0000018CA7D5AF50>>,11,11,0
Firm1,148,-133284.41677344346,0,<bound method Firm.goodsPrice of <__main__.Firm object at 0x0000018CA7D79940>>,11,11,0
Firm2,148,-126650.10598452849,0,<bound method Firm.goodsPrice of <__main__.Firm object at 0x0000018CA7D7D450>>,11,11,0
Firm3,148,-135660.5473037836,137,<bound method Firm.goodsPrice of <__main__.Firm object at 0x0000018CA7D7D590>>,11,11,0
Firm4,148,-147964.97000323804,297,<bound method Firm.goodsPrice of <__main__.Firm object at 0x0000018CA7B5FCE0>>,12,12,0
Firm5,148,-141870.57861793437,127,<bound method Firm.goodsPrice of <__main__.Firm object at 0x0000018CA7B5FE10>>,12,12,0
Firm6,148,-141279.28408685492,520,<bound method Firm.goodsPrice of <__main__.Firm object at 0x0000018CA7D75130>>,12,12,0
Firm7,148,-157857.73054488472,956,<bound method Firm.goodsPrice of <__main__.Firm object at 0x0000018CA7DC8C00>>,12,12,0
Firm8,148,-192281.94980464203,1312,<bound method Firm.goodsPrice of <__main__.Firm object at 0x0000018CA7DC8D10>>,12,12,0
Firm9,148,-152270.96357637813,1083,<bound method Firm.goodsPrice of <__main__.Firm object at 0x0000018CA7D5A950>>,12,12,0
Firm10,148,-133844.54919575917,814,<bound method Firm.goodsPrice of <__main__.Firm object at 0x0000018CA7D5AF50>>,13,13,0
Firm1,149,-133999.52809324814,0,<bound method Firm.goodsPrice of <__main__.Firm object at 0x0000018CA7D79940>>,13,13,0
Firm2,149,-127442.03205962578,0,<bound method Firm.goodsPrice of <__main__.Firm object at 0x0000018CA7D7D450>>,13,13,0
Firm3,149,-136375.84847211317,136,<bound method Firm.goodsPrice of <__main__.Firm object at 0x0000018CA7D7D590>>,13,13,0
Firm4,149,-148760.5138141193,297,<bound method Firm.goodsPrice of <__main__.Firm object at 0x0000018CA7B5FCE0>>,14,14,0
Firm5,149,-142623.25925478962,125,<bound method Firm.goodsPrice of <__main__.Firm object at 0x0000018CA7B5FE10>>,14,14,0
Firm6,149,-142034.85375225075,521,<bound method Firm.goodsPrice of <__main__.Firm object at 0x0000018CA7D75130>>,14,14,0
Firm7,149,-158714.8878708463,959,<bound method Firm.goodsPrice of <__main__.Firm object at 0x0000018CA7DC8C00>>,14,14,0
Firm8,149,-193337.6587814144,1318,<bound method Firm.goodsPrice of <__main__.Firm object at 0x0000018CA7DC8D10>>,14,14,0
Firm9,149,-153113.81136485853,1088,<bound method Firm.goodsPrice of <__main__.Firm object at 0x0000018CA7D5A950>>,14,14,0
Firm10,149,-134560.4277644086,817,<bound method Firm.goodsPrice of <__main__.Firm object at 0x0000018CA7D5AF50>>,15,15,0
Firm1,150,-134714.63941305282,0,<bound method Firm.goodsPrice of <__main__.Firm object at 0x0000018CA7D79940>>,15,15,0
Firm2,150,-128233.95813472307,0,<bound method Firm.goodsPrice of <__main__.Firm object at 0x0000018CA7D7D450>>,15,15,0
Firm3,150,-137091.14964044275,135,<bound method Firm.goodsPrice of <__main__.Firm object at 0x0000018CA7D7D590>>,15,15,0
Firm4,150,-149556.05762500057,297,<bound method Firm.goodsPrice of <__main__.Firm object at 0x0000018CA7B5FCE0>>,16,16,0
Firm5,150,-143375.93989164487,123,<bound method Firm.goodsPrice of <__main__.Firm object at 0x0000018CA7B5FE10>>,16,16,0
Firm6,150,-142790.42341764658,522,<bound method Firm.goodsPrice of <__main__.Firm object at 0x0000018CA7D75130>>,16,16,0
Firm7,150,-159572.04519680786,962,<bound method Firm.goodsPrice of <__main__.Firm object at 0x0000018CA7DC8C00>>,16,16,0
Firm8,150,-194393.36775818674,1324,<bound method Firm.goodsPrice of <__main__.Firm object at 0x0000018CA7DC8D10>>,16,16,0
Firm9,150,-153944.15628935045,1092,<bound method Firm.goodsPrice of <__main__.Firm object at 0x0000018CA7D5A950>>,16,16,0
Firm10,150,-135260.37039921182,818,<bound method Firm.goodsPrice of <__main__.Firm object at 0x0000018CA7D5AF50>>,17,17,0
Firm1,151,-135429.7507328575,0,<bound method Firm.goodsPrice of <__main__.Firm object at 0x0000018CA7D79940>>,17,17,0
Firm2,151,-129025.88420982036,0,<bound method Firm.goodsPrice of <__main__.Firm object at 0x0000018CA7D7D450>>,17,17,0
Firm3,151,-137806.45080877232,134,<bound method Firm.goodsPrice of <__main__.Firm object at 0x0000018CA7D7D590>>,17,17,0
Firm4,151,-150351.60143588184,297,<bound method Firm.goodsPrice of <__main__.Firm object at 0x0000018CA7B5FCE0>>,18,18,0
Firm5,151,-144128.62052850012,121,<bound method Firm.goodsPrice of <__main__.Firm object at 0x0000018CA7B5FE10>>,18,18,0
Firm6,151,-143545.9930830424,523,<bound method Firm.goodsPrice of <__main__.Firm object at 0x0000018CA7D75130>>,18,18,0
Firm7,151,-160429.20252276942,965,<bound method Firm.goodsPrice of <__main__.Firm object at 0x0000018CA7DC8C00>>,18,18,0
Firm8,151,-195485.47158511274,1331,<bound method Firm.goodsPrice of <__main__.Firm object at 0x0000018CA7DC8D10>>,18,18,0
Firm9,151,-154787.00407783085,1097,<bound method Firm.goodsPrice of <__main__.Firm object at 0x0000018CA7D5A950>>,18,18,0
Firm10,151,-135976.24896786126,821,<bound method Firm.goodsPrice of <__main__.Firm object at 0x0000018CA7D5AF50>>,19,19,0
Firm1,152,-136144.86205266218,0,<bound method Firm.goodsPrice of <__main__.Firm object at 0x0000018CA7D79940>>,19,19,0
Firm2,152,-129817.81028491765,0,<bound method Firm.goodsPrice of <__main__.Firm object at 0x0000018CA7D7D450>>,19,19,0
Firm3,152,-138521.7519771019,133,<bound method Firm.goodsPrice of <__main__.Firm object at 0x0000018CA7D7D590>>,19,19,0
Firm4,152,-151147.1452467631,297,<bound method Firm.goodsPrice of <__main__.Firm object at 0x0000018CA7B5FCE0>>,20,20,0
Firm5,152,-144881.30116535537,119,<bound method Firm.goodsPrice of <__main__.Firm object at 0x0000018CA7B5FE10>>,20,20,0
Firm6,152,-144301.56274843824,524,<bound method Firm.goodsPrice of <__main__.Firm object at 0x0000018CA7D75130>>,20,20,0
Firm7,152,-161286.359848731,968,<bound method Firm.goodsPrice of <__main__.Firm object at 0x0000018CA7DC8C00>>,20,20,0
Firm8,152,-196541.1805618851,1337,<bound method Firm.goodsPrice of <__main__.Firm object at 0x0000018CA7DC8D10>>,20,20,0
Firm9,152,-155629.85186631125,1102,<bound method Firm.goodsPrice of <__main__.Firm object at 0x0000018CA7D5A950>>,20,20,0
Firm10,152,-136684.1595695876,823,<bound method Firm.goodsPrice of <__main__.Firm object at 0x0000018CA7D5AF50>>,21,21,0
Firm1,153,-136859.97337246686,0,<bound method Firm.goodsPrice of <__main__.Firm object at 0x0000018CA7D79940>>,21,21,0
Firm2,153,-130609.73636001494,0,<bound method Firm.goodsPrice of <__main__.Firm object at 0x0000018CA7D7D450>>,21,21,0
Firm3,153,-139237.05314543148,132,<bound method Firm.goodsPrice of <__main__.Firm object at 0x0000018CA7D7D590>>,21,21,0
Firm4,153,-151942.68905764437,297,<bound method Firm.goodsPrice of <__main__.Firm object at 0x0000018CA7B5FCE0>>,22,22,0
Firm5,153,-145647.04061706134,118,<bound method Firm.goodsPrice of <__main__.Firm object at 0x0000018CA7B5FE10>>,22,22,0
Firm6,153,-145045.85324064165,524,<bound method Firm.goodsPrice of <__main__.Firm object at 0x0000018CA7D75130>>,22,22,0
Firm7,153,-162143.51717469256,971,<bound method Firm.goodsPrice of <__main__.Firm object at 0x0000018CA7DC8C00>>,22,22,0
Firm8,153,-197596.88953865744,1343,<bound method Firm.goodsPrice of <__main__.Firm object at 0x0000018CA7DC8D10>>,22,22,0
Firm9,153,-156435.1910628262,1104,<bound method Firm.goodsPrice of <__main__.Firm object at 0x0000018CA7D5A950>>,22,22,0
Firm10,153,-137423.94203900636,829,<bound method Firm.goodsPrice of <__main__.Firm object at 0x0000018CA7D5AF50>>,23,23,0
Firm1,154,-137575.08469227154,0,<bound method Firm.goodsPrice of <__main__.Firm object at 0x0000018CA7D79940>>,23,23,0
Firm2,154,-131401.6624351122,0,<bound method Firm.goodsPrice of <__main__.Firm object at 0x0000018CA7D7D450>>,23,23,0
Firm3,154,-139952.35431376105,131,<bound method Firm.goodsPrice of <__main__.Firm object at 0x0000018CA7D7D590>>,23,23,0
Firm4,154,-152738.23286852564,297,<bound method Firm.goodsPrice of <__main__.Firm object at 0x0000018CA7B5FCE0>>,24,24,0
Firm5,154,-146399.7212539166,116,<bound method Firm.goodsPrice of <__main__.Firm object at 0x0000018CA7B5FE10>>,24,24,0
Firm6,154,-145812.7020792299,526,<bound method Firm.goodsPrice of <__main__.Firm object at 0x0000018CA7D75130>>,24,24,0
Firm7,154,-163000.67450065413,974,<bound method Firm.goodsPrice of <__main__.Firm object at 0x0000018CA7DC8C00>>,24,24,0
Firm8,154,-198651.57259517038,1349,<bound method Firm.goodsPrice of <__main__.Firm object at 0x0000018CA7DC8D10>>,24,24,0
Firm9,154,-157283.57809683104,1110,<bound method Firm.goodsPrice of <__main__.Firm object at 0x0000018CA7D5A950>>,24,24,0
Firm10,154,-138131.8526407327,831,<bound method Firm.goodsPrice of <__main__.Firm object at 0x0000018CA7D5AF50>>,25,25,0
Firm1,155,-138290.19601207622,0,<bound method Firm.goodsPrice of <__main__.Firm object at 0x0000018CA7D79940>>,25,25,0
Firm2,155,-132193.58851020964,0,<bound method Firm.goodsPrice of <__main__.Firm object at 0x0000018CA7D7D450>>,25,25,0
Firm3,155,-140667.65548209063,130,<bound method Firm.goodsPrice of <__main__.Firm object at 0x0000018CA7D7D590>>,25,25,0
Firm4,155,-153533.7766794069,297,<bound method Firm.goodsPrice of <__main__.Firm object at 0x0000018CA7B5FCE0>>,26,26,0
Firm5,155,-147165.46070562257,115,<bound method Firm.goodsPrice of <__main__.Firm object at 0x0000018CA7B5FE10>>,26,26,0
Firm6,155,-146556.9925714333,526,<bound method Firm.goodsPrice of <__main__.Firm object at 0x0000018CA7D75130>>,26,26,0
Firm7,155,-163857.8318266157,977,<bound method Firm.goodsPrice of <__main__.Firm object at 0x0000018CA7DC8C00>>,26,26,0
Firm8,155,-199707.28157194273,1355,<bound method Firm.goodsPrice of <__main__.Firm object at 0x0000018CA7DC8D10>>,26,26,0
Firm9,155,-158113.92302132296,1114,<bound method Firm.goodsPrice of <__main__.Firm object at 0x0000018CA7D5A950>>,26,26,0
Firm10,155,-138855.69917630524,835,<bound method Firm.goodsPrice of <__main__.Firm object at 0x0000018CA7D5AF50>>,27,27,0
Firm1,156,-139005.3073318809,0,<bound method Firm.goodsPrice of <__main__.Firm object at 0x0000018CA7D79940>>,27,27,0
Firm2,156,-132985.51458530707,0,<bound method Firm.goodsPrice of <__main__.Firm object at 0x0000018CA7D7D450>>,27,27,0
Firm3,156,-141382.9566504202,129,<bound method Firm.goodsPrice of <__main__.Firm object at 0x0000018CA7D7D590>>,27,27,0
Firm4,156,-154329.32049028817,297,<bound method Firm.goodsPrice of <__main__.Firm object at 0x0000018CA7B5FCE0>>,28,28,0
Firm5,156,-147918.14134247781,113,<bound method Firm.goodsPrice of <__main__.Firm object at 0x0000018CA7B5FE10>>,28,28,0
Firm6,156,-147323.84141002156,528,<bound method Firm.goodsPrice of <__main__.Firm object at 0x0000018CA7D75130>>,28,28,0
Firm7,156,-164714.98915257727,980,<bound method Firm.goodsPrice of <__main__.Firm object at 0x0000018CA7DC8C00>>,28,28,0
Firm8,156,-200762.99054871508,1361,<bound method Firm.goodsPrice of <__main__.Firm object at 0x0000018CA7DC8D10>>,28,28,0
Firm9,156,-158923.77554310294,1117,<bound method Firm.goodsPrice of <__main__.Firm object at 0x0000018CA7D5A950>>,28,28,0
Firm10,156,-139571.57774495467,838,<bound method Firm.goodsPrice of <__main__.Firm object at 0x0000018CA7D5AF50>>,29,29,0
Firm1,157,-139720.41865168558,0,<bound method Firm.goodsPrice of <__main__.Firm object at 0x0000018CA7D79940>>,29,29,0
Firm2,157,-133777.4406604045,0,<bound method Firm.goodsPrice of <__main__.Firm object at 0x0000018CA7D7D450>>,29,29,0
Firm3,157,-142098.2578187498,128,<bound method Firm.goodsPrice of <__main__.Firm object at 0x0000018CA7D7D590>>,29,29,0
Firm4,157,-155124.86430116944,297,<bound method Firm.goodsPrice of <__main__.Firm object at 0x0000018CA7B5FCE0>>,30,30,0
Firm5,157,-148683.8807941838,112,<bound method Firm.goodsPrice of <__main__.Firm object at 0x0000018CA7B5FE10>>,30,30,0
Firm6,157,-148079.4110754174,529,<bound method Firm.goodsPrice of <__main__.Firm object at 0x0000018CA7D75130>>,30,30,0
Firm7,157,-165572.14647853884,983,<bound method Firm.goodsPrice of <__main__.Firm object at 0x0000018CA7DC8C00>>,30,30,0
Firm8,157,-201855.09437564109,1368,<bound method Firm.goodsPrice of <__main__.Firm object at 0x0000018CA7DC8D10>>,30,30,0
Firm9,157,-159766.62333158334,1122,<bound method Firm.goodsPrice of <__main__.Firm object at 0x0000018CA7D5A950>>,30,30,0
Firm10,157,-140279.488346681,840,<bound method Firm.goodsPrice of <__main__.Firm object at 0x0000018CA7D5AF50>>,31,31,0
Firm1,158,-140435.52997149026,0,<bound method Firm.goodsPrice of <__main__.Firm object at 0x0000018CA7D79940>>,31,31,0
Firm2,158,-134569.36673550194,0,<bound method Firm.goodsPrice of <__main__.Firm object at 0x0000018CA7D7D450>>,31,31,0
Firm3,158,-142813.55898707936,127,<bound method Firm.goodsPrice of <__main__.Firm object at 0x0000018CA7D7D590>>,31,31,0
Firm4,158,-155920.4081120507,297,<bound method Firm.goodsPrice of <__main__.Firm object at 0x0000018CA7B5FCE0>>,32,32,0
Firm5,158,-149436.56143103904,110,<bound method Firm.goodsPrice of <__main__.Firm object at 0x0000018CA7B5FE10>>,32,32,0
Firm6,158,-148834.98074081322,530,<bound method Firm.goodsPrice of <__main__.Firm object at 0x0000018CA7D75130>>,32,32,0
Firm7,158,-166429.3038045004,986,<bound method Firm.goodsPrice of <__main__.Firm object at 0x0000018CA7DC8C00>>,32,32,0
Firm8,158,-202910.80335241344,1374,<bound method Firm.goodsPrice of <__main__.Firm object at 0x0000018CA7DC8D10>>,32,32,0
Firm9,158,-160615.39156586016,1128,<bound method Firm.goodsPrice of <__main__.Firm object at 0x0000018CA7D5A950>>,32,32,0
Firm10,158,-140971.4630145611,840,<bound method Firm.goodsPrice of <__main__.Firm object at 0x0000018CA7D5AF50>>,33,33,0
Firm1,159,-141150.64129129495,0,<bound method Firm.goodsPrice of <__main__.Firm object at 0x0000018CA7D79940>>,33,33,0
Firm2,159,-135361.29281059938,0,<bound method Firm.goodsPrice of <__main__.Firm object at 0x0000018CA7D7D450>>,33,33,0
Firm3,159,-143528.86015540894,126,<bound method Firm.goodsPrice of <__main__.Firm object at 0x0000018CA7D7D590>>,33,33,0
Firm4,159,-156715.95192293197,297,<bound method Firm.goodsPrice of <__main__.Firm object at 0x0000018CA7B5FCE0>>,34,34,0
Firm5,159,-150202.300882745,109,<bound method Firm.goodsPrice of <__main__.Firm object at 0x0000018CA7B5FE10>>,34,34,0
Firm6,159,-149579.27123301663,530,<bound method Firm.goodsPrice of <__main__.Firm object at 0x0000018CA7D75130>>,34,34,0
Firm7,159,-167286.46113046198,989,<bound method Firm.goodsPrice of <__main__.Firm object at 0x0000018CA7DC8C00>>,34,34,0
Firm8,159,-203966.5123291858,1380,<bound method Firm.goodsPrice of <__main__.Firm object at 0x0000018CA7DC8D10>>,34,34,0
Firm9,159,-161450.2498156171,1133,<bound method Firm.goodsPrice of <__main__.Firm object at 0x0000018CA7D5A950>>,34,34,0
Firm10,159,-141711.24548397987,846,<bound method Firm.goodsPrice of <__main__.Firm object at 0x0000018CA7D5AF50>>,35,35,0
Firm1,160,-141865.75261109963,0,<bound method Firm.goodsPrice of <__main__.Firm object at 0x0000018CA7D79940>>,35,35,0
Firm2,160,-136153.2188856968,0,<bound method Firm.goodsPrice of <__main__.Firm object at 0x0000018CA7D7D450>>,35,35,0
Firm3,160,-144244.16132373852,125,<bound method Firm.goodsPrice of <__main__.Firm object at 0x0000018CA7D7D590>>,35,35,0
Firm4,160,-157511.49573381324,297,<bound method Firm.goodsPrice of <__main__.Firm object at 0x0000018CA7B5FCE0>>,36,36,0
Firm5,160,-150954.98151960026,107,<bound method Firm.goodsPrice of <__main__.Firm object at 0x0000018CA7B5FE10>>,36,36,0
Firm6,160,-150334.84089841245,531,<bound method Firm.goodsPrice of <__main__.Firm object at 0x0000018CA7D75130>>,36,36,0
Firm7,160,-168143.61845642354,992,<bound method Firm.goodsPrice of <__main__.Firm object at 0x0000018CA7DC8C00>>,36,36,0
Firm8,160,-205058.6161561118,1387,<bound method Firm.goodsPrice of <__main__.Firm object at 0x0000018CA7DC8D10>>,36,36,0
Firm9,160,-162280.59474010902,1137,<bound method Firm.goodsPrice of <__main__.Firm object at 0x0000018CA7D5A950>>,36,36,0
Firm10,160,-142411.1881187831,847,<bound method Firm.goodsPrice of <__main__.Firm object at 0x0000018CA7D5AF50>>,37,37,0
Firm1,161,-142580.8639309043,0,<bound method Firm.goodsPrice of <__main__.Firm object at 0x0000018CA7D79940>>,37,37,0
Firm2,161,-136945.14496079425,0,<bound method Firm.goodsPrice of <__main__.Firm object at 0x0000018CA7D7D450>>,37,37,0
Firm3,161,-144959.4624920681,124,<bound method Firm.goodsPrice of <__main__.Firm object at 0x0000018CA7D7D590>>,37,37,0
Firm4,161,-158307.0395446945,297,<bound method Firm.goodsPrice of <__main__.Firm object at 0x0000018CA7B5FCE0>>,38,38,0
Firm5,161,-151720.72097130623,106,<bound method Firm.goodsPrice of <__main__.Firm object at 0x0000018CA7B5FE10>>,38,38,0
Firm6,161,-151090.41056380828,532,<bound method Firm.goodsPrice of <__main__.Firm object at 0x0000018CA7D75130>>,38,38,0
Firm7,161,-169000.7757823851,995,<bound method Firm.goodsPrice of <__main__.Firm object at 0x0000018CA7DC8C00>>,38,38,0
Firm8,161,-206076.90436247108,1392,<bound method Firm.goodsPrice of <__main__.Firm object at 0x0000018CA7DC8D10>>,38,38,0
Firm9,161,-163128.98177411387,1143,<bound method Firm.goodsPrice of <__main__.Firm object at 0x0000018CA7D5A950>>,38,38,0
Firm10,161,-143135.03465435564,851,<bound method Firm.goodsPrice of <__main__.Firm object at 0x0000018CA7D5AF50>>,39,39,0
Firm1,162,-143295.975250709,0,<bound method Firm.goodsPrice of <__main__.Firm object at 0x0000018CA7D79940>>,39,39,0
Firm2,162,-137737.07103589168,0,<bound method Firm.goodsPrice of <__main__.Firm object at 0x0000018CA7D7D450>>,39,39,0
Firm3,162,-145674.76366039767,123,<bound method Firm.goodsPrice of <__main__.Firm object at 0x0000018CA7D7D590>>,39,39,0
Firm4,162,-159102.58335557577,297,<bound method Firm.goodsPrice of <__main__.Firm object at 0x0000018CA7B5FCE0>>,40,40,0
Firm5,162,-152473.40160816148,104,<bound method Firm.goodsPrice of <__main__.Firm object at 0x0000018CA7B5FE10>>,40,40,0
Firm6,162,-151845.9802292041,533,<bound method Firm.goodsPrice of <__main__.Firm object at 0x0000018CA7D75130>>,40,40,0
Firm7,162,-169857.93310834668,998,<bound method Firm.goodsPrice of <__main__.Firm object at 0x0000018CA7DC8C00>>,40,40,0
Firm8,162,-207132.61333924343,1398,<bound method Firm.goodsPrice of <__main__.Firm object at 0x0000018CA7DC8D10>>,40,40,0
Firm9,162,-163963.8400238708,1148,<bound method Firm.goodsPrice of <__main__.Firm object at 0x0000018CA7D5A950>>,40,40,0
Firm10,162,-143834.97728915885,852,<bound method Firm.goodsPrice of <__main__.Firm object at 0x0000018CA7D5AF50>>,41,41,0
Firm1,163,-144011.08657051367,0,<bound method Firm.goodsPrice of <__main__.Firm object at 0x0000018CA7D79940>>,41,41,0
Firm2,163,-138528.99711098912,0,<bound method Firm.goodsPrice of <__main__.Firm object at 0x0000018CA7D7D450>>,41,41,0
Firm3,163,-146390.06482872725,122,<bound method Firm.goodsPrice of <__main__.Firm object at 0x0000018CA7D7D590>>,41,41,0
Firm4,163,-159898.12716645704,297,<bound method Firm.goodsPrice of <__main__.Firm object at 0x0000018CA7B5FCE0>>,42,42,0
Firm5,163,-153239.14105986746,103,<bound method Firm.goodsPrice of <__main__.Firm object at 0x0000018CA7B5FE10>>,42,42,0
Firm6,163,-152601.54989459994,534,<bound method Firm.goodsPrice of <__main__.Firm object at 0x0000018CA7D75130>>,42,42,0
Firm7,163,-170715.09043430825,1001,<bound method Firm.goodsPrice of <__main__.Firm object at 0x0000018CA7DC8C00>>,42,42,0
Firm8,163,-208224.71716616943,1405,<bound method Firm.goodsPrice of <__main__.Firm object at 0x0000018CA7DC8D10>>,42,42,0
Firm9,163,-164794.18494836273,1152,<bound method Firm.goodsPrice of <__main__.Firm object at 0x0000018CA7D5A950>>,42,42,0
Firm10,163,-144558.8238247314,856,<bound method Firm.goodsPrice of <__main__.Firm object at 0x0000018CA7D5AF50>>,43,43,0
Firm1,164,-144726.19789031835,0,<bound method Firm.goodsPrice of <__main__.Firm object at 0x0000018CA7D79940>>,43,43,0
Firm2,164,-139320.92318608655,0,<bound method Firm.goodsPrice of <__main__.Firm object at 0x0000018CA7D7D450>>,43,43,0
Firm3,164,-147105.36599705683,121,<bound method Firm.goodsPrice of <__main__.Firm object at 0x0000018CA7D7D590>>,43,43,0
Firm4,164,-160693.6709773383,297,<bound method Firm.goodsPrice of <__main__.Firm object at 0x0000018CA7B5FCE0>>,44,44,0
Firm5,164,-153991.8216967227,101,<bound method Firm.goodsPrice of <__main__.Firm object at 0x0000018CA7B5FE10>>,44,44,0
Firm6,164,-153368.3987331882,536,<bound method Firm.goodsPrice of <__main__.Firm object at 0x0000018CA7D75130>>,44,44,0
Firm7,164,-171572.24776026982,1004,<bound method Firm.goodsPrice of <__main__.Firm object at 0x0000018CA7DC8C00>>,44,44,0
Firm8,164,-209280.42614294178,1411,<bound method Firm.goodsPrice of <__main__.Firm object at 0x0000018CA7DC8D10>>,44,44,0
Firm9,164,-165624.52987285465,1156,<bound method Firm.goodsPrice of <__main__.Firm object at 0x0000018CA7D5A950>>,44,44,0
Firm10,164,-145258.7664595346,857,<bound method Firm.goodsPrice of <__main__.Firm object at 0x0000018CA7D5AF50>>,45,45,0
Firm1,165,-145441.30921012303,0,<bound method Firm.goodsPrice of <__main__.Firm object at 0x0000018CA7D79940>>,45,45,0
Firm2,165,-140112.849261184,0,<bound method Firm.goodsPrice of <__main__.Firm object at 0x0000018CA7D7D450>>,45,45,0
Firm3,165,-147820.6671653864,120,<bound method Firm.goodsPrice of <__main__.Firm object at 0x0000018CA7D7D590>>,45,45,0
Firm4,165,-161489.21478821957,297,<bound method Firm.goodsPrice of <__main__.Firm object at 0x0000018CA7B5FCE0>>,46,46,0
Firm5,165,-154757.56114842868,100,<bound method Firm.goodsPrice of <__main__.Firm object at 0x0000018CA7B5FE10>>,46,46,0
Firm6,165,-154112.6892253916,536,<bound method Firm.goodsPrice of <__main__.Firm object at 0x0000018CA7D75130>>,46,46,0
Firm7,165,-172429.4050862314,1007,<bound method Firm.goodsPrice of <__main__.Firm object at 0x0000018CA7DC8C00>>,46,46,0
Firm8,165,-210336.13511971413,1417,<bound method Firm.goodsPrice of <__main__.Firm object at 0x0000018CA7DC8D10>>,46,46,0
Firm9,165,-166454.87479734657,1160,<bound method Firm.goodsPrice of <__main__.Firm object at 0x0000018CA7D5A950>>,46,46,0
Firm10,165,-145990.58096203028,862,<bound method Firm.goodsPrice of <__main__.Firm object at 0x0000018CA7D5AF50>>,47,47,0
Firm1,166,-146156.4205299277,0,<bound method Firm.goodsPrice of <__main__.Firm object at 0x0000018CA7D79940>>,47,47,0
Firm2,166,-140904.77533628143,0,<bound method Firm.goodsPrice of <__main__.Firm object at 0x0000018CA7D7D450>>,47,47,0
Firm3,166,-148535.96833371598,119,<bound method Firm.goodsPrice of <__main__.Firm object at 0x0000018CA7D7D590>>,47,47,0
Firm4,166,-162284.75859910084,297,<bound method Firm.goodsPrice of <__main__.Firm object at 0x0000018CA7B5FCE0>>,48,48,0
Firm5,166,-155510.24178528393,98,<bound method Firm.goodsPrice of <__main__.Firm object at 0x0000018CA7B5FE10>>,48,48,0
Firm6,166,-154868.25889078743,537,<bound method Firm.goodsPrice of <__main__.Firm object at 0x0000018CA7D75130>>,48,48,0
Firm7,166,-173286.56241219296,1010,<bound method Firm.goodsPrice of <__main__.Firm object at 0x0000018CA7DC8C00>>,48,48,0
Firm8,166,-211391.8440964865,1423,<bound method Firm.goodsPrice of <__main__.Firm object at 0x0000018CA7DC8D10>>,48,48,0
Firm9,166,-167302.235911092,1166,<bound method Firm.goodsPrice of <__main__.Firm object at 0x0000018CA7D5A950>>,48,48,0
Firm10,166,-146706.4595306797,865,<bound method Firm.goodsPrice of <__main__.Firm object at 0x0000018CA7D5AF50>>,49,49,0
Firm1,167,-146871.5318497324,0,<bound method Firm.goodsPrice of <__main__.Firm object at 0x0000018CA7D79940>>,49,49,0
Firm2,167,-141696.70141137886,0,<bound method Firm.goodsPrice of <__main__.Firm object at 0x0000018CA7D7D450>>,49,49,0
Firm3,167,-149251.26950204556,118,<bound method Firm.goodsPrice of <__main__.Firm object at 0x0000018CA7D7D590>>,49,49,0
Firm4,167,-163080.3024099821,297,<bound method Firm.goodsPrice of <__main__.Firm object at 0x0000018CA7B5FCE0>>,50,50,0
Firm5,167,-156275.9812369899,97,<bound method Firm.goodsPrice of <__main__.Firm object at 0x0000018CA7B5FE10>>,50,50,0
Firm6,167,-155612.54938299084,537,<bound method Firm.goodsPrice of <__main__.Firm object at 0x0000018CA7D75130>>,50,50,0
Firm7,167,-174143.71973815453,1013,<bound method Firm.goodsPrice of <__main__.Firm object at 0x0000018CA7DC8C00>>,50,50,0
Firm8,167,-212483.9479234125,1430,<bound method Firm.goodsPrice of <__main__.Firm object at 0x0000018CA7DC8D10>>,50,50,0
Firm9,167,-168132.5808355839,1170,<bound method Firm.goodsPrice of <__main__.Firm object at 0x0000018CA7D5A950>>,50,50,0
Firm10,167,-147430.30606625226,869,<bound method Firm.goodsPrice of <__main__.Firm object at 0x0000018CA7D5AF50>>,51,51,0
Firm1,168,-147586.64316953707,0,<bound method Firm.goodsPrice of <__main__.Firm object at 0x0000018CA7D79940>>,51,51,0
Firm2,168,-142488.6274864763,0,<bound method Firm.goodsPrice of <__main__.Firm object at 0x0000018CA7D7D450>>,51,51,0
Firm3,168,-149966.57067037513,117,<bound method Firm.goodsPrice of <__main__.Firm object at 0x0000018CA7D7D590>>,51,51,0
Firm4,168,-163875.84622086337,297,<bound method Firm.goodsPrice of <__main__.Firm object at 0x0000018CA7B5FCE0>>,52,52,0
Firm5,168,-157028.66187384515,95,<bound method Firm.goodsPrice of <__main__.Firm object at 0x0000018CA7B5FE10>>,52,52,0
Firm6,168,-156379.3982215791,539,<bound method Firm.goodsPrice of <__main__.Firm object at 0x0000018CA7D75130>>,52,52,0
Firm7,168,-175000.8770641161,1016,<bound method Firm.goodsPrice of <__main__.Firm object at 0x0000018CA7DC8C00>>,52,52,0
Firm8,168,-213502.23612977177,1435,<bound method Firm.goodsPrice of <__main__.Firm object at 0x0000018CA7DC8D10>>,52,52,0
Firm9,168,-168968.46500560027,1175,<bound method Firm.goodsPrice of <__main__.Firm object at 0x0000018CA7D5A950>>,52,52,0
Firm10,168,-148130.24870105548,870,<bound method Firm.goodsPrice of <__main__.Firm object at 0x0000018CA7D5AF50>>,53,53,0
Firm1,169,-148301.75448934175,0,<bound method Firm.goodsPrice of <__main__.Firm object at 0x0000018CA7D79940>>,53,53,0
Firm2,169,-143280.55356157373,0,<bound method Firm.goodsPrice of <__main__.Firm object at 0x0000018CA7D7D450>>,53,53,0
Firm3,169,-150681.8718387047,116,<bound method Firm.goodsPrice of <__main__.Firm object at 0x0000018CA7D7D590>>,53,53,0
Firm4,169,-164671.39003174464,297,<bound method Firm.goodsPrice of <__main__.Firm object at 0x0000018CA7B5FCE0>>,54,54,0
Firm5,169,-157794.40132555112,94,<bound method Firm.goodsPrice of <__main__.Firm object at 0x0000018CA7B5FE10>>,54,54,0
Firm6,169,-157123.6887137825,539,<bound method Firm.goodsPrice of <__main__.Firm object at 0x0000018CA7D75130>>,54,54,0
Firm7,169,-175858.03439007766,1019,<bound method Firm.goodsPrice of <__main__.Firm object at 0x0000018CA7DC8C00>>,54,54,0
Firm8,169,-214557.94510654412,1441,<bound method Firm.goodsPrice of <__main__.Firm object at 0x0000018CA7DC8D10>>,54,54,0
Firm9,169,-169811.31279408067,1180,<bound method Firm.goodsPrice of <__main__.Firm object at 0x0000018CA7D5A950>>,54,54,0
Firm10,169,-148846.1272697049,873,<bound method Firm.goodsPrice of <__main__.Firm object at 0x0000018CA7D5AF50>>,55,55,0
Firm1,170,-149016.86580914643,0,<bound method Firm.goodsPrice of <__main__.Firm object at 0x0000018CA7D79940>>,55,55,0
Firm2,170,-144072.47963667117,0,<bound method Firm.goodsPrice of <__main__.Firm object at 0x0000018CA7D7D450>>,55,55,0
Firm3,170,-151397.1730070343,115,<bound method Firm.goodsPrice of <__main__.Firm object at 0x0000018CA7D7D590>>,55,55,0
Firm4,170,-165466.9338426259,297,<bound method Firm.goodsPrice of <__main__.Firm object at 0x0000018CA7B5FCE0>>,56,56,0
Firm5,170,-158547.08196240637,92,<bound method Firm.goodsPrice of <__main__.Firm object at 0x0000018CA7B5FE10>>,56,56,0
Firm6,170,-157890.53755237075,541,<bound method Firm.goodsPrice of <__main__.Firm object at 0x0000018CA7D75130>>,56,56,0
Firm7,170,-176715.19171603923,1022,<bound method Firm.goodsPrice of <__main__.Firm object at 0x0000018CA7DC8C00>>,56,56,0
Firm8,170,-215650.04893347013,1448,<bound method Firm.goodsPrice of <__main__.Firm object at 0x0000018CA7DC8D10>>,56,56,0
Firm9,170,-170641.6577185726,1184,<bound method Firm.goodsPrice of <__main__.Firm object at 0x0000018CA7D5A950>>,56,56,0
Firm10,170,-149546.06990450813,874,<bound method Firm.goodsPrice of <__main__.Firm object at 0x0000018CA7D5AF50>>,57,57,0
Firm1,171,-149731.9771289511,0,<bound method Firm.goodsPrice of <__main__.Firm object at 0x0000018CA7D79940>>,57,57,0
Firm2,171,-144864.4057117686,0,<bound method Firm.goodsPrice of <__main__.Firm object at 0x0000018CA7D7D450>>,57,57,0
Firm3,171,-152112.47417536387,114,<bound method Firm.goodsPrice of <__main__.Firm object at 0x0000018CA7D7D590>>,57,57,0
Firm4,171,-166262.47765350717,297,<bound method Firm.goodsPrice of <__main__.Firm object at 0x0000018CA7B5FCE0>>,58,58,0
Firm5,171,-159312.82141411235,91,<bound method Firm.goodsPrice of <__main__.Firm object at 0x0000018CA7B5FE10>>,58,58,0
Firm6,171,-158646.10721776658,542,<bound method Firm.goodsPrice of <__main__.Firm object at 0x0000018CA7D75130>>,58,58,0
Firm7,171,-177572.3490420008,1025,<bound method Firm.goodsPrice of <__main__.Firm object at 0x0000018CA7DC8C00>>,58,58,0
Firm8,171,-216705.75791024248,1454,<bound method Firm.goodsPrice of <__main__.Firm object at 0x0000018CA7DC8D10>>,58,58,0
Firm9,171,-171472.0026430645,1188,<bound method Firm.goodsPrice of <__main__.Firm object at 0x0000018CA7D5A950>>,58,58,0
Firm10,171,-150261.94847315756,877,<bound method Firm.goodsPrice of <__main__.Firm object at 0x0000018CA7D5AF50>>,59,59,0
Firm1,172,-150447.0884487558,0,<bound method Firm.goodsPrice of <__main__.Firm object at 0x0000018CA7D79940>>,59,59,0
Firm2,172,-145656.33178686604,0,<bound method Firm.goodsPrice of <__main__.Firm object at 0x0000018CA7D7D450>>,59,59,0
Firm3,172,-152827.77534369344,113,<bound method Firm.goodsPrice of <__main__.Firm object at 0x0000018CA7D7D590>>,59,59,0
Firm4,172,-167058.02146438844,297,<bound method Firm.goodsPrice of <__main__.Firm object at 0x0000018CA7B5FCE0>>,60,60,0
Firm5,172,-160065.5020509676,89,<bound method Firm.goodsPrice of <__main__.Firm object at 0x0000018CA7B5FE10>>,60,60,0
Firm6,172,-159401.6768831624,543,<bound method Firm.goodsPrice of <__main__.Firm object at 0x0000018CA7D75130>>,60,60,0
Firm7,172,-178429.50636796237,1028,<bound method Firm.goodsPrice of <__main__.Firm object at 0x0000018CA7DC8C00>>,60,60,0
Firm8,172,-217761.46688701483,1460,<bound method Firm.goodsPrice of <__main__.Firm object at 0x0000018CA7DC8D10>>,60,60,0
Firm9,172,-172302.34756755643,1192,<bound method Firm.goodsPrice of <__main__.Firm object at 0x0000018CA7D5A950>>,60,60,0
Firm10,172,-150985.7950087301,881,<bound method Firm.goodsPrice of <__main__.Firm object at 0x0000018CA7D5AF50>>,61,61,0
Firm1,173,-151162.19976856047,0,<bound method Firm.goodsPrice of <__main__.Firm object at 0x0000018CA7D79940>>,61,61,0
Firm2,173,-146448.25786196347,0,<bound method Firm.goodsPrice of <__main__.Firm object at 0x0000018CA7D7D450>>,61,61,0
Firm3,173,-153543.07651202302,112,<bound method Firm.goodsPrice of <__main__.Firm object at 0x0000018CA7D7D590>>,61,61,0
Firm4,173,-167853.5652752697,297,<bound method Firm.goodsPrice of <__main__.Firm object at 0x0000018CA7B5FCE0>>,62,62,0
Firm5,173,-160831.24150267357,88,<bound method Firm.goodsPrice of <__main__.Firm object at 0x0000018CA7B5FE10>>,62,62,0
Firm6,173,-160134.6882021734,542,<bound method Firm.goodsPrice of <__main__.Firm object at 0x0000018CA7D75130>>,62,62,0
Firm7,173,-179286.66369392394,1031,<bound method Firm.goodsPrice of <__main__.Firm object at 0x0000018CA7DC8C00>>,62,62,0
Firm8,173,-218817.17586378718,1466,<bound method Firm.goodsPrice of <__main__.Firm object at 0x0000018CA7DC8D10>>,62,62,0
Firm9,173,-173149.70868130185,1198,<bound method Firm.goodsPrice of <__main__.Firm object at 0x0000018CA7D5A950>>,62,62,0
Firm10,173,-151717.60951122578,886,<bound method Firm.goodsPrice of <__main__.Firm object at 0x0000018CA7D5AF50>>,63,63,0
Firm1,174,-151877.31108836515,0,<bound method Firm.goodsPrice of <__main__.Firm object at 0x0000018CA7D79940>>,63,63,0
Firm2,174,-147240.1839370609,0,<bound method Firm.goodsPrice of <__main__.Firm object at 0x0000018CA7D7D450>>,63,63,0
Firm3,174,-154258.3776803526,111,<bound method Firm.goodsPrice of <__main__.Firm object at 0x0000018CA7D7D590>>,63,63,0
Firm4,174,-168649.10908615097,297,<bound method Firm.goodsPrice of <__main__.Firm object at 0x0000018CA7B5FCE0>>,64,64,0
Firm5,174,-161596.98095437954,87,<bound method Firm.goodsPrice of <__main__.Firm object at 0x0000018CA7B5FE10>>,64,64,0
Firm6,174,-160890.25786756922,543,<bound method Firm.goodsPrice of <__main__.Firm object at 0x0000018CA7D75130>>,64,64,0
Firm7,174,-180143.8210198855,1034,<bound method Firm.goodsPrice of <__main__.Firm object at 0x0000018CA7DC8C00>>,64,64,0
Firm8,174,-219909.27969071319,1473,<bound method Firm.goodsPrice of <__main__.Firm object at 0x0000018CA7DC8D10>>,64,64,0
Firm9,174,-173967.5507418053,1201,<bound method Firm.goodsPrice of <__main__.Firm object at 0x0000018CA7D5A950>>,64,64,0
Firm10,174,-152425.5201129521,888,<bound method Firm.goodsPrice of <__main__.Firm object at 0x0000018CA7D5AF50>>,65,65,0
Firm1,175,-152592.42240816983,0,<bound method Firm.goodsPrice of <__main__.Firm object at 0x0000018CA7D79940>>,65,65,0
Firm2,175,-148032.11001215834,0,<bound method Firm.goodsPrice of <__main__.Firm object at 0x0000018CA7D7D450>>,65,65,0
Firm3,175,-154973.67884868218,110,<bound method Firm.goodsPrice of <__main__.Firm object at 0x0000018CA7D7D590>>,65,65,0
Firm4,175,-169444.65289703224,297,<bound method Firm.goodsPrice of <__main__.Firm object at 0x0000018CA7B5FCE0>>,66,66,0
Firm5,175,-162349.6615912348,85,<bound method Firm.goodsPrice of <__main__.Firm object at 0x0000018CA7B5FE10>>,66,66,0
Firm6,175,-161657.10670615747,545,<bound method Firm.goodsPrice of <__main__.Firm object at 0x0000018CA7D75130>>,66,66,0
Firm7,175,-181000.97834584708,1037,<bound method Firm.goodsPrice of <__main__.Firm object at 0x0000018CA7DC8C00>>,66,66,0
Firm8,175,-220964.98866748554,1479,<bound method Firm.goodsPrice of <__main__.Firm object at 0x0000018CA7DC8D10>>,66,66,0
Firm9,175,-174810.3985302857,1206,<bound method Firm.goodsPrice of <__main__.Firm object at 0x0000018CA7D5A950>>,66,66,0
Firm10,175,-153133.43071467843,890,<bound method Firm.goodsPrice of <__main__.Firm object at 0x0000018CA7D5AF50>>,67,67,0
Firm1,176,-153307.5337279745,0,<bound method Firm.goodsPrice of <__main__.Firm object at 0x0000018CA7D79940>>,67,67,0
Firm2,176,-148824.03608725578,0,<bound method Firm.goodsPrice of <__main__.Firm object at 0x0000018CA7D7D450>>,67,67,0
Firm3,176,-155688.98001701175,109,<bound method Firm.goodsPrice of <__main__.Firm object at 0x0000018CA7D7D590>>,67,67,0
Firm4,176,-170240.1967079135,297,<bound method Firm.goodsPrice of <__main__.Firm object at 0x0000018CA7B5FCE0>>,68,68,0
Firm5,176,-163115.40104294076,84,<bound method Firm.goodsPrice of <__main__.Firm object at 0x0000018CA7B5FE10>>,68,68,0
Firm6,176,-162401.39719836088,545,<bound method Firm.goodsPrice of <__main__.Firm object at 0x0000018CA7D75130>>,68,68,0
Firm7,176,-181858.13567180865,1040,<bound method Firm.goodsPrice of <__main__.Firm object at 0x0000018CA7DC8C00>>,68,68,0
Firm8,176,-222020.6976442579,1485,<bound method Firm.goodsPrice of <__main__.Firm object at 0x0000018CA7DC8D10>>,68,68,0
Firm9,176,-175653.2463187661,1211,<bound method Firm.goodsPrice of <__main__.Firm object at 0x0000018CA7D5A950>>,68,68,0
Firm10,176,-153833.37334948164,891,<bound method Firm.goodsPrice of <__main__.Firm object at 0x0000018CA7D5AF50>>,69,69,0
Firm1,177,-154022.6450477792,0,<bound method Firm.goodsPrice of <__main__.Firm object at 0x0000018CA7D79940>>,69,69,0
Firm2,177,-149615.96216235321,0,<bound method Firm.goodsPrice of <__main__.Firm object at 0x0000018CA7D7D450>>,69,69,0
Firm3,177,-156404.28118534133,108,<bound method Firm.goodsPrice of <__main__.Firm object at 0x0000018CA7D7D590>>,69,69,0
Firm4,177,-171035.74051879477,297,<bound method Firm.goodsPrice of <__main__.Firm object at 0x0000018CA7B5FCE0>>,70,70,0
Firm5,177,-163868.081679796,82,<bound method Firm.goodsPrice of <__main__.Firm object at 0x0000018CA7B5FE10>>,70,70,0
Firm6,177,-163168.24603694913,547,<bound method Firm.goodsPrice of <__main__.Firm object at 0x0000018CA7D75130>>,70,70,0
Firm7,177,-182715.29299777022,1043,<bound method Firm.goodsPrice of <__main__.Firm object at 0x0000018CA7DC8C00>>,70,70,0
Firm8,177,-223075.38070077082,1491,<bound method Firm.goodsPrice of <__main__.Firm object at 0x0000018CA7DC8D10>>,70,70,0
Firm9,177,-176476.62762479397,1215,<bound method Firm.goodsPrice of <__main__.Firm object at 0x0000018CA7D5A950>>,70,70,0
Firm10,177,-154565.1878519773,896,<bound method Firm.goodsPrice of <__main__.Firm object at 0x0000018CA7D5AF50>>,71,71,0
Firm1,178,-154737.75636758388,0,<bound method Firm.goodsPrice of <__main__.Firm object at 0x0000018CA7D79940>>,71,71,0
Firm2,178,-150407.88823745065,0,<bound method Firm.goodsPrice of <__main__.Firm object at 0x0000018CA7D7D450>>,71,71,0
Firm3,178,-157119.5823536709,107,<bound method Firm.goodsPrice of <__main__.Firm object at 0x0000018CA7D7D590>>,71,71,0
Firm4,178,-171831.28432967604,297,<bound method Firm.goodsPrice of <__main__.Firm object at 0x0000018CA7B5FCE0>>,72,72,0
Firm5,178,-164633.821131502,81,<bound method Firm.goodsPrice of <__main__.Firm object at 0x0000018CA7B5FE10>>,72,72,0
Firm6,178,-163923.81570234496,548,<bound method Firm.goodsPrice of <__main__.Firm object at 0x0000018CA7D75130>>,72,72,0
Firm7,178,-183572.45032373178,1046,<bound method Firm.goodsPrice of <__main__.Firm object at 0x0000018CA7DC8C00>>,72,72,0
Firm8,178,-224131.08967754318,1497,<bound method Firm.goodsPrice of <__main__.Firm object at 0x0000018CA7DC8D10>>,72,72,0
Firm9,178,-177319.47541327437,1220,<bound method Firm.goodsPrice of <__main__.Firm object at 0x0000018CA7D5A950>>,72,72,0
Firm10,178,-155249.1945529343,895,<bound method Firm.goodsPrice of <__main__.Firm object at 0x0000018CA7D5AF50>>,73,73,0
Firm1,179,-155452.86768738856,0,<bound method Firm.goodsPrice of <__main__.Firm object at 0x0000018CA7D79940>>,73,73,0
Firm2,179,-151199.8143125481,0,<bound method Firm.goodsPrice of <__main__.Firm object at 0x0000018CA7D7D450>>,73,73,0
Firm3,179,-157834.88352200048,106,<bound method Firm.goodsPrice of <__main__.Firm object at 0x0000018CA7D7D590>>,73,73,0
Firm4,179,-172626.8281405573,297,<bound method Firm.goodsPrice of <__main__.Firm object at 0x0000018CA7B5FCE0>>,74,74,0
Firm5,179,-165386.50176835724,79,<bound method Firm.goodsPrice of <__main__.Firm object at 0x0000018CA7B5FE10>>,74,74,0
Firm6,179,-164679.3853677408,549,<bound method Firm.goodsPrice of <__main__.Firm object at 0x0000018CA7D75130>>,74,74,0
Firm7,179,-184429.60764969335,1049,<bound method Firm.goodsPrice of <__main__.Firm object at 0x0000018CA7DC8C00>>,74,74,0
Firm8,179,-225186.79865431553,1503,<bound method Firm.goodsPrice of <__main__.Firm object at 0x0000018CA7DC8D10>>,74,74,0
Firm9,179,-178162.32320175477,1225,<bound method Firm.goodsPrice of <__main__.Firm object at 0x0000018CA7D5A950>>,74,74,0
Firm10,179,-155981.00905542995,900,<bound method Firm.goodsPrice of <__main__.Firm object at 0x0000018CA7D5AF50>>,75,75,0
Firm1,180,-156167.97900719324,0,<bound method Firm.goodsPrice of <__main__.Firm object at 0x0000018CA7D79940>>,75,75,0
Firm2,180,-151991.74038764552,0,<bound method Firm.goodsPrice of <__main__.Firm object at 0x0000018CA7D7D450>>,75,75,0
Firm3,180,-158550.18469033006,105,<bound method Firm.goodsPrice of <__main__.Firm object at 0x0000018CA7D7D590>>,75,75,0
Firm4,180,-173422.37195143857,297,<bound method Firm.goodsPrice of <__main__.Firm object at 0x0000018CA7B5FCE0>>,76,76,0
Firm5,180,-166152.2412200632,78,<bound method Firm.goodsPrice of <__main__.Firm object at 0x0000018CA7B5FE10>>,76,76,0
Firm6,180,-165412.39668675177,548,<bound method Firm.goodsPrice of <__main__.Firm object at 0x0000018CA7D75130>>,76,76,0
Firm7,180,-185274.85541052473,1051,<bound method Firm.goodsPrice of <__main__.Firm object at 0x0000018CA7DC8C00>>,76,76,0
Firm8,180,-226278.90248124153,1510,<bound method Firm.goodsPrice of <__main__.Firm object at 0x0000018CA7DC8D10>>,76,76,0
Firm9,180,-178992.6681262467,1229,<bound method Firm.goodsPrice of <__main__.Firm object at 0x0000018CA7D5A950>>,76,76,0
Firm10,180,-156704.8555910025,904,<bound method Firm.goodsPrice of <__main__.Firm object at 0x0000018CA7D5AF50>>,77,77,0
Firm1,181,-156883.09032699792,0,<bound method Firm.goodsPrice of <__main__.Firm object at 0x0000018CA7D79940>>,77,77,0
Firm2,181,-152783.66646274296,0,<bound method Firm.goodsPrice of <__main__.Firm object at 0x0000018CA7D7D450>>,77,77,0
Firm3,181,-159265.48585865964,104,<bound method Firm.goodsPrice of <__main__.Firm object at 0x0000018CA7D7D590>>,77,77,0
Firm4,181,-174217.91576231984,297,<bound method Firm.goodsPrice of <__main__.Firm object at 0x0000018CA7B5FCE0>>,78,78,0
Firm5,181,-166904.92185691846,76,<bound method Firm.goodsPrice of <__main__.Firm object at 0x0000018CA7B5FE10>>,78,78,0
Firm6,181,-166179.24552534003,550,<bound method Firm.goodsPrice of <__main__.Firm object at 0x0000018CA7D75130>>,78,78,0
Firm7,181,-186132.0127364863,1054,<bound method Firm.goodsPrice of <__main__.Firm object at 0x0000018CA7DC8C00>>,78,78,0
Firm8,181,-227334.61145801388,1516,<bound method Firm.goodsPrice of <__main__.Firm object at 0x0000018CA7DC8D10>>,78,78,0
Firm9,181,-179810.51018675012,1232,<bound method Firm.goodsPrice of <__main__.Firm object at 0x0000018CA7D5A950>>,78,78,0
Firm10,181,-157428.70212657505,908,<bound method Firm.goodsPrice of <__main__.Firm object at 0x0000018CA7D5AF50>>,79,79,0
Firm1,182,-157598.2016468026,0,<bound method Firm.goodsPrice of <__main__.Firm object at 0x0000018CA7D79940>>,79,79,0
Firm2,182,-153575.5925378404,0,<bound method Firm.goodsPrice of <__main__.Firm object at 0x0000018CA7D7D450>>,79,79,0
Firm3,182,-159980.78702698922,103,<bound method Firm.goodsPrice of <__main__.Firm object at 0x0000018CA7D7D590>>,79,79,0
Firm4,182,-175013.4595732011,297,<bound method Firm.goodsPrice of <__main__.Firm object at 0x0000018CA7B5FCE0>>,80,80,0
Firm5,182,-167670.66130862443,75,<bound method Firm.goodsPrice of <__main__.Firm object at 0x0000018CA7B5FE10>>,80,80,0
Firm6,182,-166934.81519073586,551,<bound method Firm.goodsPrice of <__main__.Firm object at 0x0000018CA7D75130>>,80,80,0
Firm7,182,-186989.17006244787,1057,<bound method Firm.goodsPrice of <__main__.Firm object at 0x0000018CA7DC8C00>>,80,80,0
Firm8,182,-228390.32043478623,1522,<bound method Firm.goodsPrice of <__main__.Firm object at 0x0000018CA7DC8D10>>,80,80,0
Firm9,182,-180645.36843650707,1237,<bound method Firm.goodsPrice of <__main__.Firm object at 0x0000018CA7D5A950>>,80,80,0
Firm10,182,-158128.64476137827,909,<bound method Firm.goodsPrice of <__main__.Firm object at 0x0000018CA7D5AF50>>,81,81,0
Firm1,183,-158313.31296660728,0,<bound method Firm.goodsPrice of <__main__.Firm object at 0x0000018CA7D79940>>,81,81,0
Firm2,183,-154367.51861293783,0,<bound method Firm.goodsPrice of <__main__.Firm object at 0x0000018CA7D7D450>>,81,81,0
Firm3,183,-160696.0881953188,102,<bound method Firm.goodsPrice of <__main__.Firm object at 0x0000018CA7D7D590>>,81,81,0
Firm4,183,-175809.00338408237,297,<bound method Firm.goodsPrice of <__main__.Firm object at 0x0000018CA7B5FCE0>>,82,82,0
Firm5,183,-168423.34194547968,73,<bound method Firm.goodsPrice of <__main__.Firm object at 0x0000018CA7B5FE10>>,82,82,0
Firm6,183,-167690.38485613168,552,<bound method Firm.goodsPrice of <__main__.Firm object at 0x0000018CA7D75130>>,82,82,0
Firm7,183,-187846.32738840944,1060,<bound method Firm.goodsPrice of <__main__.Firm object at 0x0000018CA7DC8C00>>,82,82,0
Firm8,183,-229482.42426171224,1529,<bound method Firm.goodsPrice of <__main__.Firm object at 0x0000018CA7DC8D10>>,82,82,0
Firm9,183,-181488.21622498747,1242,<bound method Firm.goodsPrice of <__main__.Firm object at 0x0000018CA7D5A950>>,82,82,0
Firm10,183,-158852.49129695082,913,<bound method Firm.goodsPrice of <__main__.Firm object at 0x0000018CA7D5AF50>>,83,83,0
Firm1,184,-159028.42428641196,0,<bound method Firm.goodsPrice of <__main__.Firm object at 0x0000018CA7D79940>>,83,83,0
Firm2,184,-155159.44468803526,0,<bound method Firm.goodsPrice of <__main__.Firm object at 0x0000018CA7D7D450>>,83,83,0
Firm3,184,-161411.38936364837,101,<bound method Firm.goodsPrice of <__main__.Firm object at 0x0000018CA7D7D590>>,83,83,0
Firm4,184,-176604.54719496364,297,<bound method Firm.goodsPrice of <__main__.Firm object at 0x0000018CA7B5FCE0>>,84,84,0
Firm5,184,-169189.08139718566,72,<bound method Firm.goodsPrice of <__main__.Firm object at 0x0000018CA7B5FE10>>,84,84,0
Firm6,184,-168445.9545215275,553,<bound method Firm.goodsPrice of <__main__.Firm object at 0x0000018CA7D75130>>,84,84,0
Firm7,184,-188703.484714371,1063,<bound method Firm.goodsPrice of <__main__.Firm object at 0x0000018CA7DC8C00>>,84,84,0
Firm8,184,-230538.1332384846,1535,<bound method Firm.goodsPrice of <__main__.Firm object at 0x0000018CA7DC8D10>>,84,84,0
Firm9,184,-182318.56114947938,1246,<bound method Firm.goodsPrice of <__main__.Firm object at 0x0000018CA7D5A950>>,84,84,0
Firm10,184,-159544.46596483092,913,<bound method Firm.goodsPrice of <__main__.Firm object at 0x0000018CA7D5AF50>>,85,85,0
Firm1,185,-159743.53560621664,0,<bound method Firm.goodsPrice of <__main__.Firm object at 0x0000018CA7D79940>>,85,85,0
Firm2,185,-155951.3707631327,0,<bound method Firm.goodsPrice of <__main__.Firm object at 0x0000018CA7D7D450>>,85,85,0
Firm3,185,-162126.69053197795,100,<bound method Firm.goodsPrice of <__main__.Firm object at 0x0000018CA7D7D590>>,85,85,0
Firm4,185,-177400.0910058449,297,<bound method Firm.goodsPrice of <__main__.Firm object at 0x0000018CA7B5FCE0>>,86,86,0
Firm5,185,-169941.7620340409,70,<bound method Firm.goodsPrice of <__main__.Firm object at 0x0000018CA7B5FE10>>,86,86,0
Firm6,185,-169212.80336011577,555,<bound method Firm.goodsPrice of <__main__.Firm object at 0x0000018CA7D75130>>,86,86,0
Firm7,185,-189560.64204033258,1066,<bound method Firm.goodsPrice of <__main__.Firm object at 0x0000018CA7DC8C00>>,86,86,0
Firm8,185,-231556.42144484387,1540,<bound method Firm.goodsPrice of <__main__.Firm object at 0x0000018CA7DC8D10>>,86,86,0
Firm9,185,-183158.95864476077,1252,<bound method Firm.goodsPrice of <__main__.Firm object at 0x0000018CA7D5A950>>,86,86,0
Firm10,185,-160276.28046732658,918,<bound method Firm.goodsPrice of <__main__.Firm object at 0x0000018CA7D5AF50>>,87,87,0
Firm1,186,-160458.64692602132,0,<bound method Firm.goodsPrice of <__main__.Firm object at 0x0000018CA7D79940>>,87,87,0
Firm2,186,-156743.29683823013,0,<bound method Firm.goodsPrice of <__main__.Firm object at 0x0000018CA7D7D450>>,87,87,0
Firm3,186,-162841.99170030752,99,<bound method Firm.goodsPrice of <__main__.Firm object at 0x0000018CA7D7D590>>,87,87,0
Firm4,186,-178195.63481672617,297,<bound method Firm.goodsPrice of <__main__.Firm object at 0x0000018CA7B5FCE0>>,88,88,0
Firm5,186,-170707.50148574688,69,<bound method Firm.goodsPrice of <__main__.Firm object at 0x0000018CA7B5FE10>>,88,88,0
Firm6,186,-169957.09385231917,555,<bound method Firm.goodsPrice of <__main__.Firm object at 0x0000018CA7D75130>>,88,88,0
Firm7,186,-190417.79936629414,1069,<bound method Firm.goodsPrice of <__main__.Firm object at 0x0000018CA7DC8C00>>,88,88,0
Firm8,186,-232648.52527176987,1547,<bound method Firm.goodsPrice of <__main__.Firm object at 0x0000018CA7DC8D10>>,88,88,0
Firm9,186,-184001.80643324117,1257,<bound method Firm.goodsPrice of <__main__.Firm object at 0x0000018CA7D5A950>>,88,88,0
Firm10,186,-160976.2231021298,919,<bound method Firm.goodsPrice of <__main__.Firm object at 0x0000018CA7D5AF50>>,89,89,0
Firm1,187,-161173.758245826,0,<bound method Firm.goodsPrice of <__main__.Firm object at 0x0000018CA7D79940>>,89,89,0
Firm2,187,-157535.22291332757,0,<bound method Firm.goodsPrice of <__main__.Firm object at 0x0000018CA7D7D450>>,89,89,0
Firm3,187,-163557.2928686371,98,<bound method Firm.goodsPrice of <__main__.Firm object at 0x0000018CA7D7D590>>,89,89,0
Firm4,187,-178991.17862760744,297,<bound method Firm.goodsPrice of <__main__.Firm object at 0x0000018CA7B5FCE0>>,90,90,0
Firm5,187,-171460.18212260213,67,<bound method Firm.goodsPrice of <__main__.Firm object at 0x0000018CA7B5FE10>>,90,90,0
Firm6,187,-170701.38434452258,555,<bound method Firm.goodsPrice of <__main__.Firm object at 0x0000018CA7D75130>>,90,90,0
Firm7,187,-191274.9566922557,1072,<bound method Firm.goodsPrice of <__main__.Firm object at 0x0000018CA7DC8C00>>,90,90,0
Firm8,187,-233704.23424854223,1553,<bound method Firm.goodsPrice of <__main__.Firm object at 0x0000018CA7DC8D10>>,90,90,0
Firm9,187,-184844.65422172158,1262,<bound method Firm.goodsPrice of <__main__.Firm object at 0x0000018CA7D5A950>>,90,90,0
Firm10,187,-161708.03760462545,924,<bound method Firm.goodsPrice of <__main__.Firm object at 0x0000018CA7D5AF50>>,91,91,0
Firm1,188,-161888.86956563068,0,<bound method Firm.goodsPrice of <__main__.Firm object at 0x0000018CA7D79940>>,91,91,0
Firm2,188,-158327.148988425,0,<bound method Firm.goodsPrice of <__main__.Firm object at 0x0000018CA7D7D450>>,91,91,0
Firm3,188,-164272.59403696668,97,<bound method Firm.goodsPrice of <__main__.Firm object at 0x0000018CA7D7D590>>,91,91,0
Firm4,188,-179786.7224384887,297,<bound method Firm.goodsPrice of <__main__.Firm object at 0x0000018CA7B5FCE0>>,92,92,0
Firm5,188,-172225.9215743081,66,<bound method Firm.goodsPrice of <__main__.Firm object at 0x0000018CA7B5FE10>>,92,92,0
Firm6,188,-171456.9540099184,556,<bound method Firm.goodsPrice of <__main__.Firm object at 0x0000018CA7D75130>>,92,92,0
Firm7,188,-192132.11401821728,1075,<bound method Firm.goodsPrice of <__main__.Firm object at 0x0000018CA7DC8C00>>,92,92,0
Firm8,188,-234759.94322531458,1559,<bound method Firm.goodsPrice of <__main__.Firm object at 0x0000018CA7DC8D10>>,92,92,0
Firm9,188,-185654.50674350155,1265,<bound method Firm.goodsPrice of <__main__.Firm object at 0x0000018CA7D5A950>>,92,92,0
Firm10,188,-162415.94820635178,926,<bound method Firm.goodsPrice of <__main__.Firm object at 0x0000018CA7D5AF50>>,93,93,0
Firm1,189,-162603.98088543536,0,<bound method Firm.goodsPrice of <__main__.Firm object at 0x0000018CA7D79940>>,93,93,0
Firm2,189,-159119.07506352244,0,<bound method Firm.goodsPrice of <__main__.Firm object at 0x0000018CA7D7D450>>,93,93,0
Firm3,189,-164987.89520529626,96,<bound method Firm.goodsPrice of <__main__.Firm object at 0x0000018CA7D7D590>>,93,93,0
Firm4,189,-180582.26624936998,297,<bound method Firm.goodsPrice of <__main__.Firm object at 0x0000018CA7B5FCE0>>,94,94,0
Firm5,189,-172978.60221116335,64,<bound method Firm.goodsPrice of <__main__.Firm object at 0x0000018CA7B5FE10>>,94,94,0
Firm6,189,-172223.80284850666,558,<bound method Firm.goodsPrice of <__main__.Firm object at 0x0000018CA7D75130>>,94,94,0
Firm7,189,-192989.27134417885,1078,<bound method Firm.goodsPrice of <__main__.Firm object at 0x0000018CA7DC8C00>>,94,94,0
Firm8,189,-235852.04705224058,1566,<bound method Firm.goodsPrice of <__main__.Firm object at 0x0000018CA7DC8D10>>,94,94,0
Firm9,189,-186497.35453198195,1270,<bound method Firm.goodsPrice of <__main__.Firm object at 0x0000018CA7D5A950>>,94,94,0
Firm10,189,-163131.82677500122,929,<bound method Firm.goodsPrice of <__main__.Firm object at 0x0000018CA7D5AF50>>,95,95,0
Firm1,190,-163319.09220524004,0,<bound method Firm.goodsPrice of <__main__.Firm object at 0x0000018CA7D79940>>,95,95,0
Firm2,190,-159911.00113861987,0,<bound method Firm.goodsPrice of <__main__.Firm object at 0x0000018CA7D7D450>>,95,95,0
Firm3,190,-165703.19637362583,95,<bound method Firm.goodsPrice of <__main__.Firm object at 0x0000018CA7D7D590>>,95,95,0
Firm4,190,-181377.81006025124,297,<bound method Firm.goodsPrice of <__main__.Firm object at 0x0000018CA7B5FCE0>>,96,96,0
Firm5,190,-173744.34166286932,63,<bound method Firm.goodsPrice of <__main__.Firm object at 0x0000018CA7B5FE10>>,96,96,0
Firm6,190,-172968.09334071007,558,<bound method Firm.goodsPrice of <__main__.Firm object at 0x0000018CA7D75130>>,96,96,0
Firm7,190,-193846.42867014042,1081,<bound method Firm.goodsPrice of <__main__.Firm object at 0x0000018CA7DC8C00>>,96,96,0
Firm8,190,-236907.75602901293,1572,<bound method Firm.goodsPrice of <__main__.Firm object at 0x0000018CA7DC8D10>>,96,96,0
Firm9,190,-187340.20232046235,1275,<bound method Firm.goodsPrice of <__main__.Firm object at 0x0000018CA7D5A950>>,96,96,0
Firm10,190,-163831.76940980443,930,<bound method Firm.goodsPrice of <__main__.Firm object at 0x0000018CA7D5AF50>>,97,97,0
Firm1,191,-164034.20352504472,0,<bound method Firm.goodsPrice of <__main__.Firm object at 0x0000018CA7D79940>>,97,97,0
Firm2,191,-160702.9272137173,0,<bound method Firm.goodsPrice of <__main__.Firm object at 0x0000018CA7D7D450>>,97,97,0
Firm3,191,-166418.4975419554,94,<bound method Firm.goodsPrice of <__main__.Firm object at 0x0000018CA7D7D590>>,97,97,0
Firm4,191,-182173.3538711325,297,<bound method Firm.goodsPrice of <__main__.Firm object at 0x0000018CA7B5FCE0>>,98,98,0
Firm5,191,-174497.02229972457,61,<bound method Firm.goodsPrice of <__main__.Firm object at 0x0000018CA7B5FE10>>,98,98,0
Firm6,191,-173734.94217929832,560,<bound method Firm.goodsPrice of <__main__.Firm object at 0x0000018CA7D75130>>,98,98,0
Firm7,191,-194703.585996102,1084,<bound method Firm.goodsPrice of <__main__.Firm object at 0x0000018CA7DC8C00>>,98,98,0
Firm8,191,-237963.46500578529,1578,<bound method Firm.goodsPrice of <__main__.Firm object at 0x0000018CA7DC8D10>>,98,98,0
Firm9,191,-188158.0443809658,1278,<bound method Firm.goodsPrice of <__main__.Firm object at 0x0000018CA7D5A950>>,98,98,0
Firm10,191,-164563.5839123001,935,<bound method Firm.goodsPrice of <__main__.Firm object at 0x0000018CA7D5AF50>>,99,99,0
Firm1,192,-164749.3148448494,0,<bound method Firm.goodsPrice of <__main__.Firm object at 0x0000018CA7D79940>>,99,99,0
Firm2,192,-161494.85328881475,0,<bound method Firm.goodsPrice of <__main__.Firm object at 0x0000018CA7D7D450>>,99,99,0
Firm3,192,-167133.798710285,93,<bound method Firm.goodsPrice of <__main__.Firm object at 0x0000018CA7D7D590>>,99,99,0
Firm4,192,-182968.89768201378,297,<bound method Firm.goodsPrice of <__main__.Firm object at 0x0000018CA7B5FCE0>>,100,100,0
Firm5,192,-175262.76175143055,60,<bound method Firm.goodsPrice of <__main__.Firm object at 0x0000018CA7B5FE10>>,100,100,0
Firm6,192,-174490.51184469415,561,<bound method Firm.goodsPrice of <__main__.Firm object at 0x0000018CA7D75130>>,100,100,0
Firm7,192,-195560.74332206356,1087,<bound method Firm.goodsPrice of <__main__.Firm object at 0x0000018CA7DC8C00>>,100,100,0
Firm8,192,-239018.14806229822,1584,<bound method Firm.goodsPrice of <__main__.Firm object at 0x0000018CA7DC8D10>>,100,100,0
Firm9,192,-189006.43141497063,1284,<bound method Firm.goodsPrice of <__main__.Firm object at 0x0000018CA7D5A950>>,100,100,0
Firm10,192,-165263.5265471033,936,<bound method Firm.goodsPrice of <__main__.Firm object at 0x0000018CA7D5AF50>>,101,101,0
Firm1,193,-165464.42616465408,0,<bound method Firm.goodsPrice of <__main__.Firm object at 0x0000018CA7D79940>>,101,101,0
Firm2,193,-162286.77936391218,0,<bound method Firm.goodsPrice of <__main__.Firm object at 0x0000018CA7D7D450>>,101,101,0
Firm3,193,-167849.09987861456,92,<bound method Firm.goodsPrice of <__main__.Firm object at 0x0000018CA7D7D590>>,101,101,0
Firm4,193,-183764.44149289504,297,<bound method Firm.goodsPrice of <__main__.Firm object at 0x0000018CA7B5FCE0>>,102,102,0
Firm5,193,-176015.4423882858,58,<bound method Firm.goodsPrice of <__main__.Firm object at 0x0000018CA7B5FE10>>,102,102,0
Firm6,193,-175246.08151008998,562,<bound method Firm.goodsPrice of <__main__.Firm object at 0x0000018CA7D75130>>,102,102,0
Firm7,193,-196417.90064802513,1090,<bound method Firm.goodsPrice of <__main__.Firm object at 0x0000018CA7DC8C00>>,102,102,0
Firm8,193,-240073.85703907057,1590,<bound method Firm.goodsPrice of <__main__.Firm object at 0x0000018CA7DC8D10>>,102,102,0
Firm9,193,-189849.27920345103,1289,<bound method Firm.goodsPrice of <__main__.Firm object at 0x0000018CA7D5A950>>,102,102,0
Firm10,193,-165987.37308267585,940,<bound method Firm.goodsPrice of <__main__.Firm object at 0x0000018CA7D5AF50>>,103,103,0
Firm1,194,-166179.53748445876,0,<bound method Firm.goodsPrice of <__main__.Firm object at 0x0000018CA7D79940>>,103,103,0
Firm2,194,-163078.70543900962,0,<bound method Firm.goodsPrice of <__main__.Firm object at 0x0000018CA7D7D450>>,103,103,0
Firm3,194,-168564.40104694414,91,<bound method Firm.goodsPrice of <__main__.Firm object at 0x0000018CA7D7D590>>,103,103,0
Firm4,194,-184559.9853037763,297,<bound method Firm.goodsPrice of <__main__.Firm object at 0x0000018CA7B5FCE0>>,104,104,0
Firm5,194,-176781.18183999177,57,<bound method Firm.goodsPrice of <__main__.Firm object at 0x0000018CA7B5FE10>>,104,104,0
Firm6,194,-175979.09282910096,561,<bound method Firm.goodsPrice of <__main__.Firm object at 0x0000018CA7D75130>>,104,104,0
Firm7,194,-197275.0579739867,1093,<bound method Firm.goodsPrice of <__main__.Firm object at 0x0000018CA7DC8C00>>,104,104,0
Firm8,194,-241129.56601584292,1596,<bound method Firm.goodsPrice of <__main__.Firm object at 0x0000018CA7DC8D10>>,104,104,0
Firm9,194,-190679.62412794295,1293,<bound method Firm.goodsPrice of <__main__.Firm object at 0x0000018CA7D5A950>>,104,104,0
Firm10,194,-166703.2516513253,943,<bound method Firm.goodsPrice of <__main__.Firm object at 0x0000018CA7D5AF50>>,105,105,0
Firm1,195,-166894.64880426344,0,<bound method Firm.goodsPrice of <__main__.Firm object at 0x0000018CA7D79940>>,105,105,0
Firm2,195,-163870.63151410705,0,<bound method Firm.goodsPrice of <__main__.Firm object at 0x0000018CA7D7D450>>,105,105,0
Firm3,195,-169279.70221527372,90,<bound method Firm.goodsPrice of <__main__.Firm object at 0x0000018CA7D7D590>>,105,105,0
Firm4,195,-185355.52911465758,297,<bound method Firm.goodsPrice of <__main__.Firm object at 0x0000018CA7B5FCE0>>,106,106,0
Firm5,195,-177546.92129169774,56,<bound method Firm.goodsPrice of <__main__.Firm object at 0x0000018CA7B5FE10>>,106,106,0
Firm6,195,-176734.6624944968,562,<bound method Firm.goodsPrice of <__main__.Firm object at 0x0000018CA7D75130>>,106,106,0
Firm7,195,-198132.21529994826,1096,<bound method Firm.goodsPrice of <__main__.Firm object at 0x0000018CA7DC8C00>>,106,106,0
Firm8,195,-242221.66984276893,1603,<bound method Firm.goodsPrice of <__main__.Firm object at 0x0000018CA7DC8D10>>,106,106,0
Firm9,195,-191509.96905243487,1297,<bound method Firm.goodsPrice of <__main__.Firm object at 0x0000018CA7D5A950>>,106,106,0
Firm10,195,-167419.13021997473,946,<bound method Firm.goodsPrice of <__main__.Firm object at 0x0000018CA7D5AF50>>,107,107,0
Firm1,196,-167609.76012406813,0,<bound method Firm.goodsPrice of <__main__.Firm object at 0x0000018CA7D79940>>,107,107,0
Firm2,196,-164662.5575892045,0,<bound method Firm.goodsPrice of <__main__.Firm object at 0x0000018CA7D7D450>>,107,107,0
Firm3,196,-169995.0033836033,89,<bound method Firm.goodsPrice of <__main__.Firm object at 0x0000018CA7D7D590>>,107,107,0
Firm4,196,-186151.07292553884,297,<bound method Firm.goodsPrice of <__main__.Firm object at 0x0000018CA7B5FCE0>>,108,108,0
Firm5,196,-178299.601928553,54,<bound method Firm.goodsPrice of <__main__.Firm object at 0x0000018CA7B5FE10>>,108,108,0
Firm6,196,-177501.51133308504,564,<bound method Firm.goodsPrice of <__main__.Firm object at 0x0000018CA7D75130>>,108,108,0
Firm7,196,-198989.37262590983,1099,<bound method Firm.goodsPrice of <__main__.Firm object at 0x0000018CA7DC8C00>>,108,108,0
Firm8,196,-243277.37881954128,1609,<bound method Firm.goodsPrice of <__main__.Firm object at 0x0000018CA7DC8D10>>,108,108,0
Firm9,196,-192340.3139769268,1301,<bound method Firm.goodsPrice of <__main__.Firm object at 0x0000018CA7D5A950>>,108,108,0
Firm10,196,-168119.07285477794,947,<bound method Firm.goodsPrice of <__main__.Firm object at 0x0000018CA7D5AF50>>,109,109,0
Firm1,197,-168324.8714438728,0,<bound method Firm.goodsPrice of <__main__.Firm object at 0x0000018CA7D79940>>,109,109,0
Firm2,197,-165454.48366430192,0,<bound method Firm.goodsPrice of <__main__.Firm object at 0x0000018CA7D7D450>>,109,109,0
Firm3,197,-170710.30455193287,88,<bound method Firm.goodsPrice of <__main__.Firm object at 0x0000018CA7D7D590>>,109,109,0
Firm4,197,-186946.6167364201,297,<bound method Firm.goodsPrice of <__main__.Firm object at 0x0000018CA7B5FCE0>>,110,110,0
Firm5,197,-179065.34138025896,53,<bound method Firm.goodsPrice of <__main__.Firm object at 0x0000018CA7B5FE10>>,110,110,0
Firm6,197,-178245.80182528845,564,<bound method Firm.goodsPrice of <__main__.Firm object at 0x0000018CA7D75130>>,110,110,0
Firm7,197,-199846.5299518714,1102,<bound method Firm.goodsPrice of <__main__.Firm object at 0x0000018CA7DC8C00>>,110,110,0
Firm8,197,-244333.08779631363,1615,<bound method Firm.goodsPrice of <__main__.Firm object at 0x0000018CA7DC8D10>>,110,110,0
Firm9,197,-193170.6589014187,1305,<bound method Firm.goodsPrice of <__main__.Firm object at 0x0000018CA7D5A950>>,110,110,0
Firm10,197,-168842.9193903505,951,<bound method Firm.goodsPrice of <__main__.Firm object at 0x0000018CA7D5AF50>>,111,111,0
Firm1,198,-169039.9827636775,0,<bound method Firm.goodsPrice of <__main__.Firm object at 0x0000018CA7D79940>>,111,111,0
Firm2,198,-166246.40973939936,0,<bound method Firm.goodsPrice of <__main__.Firm object at 0x0000018CA7D7D450>>,111,111,0
Firm3,198,-171425.60572026245,87,<bound method Firm.goodsPrice of <__main__.Firm object at 0x0000018CA7D7D590>>,111,111,0
Firm4,198,-187742.16054730138,297,<bound method Firm.goodsPrice of <__main__.Firm object at 0x0000018CA7B5FCE0>>,112,112,0
Firm5,198,-179818.0220171142,51,<bound method Firm.goodsPrice of <__main__.Firm object at 0x0000018CA7B5FE10>>,112,112,0
Firm6,198,-179012.6506638767,566,<bound method Firm.goodsPrice of <__main__.Firm object at 0x0000018CA7D75130>>,112,112,0
Firm7,198,-200703.68727783297,1105,<bound method Firm.goodsPrice of <__main__.Firm object at 0x0000018CA7DC8C00>>,112,112,0
Firm8,198,-245425.19162323963,1622,<bound method Firm.goodsPrice of <__main__.Firm object at 0x0000018CA7DC8D10>>,112,112,0
Firm9,198,-194001.00382591062,1309,<bound method Firm.goodsPrice of <__main__.Firm object at 0x0000018CA7D5A950>>,112,112,0
Firm10,198,-169542.8620251537,952,<bound method Firm.goodsPrice of <__main__.Firm object at 0x0000018CA7D5AF50>>,113,113,0
Firm1,199,-169755.09408348217,0,<bound method Firm.goodsPrice of <__main__.Firm object at 0x0000018CA7D79940>>,113,113,0
Firm2,199,-167038.3358144968,0,<bound method Firm.goodsPrice of <__main__.Firm object at 0x0000018CA7D7D450>>,113,113,0
Firm3,199,-172140.90688859203,86,<bound method Firm.goodsPrice of <__main__.Firm object at 0x0000018CA7D7D590>>,113,113,0
Firm4,199,-188537.70435818264,297,<bound method Firm.goodsPrice of <__main__.Firm object at 0x0000018CA7B5FCE0>>,114,114,0
Firm5,199,-180583.7614688202,50,<bound method Firm.goodsPrice of <__main__.Firm object at 0x0000018CA7B5FE10>>,114,114,0
Firm6,199,-179768.22032927253,567,<bound method Firm.goodsPrice of <__main__.Firm object at 0x0000018CA7D75130>>,114,114,0
Firm7,199,-201560.84460379454,1108,<bound method Firm.goodsPrice of <__main__.Firm object at 0x0000018CA7DC8C00>>,114,114,0
Firm8,199,-246443.47982959892,1627,<bound method Firm.goodsPrice of <__main__.Firm object at 0x0000018CA7DC8D10>>,114,114,0
Firm9,199,-194849.39085991547,1315,<bound method Firm.goodsPrice of <__main__.Firm object at 0x0000018CA7D5A950>>,114,114,0
Firm10,199,-170250.77262688003,954,<bound method Firm.goodsPrice of <__main__.Firm object at 0x0000018CA7D5AF50>>,115,115,0
Firm1,200,-170470.20540328685,0,<bound method Firm.goodsPrice of <__main__.Firm object at 0x0000018CA7D79940>>,115,115,0
Firm2,200,-167830.26188959423,0,<bound method Firm.goodsPrice of <__main__.Firm object at 0x0000018CA7D7D450>>,115,115,0
Firm3,200,-172856.2080569216,85,<bound method Firm.goodsPrice of <__main__.Firm object at 0x0000018CA7D7D590>>,115,115,0
Firm4,200,-189333.2481690639,297,<bound method Firm.goodsPrice of <__main__.Firm object at 0x0000018CA7B5FCE0>>,116,116,0
Firm5,200,-181336.44210567544,48,<bound method Firm.goodsPrice of <__main__.Firm object at 0x0000018CA7B5FE10>>,116,116,0
Firm6,200,-180523.78999466836,568,<bound method Firm.goodsPrice of <__main__.Firm object at 0x0000018CA7D75130>>,116,116,0
Firm7,200,-202418.0019297561,1111,<bound method Firm.goodsPrice of <__main__.Firm object at 0x0000018CA7DC8C00>>,116,116,0
Firm8,200,-247499.18880637127,1633,<bound method Firm.goodsPrice of <__main__.Firm object at 0x0000018CA7DC8D10>>,116,116,0
Firm9,200,-195684.2491096724,1320,<bound method Firm.goodsPrice of <__main__.Firm object at 0x0000018CA7D5A950>>,116,116,0
Firm10,200,-170966.65119552947,957,<bound method Firm.goodsPrice of <__main__.Firm object at 0x0000018CA7D5AF50>>,117,117,0
Firm1,201,-171185.31672309153,0,<bound method Firm.goodsPrice of <__main__.Firm object at 0x0000018CA7D79940>>,117,117,0
Firm2,201,-168622.18796469166,0,<bound method Firm.goodsPrice of <__main__.Firm object at 0x0000018CA7D7D450>>,117,117,0
Firm3,201,-173571.50922525118,84,<bound method Firm.goodsPrice of <__main__.Firm object at 0x0000018CA7D7D590>>,117,117,0
Firm4,201,-190128.79197994518,297,<bound method Firm.goodsPrice of <__main__.Firm object at 0x0000018CA7B5FCE0>>,118,118,0
Firm5,201,-182102.1815573814,47,<bound method Firm.goodsPrice of <__main__.Firm object at 0x0000018CA7B5FE10>>,118,118,0
Firm6,201,-181268.08048687177,568,<bound method Firm.goodsPrice of <__main__.Firm object at 0x0000018CA7D75130>>,118,118,0
Firm7,201,-203275.15925571768,1114,<bound method Firm.goodsPrice of <__main__.Firm object at 0x0000018CA7DC8C00>>,118,118,0
Firm8,201,-248591.29263329727,1640,<bound method Firm.goodsPrice of <__main__.Firm object at 0x0000018CA7DC8D10>>,118,118,0
Firm9,201,-196514.59403416433,1324,<bound method Firm.goodsPrice of <__main__.Firm object at 0x0000018CA7D5A950>>,118,118,0
Firm10,201,-171690.49773110202,961,<bound method Firm.goodsPrice of <__main__.Firm object at 0x0000018CA7D5AF50>>,119,119,0
Firm1,202,-171900.4280428962,0,<bound method Firm.goodsPrice of <__main__.Firm object at 0x0000018CA7D79940>>,119,119,0
Firm2,202,-169414.1140397891,0,<bound method Firm.goodsPrice of <__main__.Firm object at 0x0000018CA7D7D450>>,119,119,0
Firm3,202,-174286.81039358076,83,<bound method Firm.goodsPrice of <__main__.Firm object at 0x0000018CA7D7D590>>,119,119,0
Firm4,202,-190924.33579082644,297,<bound method Firm.goodsPrice of <__main__.Firm object at 0x0000018CA7B5FCE0>>,120,120,0
Firm5,202,-182854.86219423666,45,<bound method Firm.goodsPrice of <__main__.Firm object at 0x0000018CA7B5FE10>>,120,120,0
Firm6,202,-182034.92932546002,570,<bound method Firm.goodsPrice of <__main__.Firm object at 0x0000018CA7D75130>>,120,120,0
Firm7,202,-204132.31658167925,1117,<bound method Firm.goodsPrice of <__main__.Firm object at 0x0000018CA7DC8C00>>,120,120,0
Firm8,202,-249647.00161006962,1646,<bound method Firm.goodsPrice of <__main__.Firm object at 0x0000018CA7DC8D10>>,120,120,0
Firm9,202,-197357.44182264473,1329,<bound method Firm.goodsPrice of <__main__.Firm object at 0x0000018CA7D5A950>>,120,120,0
Firm10,202,-172382.47239898212,961,<bound method Firm.goodsPrice of <__main__.Firm object at 0x0000018CA7D5AF50>>,121,121,0
Firm1,203,-172615.5393627009,0,<bound method Firm.goodsPrice of <__main__.Firm object at 0x0000018CA7D79940>>,121,121,0
Firm2,203,-170206.04011488653,0,<bound method Firm.goodsPrice of <__main__.Firm object at 0x0000018CA7D7D450>>,121,121,0
Firm3,203,-175002.11156191034,82,<bound method Firm.goodsPrice of <__main__.Firm object at 0x0000018CA7D7D590>>,121,121,0
Firm4,203,-191719.8796017077,297,<bound method Firm.goodsPrice of <__main__.Firm object at 0x0000018CA7B5FCE0>>,122,122,0
Firm5,203,-183517.62776075111,43,<bound method Firm.goodsPrice of <__main__.Firm object at 0x0000018CA7B5FE10>>,123,123,0
Firm6,203,-182689.88576985322,570,<bound method Firm.goodsPrice of <__main__.Firm object at 0x0000018CA7D75130>>,123,123,0
Firm7,203,-204899.5384686494,1120,<bound method Firm.goodsPrice of <__main__.Firm object at 0x0000018CA7DC8C00>>,123,123,0
Firm8,203,-250588.99902736954,1651,<bound method Firm.goodsPrice of <__main__.Firm object at 0x0000018CA7DC8D10>>,123,123,0
Firm9,203,-198092.50671243996,1333,<bound method Firm.goodsPrice of <__main__.Firm object at 0x0000018CA7D5A950>>,123,123,0
Firm10,203,-173007.90042015235,964,<bound method Firm.goodsPrice of <__main__.Firm object at 0x0000018CA7D5AF50>>,124,124,0
Firm1,204,-173232.70916454957,0,<bound method Firm.goodsPrice of <__main__.Firm object at 0x0000018CA7D79940>>,124,124,0
Firm2,204,-170914.0708731624,0,<bound method Firm.goodsPrice of <__main__.Firm object at 0x0000018CA7D7D450>>,124,124,0
Firm3,204,-175610.8184739462,80,<bound method Firm.goodsPrice of <__main__.Firm object at 0x0000018CA7D7D590>>,124,124,0
Firm4,204,-192439.65618613185,297,<bound method Firm.goodsPrice of <__main__.Firm object at 0x0000018CA7B5FCE0>>,125,125,0
Firm5,204,-184167.33451241485,40,<bound method Firm.goodsPrice of <__main__.Firm object at 0x0000018CA7B5FE10>>,126,126,0
Firm6,204,-183344.84221424643,570,<bound method Firm.goodsPrice of <__main__.Firm object at 0x0000018CA7D75130>>,126,126,0
Firm7,204,-205666.76035561957,1123,<bound method Firm.goodsPrice of <__main__.Firm object at 0x0000018CA7DC8C00>>,126,126,0
Firm8,204,-251530.99644466946,1656,<bound method Firm.goodsPrice of <__main__.Firm object at 0x0000018CA7DC8D10>>,126,126,0
Firm9,204,-198823.05827697017,1336,<bound method Firm.goodsPrice of <__main__.Firm object at 0x0000018CA7D5A950>>,126,126,0
Firm10,204,-173609.42454055324,964,<bound method Firm.goodsPrice of <__main__.Firm object at 0x0000018CA7D5AF50>>,127,127,0
Firm1,205,-173849.87896639825,0,<bound method Firm.goodsPrice of <__main__.Firm object at 0x0000018CA7D79940>>,127,127,0
Firm2,205,-171622.10163143824,0,<bound method Firm.goodsPrice of <__main__.Firm object at 0x0000018CA7D7D450>>,127,127,0
Firm3,205,-176219.52538598204,78,<bound method Firm.goodsPrice of <__main__.Firm object at 0x0000018CA7D7D590>>,127,127,0
Firm4,205,-193159.43277055598,297,<bound method Firm.goodsPrice of <__main__.Firm object at 0x0000018CA7B5FCE0>>,128,128,0
Firm5,205,-184830.1000789293,38,<bound method Firm.goodsPrice of <__main__.Firm object at 0x0000018CA7B5FE10>>,129,129,0
Firm6,205,-183999.79865863963,570,<bound method Firm.goodsPrice of <__main__.Firm object at 0x0000018CA7D75130>>,129,129,0
Firm7,205,-206433.98224258973,1126,<bound method Firm.goodsPrice of <__main__.Firm object at 0x0000018CA7DC8C00>>,129,129,0
Firm8,205,-252472.9938619694,1661,<bound method Firm.goodsPrice of <__main__.Firm object at 0x0000018CA7DC8D10>>,129,129,0
Firm9,205,-199541.1069775119,1338,<bound method Firm.goodsPrice of <__main__.Firm object at 0x0000018CA7D5A950>>,129,129,0
Firm10,205,-174234.85256172347,967,<bound method Firm.goodsPrice of <__main__.Firm object at 0x0000018CA7D5AF50>>,130,130,0
Firm1,206,-174467.04876824692,0,<bound method Firm.goodsPrice of <__main__.Firm object at 0x0000018CA7D79940>>,130,130,0
Firm2,206,-172330.1323897141,0,<bound method Firm.goodsPrice of <__main__.Firm object at 0x0000018CA7D7D450>>,130,130,0
Firm3,206,-176828.2322980179,76,<bound method Firm.goodsPrice of <__main__.Firm object at 0x0000018CA7D7D590>>,130,130,0
Firm4,206,-193879.20935498012,297,<bound method Firm.goodsPrice of <__main__.Firm object at 0x0000018CA7B5FCE0>>,131,131,0
Firm5,206,-185479.80683059304,35,<bound method Firm.goodsPrice of <__main__.Firm object at 0x0000018CA7B5FE10>>,132,132,0
Firm6,206,-184666.03427622525,571,<bound method Firm.goodsPrice of <__main__.Firm object at 0x0000018CA7D75130>>,132,132,0
Firm7,206,-207201.2041295599,1129,<bound method Firm.goodsPrice of <__main__.Firm object at 0x0000018CA7DC8C00>>,132,132,0
Firm8,206,-253414.9912792693,1666,<bound method Firm.goodsPrice of <__main__.Firm object at 0x0000018CA7DC8D10>>,132,132,0
Firm9,206,-200271.6585420421,1341,<bound method Firm.goodsPrice of <__main__.Firm object at 0x0000018CA7D5A950>>,132,132,0
Firm10,206,-174836.37668212436,967,<bound method Firm.goodsPrice of <__main__.Firm object at 0x0000018CA7D5AF50>>,133,133,0
Firm1,207,-175084.2185700956,0,<bound method Firm.goodsPrice of <__main__.Firm object at 0x0000018CA7D79940>>,133,133,0
Firm2,207,-173038.16314798995,0,<bound method Firm.goodsPrice of <__main__.Firm object at 0x0000018CA7D7D450>>,133,133,0
Firm3,207,-177436.93921005374,74,<bound method Firm.goodsPrice of <__main__.Firm object at 0x0000018CA7D7D590>>,133,133,0
Firm4,207,-194598.98593940426,297,<bound method Firm.goodsPrice of <__main__.Firm object at 0x0000018CA7B5FCE0>>,134,134,0
Firm5,207,-186142.5723971075,33,<bound method Firm.goodsPrice of <__main__.Firm object at 0x0000018CA7B5FE10>>,135,135,0
Firm6,207,-185309.71154742604,570,<bound method Firm.goodsPrice of <__main__.Firm object at 0x0000018CA7D75130>>,135,135,0
Firm7,207,-207956.51645139986,1131,<bound method Firm.goodsPrice of <__main__.Firm object at 0x0000018CA7DC8C00>>,135,135,0
Firm8,207,-254356.98869656923,1671,<bound method Firm.goodsPrice of <__main__.Firm object at 0x0000018CA7DC8D10>>,135,135,0
Firm9,207,-201014.7129705608,1345,<bound method Firm.goodsPrice of <__main__.Firm object at 0x0000018CA7D5A950>>,135,135,0
Firm10,207,-175469.7726702177,971,<bound method Firm.goodsPrice of <__main__.Firm object at 0x0000018CA7D5AF50>>,136,136,0
Firm1,208,-175701.38837194428,0,<bound method Firm.goodsPrice of <__main__.Firm object at 0x0000018CA7D79940>>,136,136,0
Firm2,208,-173746.1939062658,0,<bound method Firm.goodsPrice of <__main__.Firm object at 0x0000018CA7D7D450>>,136,136,0
Firm3,208,-178045.6461220896,72,<bound method Firm.goodsPrice of <__main__.Firm object at 0x0000018CA7D7D590>>,136,136,0
Firm4,208,-195318.7625238284,297,<bound method Firm.goodsPrice of <__main__.Firm object at 0x0000018CA7B5FCE0>>,137,137,0
Firm5,208,-186792.27914877122,30,<bound method Firm.goodsPrice of <__main__.Firm object at 0x0000018CA7B5FE10>>,138,138,0
Firm6,208,-185964.66799181924,570,<bound method Firm.goodsPrice of <__main__.Firm object at 0x0000018CA7D75130>>,138,138,0
Firm7,208,-208711.82877323983,1133,<bound method Firm.goodsPrice of <__main__.Firm object at 0x0000018CA7DC8C00>>,138,138,0
Firm8,208,-255261.56534345608,1675,<bound method Firm.goodsPrice of <__main__.Firm object at 0x0000018CA7DC8D10>>,138,138,0
Firm9,208,-201750.80378061545,1349,<bound method Firm.goodsPrice of <__main__.Firm object at 0x0000018CA7D5A950>>,138,138,0
Firm10,208,-176079.2647575417,972,<bound method Firm.goodsPrice of <__main__.Firm object at 0x0000018CA7D5AF50>>,139,139,0
Firm1,209,-176318.55817379296,0,<bound method Firm.goodsPrice of <__main__.Firm object at 0x0000018CA7D79940>>,139,139,0
Firm2,209,-174454.22466454166,0,<bound method Firm.goodsPrice of <__main__.Firm object at 0x0000018CA7D7D450>>,139,139,0
Firm3,209,-178654.35303412544,70,<bound method Firm.goodsPrice of <__main__.Firm object at 0x0000018CA7D7D590>>,139,139,0
Firm4,209,-196038.53910825253,297,<bound method Firm.goodsPrice of <__main__.Firm object at 0x0000018CA7B5FCE0>>,140,140,0
Firm5,209,-187455.04471528568,28,<bound method Firm.goodsPrice of <__main__.Firm object at 0x0000018CA7B5FE10>>,141,141,0
Firm6,209,-186619.62443621244,570,<bound method Firm.goodsPrice of <__main__.Firm object at 0x0000018CA7D75130>>,141,141,0
Firm7,209,-209479.05066021,1136,<bound method Firm.goodsPrice of <__main__.Firm object at 0x0000018CA7DC8C00>>,141,141,0
Firm8,209,-256203.562760756,1680,<bound method Firm.goodsPrice of <__main__.Firm object at 0x0000018CA7DC8D10>>,141,141,0
Firm9,209,-202481.35534514565,1352,<bound method Firm.goodsPrice of <__main__.Firm object at 0x0000018CA7D5A950>>,141,141,0
Firm10,209,-176696.72481178882,974,<bound method Firm.goodsPrice of <__main__.Firm object at 0x0000018CA7D5AF50>>,142,142,0
Firm1,210,-176935.72797564164,0,<bound method Firm.goodsPrice of <__main__.Firm object at 0x0000018CA7D79940>>,142,142,0
Firm2,210,-175162.2554228175,0,<bound method Firm.goodsPrice of <__main__.Firm object at 0x0000018CA7D7D450>>,142,142,0
Firm3,210,-179263.0599461613,68,<bound method Firm.goodsPrice of <__main__.Firm object at 0x0000018CA7D7D590>>,142,142,0
Firm4,210,-196758.31569267667,297,<bound method Firm.goodsPrice of <__main__.Firm object at 0x0000018CA7B5FCE0>>,143,143,0
Firm5,210,-188104.7514669494,25,<bound method Firm.goodsPrice of <__main__.Firm object at 0x0000018CA7B5FE10>>,144,144,0
Firm6,210,-187274.58088060564,570,<bound method Firm.goodsPrice of <__main__.Firm object at 0x0000018CA7D75130>>,144,144,0
Firm7,210,-210246.27254718015,1139,<bound method Firm.goodsPrice of <__main__.Firm object at 0x0000018CA7DC8C00>>,144,144,0
Firm8,210,-257145.56017805592,1685,<bound method Firm.goodsPrice of <__main__.Firm object at 0x0000018CA7DC8D10>>,144,144,0
Firm9,210,-203224.40977366435,1356,<bound method Firm.goodsPrice of <__main__.Firm object at 0x0000018CA7D5A950>>,144,144,0
Firm10,210,-177290.2809652666,973,<bound method Firm.goodsPrice of <__main__.Firm object at 0x0000018CA7D5AF50>>,145,145,0
Firm1,211,-177552.89777749032,0,<bound method Firm.goodsPrice of <__main__.Firm object at 0x0000018CA7D79940>>,145,145,0
Firm2,211,-175870.28618109337,0,<bound method Firm.goodsPrice of <__main__.Firm object at 0x0000018CA7D7D450>>,145,145,0
Firm3,211,-179871.76685819714,66,<bound method Firm.goodsPrice of <__main__.Firm object at 0x0000018CA7D7D590>>,145,145,0
Firm4,211,-197478.0922771008,297,<bound method Firm.goodsPrice of <__main__.Firm object at 0x0000018CA7B5FCE0>>,146,146,0
Firm5,211,-188767.51703346387,23,<bound method Firm.goodsPrice of <__main__.Firm object at 0x0000018CA7B5FE10>>,147,147,0
Firm6,211,-187918.25815180643,569,<bound method Firm.goodsPrice of <__main__.Firm object at 0x0000018CA7D75130>>,147,147,0
Firm7,211,-211013.4944341503,1142,<bound method Firm.goodsPrice of <__main__.Firm object at 0x0000018CA7DC8C00>>,147,147,0
Firm8,211,-258087.55759535584,1690,<bound method Firm.goodsPrice of <__main__.Firm object at 0x0000018CA7DC8D10>>,147,147,0
Firm9,211,-203967.46420218304,1360,<bound method Firm.goodsPrice of <__main__.Firm object at 0x0000018CA7D5A950>>,147,147,0
Firm10,211,-177899.7730525906,974,<bound method Firm.goodsPrice of <__main__.Firm object at 0x0000018CA7D5AF50>>,148,148,0
Firm1,212,-178170.067579339,0,<bound method Firm.goodsPrice of <__main__.Firm object at 0x0000018CA7D79940>>,148,148,0
Firm2,212,-176578.31693936922,0,<bound method Firm.goodsPrice of <__main__.Firm object at 0x0000018CA7D7D450>>,148,148,0
Firm3,212,-180480.473770233,64,<bound method Firm.goodsPrice of <__main__.Firm object at 0x0000018CA7D7D590>>,148,148,0
Firm4,212,-198197.86886152494,297,<bound method Firm.goodsPrice of <__main__.Firm object at 0x0000018CA7B5FCE0>>,149,149,0
Firm5,212,-189417.2237851276,20,<bound method Firm.goodsPrice of <__main__.Firm object at 0x0000018CA7B5FE10>>,150,150,0
Firm6,212,-188584.49376939205,570,<bound method Firm.goodsPrice of <__main__.Firm object at 0x0000018CA7D75130>>,150,150,0
Firm7,212,-211780.71632112048,1145,<bound method Firm.goodsPrice of <__main__.Firm object at 0x0000018CA7DC8C00>>,150,150,0
Firm8,212,-259029.55501265576,1695,<bound method Firm.goodsPrice of <__main__.Firm object at 0x0000018CA7DC8D10>>,150,150,0
Firm9,212,-204666.42762054421,1361,<bound method Firm.goodsPrice of <__main__.Firm object at 0x0000018CA7D5A950>>,150,150,0
Firm10,212,-178517.23310683772,976,<bound method Firm.goodsPrice of <__main__.Firm object at 0x0000018CA7D5AF50>>,151,151,0
Firm1,213,-178787.23738118768,0,<bound method Firm.goodsPrice of <__main__.Firm object at 0x0000018CA7D79940>>,151,151,0
Firm2,213,-177286.34769764508,0,<bound method Firm.goodsPrice of <__main__.Firm object at 0x0000018CA7D7D450>>,151,151,0
Firm3,213,-181089.18068226884,62,<bound method Firm.goodsPrice of <__main__.Firm object at 0x0000018CA7D7D590>>,151,151,0
Firm4,213,-198917.64544594908,297,<bound method Firm.goodsPrice of <__main__.Firm object at 0x0000018CA7B5FCE0>>,152,152,0
Firm5,213,-190079.98935164206,18,<bound method Firm.goodsPrice of <__main__.Firm object at 0x0000018CA7B5FE10>>,153,153,0
Firm6,213,-189239.45021378525,570,<bound method Firm.goodsPrice of <__main__.Firm object at 0x0000018CA7D75130>>,153,153,0
Firm7,213,-212547.93820809064,1148,<bound method Firm.goodsPrice of <__main__.Firm object at 0x0000018CA7DC8C00>>,153,153,0
Firm8,213,-259971.5524299557,1700,<bound method Firm.goodsPrice of <__main__.Firm object at 0x0000018CA7DC8D10>>,153,153,0
Firm9,213,-205409.4820490629,1365,<bound method Firm.goodsPrice of <__main__.Firm object at 0x0000018CA7D5A950>>,153,153,0
Firm10,213,-179126.72519416173,977,<bound method Firm.goodsPrice of <__main__.Firm object at 0x0000018CA7D5AF50>>,154,154,0
Firm1,214,-179404.40718303635,0,<bound method Firm.goodsPrice of <__main__.Firm object at 0x0000018CA7D79940>>,154,154,0
Firm2,214,-177994.37845592093,0,<bound method Firm.goodsPrice of <__main__.Firm object at 0x0000018CA7D7D450>>,154,154,0
Firm3,214,-181697.8875943047,60,<bound method Firm.goodsPrice of <__main__.Firm object at 0x0000018CA7D7D590>>,154,154,0
Firm4,214,-199637.4220303732,297,<bound method Firm.goodsPrice of <__main__.Firm object at 0x0000018CA7B5FCE0>>,155,155,0
Firm5,214,-190729.6961033058,15,<bound method Firm.goodsPrice of <__main__.Firm object at 0x0000018CA7B5FE10>>,156,156,0
Firm6,214,-189894.40665817846,570,<bound method Firm.goodsPrice of <__main__.Firm object at 0x0000018CA7D75130>>,156,156,0
Firm7,214,-213315.1600950608,1151,<bound method Firm.goodsPrice of <__main__.Firm object at 0x0000018CA7DC8C00>>,156,156,0
Firm8,214,-260913.5498472556,1705,<bound method Firm.goodsPrice of <__main__.Firm object at 0x0000018CA7DC8D10>>,156,156,0
Firm9,214,-206152.5364775816,1369,<bound method Firm.goodsPrice of <__main__.Firm object at 0x0000018CA7D5A950>>,156,156,0
Firm10,214,-179728.24931456262,977,<bound method Firm.goodsPrice of <__main__.Firm object at 0x0000018CA7D5AF50>>,157,157,0
Firm1,215,-180021.57698488503,0,<bound method Firm.goodsPrice of <__main__.Firm object at 0x0000018CA7D79940>>,157,157,0
Firm2,215,-178702.40921419678,0,<bound method Firm.goodsPrice of <__main__.Firm object at 0x0000018CA7D7D450>>,157,157,0
Firm3,215,-182306.59450634054,58,<bound method Firm.goodsPrice of <__main__.Firm object at 0x0000018CA7D7D590>>,157,157,0
Firm4,215,-200357.19861479735,297,<bound method Firm.goodsPrice of <__main__.Firm object at 0x0000018CA7B5FCE0>>,158,158,0
Firm5,215,-191392.46166982024,13,<bound method Firm.goodsPrice of <__main__.Firm object at 0x0000018CA7B5FE10>>,159,159,0
Firm6,215,-190538.08392937924,569,<bound method Firm.goodsPrice of <__main__.Firm object at 0x0000018CA7D75130>>,159,159,0
Firm7,215,-214082.38198203096,1154,<bound method Firm.goodsPrice of <__main__.Firm object at 0x0000018CA7DC8C00>>,159,159,0
Firm8,215,-261855.54726455553,1710,<bound method Firm.goodsPrice of <__main__.Firm object at 0x0000018CA7DC8D10>>,159,159,0
Firm9,215,-206870.58517812332,1371,<bound method Firm.goodsPrice of <__main__.Firm object at 0x0000018CA7D5A950>>,159,159,0
Firm10,215,-180361.64530265596,981,<bound method Firm.goodsPrice of <__main__.Firm object at 0x0000018CA7D5AF50>>,160,160,0
Firm1,216,-180638.7467867337,0,<bound method Firm.goodsPrice of <__main__.Firm object at 0x0000018CA7D79940>>,160,160,0
Firm2,216,-179410.43997247264,0,<bound method Firm.goodsPrice of <__main__.Firm object at 0x0000018CA7D7D450>>,160,160,0
Firm3,216,-182915.3014183764,56,<bound method Firm.goodsPrice of <__main__.Firm object at 0x0000018CA7D7D590>>,160,160,0
Firm4,216,-201076.9751992215,297,<bound method Firm.goodsPrice of <__main__.Firm object at 0x0000018CA7B5FCE0>>,161,161,0
Firm5,216,-192042.16842148398,10,<bound method Firm.goodsPrice of <__main__.Firm object at 0x0000018CA7B5FE10>>,162,162,0
Firm6,216,-191204.31954696486,570,<bound method Firm.goodsPrice of <__main__.Firm object at 0x0000018CA7D75130>>,162,162,0
Firm7,216,-214849.60386900112,1157,<bound method Firm.goodsPrice of <__main__.Firm object at 0x0000018CA7DC8C00>>,162,162,0
Firm8,216,-262797.5446818554,1715,<bound method Firm.goodsPrice of <__main__.Firm object at 0x0000018CA7DC8D10>>,162,162,0
Firm9,216,-207613.639606642,1375,<bound method Firm.goodsPrice of <__main__.Firm object at 0x0000018CA7D5A950>>,162,162,0
Firm10,216,-180955.20145613374,980,<bound method Firm.goodsPrice of <__main__.Firm object at 0x0000018CA7D5AF50>>,163,163,0
Firm1,217,-181255.9165885824,0,<bound method Firm.goodsPrice of <__main__.Firm object at 0x0000018CA7D79940>>,163,163,0
Firm2,217,-180118.4707307485,0,<bound method Firm.goodsPrice of <__main__.Firm object at 0x0000018CA7D7D450>>,163,163,0
Firm3,217,-183524.00833041224,54,<bound method Firm.goodsPrice of <__main__.Firm object at 0x0000018CA7D7D590>>,163,163,0
Firm4,217,-201796.75178364562,297,<bound method Firm.goodsPrice of <__main__.Firm object at 0x0000018CA7B5FCE0>>,164,164,0
Firm5,217,-192704.93398799843,8,<bound method Firm.goodsPrice of <__main__.Firm object at 0x0000018CA7B5FE10>>,165,165,0
Firm6,217,-191847.99681816564,569,<bound method Firm.goodsPrice of <__main__.Firm object at 0x0000018CA7D75130>>,165,165,0
Firm7,217,-215616.82575597128,1160,<bound method Firm.goodsPrice of <__main__.Firm object at 0x0000018CA7DC8C00>>,165,165,0
Firm8,217,-263702.1213287424,1719,<bound method Firm.goodsPrice of <__main__.Firm object at 0x0000018CA7DC8D10>>,165,165,0
Firm9,217,-208362.23328068515,1380,<bound method Firm.goodsPrice of <__main__.Firm object at 0x0000018CA7D5A950>>,165,165,0
Firm10,217,-181564.69354345775,981,<bound method Firm.goodsPrice of <__main__.Firm object at 0x0000018CA7D5AF50>>,166,166,0
Firm1,218,-181873.08639043107,0,<bound method Firm.goodsPrice of <__main__.Firm object at 0x0000018CA7D79940>>,166,166,0
Firm2,218,-180826.50148902435,0,<bound method Firm.goodsPrice of <__main__.Firm object at 0x0000018CA7D7D450>>,166,166,0
Firm3,218,-184132.7152424481,52,<bound method Firm.goodsPrice of <__main__.Firm object at 0x0000018CA7D7D590>>,166,166,0
Firm4,218,-202516.52836806976,297,<bound method Firm.goodsPrice of <__main__.Firm object at 0x0000018CA7B5FCE0>>,167,167,0
Firm5,218,-193367.6995545129,6,<bound method Firm.goodsPrice of <__main__.Firm object at 0x0000018CA7B5FE10>>,168,168,0
Firm6,218,-192491.67408936642,568,<bound method Firm.goodsPrice of <__main__.Firm object at 0x0000018CA7D75130>>,168,168,0
Firm7,218,-216384.04764294144,1163,<bound method Firm.goodsPrice of <__main__.Firm object at 0x0000018CA7DC8C00>>,168,168,0
Firm8,218,-264644.1187460425,1724,<bound method Firm.goodsPrice of <__main__.Firm object at 0x0000018CA7DC8D10>>,168,168,0
Firm9,218,-209080.28198122687,1382,<bound method Firm.goodsPrice of <__main__.Firm object at 0x0000018CA7D5A950>>,168,168,0
Firm10,218,-182182.15359770486,983,<bound method Firm.goodsPrice of <__main__.Firm object at 0x0000018CA7D5AF50>>,169,169,0
Firm1,219,-182490.25619227975,0,<bound method Firm.goodsPrice of <__main__.Firm object at 0x0000018CA7D79940>>,169,169,0
Firm2,219,-181534.5322473002,0,<bound method Firm.goodsPrice of <__main__.Firm object at 0x0000018CA7D7D450>>,169,169,0
Firm3,219,-184741.42215448394,50,<bound method Firm.goodsPrice of <__main__.Firm object at 0x0000018CA7D7D590>>,169,169,0
Firm4,219,-203236.3049524939,297,<bound method Firm.goodsPrice of <__main__.Firm object at 0x0000018CA7B5FCE0>>,170,170,0
Firm5,219,-194017.40630617662,3,<bound method Firm.goodsPrice of <__main__.Firm object at 0x0000018CA7B5FE10>>,171,171,0
Firm6,219,-193157.90970695205,569,<bound method Firm.goodsPrice of <__main__.Firm object at 0x0000018CA7D75130>>,171,171,0
Firm7,219,-217151.2695299116,1166,<bound method Firm.goodsPrice of <__main__.Firm object at 0x0000018CA7DC8C00>>,171,171,0
Firm8,219,-265586.11616334255,1729,<bound method Firm.goodsPrice of <__main__.Firm object at 0x0000018CA7DC8D10>>,171,171,0
Firm9,219,-209810.83354575708,1385,<bound method Firm.goodsPrice of <__main__.Firm object at 0x0000018CA7D5A950>>,171,171,0
Firm10,219,-182799.61365195198,985,<bound method Firm.goodsPrice of <__main__.Firm object at 0x0000018CA7D5AF50>>,172,172,0
Firm1,220,-183107.42599412843,0,<bound method Firm.goodsPrice of <__main__.Firm object at 0x0000018CA7D79940>>,172,172,0
Firm2,220,-182242.56300557606,0,<bound method Firm.goodsPrice of <__main__.Firm object at 0x0000018CA7D7D450>>,172,172,0
Firm3,220,-185350.1290665198,48,<bound method Firm.goodsPrice of <__main__.Firm object at 0x0000018CA7D7D590>>,172,172,0
Firm4,220,-203956.08153691803,297,<bound method Firm.goodsPrice of <__main__.Firm object at 0x0000018CA7B5FCE0>>,173,173,0
Firm5,220,-194680.17187269108,1,<bound method Firm.goodsPrice of <__main__.Firm object at 0x0000018CA7B5FE10>>,174,174,0
Firm6,220,-193812.86615134525,569,<bound method Firm.goodsPrice of <__main__.Firm object at 0x0000018CA7D75130>>,174,174,0
Firm7,220,-217906.58185175157,1168,<bound method Firm.goodsPrice of <__main__.Firm object at 0x0000018CA7DC8C00>>,174,174,0
Firm8,220,-266528.1135806426,1734,<bound method Firm.goodsPrice of <__main__.Firm object at 0x0000018CA7DC8D10>>,174,174,0
Firm9,220,-210553.88797427577,1389,<bound method Firm.goodsPrice of <__main__.Firm object at 0x0000018CA7D5A950>>,174,174,0
Firm10,220,-183401.13777235287,985,<bound method Firm.goodsPrice of <__main__.Firm object at 0x0000018CA7D5AF50>>,175,175,0
Firm1,221,-183724.5957959771,0,<bound method Firm.goodsPrice of <__main__.Firm object at 0x0000018CA7D79940>>,175,175,0
Firm2,221,-182950.5937638519,0,<bound method Firm.goodsPrice of <__main__.Firm object at 0x0000018CA7D7D450>>,175,175,0
Firm3,221,-185958.83597855564,46,<bound method Firm.goodsPrice of <__main__.Firm object at 0x0000018CA7D7D590>>,175,175,0
Firm4,221,-204675.85812134217,297,<bound method Firm.goodsPrice of <__main__.Firm object at 0x0000018CA7B5FCE0>>,176,176,0
Firm5,221,-195355.99625405626,0,<bound method Firm.goodsPrice of <__main__.Firm object at 0x0000018CA7B5FE10>>,177,177,0
Firm6,221,-194445.2642493536,567,<bound method Firm.goodsPrice of <__main__.Firm object at 0x0000018CA7D75130>>,177,177,0
Firm7,221,-218661.89417359154,1170,<bound method Firm.goodsPrice of <__main__.Firm object at 0x0000018CA7DC8C00>>,177,177,0
Firm8,221,-267470.1109979427,1739,<bound method Firm.goodsPrice of <__main__.Firm object at 0x0000018CA7DC8D10>>,177,177,0
Firm9,221,-211284.43953880598,1392,<bound method Firm.goodsPrice of <__main__.Firm object at 0x0000018CA7D5A950>>,177,177,0
Firm10,221,-184026.5657935231,988,<bound method Firm.goodsPrice of <__main__.Firm object at 0x0000018CA7D5AF50>>,178,178,0
Firm1,222,-184341.76559782578,0,<bound method Firm.goodsPrice of <__main__.Firm object at 0x0000018CA7D79940>>,178,178,0
Firm2,222,-183658.62452212776,0,<bound method Firm.goodsPrice of <__main__.Firm object at 0x0000018CA7D7D450>>,178,178,0
Firm3,222,-186567.5428905915,44,<bound method Firm.goodsPrice of <__main__.Firm object at 0x0000018CA7D7D590>>,178,178,0
Firm4,222,-205395.6347057663,297,<bound method Firm.goodsPrice of <__main__.Firm object at 0x0000018CA7B5FCE0>>,179,179,0
Firm5,222,-196044.87945027216,0,<bound method Firm.goodsPrice of <__main__.Firm object at 0x0000018CA7B5FE10>>,180,180,0
Firm6,222,-195077.66234736197,565,<bound method Firm.goodsPrice of <__main__.Firm object at 0x0000018CA7D75130>>,180,180,0
Firm7,222,-219429.1160605617,1173,<bound method Firm.goodsPrice of <__main__.Firm object at 0x0000018CA7DC8C00>>,180,180,0
Firm8,222,-268412.10841524275,1744,<bound method Firm.goodsPrice of <__main__.Firm object at 0x0000018CA7DC8D10>>,180,180,0
Firm9,222,-212014.9911033362,1395,<bound method Firm.goodsPrice of <__main__.Firm object at 0x0000018CA7D5A950>>,180,180,0
Firm10,222,-184636.0578808471,989,<bound method Firm.goodsPrice of <__main__.Firm object at 0x0000018CA7D5AF50>>,181,181,0
Firm1,223,-184958.93539967446,0,<bound method Firm.goodsPrice of <__main__.Firm object at 0x0000018CA7D79940>>,181,181,0
Firm2,223,-184366.65528040362,0,<bound method Firm.goodsPrice of <__main__.Firm object at 0x0000018CA7D7D450>>,181,181,0
Firm3,223,-187176.24980262734,42,<bound method Firm.goodsPrice of <__main__.Firm object at 0x0000018CA7D7D590>>,181,181,0
Firm4,223,-206115.41129019044,297,<bound method Firm.goodsPrice of <__main__.Firm object at 0x0000018CA7B5FCE0>>,182,182,0
Firm5,223,-196733.76264648806,0,<bound method Firm.goodsPrice of <__main__.Firm object at 0x0000018CA7B5FE10>>,183,183,0
Firm6,223,-195721.33961856275,564,<bound method Firm.goodsPrice of <__main__.Firm object at 0x0000018CA7D75130>>,183,183,0
Firm7,223,-220196.33794753187,1176,<bound method Firm.goodsPrice of <__main__.Firm object at 0x0000018CA7DC8C00>>,183,183,0
Firm8,223,-269354.1058325428,1749,<bound method Firm.goodsPrice of <__main__.Firm object at 0x0000018CA7DC8D10>>,183,183,0
Firm9,223,-212758.04553185488,1399,<bound method Firm.goodsPrice of <__main__.Firm object at 0x0000018CA7D5A950>>,183,183,0
Firm10,223,-185237.582001248,989,<bound method Firm.goodsPrice of <__main__.Firm object at 0x0000018CA7D5AF50>>,184,184,0
Firm1,224,-185576.10520152314,0,<bound method Firm.goodsPrice of <__main__.Firm object at 0x0000018CA7D79940>>,184,184,0
Firm2,224,-185074.68603867947,0,<bound method Firm.goodsPrice of <__main__.Firm object at 0x0000018CA7D7D450>>,184,184,0
Firm3,224,-187784.9567146632,40,<bound method Firm.goodsPrice of <__main__.Firm object at 0x0000018CA7D7D590>>,184,184,0
Firm4,224,-206835.18787461458,297,<bound method Firm.goodsPrice of <__main__.Firm object at 0x0000018CA7B5FCE0>>,185,185,0
Firm5,224,-197422.64584270396,0,<bound method Firm.goodsPrice of <__main__.Firm object at 0x0000018CA7B5FE10>>,186,186,0
Firm6,224,-196353.7377165711,562,<bound method Firm.goodsPrice of <__main__.Firm object at 0x0000018CA7D75130>>,186,186,0
Firm7,224,-220963.55983450203,1179,<bound method Firm.goodsPrice of <__main__.Firm object at 0x0000018CA7DC8C00>>,186,186,0
Firm8,224,-270282.40738532634,1754,<bound method Firm.goodsPrice of <__main__.Firm object at 0x0000018CA7DC8D10>>,185,186,0
Firm9,224,-213488.80373642338,1402,<bound method Firm.goodsPrice of <__main__.Firm object at 0x0000018CA7D5A950>>,185,186,0
Firm10,224,-185856.6235410928,991,<bound method Firm.goodsPrice of <__main__.Firm object at 0x0000018CA7D5AF50>>,186,187,0
Firm1,225,-186196.69604456399,0,<bound method Firm.goodsPrice of <__main__.Firm object at 0x0000018CA7D79940>>,186,187,0
Firm2,225,-185771.9269819451,0,<bound method Firm.goodsPrice of <__main__.Firm object at 0x0000018CA7D7D450>>,186,187,0
Firm3,225,-188387.0693704053,38,<bound method Firm.goodsPrice of <__main__.Firm object at 0x0000018CA7D7D590>>,186,187,0
Firm4,225,-207579.22862249342,298,<bound method Firm.goodsPrice of <__main__.Firm object at 0x0000018CA7B5FCE0>>,187,188,0
Firm5,225,-198108.55515372835,0,<bound method Firm.goodsPrice of <__main__.Firm object at 0x0000018CA7B5FE10>>,188,189,0
Firm6,225,-196985.52259357684,560,<bound method Firm.goodsPrice of <__main__.Firm object at 0x0000018CA7D75130>>,188,189,0
Firm7,225,-221728.9367173506,1182,<bound method Firm.goodsPrice of <__main__.Firm object at 0x0000018CA7DC8C00>>,188,189,0
Firm8,225,-271173.2881676968,1758,<bound method Firm.goodsPrice of <__main__.Firm object at 0x0000018CA7DC8D10>>,187,189,0
Firm9,225,-214225.10118651632,1406,<bound method Firm.goodsPrice of <__main__.Firm object at 0x0000018CA7D5A950>>,187,189,0
Firm10,225,-186491.6010147838,995,<bound method Firm.goodsPrice of <__main__.Firm object at 0x0000018CA7D5AF50>>,188,190,0
Firm1,226,-186817.28688760483,0,<bound method Firm.goodsPrice of <__main__.Firm object at 0x0000018CA7D79940>>,188,190,0
Firm2,226,-186469.1679252107,0,<bound method Firm.goodsPrice of <__main__.Firm object at 0x0000018CA7D7D450>>,188,190,0
Firm3,226,-188989.18202614743,36,<bound method Firm.goodsPrice of <__main__.Firm object at 0x0000018CA7D7D590>>,188,190,0
Firm4,226,-208323.26937037226,299,<bound method Firm.goodsPrice of <__main__.Firm object at 0x0000018CA7B5FCE0>>,189,191,0
Firm5,226,-198794.46446475273,0,<bound method Firm.goodsPrice of <__main__.Firm object at 0x0000018CA7B5FE10>>,190,192,0
Firm6,226,-197628.586643775,559,<bound method Firm.goodsPrice of <__main__.Firm object at 0x0000018CA7D75130>>,190,192,0
Firm7,226,-222506.22316532934,1186,<bound method Firm.goodsPrice of <__main__.Firm object at 0x0000018CA7DC8C00>>,190,192,0
Firm8,226,-272101.5897204803,1763,<bound method Firm.goodsPrice of <__main__.Firm object at 0x0000018CA7DC8D10>>,189,192,0
Firm9,226,-214943.35652709633,1408,<bound method Firm.goodsPrice of <__main__.Firm object at 0x0000018CA7D5A950>>,189,192,0
Firm10,226,-187094.70662078238,995,<bound method Firm.goodsPrice of <__main__.Firm object at 0x0000018CA7D5AF50>>,190,193,0
Firm1,227,-187437.87773064568,0,<bound method Firm.goodsPrice of <__main__.Firm object at 0x0000018CA7D79940>>,190,193,0
Firm2,227,-187166.4088684763,0,<bound method Firm.goodsPrice of <__main__.Firm object at 0x0000018CA7D7D450>>,190,193,0
Firm3,227,-189591.29468188956,34,<bound method Firm.goodsPrice of <__main__.Firm object at 0x0000018CA7D7D590>>,190,193,0
Firm4,227,-209067.3101182511,300,<bound method Firm.goodsPrice of <__main__.Firm object at 0x0000018CA7B5FCE0>>,191,194,0
Firm5,227,-199480.37377577712,0,<bound method Firm.goodsPrice of <__main__.Firm object at 0x0000018CA7B5FE10>>,192,195,0
Firm6,227,-198271.65069397315,558,<bound method Firm.goodsPrice of <__main__.Firm object at 0x0000018CA7D75130>>,192,195,0
Firm7,227,-223283.5096133081,1190,<bound method Firm.goodsPrice of <__main__.Firm object at 0x0000018CA7DC8C00>>,192,195,0
Firm8,227,-273029.89127326384,1768,<bound method Firm.goodsPrice of <__main__.Firm object at 0x0000018CA7DC8D10>>,191,195,0
Firm9,227,-215686.6175956533,1412,<bound method Firm.goodsPrice of <__main__.Firm object at 0x0000018CA7D5A950>>,191,195,0
Firm10,227,-187689.84425985784,994,<bound method Firm.goodsPrice of <__main__.Firm object at 0x0000018CA7D5AF50>>,192,196,0
Firm1,228,-188058.46857368652,0,<bound method Firm.goodsPrice of <__main__.Firm object at 0x0000018CA7D79940>>,192,196,0
Firm2,228,-187863.64981174193,0,<bound method Firm.goodsPrice of <__main__.Firm object at 0x0000018CA7D7D450>>,192,196,0
Firm3,228,-190193.40733763168,32,<bound method Firm.goodsPrice of <__main__.Firm object at 0x0000018CA7D7D590>>,192,196,0
Firm4,228,-209811.35086612994,301,<bound method Firm.goodsPrice of <__main__.Firm object at 0x0000018CA7B5FCE0>>,193,197,0
Firm5,228,-200166.2830868015,0,<bound method Firm.goodsPrice of <__main__.Firm object at 0x0000018CA7B5FE10>>,194,198,0
Firm6,228,-198892.15639778646,555,<bound method Firm.goodsPrice of <__main__.Firm object at 0x0000018CA7D75130>>,194,198,0
Firm7,228,-224060.79606128685,1194,<bound method Firm.goodsPrice of <__main__.Firm object at 0x0000018CA7DC8C00>>,194,198,0
Firm8,228,-273958.19282604737,1773,<bound method Firm.goodsPrice of <__main__.Firm object at 0x0000018CA7DC8D10>>,193,198,0
Firm9,228,-216404.87293623333,1414,<bound method Firm.goodsPrice of <__main__.Firm object at 0x0000018CA7D5A950>>,193,198,0
Firm10,228,-188308.88579970264,996,<bound method Firm.goodsPrice of <__main__.Firm object at 0x0000018CA7D5AF50>>,194,199,0
Firm1,229,-188679.05941672737,0,<bound method Firm.goodsPrice of <__main__.Firm object at 0x0000018CA7D79940>>,194,199,0
Firm2,229,-188560.89075500754,0,<bound method Firm.goodsPrice of <__main__.Firm object at 0x0000018CA7D7D450>>,194,199,0
Firm3,229,-190795.5199933738,30,<bound method Firm.goodsPrice of <__main__.Firm object at 0x0000018CA7D7D590>>,194,199,0
Firm4,229,-210555.39161400878,302,<bound method Firm.goodsPrice of <__main__.Firm object at 0x0000018CA7B5FCE0>>,195,200,0
Firm5,229,-200852.1923978259,0,<bound method Firm.goodsPrice of <__main__.Firm object at 0x0000018CA7B5FE10>>,196,201,0
Firm6,229,-199535.2204479846,554,<bound method Firm.goodsPrice of <__main__.Firm object at 0x0000018CA7D75130>>,196,201,0
Firm7,229,-224838.0825092656,1198,<bound method Firm.goodsPrice of <__main__.Firm object at 0x0000018CA7DC8C00>>,196,201,0
Firm8,229,-274886.4943788309,1778,<bound method Firm.goodsPrice of <__main__.Firm object at 0x0000018CA7DC8D10>>,195,201,0
Firm9,229,-217123.12827681334,1416,<bound method Firm.goodsPrice of <__main__.Firm object at 0x0000018CA7D5A950>>,195,201,0
Firm10,229,-188935.89530647054,999,<bound method Firm.goodsPrice of <__main__.Firm object at 0x0000018CA7D5AF50>>,196,202,0
Firm1,230,-189299.6502597682,0,<bound method Firm.goodsPrice of <__main__.Firm object at 0x0000018CA7D79940>>,196,202,0
Firm2,230,-189258.13169827315,0,<bound method Firm.goodsPrice of <__main__.Firm object at 0x0000018CA7D7D450>>,196,202,0
Firm3,230,-191397.63264911593,28,<bound method Firm.goodsPrice of <__main__.Firm object at 0x0000018CA7D7D590>>,196,202,0
Firm4,230,-211299.43236188762,303,<bound method Firm.goodsPrice of <__main__.Firm object at 0x0000018CA7B5FCE0>>,197,203,0
Firm5,230,-201538.10170885027,0,<bound method Firm.goodsPrice of <__main__.Firm object at 0x0000018CA7B5FE10>>,198,204,0
Firm6,230,-200178.28449818277,553,<bound method Firm.goodsPrice of <__main__.Firm object at 0x0000018CA7D75130>>,198,204,0
Firm7,230,-225603.45939211416,1201,<bound method Firm.goodsPrice of <__main__.Firm object at 0x0000018CA7DC8C00>>,198,204,0
Firm8,230,-275814.7959316144,1783,<bound method Firm.goodsPrice of <__main__.Firm object at 0x0000018CA7DC8D10>>,197,204,0
Firm9,230,-217866.38934537032,1420,<bound method Firm.goodsPrice of <__main__.Firm object at 0x0000018CA7D5A950>>,197,204,0
Firm10,230,-189531.032945546,998,<bound method Firm.goodsPrice of <__main__.Firm object at 0x0000018CA7D5AF50>>,198,205,0
Firm1,231,-189920.24110280906,0,<bound method Firm.goodsPrice of <__main__.Firm object at 0x0000018CA7D79940>>,198,205,0
Firm2,231,-189955.37264153876,0,<bound method Firm.goodsPrice of <__main__.Firm object at 0x0000018CA7D7D450>>,198,205,0
Firm3,231,-191999.74530485805,26,<bound method Firm.goodsPrice of <__main__.Firm object at 0x0000018CA7D7D590>>,198,205,0
Firm4,231,-212043.47310976646,304,<bound method Firm.goodsPrice of <__main__.Firm object at 0x0000018CA7B5FCE0>>,199,206,0
Firm5,231,-202224.01101987466,0,<bound method Firm.goodsPrice of <__main__.Firm object at 0x0000018CA7B5FE10>>,200,207,0
Firm6,231,-200810.0693751885,551,<bound method Firm.goodsPrice of <__main__.Firm object at 0x0000018CA7D75130>>,200,207,0
Firm7,231,-226368.83627496273,1204,<bound method Firm.goodsPrice of <__main__.Firm object at 0x0000018CA7DC8C00>>,200,207,0
Firm8,231,-276743.09748439793,1788,<bound method Firm.goodsPrice of <__main__.Firm object at 0x0000018CA7DC8D10>>,199,207,0
Firm9,231,-218597.14754993882,1423,<bound method Firm.goodsPrice of <__main__.Firm object at 0x0000018CA7D5A950>>,199,207,0
Firm10,231,-190158.0424523139,1001,<bound method Firm.goodsPrice of <__main__.Firm object at 0x0000018CA7D5AF50>>,200,208,0
Firm1,232,-190540.8319458499,0,<bound method Firm.goodsPrice of <__main__.Firm object at 0x0000018CA7D79940>>,200,208,0
Firm2,232,-190652.61358480438,0,<bound method Firm.goodsPrice of <__main__.Firm object at 0x0000018CA7D7D450>>,200,208,0
Firm3,232,-192601.85796060017,24,<bound method Firm.goodsPrice of <__main__.Firm object at 0x0000018CA7D7D590>>,200,208,0
Firm4,232,-212787.5138576453,305,<bound method Firm.goodsPrice of <__main__.Firm object at 0x0000018CA7B5FCE0>>,201,209,0
Firm5,232,-202909.92033089904,0,<bound method Firm.goodsPrice of <__main__.Firm object at 0x0000018CA7B5FE10>>,202,210,0
Firm6,232,-201441.85425219423,549,<bound method Firm.goodsPrice of <__main__.Firm object at 0x0000018CA7D75130>>,202,210,0
Firm7,232,-227146.12272294148,1208,<bound method Firm.goodsPrice of <__main__.Firm object at 0x0000018CA7DC8C00>>,202,210,0
Firm8,232,-277633.9782667684,1792,<bound method Firm.goodsPrice of <__main__.Firm object at 0x0000018CA7DC8D10>>,201,210,0
Firm9,232,-219320.94213604328,1426,<bound method Firm.goodsPrice of <__main__.Firm object at 0x0000018CA7D5A950>>,201,210,0
Firm10,232,-190785.05195908181,1004,<bound method Firm.goodsPrice of <__main__.Firm object at 0x0000018CA7D5AF50>>,202,211,0
Firm1,233,-191161.42278889075,0,<bound method Firm.goodsPrice of <__main__.Firm object at 0x0000018CA7D79940>>,202,211,0
Firm2,233,-191349.85452807,0,<bound method Firm.goodsPrice of <__main__.Firm object at 0x0000018CA7D7D450>>,202,211,0
Firm3,233,-193203.9706163423,22,<bound method Firm.goodsPrice of <__main__.Firm object at 0x0000018CA7D7D590>>,202,211,0
Firm4,233,-213531.55460552414,306,<bound method Firm.goodsPrice of <__main__.Firm object at 0x0000018CA7B5FCE0>>,203,212,0
Firm5,233,-203595.82964192342,0,<bound method Firm.goodsPrice of <__main__.Firm object at 0x0000018CA7B5FE10>>,204,213,0
Firm6,233,-202084.91830239238,548,<bound method Firm.goodsPrice of <__main__.Firm object at 0x0000018CA7D75130>>,204,213,0
Firm7,233,-227911.49960579004,1211,<bound method Firm.goodsPrice of <__main__.Firm object at 0x0000018CA7DC8C00>>,204,213,0
Firm8,233,-278562.2798195519,1797,<bound method Firm.goodsPrice of <__main__.Firm object at 0x0000018CA7DC8D10>>,203,213,0
Firm9,233,-220051.70034061177,1429,<bound method Firm.goodsPrice of <__main__.Firm object at 0x0000018CA7D5A950>>,203,213,0
Firm10,233,-191396.1255320035,1005,<bound method Firm.goodsPrice of <__main__.Firm object at 0x0000018CA7D5AF50>>,204,214,0
Firm1,234,-191782.0136319316,0,<bound method Firm.goodsPrice of <__main__.Firm object at 0x0000018CA7D79940>>,204,214,0
Firm2,234,-192047.0954713356,0,<bound method Firm.goodsPrice of <__main__.Firm object at 0x0000018CA7D7D450>>,204,214,0
Firm3,234,-193806.08327208442,20,<bound method Firm.goodsPrice of <__main__.Firm object at 0x0000018CA7D7D590>>,204,214,0
Firm4,234,-214275.59535340298,307,<bound method Firm.goodsPrice of <__main__.Firm object at 0x0000018CA7B5FCE0>>,205,215,0
Firm5,234,-204281.7389529478,0,<bound method Firm.goodsPrice of <__main__.Firm object at 0x0000018CA7B5FE10>>,206,216,0
Firm6,234,-202727.98235259054,547,<bound method Firm.goodsPrice of <__main__.Firm object at 0x0000018CA7D75130>>,206,216,0
Firm7,234,-228676.8764886386,1214,<bound method Firm.goodsPrice of <__main__.Firm object at 0x0000018CA7DC8C00>>,206,216,0
Firm8,234,-279490.58137233544,1802,<bound method Firm.goodsPrice of <__main__.Firm object at 0x0000018CA7DC8D10>>,205,216,0
Firm9,234,-220794.96140916875,1433,<bound method Firm.goodsPrice of <__main__.Firm object at 0x0000018CA7D5A950>>,205,216,0
Firm10,234,-191999.23113800207,1005,<bound method Firm.goodsPrice of <__main__.Firm object at 0x0000018CA7D5AF50>>,206,217,0
Firm1,235,-192402.60447497244,0,<bound method Firm.goodsPrice of <__main__.Firm object at 0x0000018CA7D79940>>,206,217,0
Firm2,235,-192744.33641460122,0,<bound method Firm.goodsPrice of <__main__.Firm object at 0x0000018CA7D7D450>>,206,217,0
Firm3,235,-194408.19592782654,18,<bound method Firm.goodsPrice of <__main__.Firm object at 0x0000018CA7D7D590>>,206,217,0
Firm4,235,-215019.63610128182,308,<bound method Firm.goodsPrice of <__main__.Firm object at 0x0000018CA7B5FCE0>>,207,218,0
Firm5,235,-204967.6482639722,0,<bound method Firm.goodsPrice of <__main__.Firm object at 0x0000018CA7B5FE10>>,208,219,0
Firm6,235,-203359.76722959627,545,<bound method Firm.goodsPrice of <__main__.Firm object at 0x0000018CA7D75130>>,208,219,0
Firm7,235,-229454.16293661736,1218,<bound method Firm.goodsPrice of <__main__.Firm object at 0x0000018CA7DC8C00>>,208,219,0
Firm8,235,-280418.88292511896,1807,<bound method Firm.goodsPrice of <__main__.Firm object at 0x0000018CA7DC8D10>>,207,219,0
Firm9,235,-221525.71961373725,1436,<bound method Firm.goodsPrice of <__main__.Firm object at 0x0000018CA7D5A950>>,207,219,0
Firm10,235,-192610.30471092375,1006,<bound method Firm.goodsPrice of <__main__.Firm object at 0x0000018CA7D5AF50>>,208,220,0
Firm1,236,-193023.19531801328,0,<bound method Firm.goodsPrice of <__main__.Firm object at 0x0000018CA7D79940>>,208,220,0
Firm2,236,-193441.57735786683,0,<bound method Firm.goodsPrice of <__main__.Firm object at 0x0000018CA7D7D450>>,208,220,0
Firm3,236,-195010.30858356867,16,<bound method Firm.goodsPrice of <__main__.Firm object at 0x0000018CA7D7D590>>,208,220,0
Firm4,236,-215763.67684916066,309,<bound method Firm.goodsPrice of <__main__.Firm object at 0x0000018CA7B5FCE0>>,209,221,0
Firm5,236,-205653.55757499658,0,<bound method Firm.goodsPrice of <__main__.Firm object at 0x0000018CA7B5FE10>>,210,222,0
Firm6,236,-204002.83127979442,544,<bound method Firm.goodsPrice of <__main__.Firm object at 0x0000018CA7D75130>>,210,222,0
Firm7,236,-230231.4493845961,1222,<bound method Firm.goodsPrice of <__main__.Firm object at 0x0000018CA7DC8C00>>,210,222,0
Firm8,236,-281347.1844779025,1812,<bound method Firm.goodsPrice of <__main__.Firm object at 0x0000018CA7DC8D10>>,209,222,0
Firm9,236,-222231.47209032878,1437,<bound method Firm.goodsPrice of <__main__.Firm object at 0x0000018CA7D5A950>>,209,222,0
Firm10,236,-193221.37828384544,1007,<bound method Firm.goodsPrice of <__main__.Firm object at 0x0000018CA7D5AF50>>,210,223,0
Firm1,237,-193643.78616105413,0,<bound method Firm.goodsPrice of <__main__.Firm object at 0x0000018CA7D79940>>,210,223,0
Firm2,237,-194138.81830113244,0,<bound method Firm.goodsPrice of <__main__.Firm object at 0x0000018CA7D7D450>>,210,223,0
Firm3,237,-195612.4212393108,14,<bound method Firm.goodsPrice of <__main__.Firm object at 0x0000018CA7D7D590>>,210,223,0
Firm4,237,-216507.7175970395,310,<bound method Firm.goodsPrice of <__main__.Firm object at 0x0000018CA7B5FCE0>>,211,224,0
Firm5,237,-206339.46688602096,0,<bound method Firm.goodsPrice of <__main__.Firm object at 0x0000018CA7B5FE10>>,212,225,0
Firm6,237,-204645.89532999258,543,<bound method Firm.goodsPrice of <__main__.Firm object at 0x0000018CA7D75130>>,212,225,0
Firm7,237,-231008.73583257486,1226,<bound method Firm.goodsPrice of <__main__.Firm object at 0x0000018CA7DC8C00>>,212,225,0
Firm8,237,-282275.486030686,1817,<bound method Firm.goodsPrice of <__main__.Firm object at 0x0000018CA7DC8D10>>,211,225,0
Firm9,237,-222974.73315888576,1441,<bound method Firm.goodsPrice of <__main__.Firm object at 0x0000018CA7D5A950>>,211,225,0
Firm10,237,-193824.483889844,1007,<bound method Firm.goodsPrice of <__main__.Firm object at 0x0000018CA7D5AF50>>,212,226,0
Firm1,238,-194264.37700409497,0,<bound method Firm.goodsPrice of <__main__.Firm object at 0x0000018CA7D79940>>,212,226,0
Firm2,238,-194836.05924439806,0,<bound method Firm.goodsPrice of <__main__.Firm object at 0x0000018CA7D7D450>>,212,226,0
Firm3,238,-196214.5338950529,12,<bound method Firm.goodsPrice of <__main__.Firm object at 0x0000018CA7D7D590>>,212,226,0
Firm4,238,-217251.75834491834,311,<bound method Firm.goodsPrice of <__main__.Firm object at 0x0000018CA7B5FCE0>>,213,227,0
Firm5,238,-207025.37619704535,0,<bound method Firm.goodsPrice of <__main__.Firm object at 0x0000018CA7B5FE10>>,214,228,0
Firm6,238,-205277.6802069983,541,<bound method Firm.goodsPrice of <__main__.Firm object at 0x0000018CA7D75130>>,214,228,0
Firm7,238,-231774.11271542343,1229,<bound method Firm.goodsPrice of <__main__.Firm object at 0x0000018CA7DC8C00>>,214,228,0
Firm8,238,-283203.78758346953,1822,<bound method Firm.goodsPrice of <__main__.Firm object at 0x0000018CA7DC8D10>>,213,228,0
Firm9,238,-223692.98849946578,1443,<bound method Firm.goodsPrice of <__main__.Firm object at 0x0000018CA7D5A950>>,213,228,0
Firm10,238,-194451.4933966119,1010,<bound method Firm.goodsPrice of <__main__.Firm object at 0x0000018CA7D5AF50>>,214,229,0
Firm1,239,-194884.96784713582,0,<bound method Firm.goodsPrice of <__main__.Firm object at 0x0000018CA7D79940>>,214,229,0
Firm2,239,-195533.30018766367,0,<bound method Firm.goodsPrice of <__main__.Firm object at 0x0000018CA7D7D450>>,214,229,0
Firm3,239,-196816.64655079503,10,<bound method Firm.goodsPrice of <__main__.Firm object at 0x0000018CA7D7D590>>,214,229,0
Firm4,239,-217995.79909279718,312,<bound method Firm.goodsPrice of <__main__.Firm object at 0x0000018CA7B5FCE0>>,215,230,0
Firm5,239,-207711.28550806973,0,<bound method Firm.goodsPrice of <__main__.Firm object at 0x0000018CA7B5FE10>>,216,231,0
Firm6,239,-205909.46508400404,539,<bound method Firm.goodsPrice of <__main__.Firm object at 0x0000018CA7D75130>>,216,231,0
Firm7,239,-232539.489598272,1232,<bound method Firm.goodsPrice of <__main__.Firm object at 0x0000018CA7DC8C00>>,216,231,0
Firm8,239,-284094.66836584,1826,<bound method Firm.goodsPrice of <__main__.Firm object at 0x0000018CA7DC8D10>>,215,231,0
Firm9,239,-224441.7888135472,1448,<bound method Firm.goodsPrice of <__main__.Firm object at 0x0000018CA7D5A950>>,215,231,0
Firm10,239,-195062.5669695336,1011,<bound method Firm.goodsPrice of <__main__.Firm object at 0x0000018CA7D5AF50>>,216,232,0
Firm1,240,-195505.55869017667,0,<bound method Firm.goodsPrice of <__main__.Firm object at 0x0000018CA7D79940>>,216,232,0
Firm2,240,-196230.54113092928,0,<bound method Firm.goodsPrice of <__main__.Firm object at 0x0000018CA7D7D450>>,216,232,0
Firm3,240,-197418.75920653716,8,<bound method Firm.goodsPrice of <__main__.Firm object at 0x0000018CA7D7D590>>,216,232,0
Firm4,240,-218739.83984067602,313,<bound method Firm.goodsPrice of <__main__.Firm object at 0x0000018CA7B5FCE0>>,217,233,0
Firm5,240,-208397.19481909412,0,<bound method Firm.goodsPrice of <__main__.Firm object at 0x0000018CA7B5FE10>>,218,234,0
Firm6,240,-206552.5291342022,538,<bound method Firm.goodsPrice of <__main__.Firm object at 0x0000018CA7D75130>>,218,234,0
Firm7,240,-233316.77604625074,1236,<bound method Firm.goodsPrice of <__main__.Firm object at 0x0000018CA7DC8C00>>,218,234,0
Firm8,240,-285022.9699186235,1831,<bound method Firm.goodsPrice of <__main__.Firm object at 0x0000018CA7DC8D10>>,217,234,0
Firm9,240,-225160.04415412722,1450,<bound method Firm.goodsPrice of <__main__.Firm object at 0x0000018CA7D5A950>>,217,234,0
Firm10,240,-195673.64054245528,1012,<bound method Firm.goodsPrice of <__main__.Firm object at 0x0000018CA7D5AF50>>,218,235,0
Firm1,241,-196126.1495332175,0,<bound method Firm.goodsPrice of <__main__.Firm object at 0x0000018CA7D79940>>,218,235,0
Firm2,241,-196927.7820741949,0,<bound method Firm.goodsPrice of <__main__.Firm object at 0x0000018CA7D7D450>>,218,235,0
Firm3,241,-198020.87186227928,6,<bound method Firm.goodsPrice of <__main__.Firm object at 0x0000018CA7D7D590>>,218,235,0
Firm4,241,-219483.88058855486,314,<bound method Firm.goodsPrice of <__main__.Firm object at 0x0000018CA7B5FCE0>>,219,236,0
Firm5,241,-209083.1041301185,0,<bound method Firm.goodsPrice of <__main__.Firm object at 0x0000018CA7B5FE10>>,220,237,0
Firm6,241,-207195.59318440035,537,<bound method Firm.goodsPrice of <__main__.Firm object at 0x0000018CA7D75130>>,220,237,0
Firm7,241,-234094.0624942295,1240,<bound method Firm.goodsPrice of <__main__.Firm object at 0x0000018CA7DC8C00>>,220,237,0
Firm8,241,-285951.27147140703,1836,<bound method Firm.goodsPrice of <__main__.Firm object at 0x0000018CA7DC8D10>>,219,237,0
Firm9,241,-225878.29949470723,1452,<bound method Firm.goodsPrice of <__main__.Firm object at 0x0000018CA7D5A950>>,219,237,0
Firm10,241,-196284.71411537696,1013,<bound method Firm.goodsPrice of <__main__.Firm object at 0x0000018CA7D5AF50>>,220,238,0
Firm1,242,-196746.74037625836,0,<bound method Firm.goodsPrice of <__main__.Firm object at 0x0000018CA7D79940>>,220,238,0
Firm2,242,-197625.0230174605,0,<bound method Firm.goodsPrice of <__main__.Firm object at 0x0000018CA7D7D450>>,220,238,0
Firm3,242,-198622.9845180214,4,<bound method Firm.goodsPrice of <__main__.Firm object at 0x0000018CA7D7D590>>,220,238,0
Firm4,242,-220227.9213364337,315,<bound method Firm.goodsPrice of <__main__.Firm object at 0x0000018CA7B5FCE0>>,221,239,0
Firm5,242,-209769.0134411429,0,<bound method Firm.goodsPrice of <__main__.Firm object at 0x0000018CA7B5FE10>>,222,240,0
Firm6,242,-207827.37806140608,535,<bound method Firm.goodsPrice of <__main__.Firm object at 0x0000018CA7D75130>>,222,240,0
Firm7,242,-234871.34894220825,1244,<bound method Firm.goodsPrice of <__main__.Firm object at 0x0000018CA7DC8C00>>,222,240,0
Firm8,242,-286879.57302419055,1841,<bound method Firm.goodsPrice of <__main__.Firm object at 0x0000018CA7DC8D10>>,221,240,0
Firm9,242,-226621.5605632642,1456,<bound method Firm.goodsPrice of <__main__.Firm object at 0x0000018CA7D5A950>>,221,240,0
Firm10,242,-196887.81972137553,1013,<bound method Firm.goodsPrice of <__main__.Firm object at 0x0000018CA7D5AF50>>,222,241,0
Firm1,243,-197367.3312192992,0,<bound method Firm.goodsPrice of <__main__.Firm object at 0x0000018CA7D79940>>,222,241,0
Firm2,243,-198322.26396072612,0,<bound method Firm.goodsPrice of <__main__.Firm object at 0x0000018CA7D7D450>>,222,241,0
Firm3,243,-199225.09717376353,2,<bound method Firm.goodsPrice of <__main__.Firm object at 0x0000018CA7D7D590>>,222,241,0
Firm4,243,-220971.96208431254,316,<bound method Firm.goodsPrice of <__main__.Firm object at 0x0000018CA7B5FCE0>>,223,242,0
Firm5,243,-210454.92275216727,0,<bound method Firm.goodsPrice of <__main__.Firm object at 0x0000018CA7B5FE10>>,224,243,0
Firm6,243,-208470.44211160424,534,<bound method Firm.goodsPrice of <__main__.Firm object at 0x0000018CA7D75130>>,224,243,0
Firm7,243,-235648.635390187,1248,<bound method Firm.goodsPrice of <__main__.Firm object at 0x0000018CA7DC8C00>>,224,243,0
Firm8,243,-287807.8745769741,1846,<bound method Firm.goodsPrice of <__main__.Firm object at 0x0000018CA7DC8D10>>,223,243,0
Firm9,243,-227352.3187678327,1459,<bound method Firm.goodsPrice of <__main__.Firm object at 0x0000018CA7D5A950>>,223,243,0
Firm10,243,-197490.9253273741,1013,<bound method Firm.goodsPrice of <__main__.Firm object at 0x0000018CA7D5AF50>>,224,244,0
Firm1,244,-197987.92206234005,0,<bound method Firm.goodsPrice of <__main__.Firm object at 0x0000018CA7D79940>>,224,244,0
Firm2,244,-199019.50490399174,0,<bound method Firm.goodsPrice of <__main__.Firm object at 0x0000018CA7D7D450>>,224,244,0
Firm3,244,-199827.20982950565,0,<bound method Firm.goodsPrice of <__main__.Firm object at 0x0000018CA7D7D590>>,224,244,0
Firm4,244,-221716.00283219139,317,<bound method Firm.goodsPrice of <__main__.Firm object at 0x0000018CA7B5FCE0>>,225,245,0
Firm5,244,-211140.83206319166,0,<bound method Firm.goodsPrice of <__main__.Firm object at 0x0000018CA7B5FE10>>,226,246,0
Firm6,244,-209113.5061618024,533,<bound method Firm.goodsPrice of <__main__.Firm object at 0x0000018CA7D75130>>,226,246,0
Firm7,244,-236425.92183816576,1252,<bound method Firm.goodsPrice of <__main__.Firm object at 0x0000018CA7DC8C00>>,226,246,0
Firm8,244,-288736.1761297576,1851,<bound method Firm.goodsPrice of <__main__.Firm object at 0x0000018CA7DC8D10>>,225,246,0
Firm9,244,-228045.56838043575,1459,<bound method Firm.goodsPrice of <__main__.Firm object at 0x0000018CA7D5A950>>,225,246,0
Firm10,244,-198117.934834142,1016,<bound method Firm.goodsPrice of <__main__.Firm object at 0x0000018CA7D5AF50>>,226,247,0
Firm1,245,-198608.5129053809,0,<bound method Firm.goodsPrice of <__main__.Firm object at 0x0000018CA7D79940>>,226,247,0
Firm2,245,-199716.74584725735,0,<bound method Firm.goodsPrice of <__main__.Firm object at 0x0000018CA7D7D450>>,226,247,0
Firm3,245,-200493.65441335816,0,<bound method Firm.goodsPrice of <__main__.Firm object at 0x0000018CA7D7D590>>,226,247,0
Firm4,245,-222460.04358007023,318,<bound method Firm.goodsPrice of <__main__.Firm object at 0x0000018CA7B5FCE0>>,227,248,0
Firm5,245,-211826.74137421604,0,<bound method Firm.goodsPrice of <__main__.Firm object at 0x0000018CA7B5FE10>>,228,249,0
Firm6,245,-209745.29103880812,531,<bound method Firm.goodsPrice of <__main__.Firm object at 0x0000018CA7D75130>>,228,249,0
Firm7,245,-237179.38915588413,1254,<bound method Firm.goodsPrice of <__main__.Firm object at 0x0000018CA7DC8C00>>,228,249,0
Firm8,245,-289664.4776825411,1856,<bound method Firm.goodsPrice of <__main__.Firm object at 0x0000018CA7DC8D10>>,227,249,0
Firm9,245,-228763.82372101577,1461,<bound method Firm.goodsPrice of <__main__.Firm object at 0x0000018CA7D5A950>>,227,249,0
Firm10,245,-198729.0084070637,1017,<bound method Firm.goodsPrice of <__main__.Firm object at 0x0000018CA7D5AF50>>,228,250,0
Firm1,246,-199229.10374842174,0,<bound method Firm.goodsPrice of <__main__.Firm object at 0x0000018CA7D79940>>,228,250,0
Firm2,246,-200413.98679052296,0,<bound method Firm.goodsPrice of <__main__.Firm object at 0x0000018CA7D7D450>>,228,250,0
Firm3,246,-201160.09899721068,0,<bound method Firm.goodsPrice of <__main__.Firm object at 0x0000018CA7D7D590>>,228,250,0
Firm4,246,-223204.08432794907,319,<bound method Firm.goodsPrice of <__main__.Firm object at 0x0000018CA7B5FCE0>>,229,251,0
Firm5,246,-212512.65068524043,0,<bound method Firm.goodsPrice of <__main__.Firm object at 0x0000018CA7B5FE10>>,230,252,0
Firm6,246,-210377.07591581385,529,<bound method Firm.goodsPrice of <__main__.Firm object at 0x0000018CA7D75130>>,230,252,0
Firm7,246,-237909.03734334212,1254,<bound method Firm.goodsPrice of <__main__.Firm object at 0x0000018CA7DC8C00>>,230,252,0
Firm8,246,-290592.77923532465,1861,<bound method Firm.goodsPrice of <__main__.Firm object at 0x0000018CA7DC8D10>>,229,252,0
Firm9,246,-229482.07906159578,1463,<bound method Firm.goodsPrice of <__main__.Firm object at 0x0000018CA7D5A950>>,229,252,0
Firm10,246,-199340.08197998538,1018,<bound method Firm.goodsPrice of <__main__.Firm object at 0x0000018CA7D5AF50>>,230,253,0
Firm1,247,-199849.69459146258,0,<bound method Firm.goodsPrice of <__main__.Firm object at 0x0000018CA7D79940>>,230,253,0
Firm2,247,-201111.22773378858,0,<bound method Firm.goodsPrice of <__main__.Firm object at 0x0000018CA7D7D450>>,230,253,0
Firm3,247,-201826.5435810632,0,<bound method Firm.goodsPrice of <__main__.Firm object at 0x0000018CA7D7D590>>,230,253,0
Firm4,247,-223948.1250758279,320,<bound method Firm.goodsPrice of <__main__.Firm object at 0x0000018CA7B5FCE0>>,231,254,0
Firm5,247,-213198.5599962648,0,<bound method Firm.goodsPrice of <__main__.Firm object at 0x0000018CA7B5FE10>>,232,255,0
Firm6,247,-211020.139966012,528,<bound method Firm.goodsPrice of <__main__.Firm object at 0x0000018CA7D75130>>,232,255,0
Firm7,247,-238638.6855308001,1254,<bound method Firm.goodsPrice of <__main__.Firm object at 0x0000018CA7DC8C00>>,232,255,0
Firm8,247,-291484.1832179949,1865,<bound method Firm.goodsPrice of <__main__.Firm object at 0x0000018CA7DC8D10>>,231,255,0
Firm9,247,-230187.8315381873,1464,<bound method Firm.goodsPrice of <__main__.Firm object at 0x0000018CA7D5A950>>,231,255,0
Firm10,247,-199959.12351983017,1020,<bound method Firm.goodsPrice of <__main__.Firm object at 0x0000018CA7D5AF50>>,232,256,0
Firm1,248,-200470.28543450343,0,<bound method Firm.goodsPrice of <__main__.Firm object at 0x0000018CA7D79940>>,232,256,0
Firm2,248,-201808.4686770542,0,<bound method Firm.goodsPrice of <__main__.Firm object at 0x0000018CA7D7D450>>,232,256,0
Firm3,248,-202492.9881649157,0,<bound method Firm.goodsPrice of <__main__.Firm object at 0x0000018CA7D7D590>>,232,256,0
Firm4,248,-224692.16582370675,321,<bound method Firm.goodsPrice of <__main__.Firm object at 0x0000018CA7B5FCE0>>,233,257,0
Firm5,248,-213884.4693072892,0,<bound method Firm.goodsPrice of <__main__.Firm object at 0x0000018CA7B5FE10>>,234,258,0
Firm6,248,-211663.20401621016,527,<bound method Firm.goodsPrice of <__main__.Firm object at 0x0000018CA7D75130>>,234,258,0
Firm7,248,-239392.15284851848,1256,<bound method Firm.goodsPrice of <__main__.Firm object at 0x0000018CA7DC8C00>>,234,258,0
Firm8,248,-292375.0640003654,1869,<bound method Firm.goodsPrice of <__main__.Firm object at 0x0000018CA7DC8D10>>,233,258,0
Firm9,248,-230911.62612429177,1467,<bound method Firm.goodsPrice of <__main__.Firm object at 0x0000018CA7D5A950>>,233,258,0
Firm10,248,-200546.29319198252,1018,<bound method Firm.goodsPrice of <__main__.Firm object at 0x0000018CA7D5AF50>>,234,259,0
Firm1,249,-201090.87627754427,0,<bound method Firm.goodsPrice of <__main__.Firm object at 0x0000018CA7D79940>>,234,259,0
Firm2,249,-202505.7096203198,0,<bound method Firm.goodsPrice of <__main__.Firm object at 0x0000018CA7D7D450>>,234,259,0
Firm3,249,-203159.43274876822,0,<bound method Firm.goodsPrice of <__main__.Firm object at 0x0000018CA7D7D590>>,234,259,0
Firm4,249,-225436.2065715856,322,<bound method Firm.goodsPrice of <__main__.Firm object at 0x0000018CA7B5FCE0>>,235,260,0
Firm5,249,-214570.37861831358,0,<bound method Firm.goodsPrice of <__main__.Firm object at 0x0000018CA7B5FE10>>,236,261,0
Firm6,249,-212294.9888932159,525,<bound method Firm.goodsPrice of <__main__.Firm object at 0x0000018CA7D75130>>,236,261,0
Firm7,249,-240145.62016623685,1258,<bound method Firm.goodsPrice of <__main__.Firm object at 0x0000018CA7DC8C00>>,236,261,0
Firm8,249,-293303.3655531489,1874,<bound method Firm.goodsPrice of <__main__.Firm object at 0x0000018CA7DC8D10>>,235,261,0
Firm9,249,-231617.3786008833,1468,<bound method Firm.goodsPrice of <__main__.Firm object at 0x0000018CA7D5A950>>,235,261,0
Firm10,249,-201149.3987979811,1018,<bound method Firm.goodsPrice of <__main__.Firm object at 0x0000018CA7D5AF50>>,236,262,0
Firm1,250,-201711.46712058512,0,<bound method Firm.goodsPrice of <__main__.Firm object at 0x0000018CA7D79940>>,236,262,0
Firm2,250,-203202.95056358541,0,<bound method Firm.goodsPrice of <__main__.Firm object at 0x0000018CA7D7D450>>,236,262,0
Firm3,250,-203825.87733262073,0,<bound method Firm.goodsPrice of <__main__.Firm object at 0x0000018CA7D7D590>>,236,262,0
Firm4,250,-226180.24731946443,323,<bound method Firm.goodsPrice of <__main__.Firm object at 0x0000018CA7B5FCE0>>,237,263,0
Firm5,250,-215256.28792933797,0,<bound method Firm.goodsPrice of <__main__.Firm object at 0x0000018CA7B5FE10>>,238,264,0
Firm6,250,-212938.05294341405,524,<bound method Firm.goodsPrice of <__main__.Firm object at 0x0000018CA7D75130>>,238,264,0
Firm7,250,-240899.08748395523,1260,<bound method Firm.goodsPrice of <__main__.Firm object at 0x0000018CA7DC8C00>>,238,264,0
Firm8,250,-294194.7695358192,1878,<bound method Firm.goodsPrice of <__main__.Firm object at 0x0000018CA7DC8D10>>,237,264,0
Firm9,250,-232310.62821348634,1468,<bound method Firm.goodsPrice of <__main__.Firm object at 0x0000018CA7D5A950>>,237,264,0
Firm10,250,-201760.47237090277,1019,<bound method Firm.goodsPrice of <__main__.Firm object at 0x0000018CA7D5AF50>>,238,265,0
Firm1,251,-202332.05796362596,0,<bound method Firm.goodsPrice of <__main__.Firm object at 0x0000018CA7D79940>>,238,265,0
Firm2,251,-203900.19150685103,0,<bound method Firm.goodsPrice of <__main__.Firm object at 0x0000018CA7D7D450>>,238,265,0
Firm3,251,-204492.32191647324,0,<bound method Firm.goodsPrice of <__main__.Firm object at 0x0000018CA7D7D590>>,238,265,0
Firm4,251,-226924.28806734327,324,<bound method Firm.goodsPrice of <__main__.Firm object at 0x0000018CA7B5FCE0>>,239,266,0
Firm5,251,-215942.19724036235,0,<bound method Firm.goodsPrice of <__main__.Firm object at 0x0000018CA7B5FE10>>,240,267,0
Firm6,251,-213581.1169936122,523,<bound method Firm.goodsPrice of <__main__.Firm object at 0x0000018CA7D75130>>,240,267,0
Firm7,251,-241652.5548016736,1262,<bound method Firm.goodsPrice of <__main__.Firm object at 0x0000018CA7DC8C00>>,240,267,0
Firm8,251,-295123.0710886027,1883,<bound method Firm.goodsPrice of <__main__.Firm object at 0x0000018CA7DC8D10>>,239,267,0
Firm9,251,-233003.8778260894,1468,<bound method Firm.goodsPrice of <__main__.Firm object at 0x0000018CA7D5A950>>,239,267,0
Firm10,251,-202363.57797690135,1019,<bound method Firm.goodsPrice of <__main__.Firm object at 0x0000018CA7D5AF50>>,240,268,0
Firm1,252,-202952.6488066668,0,<bound method Firm.goodsPrice of <__main__.Firm object at 0x0000018CA7D79940>>,240,268,0
Firm2,252,-204597.43245011664,0,<bound method Firm.goodsPrice of <__main__.Firm object at 0x0000018CA7D7D450>>,240,268,0
Firm3,252,-205158.76650032576,0,<bound method Firm.goodsPrice of <__main__.Firm object at 0x0000018CA7D7D590>>,240,268,0
Firm4,252,-227668.3288152221,325,<bound method Firm.goodsPrice of <__main__.Firm object at 0x0000018CA7B5FCE0>>,241,269,0
Firm5,252,-216628.10655138674,0,<bound method Firm.goodsPrice of <__main__.Firm object at 0x0000018CA7B5FE10>>,242,270,0
Firm6,252,-214212.90187061793,521,<bound method Firm.goodsPrice of <__main__.Firm object at 0x0000018CA7D75130>>,242,270,0
Firm7,252,-242406.02211939197,1264,<bound method Firm.goodsPrice of <__main__.Firm object at 0x0000018CA7DC8C00>>,242,270,0
Firm8,252,-296051.37264138623,1888,<bound method Firm.goodsPrice of <__main__.Firm object at 0x0000018CA7DC8D10>>,241,270,0
Firm9,252,-233722.1331666694,1470,<bound method Firm.goodsPrice of <__main__.Firm object at 0x0000018CA7D5A950>>,241,270,0
Firm10,252,-202966.68358289992,1019,<bound method Firm.goodsPrice of <__main__.Firm object at 0x0000018CA7D5AF50>>,242,271,0
Firm1,253,-203573.23964970766,0,<bound method Firm.goodsPrice of <__main__.Firm object at 0x0000018CA7D79940>>,242,271,0
Firm2,253,-205294.67339338225,0,<bound method Firm.goodsPrice of <__main__.Firm object at 0x0000018CA7D7D450>>,242,271,0
Firm3,253,-205825.21108417827,0,<bound method Firm.goodsPrice of <__main__.Firm object at 0x0000018CA7D7D590>>,242,271,0
Firm4,253,-228412.36956310095,326,<bound method Firm.goodsPrice of <__main__.Firm object at 0x0000018CA7B5FCE0>>,243,272,0
Firm5,253,-217314.01586241112,0,<bound method Firm.goodsPrice of <__main__.Firm object at 0x0000018CA7B5FE10>>,244,273,0
Firm6,253,-214844.68674762367,519,<bound method Firm.goodsPrice of <__main__.Firm object at 0x0000018CA7D75130>>,244,273,0
Firm7,253,-243147.57987198015,1265,<bound method Firm.goodsPrice of <__main__.Firm object at 0x0000018CA7DC8C00>>,244,273,0
Firm8,253,-296942.7766240565,1892,<bound method Firm.goodsPrice of <__main__.Firm object at 0x0000018CA7DC8D10>>,243,273,0
Firm9,253,-234440.38850724942,1472,<bound method Firm.goodsPrice of <__main__.Firm object at 0x0000018CA7D5A950>>,243,273,0
Firm10,253,-203577.7571558216,1020,<bound method Firm.goodsPrice of <__main__.Firm object at 0x0000018CA7D5AF50>>,244,274,0
Firm1,254,-204193.8304927485,0,<bound method Firm.goodsPrice of <__main__.Firm object at 0x0000018CA7D79940>>,244,274,0
Firm2,254,-205991.91433664787,0,<bound method Firm.goodsPrice of <__main__.Firm object at 0x0000018CA7D7D450>>,244,274,0
Firm3,254,-206491.65566803078,0,<bound method Firm.goodsPrice of <__main__.Firm object at 0x0000018CA7D7D590>>,244,274,0
Firm4,254,-229156.4103109798,327,<bound method Firm.goodsPrice of <__main__.Firm object at 0x0000018CA7B5FCE0>>,245,275,0
Firm5,254,-217999.9251734355,0,<bound method Firm.goodsPrice of <__main__.Firm object at 0x0000018CA7B5FE10>>,246,276,0
Firm6,254,-215487.75079782182,518,<bound method Firm.goodsPrice of <__main__.Firm object at 0x0000018CA7D75130>>,246,276,0
Firm7,254,-243889.13762456834,1266,<bound method Firm.goodsPrice of <__main__.Firm object at 0x0000018CA7DC8C00>>,246,276,0
Firm8,254,-297871.07817684003,1897,<bound method Firm.goodsPrice of <__main__.Firm object at 0x0000018CA7DC8D10>>,245,276,0
Firm9,254,-235146.14098384095,1473,<bound method Firm.goodsPrice of <__main__.Firm object at 0x0000018CA7D5A950>>,245,276,0
Firm10,254,-204180.86276182017,1020,<bound method Firm.goodsPrice of <__main__.Firm object at 0x0000018CA7D5AF50>>,246,277,0
Firm1,255,-204814.42133578935,0,<bound method Firm.goodsPrice of <__main__.Firm object at 0x0000018CA7D79940>>,246,277,0
Firm2,255,-206689.15527991348,0,<bound method Firm.goodsPrice of <__main__.Firm object at 0x0000018CA7D7D450>>,246,277,0
Firm3,255,-207158.1002518833,0,<bound method Firm.goodsPrice of <__main__.Firm object at 0x0000018CA7D7D590>>,246,277,0
Firm4,255,-229900.45105885863,328,<bound method Firm.goodsPrice of <__main__.Firm object at 0x0000018CA7B5FCE0>>,247,278,0
Firm5,255,-218682.86059926837,0,<bound method Firm.goodsPrice of <__main__.Firm object at 0x0000018CA7B5FE10>>,248,278,0
Firm6,255,-216130.20162701735,517,<bound method Firm.goodsPrice of <__main__.Firm object at 0x0000018CA7D75130>>,248,278,0
Firm7,255,-244635.5544251436,1268,<bound method Firm.goodsPrice of <__main__.Firm object at 0x0000018CA7DC8C00>>,248,278,0
Firm8,255,-298788.256105647,1902,<bound method Firm.goodsPrice of <__main__.Firm object at 0x0000018CA7DC8D10>>,247,278,0
Firm9,255,-235857.63934599524,1475,<bound method Firm.goodsPrice of <__main__.Firm object at 0x0000018CA7D5A950>>,247,278,0
Firm10,255,-204777.5818864933,1019,<bound method Firm.goodsPrice of <__main__.Firm object at 0x0000018CA7D5AF50>>,248,279,0
Firm1,256,-205438.43322002236,0,<bound method Firm.goodsPrice of <__main__.Firm object at 0x0000018CA7D79940>>,248,279,0
Firm2,256,-207378.17864870882,0,<bound method Firm.goodsPrice of <__main__.Firm object at 0x0000018CA7D7D450>>,248,279,0
Firm3,256,-207817.95057944208,0,<bound method Firm.goodsPrice of <__main__.Firm object at 0x0000018CA7D7D590>>,248,279,0
Firm4,256,-230633.83981263902,329,<bound method Firm.goodsPrice of <__main__.Firm object at 0x0000018CA7B5FCE0>>,249,280,0
Firm5,256,-219365.79602510124,0,<bound method Firm.goodsPrice of <__main__.Firm object at 0x0000018CA7B5FE10>>,250,280,0
Firm6,256,-216772.65245621288,516,<bound method Firm.goodsPrice of <__main__.Firm object at 0x0000018CA7D75130>>,250,280,0
Firm7,256,-245388.67527782757,1271,<bound method Firm.goodsPrice of <__main__.Firm object at 0x0000018CA7DC8C00>>,250,280,0
Firm8,256,-299668.53646434075,1906,<bound method Firm.goodsPrice of <__main__.Firm object at 0x0000018CA7DC8D10>>,249,280,0
Firm9,256,-236562.1740896855,1477,<bound method Firm.goodsPrice of <__main__.Firm object at 0x0000018CA7D5A950>>,249,280,0
Firm10,256,-205398.20491193578,1021,<bound method Firm.goodsPrice of <__main__.Firm object at 0x0000018CA7D5AF50>>,250,281,0
Firm1,257,-206062.44510425537,0,<bound method Firm.goodsPrice of <__main__.Firm object at 0x0000018CA7D79940>>,250,281,0
Firm2,257,-208067.20201750417,0,<bound method Firm.goodsPrice of <__main__.Firm object at 0x0000018CA7D7D450>>,250,281,0
Firm3,257,-208477.80090700087,0,<bound method Firm.goodsPrice of <__main__.Firm object at 0x0000018CA7D7D590>>,250,281,0
Firm4,257,-231407.2892050525,331,<bound method Firm.goodsPrice of <__main__.Firm object at 0x0000018CA7B5FCE0>>,251,282,0
Firm5,257,-220048.7314509341,0,<bound method Firm.goodsPrice of <__main__.Firm object at 0x0000018CA7B5FE10>>,252,282,0
Firm6,257,-217415.1032854084,515,<bound method Firm.goodsPrice of <__main__.Firm object at 0x0000018CA7D75130>>,252,282,0
Firm7,257,-246135.09207840284,1273,<bound method Firm.goodsPrice of <__main__.Firm object at 0x0000018CA7DC8C00>>,252,282,0
Firm8,257,-300585.71439314773,1911,<bound method Firm.goodsPrice of <__main__.Firm object at 0x0000018CA7DC8D10>>,251,282,0
Firm9,257,-237236.16385987433,1476,<bound method Firm.goodsPrice of <__main__.Firm object at 0x0000018CA7D5A950>>,251,282,0
Firm10,257,-206010.85997045515,1022,<bound method Firm.goodsPrice of <__main__.Firm object at 0x0000018CA7D5AF50>>,252,283,0
Firm1,258,-206686.45698848838,0,<bound method Firm.goodsPrice of <__main__.Firm object at 0x0000018CA7D79940>>,252,283,0
Firm2,258,-208756.2253862995,0,<bound method Firm.goodsPrice of <__main__.Firm object at 0x0000018CA7D7D450>>,252,283,0
Firm3,258,-209137.65123455966,0,<bound method Firm.goodsPrice of <__main__.Firm object at 0x0000018CA7D7D590>>,252,283,0
Firm4,258,-232180.738597466,333,<bound method Firm.goodsPrice of <__main__.Firm object at 0x0000018CA7B5FCE0>>,253,284,0
Firm5,258,-220731.66687676698,0,<bound method Firm.goodsPrice of <__main__.Firm object at 0x0000018CA7B5FE10>>,254,284,0
Firm6,258,-218057.55411460393,514,<bound method Firm.goodsPrice of <__main__.Firm object at 0x0000018CA7D75130>>,254,284,0
Firm7,258,-246881.50887897811,1275,<bound method Firm.goodsPrice of <__main__.Firm object at 0x0000018CA7DC8C00>>,254,284,0
Firm8,258,-301502.8923219547,1916,<bound method Firm.goodsPrice of <__main__.Firm object at 0x0000018CA7DC8D10>>,253,284,0
Firm9,258,-237953.20146755307,1479,<bound method Firm.goodsPrice of <__main__.Firm object at 0x0000018CA7D5A950>>,253,284,0
Firm10,258,-206607.57909512828,1021,<bound method Firm.goodsPrice of <__main__.Firm object at 0x0000018CA7D5AF50>>,254,285,0
Firm1,259,-207310.4688727214,0,<bound method Firm.goodsPrice of <__main__.Firm object at 0x0000018CA7D79940>>,254,285,0
Firm2,259,-209434.4432451287,0,<bound method Firm.goodsPrice of <__main__.Firm object at 0x0000018CA7D7D450>>,254,284,0
Firm3,259,-209790.90730582472,0,<bound method Firm.goodsPrice of <__main__.Firm object at 0x0000018CA7D7D590>>,254,284,0
Firm4,259,-232940.94806028515,335,<bound method Firm.goodsPrice of <__main__.Firm object at 0x0000018CA7B5FCE0>>,255,285,0
Firm5,259,-221411.62841740833,0,<bound method Firm.goodsPrice of <__main__.Firm object at 0x0000018CA7B5FE10>>,256,285,0
Firm6,259,-218699.39172279683,513,<bound method Firm.goodsPrice of <__main__.Firm object at 0x0000018CA7D75130>>,256,285,0
Firm7,259,-247626.0806754318,1277,<bound method Firm.goodsPrice of <__main__.Firm object at 0x0000018CA7DC8C00>>,256,285,0
Firm8,259,-302406.35869128926,1921,<bound method Firm.goodsPrice of <__main__.Firm object at 0x0000018CA7DC8D10>>,255,285,0
Firm9,259,-238632.93712330464,1479,<bound method Firm.goodsPrice of <__main__.Firm object at 0x0000018CA7D5A950>>,255,285,0
Firm10,259,-207237.75157309155,1024,<bound method Firm.goodsPrice of <__main__.Firm object at 0x0000018CA7D5AF50>>,256,286,0
Firm1,260,-207937.90179814657,0,<bound method Firm.goodsPrice of <__main__.Firm object at 0x0000018CA7D79940>>,256,286,0
Firm2,260,-210112.6611039579,0,<bound method Firm.goodsPrice of <__main__.Firm object at 0x0000018CA7D7D450>>,256,285,0
Firm3,260,-210444.16337708978,0,<bound method Firm.goodsPrice of <__main__.Firm object at 0x0000018CA7D7D590>>,256,285,0
Firm4,260,-233701.1575231043,337,<bound method Firm.goodsPrice of <__main__.Firm object at 0x0000018CA7B5FCE0>>,257,286,0
Firm5,260,-222091.58995804968,0,<bound method Firm.goodsPrice of <__main__.Firm object at 0x0000018CA7B5FE10>>,258,286,0
Firm6,260,-219341.22933098974,512,<bound method Firm.goodsPrice of <__main__.Firm object at 0x0000018CA7D75130>>,258,286,0
Firm7,260,-248382.56203701565,1280,<bound method Firm.goodsPrice of <__main__.Firm object at 0x0000018CA7DC8C00>>,258,286,0
Firm8,260,-303309.8250606238,1926,<bound method Firm.goodsPrice of <__main__.Firm object at 0x0000018CA7DC8D10>>,257,286,0
Firm9,260,-239362.68423501015,1483,<bound method Firm.goodsPrice of <__main__.Firm object at 0x0000018CA7D5A950>>,257,286,0
Firm10,260,-207851.9881172086,1025,<bound method Firm.goodsPrice of <__main__.Firm object at 0x0000018CA7D5AF50>>,258,287,0
Firm1,261,-208565.33472357175,0,<bound method Firm.goodsPrice of <__main__.Firm object at 0x0000018CA7D79940>>,258,287,0
Firm2,261,-210790.87896278707,0,<bound method Firm.goodsPrice of <__main__.Firm object at 0x0000018CA7D7D450>>,258,286,0
Firm3,261,-211097.41944835483,0,<bound method Firm.goodsPrice of <__main__.Firm object at 0x0000018CA7D7D590>>,258,286,0
Firm4,261,-234461.36698592347,339,<bound method Firm.goodsPrice of <__main__.Firm object at 0x0000018CA7B5FCE0>>,259,287,0
Firm5,261,-222771.55149869103,0,<bound method Firm.goodsPrice of <__main__.Firm object at 0x0000018CA7B5FE10>>,260,287,0
Firm6,261,-219983.06693918264,511,<bound method Firm.goodsPrice of <__main__.Firm object at 0x0000018CA7D75130>>,260,287,0
Firm7,261,-249127.13383346933,1282,<bound method Firm.goodsPrice of <__main__.Firm object at 0x0000018CA7DC8C00>>,260,287,0
Firm8,261,-304213.29142995836,1931,<bound method Firm.goodsPrice of <__main__.Firm object at 0x0000018CA7DC8D10>>,259,287,0
Firm9,261,-240067.4256187387,1485,<bound method Firm.goodsPrice of <__main__.Firm object at 0x0000018CA7D5A950>>,259,287,0
Firm10,261,-208474.19262824874,1027,<bound method Firm.goodsPrice of <__main__.Firm object at 0x0000018CA7D5AF50>>,260,288,0
Firm1,262,-209192.76764899693,0,<bound method Firm.goodsPrice of <__main__.Firm object at 0x0000018CA7D79940>>,260,288,0
Firm2,262,-211469.09682161626,0,<bound method Firm.goodsPrice of <__main__.Firm object at 0x0000018CA7D7D450>>,260,287,0
Firm3,262,-211750.6755196199,0,<bound method Firm.goodsPrice of <__main__.Firm object at 0x0000018CA7D7D590>>,260,287,0
Firm4,262,-235221.57644874262,341,<bound method Firm.goodsPrice of <__main__.Firm object at 0x0000018CA7B5FCE0>>,261,288,0
Firm5,262,-223451.51303933238,0,<bound method Firm.goodsPrice of <__main__.Firm object at 0x0000018CA7B5FE10>>,262,288,0
Firm6,262,-220636.18372056796,511,<bound method Firm.goodsPrice of <__main__.Firm object at 0x0000018CA7D75130>>,262,288,0
Firm7,262,-249871.705629923,1284,<bound method Firm.goodsPrice of <__main__.Firm object at 0x0000018CA7DC8C00>>,262,288,0
Firm8,262,-305116.7577992929,1936,<bound method Firm.goodsPrice of <__main__.Firm object at 0x0000018CA7DC8D10>>,261,288,0
Firm9,262,-240784.66986645572,1488,<bound method Firm.goodsPrice of <__main__.Firm object at 0x0000018CA7D5A950>>,261,288,0
Firm10,262,-209080.46120544267,1027,<bound method Firm.goodsPrice of <__main__.Firm object at 0x0000018CA7D5AF50>>,262,289,0
Firm1,263,-209820.2005744221,0,<bound method Firm.goodsPrice of <__main__.Firm object at 0x0000018CA7D79940>>,262,289,0
Firm2,263,-212147.31468044544,0,<bound method Firm.goodsPrice of <__main__.Firm object at 0x0000018CA7D7D450>>,262,288,0
Firm3,263,-212403.93159088495,0,<bound method Firm.goodsPrice of <__main__.Firm object at 0x0000018CA7D7D590>>,262,288,0
Firm4,263,-235981.78591156178,343,<bound method Firm.goodsPrice of <__main__.Firm object at 0x0000018CA7B5FCE0>>,263,289,0
Firm5,263,-224131.47457997373,0,<bound method Firm.goodsPrice of <__main__.Firm object at 0x0000018CA7B5FE10>>,264,289,0
Firm6,263,-221278.02132876086,510,<bound method Firm.goodsPrice of <__main__.Firm object at 0x0000018CA7D75130>>,264,289,0
Firm7,263,-250628.18699150687,1287,<bound method Firm.goodsPrice of <__main__.Firm object at 0x0000018CA7DC8C00>>,264,289,0
Firm8,263,-306020.22416862746,1941,<bound method Firm.goodsPrice of <__main__.Firm object at 0x0000018CA7DC8D10>>,263,289,0
Firm9,263,-241514.41697816123,1492,<bound method Firm.goodsPrice of <__main__.Firm object at 0x0000018CA7D5A950>>,263,289,0
Firm10,263,-209678.7618157135,1026,<bound method Firm.goodsPrice of <__main__.Firm object at 0x0000018CA7D5AF50>>,264,290,0
Firm1,264,-210447.6334998473,0,<bound method Firm.goodsPrice of <__main__.Firm object at 0x0000018CA7D79940>>,264,290,0
Firm2,264,-212825.53253927463,0,<bound method Firm.goodsPrice of <__main__.Firm object at 0x0000018CA7D7D450>>,264,289,0
Firm3,264,-213057.18766215,0,<bound method Firm.goodsPrice of <__main__.Firm object at 0x0000018CA7D7D590>>,264,289,0
Firm4,264,-236741.99537438093,345,<bound method Firm.goodsPrice of <__main__.Firm object at 0x0000018CA7B5FCE0>>,265,290,0
Firm5,264,-224811.43612061508,0,<bound method Firm.goodsPrice of <__main__.Firm object at 0x0000018CA7B5FE10>>,266,290,0
Firm6,264,-221931.1381101462,510,<bound method Firm.goodsPrice of <__main__.Firm object at 0x0000018CA7D75130>>,266,290,0
Firm7,264,-251384.66835309073,1290,<bound method Firm.goodsPrice of <__main__.Firm object at 0x0000018CA7DC8C00>>,266,290,0
Firm8,264,-306923.690537962,1946,<bound method Firm.goodsPrice of <__main__.Firm object at 0x0000018CA7DC8D10>>,265,290,0
Firm9,264,-242231.66122587826,1495,<bound method Firm.goodsPrice of <__main__.Firm object at 0x0000018CA7D5A950>>,265,290,0
Firm10,264,-210277.0624259843,1025,<bound method Firm.goodsPrice of <__main__.Firm object at 0x0000018CA7D5AF50>>,266,291,0
Firm1,265,-211075.06642527247,0,<bound method Firm.goodsPrice of <__main__.Firm object at 0x0000018CA7D79940>>,266,291,0
Firm2,265,-213503.75039810382,0,<bound method Firm.goodsPrice of <__main__.Firm object at 0x0000018CA7D7D450>>,266,290,0
Firm3,265,-213710.44373341507,0,<bound method Firm.goodsPrice of <__main__.Firm object at 0x0000018CA7D7D590>>,266,290,0
Firm4,265,-237502.2048372001,347,<bound method Firm.goodsPrice of <__main__.Firm object at 0x0000018CA7B5FCE0>>,267,291,0
Firm5,265,-225491.39766125643,0,<bound method Firm.goodsPrice of <__main__.Firm object at 0x0000018CA7B5FE10>>,268,291,0
Firm6,265,-222584.2548915315,510,<bound method Firm.goodsPrice of <__main__.Firm object at 0x0000018CA7D75130>>,268,291,0
Firm7,265,-252141.1497146746,1293,<bound method Firm.goodsPrice of <__main__.Firm object at 0x0000018CA7DC8C00>>,268,291,0
Firm8,265,-307827.15690729656,1951,<bound method Firm.goodsPrice of <__main__.Firm object at 0x0000018CA7DC8D10>>,267,291,0
Firm9,265,-242923.8997456183,1496,<bound method Firm.goodsPrice of <__main__.Firm object at 0x0000018CA7D5A950>>,267,291,0
Firm10,265,-210883.33100317823,1025,<bound method Firm.goodsPrice of <__main__.Firm object at 0x0000018CA7D5AF50>>,268,292,0
Firm1,266,-211702.49935069765,0,<bound method Firm.goodsPrice of <__main__.Firm object at 0x0000018CA7D79940>>,268,292,0
Firm2,266,-214181.968256933,0,<bound method Firm.goodsPrice of <__main__.Firm object at 0x0000018CA7D7D450>>,268,291,0
Firm3,266,-214363.69980468013,0,<bound method Firm.goodsPrice of <__main__.Firm object at 0x0000018CA7D7D590>>,268,291,0
Firm4,266,-238262.41430001924,349,<bound method Firm.goodsPrice of <__main__.Firm object at 0x0000018CA7B5FCE0>>,269,292,0
Firm5,266,-226171.35920189778,0,<bound method Firm.goodsPrice of <__main__.Firm object at 0x0000018CA7B5FE10>>,270,292,0
Firm6,266,-223226.09249972441,509,<bound method Firm.goodsPrice of <__main__.Firm object at 0x0000018CA7D75130>>,270,292,0
Firm7,266,-252897.63107625846,1296,<bound method Firm.goodsPrice of <__main__.Firm object at 0x0000018CA7DC8C00>>,270,292,0
Firm8,266,-308730.6232766311,1956,<bound method Firm.goodsPrice of <__main__.Firm object at 0x0000018CA7DC8D10>>,269,292,0
Firm9,266,-243659.56730312025,1501,<bound method Firm.goodsPrice of <__main__.Firm object at 0x0000018CA7D5A950>>,269,292,0
Firm10,266,-211481.63161344905,1024,<bound method Firm.goodsPrice of <__main__.Firm object at 0x0000018CA7D5AF50>>,270,293,0
Firm1,267,-212329.93227612282,0,<bound method Firm.goodsPrice of <__main__.Firm object at 0x0000018CA7D79940>>,270,293,0
Firm2,267,-214860.1861157622,0,<bound method Firm.goodsPrice of <__main__.Firm object at 0x0000018CA7D7D450>>,270,292,0
Firm3,267,-215016.9558759452,0,<bound method Firm.goodsPrice of <__main__.Firm object at 0x0000018CA7D7D590>>,270,292,0
Firm4,267,-239022.6237628384,351,<bound method Firm.goodsPrice of <__main__.Firm object at 0x0000018CA7B5FCE0>>,271,293,0
Firm5,267,-226851.32074253913,0,<bound method Firm.goodsPrice of <__main__.Firm object at 0x0000018CA7B5FE10>>,272,293,0
Firm6,267,-223867.93010791732,508,<bound method Firm.goodsPrice of <__main__.Firm object at 0x0000018CA7D75130>>,272,293,0
Firm7,267,-253654.11243784233,1299,<bound method Firm.goodsPrice of <__main__.Firm object at 0x0000018CA7DC8C00>>,272,293,0
Firm8,267,-309634.08964596567,1961,<bound method Firm.goodsPrice of <__main__.Firm object at 0x0000018CA7DC8D10>>,271,293,0
Firm9,267,-244376.81155083727,1504,<bound method Firm.goodsPrice of <__main__.Firm object at 0x0000018CA7D5A950>>,271,293,0
Firm10,267,-212087.90019064298,1024,<bound method Firm.goodsPrice of <__main__.Firm object at 0x0000018CA7D5AF50>>,272,294,0
Firm1,268,-212957.365201548,0,<bound method Firm.goodsPrice of <__main__.Firm object at 0x0000018CA7D79940>>,272,294,0
Firm2,268,-215538.40397459138,0,<bound method Firm.goodsPrice of <__main__.Firm object at 0x0000018CA7D7D450>>,272,293,0
Firm3,268,-215670.21194721025,0,<bound method Firm.goodsPrice of <__main__.Firm object at 0x0000018CA7D7D590>>,272,293,0
Firm4,268,-239782.83322565755,353,<bound method Firm.goodsPrice of <__main__.Firm object at 0x0000018CA7B5FCE0>>,273,294,0
Firm5,268,-227531.28228318048,0,<bound method Firm.goodsPrice of <__main__.Firm object at 0x0000018CA7B5FE10>>,274,294,0
Firm6,268,-224521.04688930264,508,<bound method Firm.goodsPrice of <__main__.Firm object at 0x0000018CA7D75130>>,274,294,0
Firm7,268,-254398.684234296,1301,<bound method Firm.goodsPrice of <__main__.Firm object at 0x0000018CA7DC8C00>>,274,294,0
Firm8,268,-310537.5560153002,1966,<bound method Firm.goodsPrice of <__main__.Firm object at 0x0000018CA7DC8D10>>,273,294,0
Firm9,268,-245094.0557985543,1507,<bound method Firm.goodsPrice of <__main__.Firm object at 0x0000018CA7D5A950>>,273,294,0
Firm10,268,-212710.10470168313,1026,<bound method Firm.goodsPrice of <__main__.Firm object at 0x0000018CA7D5AF50>>,274,295,0
Firm1,269,-213584.79812697318,0,<bound method Firm.goodsPrice of <__main__.Firm object at 0x0000018CA7D79940>>,274,295,0
Firm2,269,-216216.62183342056,0,<bound method Firm.goodsPrice of <__main__.Firm object at 0x0000018CA7D7D450>>,274,294,0
Firm3,269,-216323.4680184753,0,<bound method Firm.goodsPrice of <__main__.Firm object at 0x0000018CA7D7D590>>,274,294,0
Firm4,269,-240543.0426884767,355,<bound method Firm.goodsPrice of <__main__.Firm object at 0x0000018CA7B5FCE0>>,275,295,0
Firm5,269,-228211.24382382183,0,<bound method Firm.goodsPrice of <__main__.Firm object at 0x0000018CA7B5FE10>>,276,295,0
Firm6,269,-225162.88449749554,507,<bound method Firm.goodsPrice of <__main__.Firm object at 0x0000018CA7D75130>>,276,295,0
Firm7,269,-255143.25603074968,1303,<bound method Firm.goodsPrice of <__main__.Firm object at 0x0000018CA7DC8C00>>,276,295,0
Firm8,269,-311405.13514757715,1970,<bound method Firm.goodsPrice of <__main__.Firm object at 0x0000018CA7DC8D10>>,275,295,0
Firm9,269,-245836.3057742483,1512,<bound method Firm.goodsPrice of <__main__.Firm object at 0x0000018CA7D5A950>>,275,295,0
Firm10,269,-213324.34124580017,1027,<bound method Firm.goodsPrice of <__main__.Firm object at 0x0000018CA7D5AF50>>,276,296,0
Firm1,270,-214212.23105239836,0,<bound method Firm.goodsPrice of <__main__.Firm object at 0x0000018CA7D79940>>,276,296,0
Firm2,270,-216894.83969224975,0,<bound method Firm.goodsPrice of <__main__.Firm object at 0x0000018CA7D7D450>>,276,295,0
Firm3,270,-216976.72408974037,0,<bound method Firm.goodsPrice of <__main__.Firm object at 0x0000018CA7D7D590>>,276,295,0
Firm4,270,-241303.25215129586,357,<bound method Firm.goodsPrice of <__main__.Firm object at 0x0000018CA7B5FCE0>>,277,296,0
Firm5,270,-228891.20536446318,0,<bound method Firm.goodsPrice of <__main__.Firm object at 0x0000018CA7B5FE10>>,278,296,0
Firm6,270,-225804.72210568844,506,<bound method Firm.goodsPrice of <__main__.Firm object at 0x0000018CA7D75130>>,278,296,0
Firm7,270,-255887.82782720335,1305,<bound method Firm.goodsPrice of <__main__.Firm object at 0x0000018CA7DC8C00>>,278,296,0
Firm8,270,-312308.6015169117,1975,<bound method Firm.goodsPrice of <__main__.Firm object at 0x0000018CA7DC8D10>>,277,296,0
Firm9,270,-246523.0050484639,1512,<bound method Firm.goodsPrice of <__main__.Firm object at 0x0000018CA7D5A950>>,277,296,0
Firm10,270,-213962.48169068655,1031,<bound method Firm.goodsPrice of <__main__.Firm object at 0x0000018CA7D5AF50>>,278,297,0
Firm1,271,-214839.66397782354,0,<bound method Firm.goodsPrice of <__main__.Firm object at 0x0000018CA7D79940>>,278,297,0
Firm2,271,-217573.05755107893,0,<bound method Firm.goodsPrice of <__main__.Firm object at 0x0000018CA7D7D450>>,278,296,0
Firm3,271,-217629.98016100543,0,<bound method Firm.goodsPrice of <__main__.Firm object at 0x0000018CA7D7D590>>,278,296,0
Firm4,271,-242063.46161411502,359,<bound method Firm.goodsPrice of <__main__.Firm object at 0x0000018CA7B5FCE0>>,279,297,0
Firm5,271,-229571.16690510453,0,<bound method Firm.goodsPrice of <__main__.Firm object at 0x0000018CA7B5FE10>>,280,297,0
Firm6,271,-226457.83888707377,506,<bound method Firm.goodsPrice of <__main__.Firm object at 0x0000018CA7D75130>>,280,297,0
Firm7,271,-256644.3091887872,1308,<bound method Firm.goodsPrice of <__main__.Firm object at 0x0000018CA7DC8C00>>,280,297,0
Firm8,271,-313212.06788624625,1980,<bound method Firm.goodsPrice of <__main__.Firm object at 0x0000018CA7DC8D10>>,279,297,0
Firm9,271,-247234.7100506565,1514,<bound method Firm.goodsPrice of <__main__.Firm object at 0x0000018CA7D5A950>>,279,297,0
Firm10,271,-214568.75026788047,1031,<bound method Firm.goodsPrice of <__main__.Firm object at 0x0000018CA7D5AF50>>,280,298,0
Firm1,272,-215467.09690324872,0,<bound method Firm.goodsPrice of <__main__.Firm object at 0x0000018CA7D79940>>,280,298,0
Firm2,272,-218251.27540990812,0,<bound method Firm.goodsPrice of <__main__.Firm object at 0x0000018CA7D7D450>>,280,297,0
Firm3,272,-218283.2362322705,0,<bound method Firm.goodsPrice of <__main__.Firm object at 0x0000018CA7D7D590>>,280,297,0
Firm4,272,-242823.67107693417,361,<bound method Firm.goodsPrice of <__main__.Firm object at 0x0000018CA7B5FCE0>>,281,298,0
Firm5,272,-230251.12844574588,0,<bound method Firm.goodsPrice of <__main__.Firm object at 0x0000018CA7B5FE10>>,282,298,0
Firm6,272,-227099.67649526667,505,<bound method Firm.goodsPrice of <__main__.Firm object at 0x0000018CA7D75130>>,282,298,0
Firm7,272,-257398.94554624948,1311,<bound method Firm.goodsPrice of <__main__.Firm object at 0x0000018CA7DC8C00>>,282,297,0
Firm8,272,-314104.89776436,1985,<bound method Firm.goodsPrice of <__main__.Firm object at 0x0000018CA7DC8D10>>,281,297,0
Firm9,272,-247964.6638024003,1518,<bound method Firm.goodsPrice of <__main__.Firm object at 0x0000018CA7D5A950>>,281,297,0
Firm10,272,-215176.60033067208,1031,<bound method Firm.goodsPrice of <__main__.Firm object at 0x0000018CA7D5AF50>>,282,298,0
Firm1,273,-216097.95086986606,0,<bound method Firm.goodsPrice of <__main__.Firm object at 0x0000018CA7D79940>>,282,298,0
Firm2,273,-218980.68070137888,0,<bound method Firm.goodsPrice of <__main__.Firm object at 0x0000018CA7D7D450>>,282,297,0
Firm3,273,-218929.89804724182,0,<bound method Firm.goodsPrice of <__main__.Firm object at 0x0000018CA7D7D590>>,282,297,0
Firm4,273,-243537.69637199986,362,<bound method Firm.goodsPrice of <__main__.Firm object at 0x0000018CA7B5FCE0>>,283,298,0
Firm5,273,-230928.11610119572,0,<bound method Firm.goodsPrice of <__main__.Firm object at 0x0000018CA7B5FE10>>,284,298,0
Firm6,273,-227752.18005564937,505,<bound method Firm.goodsPrice of <__main__.Firm object at 0x0000018CA7D75130>>,284,298,0
Firm7,273,-258136.46682556006,1313,<bound method Firm.goodsPrice of <__main__.Firm object at 0x0000018CA7DC8C00>>,284,297,0
Firm8,273,-314997.72764247376,1990,<bound method Firm.goodsPrice of <__main__.Firm object at 0x0000018CA7DC8D10>>,283,297,0
Firm9,273,-248694.6175541441,1522,<bound method Firm.goodsPrice of <__main__.Firm object at 0x0000018CA7D5A950>>,283,297,0
Firm10,273,-215792.4183603868,1032,<bound method Firm.goodsPrice of <__main__.Firm object at 0x0000018CA7D5AF50>>,284,298,0
Firm1,274,-216728.8048364834,0,<bound method Firm.goodsPrice of <__main__.Firm object at 0x0000018CA7D79940>>,284,298,0
Firm2,274,-219710.08599284964,0,<bound method Firm.goodsPrice of <__main__.Firm object at 0x0000018CA7D7D450>>,284,297,0
Firm3,274,-219576.55986221315,0,<bound method Firm.goodsPrice of <__main__.Firm object at 0x0000018CA7D7D590>>,284,297,0
Firm4,274,-244252.7603742501,363,<bound method Firm.goodsPrice of <__main__.Firm object at 0x0000018CA7B5FCE0>>,285,298,0
Firm5,274,-231618.16257149627,1,<bound method Firm.goodsPrice of <__main__.Firm object at 0x0000018CA7B5FE10>>,286,298,0
Firm6,274,-228404.68361603207,505,<bound method Firm.goodsPrice of <__main__.Firm object at 0x0000018CA7D75130>>,286,298,0
Firm7,274,-258873.98810487063,1315,<bound method Firm.goodsPrice of <__main__.Firm object at 0x0000018CA7DC8C00>>,286,297,0
Firm8,274,-315890.5575205875,1995,<bound method Firm.goodsPrice of <__main__.Firm object at 0x0000018CA7DC8D10>>,285,297,0
Firm9,274,-249424.5713058879,1526,<bound method Firm.goodsPrice of <__main__.Firm object at 0x0000018CA7D5A950>>,285,297,0
Firm10,274,-216416.20435702463,1034,<bound method Firm.goodsPrice of <__main__.Firm object at 0x0000018CA7D5AF50>>,286,298,0
Firm1,275,-217359.65880310076,0,<bound method Firm.goodsPrice of <__main__.Firm object at 0x0000018CA7D79940>>,286,298,0
Firm2,275,-220439.4912843204,0,<bound method Firm.goodsPrice of <__main__.Firm object at 0x0000018CA7D7D450>>,286,297,0
Firm3,275,-220223.22167718448,0,<bound method Firm.goodsPrice of <__main__.Firm object at 0x0000018CA7D7D590>>,286,297,0
Firm4,275,-244966.78566931578,364,<bound method Firm.goodsPrice of <__main__.Firm object at 0x0000018CA7B5FCE0>>,287,298,0
Firm5,275,-232308.20904179683,2,<bound method Firm.goodsPrice of <__main__.Firm object at 0x0000018CA7B5FE10>>,288,298,0
Firm6,275,-229068.4663496072,506,<bound method Firm.goodsPrice of <__main__.Firm object at 0x0000018CA7D75130>>,288,298,0
Firm7,275,-259611.5093841812,1317,<bound method Firm.goodsPrice of <__main__.Firm object at 0x0000018CA7DC8C00>>,288,297,0
Firm8,275,-316783.3873987013,2000,<bound method Firm.goodsPrice of <__main__.Firm object at 0x0000018CA7DC8D10>>,287,297,0
Firm9,275,-250148.98581210725,1529,<bound method Firm.goodsPrice of <__main__.Firm object at 0x0000018CA7D5A950>>,287,297,0
Firm10,275,-217039.99035366246,1036,<bound method Firm.goodsPrice of <__main__.Firm object at 0x0000018CA7D5AF50>>,288,298,0
Firm1,276,-217990.5127697181,0,<bound method Firm.goodsPrice of <__main__.Firm object at 0x0000018CA7D79940>>,288,298,0
Firm2,276,-221168.89657579115,0,<bound method Firm.goodsPrice of <__main__.Firm object at 0x0000018CA7D7D450>>,288,297,0
Firm3,276,-220869.88349215582,0,<bound method Firm.goodsPrice of <__main__.Firm object at 0x0000018CA7D7D590>>,288,297,0
Firm4,276,-245681.84967156601,365,<bound method Firm.goodsPrice of <__main__.Firm object at 0x0000018CA7B5FCE0>>,289,298,0
Firm5,276,-232972.13788239594,1,<bound method Firm.goodsPrice of <__main__.Firm object at 0x0000018CA7B5FE10>>,290,298,0
Firm6,276,-229720.9699099899,506,<bound method Firm.goodsPrice of <__main__.Firm object at 0x0000018CA7D75130>>,290,298,0
Firm7,276,-260349.03066349178,1319,<bound method Firm.goodsPrice of <__main__.Firm object at 0x0000018CA7DC8C00>>,290,297,0
Firm8,276,-317676.21727681503,2005,<bound method Firm.goodsPrice of <__main__.Firm object at 0x0000018CA7DC8D10>>,289,297,0
Firm9,276,-250866.43669986256,1532,<bound method Firm.goodsPrice of <__main__.Firm object at 0x0000018CA7D5A950>>,289,297,0
Firm10,276,-217687.68025106963,1041,<bound method Firm.goodsPrice of <__main__.Firm object at 0x0000018CA7D5AF50>>,290,298,0
Firm1,277,-218621.36673633545,0,<bound method Firm.goodsPrice of <__main__.Firm object at 0x0000018CA7D79940>>,290,298,0
Firm2,277,-221898.3018672619,0,<bound method Firm.goodsPrice of <__main__.Firm object at 0x0000018CA7D7D450>>,290,297,0
Firm3,277,-221516.54530712715,0,<bound method Firm.goodsPrice of <__main__.Firm object at 0x0000018CA7D7D590>>,290,297,0
Firm4,277,-246395.8749666317,366,<bound method Firm.goodsPrice of <__main__.Firm object at 0x0000018CA7B5FCE0>>,291,298,0
Firm5,277,-233662.1843526965,2,<bound method Firm.goodsPrice of <__main__.Firm object at 0x0000018CA7B5FE10>>,292,298,0
Firm6,277,-230384.752643565,507,<bound method Firm.goodsPrice of <__main__.Firm object at 0x0000018CA7D75130>>,292,298,0
Firm7,277,-261086.55194280235,1321,<bound method Firm.goodsPrice of <__main__.Firm object at 0x0000018CA7DC8C00>>,292,297,0
Firm8,277,-318569.0471549288,2010,<bound method Firm.goodsPrice of <__main__.Firm object at 0x0000018CA7DC8D10>>,291,297,0
Firm9,277,-251583.88758761788,1535,<bound method Firm.goodsPrice of <__main__.Firm object at 0x0000018CA7D5A950>>,291,297,0
Firm10,277,-218303.49828078435,1042,<bound method Firm.goodsPrice of <__main__.Firm object at 0x0000018CA7D5AF50>>,292,298,0
Firm1,278,-219252.2207029528,0,<bound method Firm.goodsPrice of <__main__.Firm object at 0x0000018CA7D79940>>,292,298,0
Firm2,278,-222627.70715873266,0,<bound method Firm.goodsPrice of <__main__.Firm object at 0x0000018CA7D7D450>>,292,297,0
Firm3,278,-222163.20712209848,0,<bound method Firm.goodsPrice of <__main__.Firm object at 0x0000018CA7D7D590>>,292,297,0
Firm4,278,-247110.93896888194,367,<bound method Firm.goodsPrice of <__main__.Firm object at 0x0000018CA7B5FCE0>>,293,298,0
Firm5,278,-234352.23082299705,3,<bound method Firm.goodsPrice of <__main__.Firm object at 0x0000018CA7B5FE10>>,294,298,0
Firm6,278,-231048.53537714013,508,<bound method Firm.goodsPrice of <__main__.Firm object at 0x0000018CA7D75130>>,294,298,0
Firm7,278,-261824.07322211293,1323,<bound method Firm.goodsPrice of <__main__.Firm object at 0x0000018CA7DC8C00>>,294,297,0
Firm8,278,-319461.87703304255,2015,<bound method Firm.goodsPrice of <__main__.Firm object at 0x0000018CA7DC8D10>>,293,297,0
Firm9,278,-252308.30209383724,1538,<bound method Firm.goodsPrice of <__main__.Firm object at 0x0000018CA7D5A950>>,293,297,0
Firm10,278,-218927.28427742218,1044,<bound method Firm.goodsPrice of <__main__.Firm object at 0x0000018CA7D5AF50>>,294,298,0
Firm1,279,-219883.07466957014,0,<bound method Firm.goodsPrice of <__main__.Firm object at 0x0000018CA7D79940>>,294,298,0
Firm2,279,-223357.11245020342,0,<bound method Firm.goodsPrice of <__main__.Firm object at 0x0000018CA7D7D450>>,294,297,0
Firm3,279,-222809.8689370698,0,<bound method Firm.goodsPrice of <__main__.Firm object at 0x0000018CA7D7D590>>,294,297,0
Firm4,279,-247862.4810361697,369,<bound method Firm.goodsPrice of <__main__.Firm object at 0x0000018CA7B5FCE0>>,295,298,0
Firm5,279,-235003.10084874544,1,<bound method Firm.goodsPrice of <__main__.Firm object at 0x0000018CA7B5FE10>>,296,298,0
Firm6,279,-231689.7597643304,507,<bound method Firm.goodsPrice of <__main__.Firm object at 0x0000018CA7D75130>>,296,298,0
Firm7,279,-262549.6849362933,1324,<bound method Firm.goodsPrice of <__main__.Firm object at 0x0000018CA7DC8C00>>,296,297,0
Firm8,279,-320354.7069111563,2020,<bound method Firm.goodsPrice of <__main__.Firm object at 0x0000018CA7DC8D10>>,295,297,0
Firm9,279,-252930.4729468959,1541,<bound method Firm.goodsPrice of <__main__.Firm object at 0x0000018CA7D5A950>>,296,298,0
Firm10,279,-219460.6197265808,1046,<bound method Firm.goodsPrice of <__main__.Firm object at 0x0000018CA7D5AF50>>,297,299,0
Firm1,280,-220415.98711823148,0,<bound method Firm.goodsPrice of <__main__.Firm object at 0x0000018CA7D79940>>,297,299,0
Firm2,280,-223993.91691907155,0,<bound method Firm.goodsPrice of <__main__.Firm object at 0x0000018CA7D7D450>>,297,298,0
Firm3,280,-223382.1024598026,0,<bound method Firm.goodsPrice of <__main__.Firm object at 0x0000018CA7D7D590>>,297,298,0
Firm4,280,-248428.35035184,368,<bound method Firm.goodsPrice of <__main__.Firm object at 0x0000018CA7B5FCE0>>,298,299,0
Firm5,280,-235577.11461900375,0,<bound method Firm.goodsPrice of <__main__.Firm object at 0x0000018CA7B5FE10>>,299,299,0
Firm6,280,-232241.65010371048,506,<bound method Firm.goodsPrice of <__main__.Firm object at 0x0000018CA7D75130>>,299,299,0
Firm7,280,-263189.1943392098,1326,<bound method Firm.goodsPrice of <__main__.Firm object at 0x0000018CA7DC8C00>>,298,298,0
Firm8,280,-321127.74362810573,2024,<bound method Firm.goodsPrice of <__main__.Firm object at 0x0000018CA7DC8D10>>,297,298,0
Firm9,280,-253552.85043999285,1544,<bound method Firm.goodsPrice of <__main__.Firm object at 0x0000018CA7D5A950>>,298,299,0
Firm10,280,-219979.60072749088,1046,<bound method Firm.goodsPrice of <__main__.Firm object at 0x0000018CA7D5AF50>>,299,300,0
Firm1,281,-220952.320608085,0,<bound method Firm.goodsPrice of <__main__.Firm object at 0x0000018CA7D79940>>,299,300,0
Firm2,281,-224629.675785895,0,<bound method Firm.goodsPrice of <__main__.Firm object at 0x0000018CA7D7D450>>,299,299,0
Firm3,281,-223947.7417262417,0,<bound method Firm.goodsPrice of <__main__.Firm object at 0x0000018CA7D7D590>>,299,299,0
Firm4,281,-249064.55976414587,369,<bound method Firm.goodsPrice of <__main__.Firm object at 0x0000018CA7B5FCE0>>,300,300,0
Firm5,281,-236161.21331892128,0,<bound method Firm.goodsPrice of <__main__.Firm object at 0x0000018CA7B5FE10>>,301,300,0
Firm6,281,-232792.92722208792,505,<bound method Firm.goodsPrice of <__main__.Firm object at 0x0000018CA7D75130>>,301,300,0
Firm7,281,-263804.884611866,1326,<bound method Firm.goodsPrice of <__main__.Firm object at 0x0000018CA7DC8C00>>,300,299,0
Firm8,281,-321900.78034505516,2028,<bound method Firm.goodsPrice of <__main__.Firm object at 0x0000018CA7DC8D10>>,299,299,0
Firm9,281,-254157.18582357687,1545,<bound method Firm.goodsPrice of <__main__.Firm object at 0x0000018CA7D5A950>>,300,300,0
Firm10,281,-220514.51766224718,1048,<bound method Firm.goodsPrice of <__main__.Firm object at 0x0000018CA7D5AF50>>,301,301,0
Firm1,282,-221488.6540979385,0,<bound method Firm.goodsPrice of <__main__.Firm object at 0x0000018CA7D79940>>,301,301,0
Firm2,282,-225265.43465271845,0,<bound method Firm.goodsPrice of <__main__.Firm object at 0x0000018CA7D7D450>>,301,300,0
Firm3,282,-224513.38099268076,0,<bound method Firm.goodsPrice of <__main__.Firm object at 0x0000018CA7D7D590>>,301,300,0
Firm4,282,-249626.77433919217,368,<bound method Firm.goodsPrice of <__main__.Firm object at 0x0000018CA7B5FCE0>>,302,301,0
Firm5,282,-236745.3120188388,0,<bound method Firm.goodsPrice of <__main__.Firm object at 0x0000018CA7B5FE10>>,303,301,0
Firm6,282,-233366.7626868502,506,<bound method Firm.goodsPrice of <__main__.Firm object at 0x0000018CA7D75130>>,303,301,0
Firm7,282,-264444.3940147825,1328,<bound method Firm.goodsPrice of <__main__.Firm object at 0x0000018CA7DC8C00>>,302,300,0
Firm8,282,-322673.8170620046,2032,<bound method Firm.goodsPrice of <__main__.Firm object at 0x0000018CA7DC8D10>>,301,300,0
Firm9,282,-254754.55758869686,1546,<bound method Firm.goodsPrice of <__main__.Firm object at 0x0000018CA7D5A950>>,302,301,0
Firm10,282,-221049.43459700348,1050,<bound method Firm.goodsPrice of <__main__.Firm object at 0x0000018CA7D5AF50>>,303,302,0
Firm1,283,-222024.987587792,0,<bound method Firm.goodsPrice of <__main__.Firm object at 0x0000018CA7D79940>>,303,302,0
Firm2,283,-225901.1935195419,0,<bound method Firm.goodsPrice of <__main__.Firm object at 0x0000018CA7D7D450>>,303,301,0
Firm3,283,-225079.02025911983,0,<bound method Firm.goodsPrice of <__main__.Firm object at 0x0000018CA7D7D590>>,303,301,0
Firm4,283,-250262.98375149805,369,<bound method Firm.goodsPrice of <__main__.Firm object at 0x0000018CA7B5FCE0>>,304,302,0
Firm5,283,-237329.41071875632,0,<bound method Firm.goodsPrice of <__main__.Firm object at 0x0000018CA7B5FE10>>,305,302,0
Firm6,283,-233918.03980522766,505,<bound method Firm.goodsPrice of <__main__.Firm object at 0x0000018CA7D75130>>,305,302,0
Firm7,283,-265060.08428743866,1328,<bound method Firm.goodsPrice of <__main__.Firm object at 0x0000018CA7DC8C00>>,304,301,0
Firm8,283,-323410.9665418964,2035,<bound method Firm.goodsPrice of <__main__.Firm object at 0x0000018CA7DC8D10>>,303,301,0
Firm9,283,-255364.43221780533,1548,<bound method Firm.goodsPrice of <__main__.Firm object at 0x0000018CA7D5A950>>,304,302,0
Firm10,283,-221576.38356483667,1051,<bound method Firm.goodsPrice of <__main__.Firm object at 0x0000018CA7D5AF50>>,305,303,0
Firm1,284,-222561.32107764552,0,<bound method Firm.goodsPrice of <__main__.Firm object at 0x0000018CA7D79940>>,305,303,0
Firm2,284,-226536.95238636536,0,<bound method Firm.goodsPrice of <__main__.Firm object at 0x0000018CA7D7D450>>,305,302,0
Firm3,284,-225644.6595255589,0,<bound method Firm.goodsPrice of <__main__.Firm object at 0x0000018CA7D7D590>>,305,302,0
Firm4,284,-250862.7150987664,369,<bound method Firm.goodsPrice of <__main__.Firm object at 0x0000018CA7B5FCE0>>,306,303,0
Firm5,284,-237913.50941867384,0,<bound method Firm.goodsPrice of <__main__.Firm object at 0x0000018CA7B5FE10>>,307,303,0
Firm6,284,-234480.59609679753,505,<bound method Firm.goodsPrice of <__main__.Firm object at 0x0000018CA7D75130>>,307,303,0
Firm7,284,-265687.684125225,1329,<bound method Firm.goodsPrice of <__main__.Firm object at 0x0000018CA7DC8C00>>,306,302,0
Firm8,284,-324184.0032588458,2039,<bound method Firm.goodsPrice of <__main__.Firm object at 0x0000018CA7DC8D10>>,305,302,0
Firm9,284,-255968.76760138935,1549,<bound method Firm.goodsPrice of <__main__.Firm object at 0x0000018CA7D5A950>>,306,303,0
Firm10,284,-222103.33253266985,1052,<bound method Firm.goodsPrice of <__main__.Firm object at 0x0000018CA7D5AF50>>,307,304,0
Firm1,285,-223097.65456749903,0,<bound method Firm.goodsPrice of <__main__.Firm object at 0x0000018CA7D79940>>,307,304,0
Firm2,285,-227172.7112531888,0,<bound method Firm.goodsPrice of <__main__.Firm object at 0x0000018CA7D7D450>>,307,303,0
Firm3,285,-226210.29879199798,0,<bound method Firm.goodsPrice of <__main__.Firm object at 0x0000018CA7D7D590>>,307,303,0
Firm4,285,-251461.40773885022,369,<bound method Firm.goodsPrice of <__main__.Firm object at 0x0000018CA7B5FCE0>>,308,304,0
Firm5,285,-238497.60811859136,0,<bound method Firm.goodsPrice of <__main__.Firm object at 0x0000018CA7B5FE10>>,309,304,0
Firm6,285,-235031.87321517497,504,<bound method Firm.goodsPrice of <__main__.Firm object at 0x0000018CA7D75130>>,309,304,0
Firm7,285,-266315.28396301134,1330,<bound method Firm.goodsPrice of <__main__.Firm object at 0x0000018CA7DC8C00>>,308,303,0
Firm8,285,-324921.15273873764,2042,<bound method Firm.goodsPrice of <__main__.Firm object at 0x0000018CA7DC8D10>>,307,303,0
Firm9,285,-256603.6479584748,1553,<bound method Firm.goodsPrice of <__main__.Firm object at 0x0000018CA7D5A950>>,308,304,0
Firm10,285,-222630.28150050304,1053,<bound method Firm.goodsPrice of <__main__.Firm object at 0x0000018CA7D5AF50>>,309,305,0
Firm1,286,-223633.98805735254,0,<bound method Firm.goodsPrice of <__main__.Firm object at 0x0000018CA7D79940>>,309,305,0
Firm2,286,-227808.47012001227,0,<bound method Firm.goodsPrice of <__main__.Firm object at 0x0000018CA7D7D450>>,309,304,0
Firm3,286,-226775.93805843705,0,<bound method Firm.goodsPrice of <__main__.Firm object at 0x0000018CA7D7D590>>,309,304,0
Firm4,286,-252061.13908611858,369,<bound method Firm.goodsPrice of <__main__.Firm object at 0x0000018CA7B5FCE0>>,310,305,0
Firm5,286,-239081.7068185089,0,<bound method Firm.goodsPrice of <__main__.Firm object at 0x0000018CA7B5FE10>>,311,305,0
Firm6,286,-235594.42950674484,504,<bound method Firm.goodsPrice of <__main__.Firm object at 0x0000018CA7D75130>>,311,305,0
Firm7,286,-266942.8838007977,1331,<bound method Firm.goodsPrice of <__main__.Firm object at 0x0000018CA7DC8C00>>,310,304,0
Firm8,286,-325694.18945568707,2046,<bound method Firm.goodsPrice of <__main__.Firm object at 0x0000018CA7DC8D10>>,309,304,0
Firm9,286,-257201.01972359477,1554,<bound method Firm.goodsPrice of <__main__.Firm object at 0x0000018CA7D5A950>>,310,305,0
Firm10,286,-223157.23046833623,1054,<bound method Firm.goodsPrice of <__main__.Firm object at 0x0000018CA7D5AF50>>,311,306,0
Firm1,287,-224170.32154720605,0,<bound method Firm.goodsPrice of <__main__.Firm object at 0x0000018CA7D79940>>,311,306,0
Firm2,287,-228444.22898683572,0,<bound method Firm.goodsPrice of <__main__.Firm object at 0x0000018CA7D7D450>>,311,305,0
Firm3,287,-227341.57732487613,0,<bound method Firm.goodsPrice of <__main__.Firm object at 0x0000018CA7D7D590>>,311,305,0
Firm4,287,-252697.34849842446,370,<bound method Firm.goodsPrice of <__main__.Firm object at 0x0000018CA7B5FCE0>>,312,306,0
Firm5,287,-239665.8055184264,0,<bound method Firm.goodsPrice of <__main__.Firm object at 0x0000018CA7B5FE10>>,313,306,0
Firm6,287,-236145.7066251223,503,<bound method Firm.goodsPrice of <__main__.Firm object at 0x0000018CA7D75130>>,313,306,0
Firm7,287,-267558.57407345384,1331,<bound method Firm.goodsPrice of <__main__.Firm object at 0x0000018CA7DC8C00>>,312,305,0
Firm8,287,-326431.3389355789,2049,<bound method Firm.goodsPrice of <__main__.Firm object at 0x0000018CA7DC8D10>>,311,305,0
Firm9,287,-257805.3551071788,1555,<bound method Firm.goodsPrice of <__main__.Firm object at 0x0000018CA7D5A950>>,312,306,0
Firm10,287,-223700.11537001564,1057,<bound method Firm.goodsPrice of <__main__.Firm object at 0x0000018CA7D5AF50>>,313,307,0
Firm1,288,-224706.65503705957,0,<bound method Firm.goodsPrice of <__main__.Firm object at 0x0000018CA7D79940>>,313,307,0
Firm2,288,-229079.98785365917,0,<bound method Firm.goodsPrice of <__main__.Firm object at 0x0000018CA7D7D450>>,313,306,0
Firm3,288,-227907.2165913152,0,<bound method Firm.goodsPrice of <__main__.Firm object at 0x0000018CA7D7D590>>,313,306,0
Firm4,288,-253259.56307347075,369,<bound method Firm.goodsPrice of <__main__.Firm object at 0x0000018CA7B5FCE0>>,314,307,0
Firm5,288,-240249.90421834393,0,<bound method Firm.goodsPrice of <__main__.Firm object at 0x0000018CA7B5FE10>>,315,307,0
Firm6,288,-236719.54208988458,504,<bound method Firm.goodsPrice of <__main__.Firm object at 0x0000018CA7D75130>>,315,307,0
Firm7,288,-268198.0834763704,1333,<bound method Firm.goodsPrice of <__main__.Firm object at 0x0000018CA7DC8C00>>,314,306,0
Firm8,288,-327204.3756525283,2053,<bound method Firm.goodsPrice of <__main__.Firm object at 0x0000018CA7DC8D10>>,313,306,0
Firm9,288,-258427.73260027575,1558,<bound method Firm.goodsPrice of <__main__.Firm object at 0x0000018CA7D5A950>>,314,307,0
Firm10,288,-224219.09637092572,1057,<bound method Firm.goodsPrice of <__main__.Firm object at 0x0000018CA7D5AF50>>,315,308,0
Firm1,289,-225242.98852691308,0,<bound method Firm.goodsPrice of <__main__.Firm object at 0x0000018CA7D79940>>,315,308,0
Firm2,289,-229715.74672048262,0,<bound method Firm.goodsPrice of <__main__.Firm object at 0x0000018CA7D7D450>>,315,307,0
Firm3,289,-228472.85585775427,0,<bound method Firm.goodsPrice of <__main__.Firm object at 0x0000018CA7D7D590>>,315,307,0
Firm4,289,-253895.77248577663,370,<bound method Firm.goodsPrice of <__main__.Firm object at 0x0000018CA7B5FCE0>>,316,308,0
Firm5,289,-240834.00291826145,0,<bound method Firm.goodsPrice of <__main__.Firm object at 0x0000018CA7B5FE10>>,317,308,0
Firm6,289,-237270.81920826202,503,<bound method Firm.goodsPrice of <__main__.Firm object at 0x0000018CA7D75130>>,317,308,0
Firm7,289,-268813.7737490265,1333,<bound method Firm.goodsPrice of <__main__.Firm object at 0x0000018CA7DC8C00>>,316,307,0
Firm8,289,-327941.5251324201,2056,<bound method Firm.goodsPrice of <__main__.Firm object at 0x0000018CA7DC8D10>>,315,307,0
Firm9,289,-259050.1100933727,1561,<bound method Firm.goodsPrice of <__main__.Firm object at 0x0000018CA7D5A950>>,316,308,0
Firm10,289,-224746.0453387589,1058,<bound method Firm.goodsPrice of <__main__.Firm object at 0x0000018CA7D5AF50>>,317,309,0
Firm1,290,-225779.3220167666,0,<bound method Firm.goodsPrice of <__main__.Firm object at 0x0000018CA7D79940>>,317,309,0
Firm2,290,-230351.50558730608,0,<bound method Firm.goodsPrice of <__main__.Firm object at 0x0000018CA7D7D450>>,317,308,0
Firm3,290,-229038.49512419334,0,<bound method Firm.goodsPrice of <__main__.Firm object at 0x0000018CA7D7D590>>,317,308,0
Firm4,290,-254457.98706082292,369,<bound method Firm.goodsPrice of <__main__.Firm object at 0x0000018CA7B5FCE0>>,318,309,0
Firm5,290,-241418.10161817897,0,<bound method Firm.goodsPrice of <__main__.Firm object at 0x0000018CA7B5FE10>>,319,309,0
Firm6,290,-237822.09632663947,502,<bound method Firm.goodsPrice of <__main__.Firm object at 0x0000018CA7D75130>>,319,309,0
Firm7,290,-269453.28315194306,1335,<bound method Firm.goodsPrice of <__main__.Firm object at 0x0000018CA7DC8C00>>,318,308,0
Firm8,290,-328714.56184936955,2060,<bound method Firm.goodsPrice of <__main__.Firm object at 0x0000018CA7DC8D10>>,317,308,0
Firm9,290,-259666.9483409452,1563,<bound method Firm.goodsPrice of <__main__.Firm object at 0x0000018CA7D5A950>>,318,309,0
Firm10,290,-225272.9943065921,1059,<bound method Firm.goodsPrice of <__main__.Firm object at 0x0000018CA7D5AF50>>,319,310,0
Firm1,291,-226315.6555066201,0,<bound method Firm.goodsPrice of <__main__.Firm object at 0x0000018CA7D79940>>,319,310,0
Firm2,291,-230987.26445412953,0,<bound method Firm.goodsPrice of <__main__.Firm object at 0x0000018CA7D7D450>>,319,309,0
Firm3,291,-229604.13439063242,0,<bound method Firm.goodsPrice of <__main__.Firm object at 0x0000018CA7D7D590>>,319,309,0
Firm4,291,-255094.1964731288,370,<bound method Firm.goodsPrice of <__main__.Firm object at 0x0000018CA7B5FCE0>>,320,310,0
Firm5,291,-242002.2003180965,0,<bound method Firm.goodsPrice of <__main__.Firm object at 0x0000018CA7B5FE10>>,321,310,0
Firm6,291,-238362.0942718245,500,<bound method Firm.goodsPrice of <__main__.Firm object at 0x0000018CA7D75130>>,321,310,0
Firm7,291,-270068.9734245992,1335,<bound method Firm.goodsPrice of <__main__.Firm object at 0x0000018CA7DC8C00>>,320,309,0
Firm8,291,-329487.598566319,2064,<bound method Firm.goodsPrice of <__main__.Firm object at 0x0000018CA7DC8D10>>,319,309,0
Firm9,291,-260276.82297005368,1565,<bound method Firm.goodsPrice of <__main__.Firm object at 0x0000018CA7D5A950>>,320,310,0
Firm10,291,-225799.94327442528,1060,<bound method Firm.goodsPrice of <__main__.Firm object at 0x0000018CA7D5AF50>>,321,311,0
Firm1,292,-226851.9889964736,0,<bound method Firm.goodsPrice of <__main__.Firm object at 0x0000018CA7D79940>>,321,311,0
Firm2,292,-231623.02332095298,0,<bound method Firm.goodsPrice of <__main__.Firm object at 0x0000018CA7D7D450>>,321,310,0
Firm3,292,-230169.7736570715,0,<bound method Firm.goodsPrice of <__main__.Firm object at 0x0000018CA7D7D590>>,321,310,0
Firm4,292,-255693.92782039716,370,<bound method Firm.goodsPrice of <__main__.Firm object at 0x0000018CA7B5FCE0>>,322,311,0
Firm5,292,-242586.29901801402,0,<bound method Firm.goodsPrice of <__main__.Firm object at 0x0000018CA7B5FE10>>,323,311,0
Firm6,292,-238924.65056339436,500,<bound method Firm.goodsPrice of <__main__.Firm object at 0x0000018CA7D75130>>,323,311,0
Firm7,292,-270696.57326238556,1336,<bound method Firm.goodsPrice of <__main__.Firm object at 0x0000018CA7DC8C00>>,322,310,0
Firm8,292,-330224.7480462108,2067,<bound method Firm.goodsPrice of <__main__.Firm object at 0x0000018CA7DC8D10>>,321,310,0
Firm9,292,-260886.69759916214,1567,<bound method Firm.goodsPrice of <__main__.Firm object at 0x0000018CA7D5A950>>,322,311,0
Firm10,292,-226334.86020918158,1062,<bound method Firm.goodsPrice of <__main__.Firm object at 0x0000018CA7D5AF50>>,323,312,0
Firm1,293,-227388.32248632712,0,<bound method Firm.goodsPrice of <__main__.Firm object at 0x0000018CA7D79940>>,323,312,0
Firm2,293,-232258.78218777644,0,<bound method Firm.goodsPrice of <__main__.Firm object at 0x0000018CA7D7D450>>,323,311,0
Firm3,293,-230735.41292351056,0,<bound method Firm.goodsPrice of <__main__.Firm object at 0x0000018CA7D7D590>>,323,311,0
Firm4,293,-256292.62046048098,370,<bound method Firm.goodsPrice of <__main__.Firm object at 0x0000018CA7B5FCE0>>,324,312,0
Firm5,293,-243170.39771793154,0,<bound method Firm.goodsPrice of <__main__.Firm object at 0x0000018CA7B5FE10>>,325,312,0
Firm6,293,-239487.20685496423,500,<bound method Firm.goodsPrice of <__main__.Firm object at 0x0000018CA7D75130>>,325,312,0
Firm7,293,-271324.1731001719,1337,<bound method Firm.goodsPrice of <__main__.Firm object at 0x0000018CA7DC8C00>>,324,311,0
Firm8,293,-330997.7847631602,2071,<bound method Firm.goodsPrice of <__main__.Firm object at 0x0000018CA7DC8D10>>,323,311,0
Firm9,293,-261491.03298274617,1568,<bound method Firm.goodsPrice of <__main__.Firm object at 0x0000018CA7D5A950>>,324,312,0
Firm10,293,-226861.80917701477,1063,<bound method Firm.goodsPrice of <__main__.Firm object at 0x0000018CA7D5AF50>>,325,313,0
Firm1,294,-227924.65597618063,0,<bound method Firm.goodsPrice of <__main__.Firm object at 0x0000018CA7D79940>>,325,313,0
Firm2,294,-232894.5410545999,0,<bound method Firm.goodsPrice of <__main__.Firm object at 0x0000018CA7D7D450>>,325,312,0
Firm3,294,-231301.05218994964,0,<bound method Firm.goodsPrice of <__main__.Firm object at 0x0000018CA7D7D590>>,325,312,0
Firm4,294,-256892.35180774934,370,<bound method Firm.goodsPrice of <__main__.Firm object at 0x0000018CA7B5FCE0>>,326,313,0
Firm5,294,-243754.49641784906,0,<bound method Firm.goodsPrice of <__main__.Firm object at 0x0000018CA7B5FE10>>,327,313,0
Firm6,294,-240049.7631465341,500,<bound method Firm.goodsPrice of <__main__.Firm object at 0x0000018CA7D75130>>,327,313,0
Firm7,294,-271951.77293795825,1338,<bound method Firm.goodsPrice of <__main__.Firm object at 0x0000018CA7DC8C00>>,326,312,0
Firm8,294,-331770.82148010965,2075,<bound method Firm.goodsPrice of <__main__.Firm object at 0x0000018CA7DC8D10>>,325,312,0
Firm9,294,-262100.90761185464,1570,<bound method Firm.goodsPrice of <__main__.Firm object at 0x0000018CA7D5A950>>,326,313,0
Firm10,294,-227380.79017792485,1063,<bound method Firm.goodsPrice of <__main__.Firm object at 0x0000018CA7D5AF50>>,327,314,0
Firm1,295,-228460.98946603414,0,<bound method Firm.goodsPrice of <__main__.Firm object at 0x0000018CA7D79940>>,327,314,0
Firm2,295,-233530.29992142334,0,<bound method Firm.goodsPrice of <__main__.Firm object at 0x0000018CA7D7D450>>,327,313,0
Firm3,295,-231866.6914563887,0,<bound method Firm.goodsPrice of <__main__.Firm object at 0x0000018CA7D7D590>>,327,313,0
Firm4,295,-257528.5612200552,371,<bound method Firm.goodsPrice of <__main__.Firm object at 0x0000018CA7B5FCE0>>,328,314,0
Firm5,295,-244338.59511776658,0,<bound method Firm.goodsPrice of <__main__.Firm object at 0x0000018CA7B5FE10>>,329,314,0
Firm6,295,-240601.04026491154,499,<bound method Firm.goodsPrice of <__main__.Firm object at 0x0000018CA7D75130>>,329,314,0
Firm7,295,-272567.4632106144,1338,<bound method Firm.goodsPrice of <__main__.Firm object at 0x0000018CA7DC8C00>>,328,313,0
Firm8,295,-332507.97096000146,2078,<bound method Firm.goodsPrice of <__main__.Firm object at 0x0000018CA7DC8D10>>,327,313,0
Firm9,295,-262710.782240963,1572,<bound method Firm.goodsPrice of <__main__.Firm object at 0x0000018CA7D5A950>>,328,314,0
Firm10,295,-227907.73914575804,1064,<bound method Firm.goodsPrice of <__main__.Firm object at 0x0000018CA7D5AF50>>,329,315,0
Firm1,296,-228997.32295588765,0,<bound method Firm.goodsPrice of <__main__.Firm object at 0x0000018CA7D79940>>,329,315,0
Firm2,296,-234166.0587882468,0,<bound method Firm.goodsPrice of <__main__.Firm object at 0x0000018CA7D7D450>>,329,314,0
Firm3,296,-232432.33072282778,0,<bound method Firm.goodsPrice of <__main__.Firm object at 0x0000018CA7D7D590>>,329,314,0
Firm4,296,-258090.7757951015,370,<bound method Firm.goodsPrice of <__main__.Firm object at 0x0000018CA7B5FCE0>>,330,315,0
Firm5,296,-244935.75263253483,1,<bound method Firm.goodsPrice of <__main__.Firm object at 0x0000018CA7B5FE10>>,331,315,0
Firm6,296,-241152.317383289,498,<bound method Firm.goodsPrice of <__main__.Firm object at 0x0000018CA7D75130>>,331,315,0
Firm7,296,-273206.97261353093,1340,<bound method Firm.goodsPrice of <__main__.Firm object at 0x0000018CA7DC8C00>>,330,314,0
Firm8,296,-333281.0076769509,2082,<bound method Firm.goodsPrice of <__main__.Firm object at 0x0000018CA7DC8D10>>,329,314,0
Firm9,296,-263315.11762454704,1573,<bound method Firm.goodsPrice of <__main__.Firm object at 0x0000018CA7D5A950>>,330,315,0
Firm10,296,-228442.65608051434,1066,<bound method Firm.goodsPrice of <__main__.Firm object at 0x0000018CA7D5AF50>>,331,316,0
Firm1,297,-229533.65644574116,0,<bound method Firm.goodsPrice of <__main__.Firm object at 0x0000018CA7D79940>>,331,316,0
Firm2,297,-234801.81765507025,0,<bound method Firm.goodsPrice of <__main__.Firm object at 0x0000018CA7D7D450>>,331,315,0
Firm3,297,-232997.96998926686,0,<bound method Firm.goodsPrice of <__main__.Firm object at 0x0000018CA7D7D590>>,331,315,0
Firm4,297,-258726.9852074074,371,<bound method Firm.goodsPrice of <__main__.Firm object at 0x0000018CA7B5FCE0>>,332,316,0
Firm5,297,-245506.79251760163,0,<bound method Firm.goodsPrice of <__main__.Firm object at 0x0000018CA7B5FE10>>,333,316,0
Firm6,297,-241703.59450166643,497,<bound method Firm.goodsPrice of <__main__.Firm object at 0x0000018CA7D75130>>,333,316,0
Firm7,297,-273822.6628861871,1340,<bound method Firm.goodsPrice of <__main__.Firm object at 0x0000018CA7DC8C00>>,332,315,0
Firm8,297,-334054.0443939003,2086,<bound method Firm.goodsPrice of <__main__.Firm object at 0x0000018CA7DC8D10>>,331,315,0
Firm9,297,-263924.9922536555,1575,<bound method Firm.goodsPrice of <__main__.Firm object at 0x0000018CA7D5A950>>,332,316,0
Firm10,297,-228977.57301527064,1068,<bound method Firm.goodsPrice of <__main__.Firm object at 0x0000018CA7D5AF50>>,333,317,0
Firm1,298,-230069.98993559467,0,<bound method Firm.goodsPrice of <__main__.Firm object at 0x0000018CA7D79940>>,333,317,0
Firm2,298,-235437.5765218937,0,<bound method Firm.goodsPrice of <__main__.Firm object at 0x0000018CA7D7D450>>,333,316,0
Firm3,298,-233563.60925570593,0,<bound method Firm.goodsPrice of <__main__.Firm object at 0x0000018CA7D7D590>>,333,316,0
Firm4,298,-259289.19978245368,370,<bound method Firm.goodsPrice of <__main__.Firm object at 0x0000018CA7B5FCE0>>,334,317,0
Firm5,298,-246090.89121751915,0,<bound method Firm.goodsPrice of <__main__.Firm object at 0x0000018CA7B5FE10>>,335,317,0
Firm6,298,-242277.42996642872,498,<bound method Firm.goodsPrice of <__main__.Firm object at 0x0000018CA7D75130>>,335,317,0
Firm7,298,-274462.1722891036,1342,<bound method Firm.goodsPrice of <__main__.Firm object at 0x0000018CA7DC8C00>>,334,316,0
Firm8,298,-334791.19387379213,2089,<bound method Firm.goodsPrice of <__main__.Firm object at 0x0000018CA7DC8D10>>,333,316,0
Firm9,298,-264534.866882764,1577,<bound method Firm.goodsPrice of <__main__.Firm object at 0x0000018CA7D5A950>>,334,317,0
Firm10,298,-229504.52198310383,1069,<bound method Firm.goodsPrice of <__main__.Firm object at 0x0000018CA7D5AF50>>,335,318,0
Firm1,299,-230606.32342544818,0,<bound method Firm.goodsPrice of <__main__.Firm object at 0x0000018CA7D79940>>,335,318,0
Firm2,299,-236073.33538871715,0,<bound method Firm.goodsPrice of <__main__.Firm object at 0x0000018CA7D7D450>>,335,317,0
Firm3,299,-234129.248522145,0,<bound method Firm.goodsPrice of <__main__.Firm object at 0x0000018CA7D7D590>>,335,317,0
Firm4,299,-259925.40919475956,371,<bound method Firm.goodsPrice of <__main__.Firm object at 0x0000018CA7B5FCE0>>,336,318,0
Firm5,299,-246674.98991743667,0,<bound method Firm.goodsPrice of <__main__.Firm object at 0x0000018CA7B5FE10>>,337,318,0
Firm6,299,-242817.42791161375,496,<bound method Firm.goodsPrice of <__main__.Firm object at 0x0000018CA7D75130>>,337,318,0
Firm7,299,-275077.8625617598,1342,<bound method Firm.goodsPrice of <__main__.Firm object at 0x0000018CA7DC8C00>>,336,317,0
Firm8,299,-335564.23059074156,2093,<bound method Firm.goodsPrice of <__main__.Firm object at 0x0000018CA7DC8D10>>,335,317,0
Firm9,299,-265139.202266348,1578,<bound method Firm.goodsPrice of <__main__.Firm object at 0x0000018CA7D5A950>>,336,318,0
Firm10,299,-230039.43891786013,1071,<bound method Firm.goodsPrice of <__main__.Firm object at 0x0000018CA7D5AF50>>,337,319,0
Firm1,300,-231142.6569153017,0,<bound method Firm.goodsPrice of <__main__.Firm object at 0x0000018CA7D79940>>,337,319,0
Firm2,300,-236709.0942555406,0,<bound method Firm.goodsPrice of <__main__.Firm object at 0x0000018CA7D7D450>>,337,318,0
Firm3,300,-234694.88778858408,0,<bound method Firm.goodsPrice of <__main__.Firm object at 0x0000018CA7D7D590>>,337,318,0
Firm4,300,-260487.62376980585,370,<bound method Firm.goodsPrice of <__main__.Firm object at 0x0000018CA7B5FCE0>>,338,319,0
Firm5,300,-247259.0886173542,0,<bound method Firm.goodsPrice of <__main__.Firm object at 0x0000018CA7B5FE10>>,339,319,0
Firm6,300,-243379.98420318362,496,<bound method Firm.goodsPrice of <__main__.Firm object at 0x0000018CA7D75130>>,339,319,0
Firm7,300,-275717.3719646763,1344,<bound method Firm.goodsPrice of <__main__.Firm object at 0x0000018CA7DC8C00>>,338,318,0
Firm8,300,-336301.3800706334,2096,<bound method Firm.goodsPrice of <__main__.Firm object at 0x0000018CA7DC8D10>>,337,318,0
Firm9,300,-265774.0826234335,1582,<bound method Firm.goodsPrice of <__main__.Firm object at 0x0000018CA7D5A950>>,338,319,0
Firm10,300,-230574.35585261643,1073,<bound method Firm.goodsPrice of <__main__.Firm object at 0x0000018CA7D5AF50>>,339,320,0
Firm1,301,-231678.9904051552,0,<bound method Firm.goodsPrice of <__main__.Firm object at 0x0000018CA7D79940>>,339,320,0
Firm2,301,-237344.85312236406,0,<bound method Firm.goodsPrice of <__main__.Firm object at 0x0000018CA7D7D450>>,339,319,0
Firm3,301,-235260.52705502315,0,<bound method Firm.goodsPrice of <__main__.Firm object at 0x0000018CA7D7D590>>,339,319,0
Firm4,301,-261123.83318211173,371,<bound method Firm.goodsPrice of <__main__.Firm object at 0x0000018CA7B5FCE0>>,340,320,0
Firm5,301,-247843.18731727172,0,<bound method Firm.goodsPrice of <__main__.Firm object at 0x0000018CA7B5FE10>>,341,320,0
Firm6,301,-243919.98214836864,494,<bound method Firm.goodsPrice of <__main__.Firm object at 0x0000018CA7D75130>>,341,320,0
Firm7,301,-276333.06223733246,1344,<bound method Firm.goodsPrice of <__main__.Firm object at 0x0000018CA7DC8C00>>,340,319,0
Firm8,301,-337074.4167875828,2100,<bound method Firm.goodsPrice of <__main__.Firm object at 0x0000018CA7DC8D10>>,339,319,0
Firm9,301,-266383.95725254196,1584,<bound method Firm.goodsPrice of <__main__.Firm object at 0x0000018CA7D5A950>>,340,320,0
Firm10,301,-231093.3368535265,1073,<bound method Firm.goodsPrice of <__main__.Firm object at 0x0000018CA7D5AF50>>,341,321,0
Firm1,302,-232215.3238950087,0,<bound method Firm.goodsPrice of <__main__.Firm object at 0x0000018CA7D79940>>,341,321,0
Firm2,302,-237980.6119891875,0,<bound method Firm.goodsPrice of <__main__.Firm object at 0x0000018CA7D7D450>>,341,320,0
Firm3,302,-235826.16632146222,0,<bound method Firm.goodsPrice of <__main__.Firm object at 0x0000018CA7D7D590>>,341,320,0
Firm4,302,-261686.04775715803,370,<bound method Firm.goodsPrice of <__main__.Firm object at 0x0000018CA7B5FCE0>>,342,321,0
Firm5,302,-248427.28601718924,0,<bound method Firm.goodsPrice of <__main__.Firm object at 0x0000018CA7B5FE10>>,343,321,0
Firm6,302,-244493.81761313093,495,<bound method Firm.goodsPrice of <__main__.Firm object at 0x0000018CA7D75130>>,343,321,0
Firm7,302,-276972.571640249,1346,<bound method Firm.goodsPrice of <__main__.Firm object at 0x0000018CA7DC8C00>>,342,320,0
Firm8,302,-337811.5662674746,2103,<bound method Firm.goodsPrice of <__main__.Firm object at 0x0000018CA7DC8D10>>,341,320,0
Firm9,302,-266988.292636126,1585,<bound method Firm.goodsPrice of <__main__.Firm object at 0x0000018CA7D5A950>>,342,321,0
Firm10,302,-231636.22175520592,1076,<bound method Firm.goodsPrice of <__main__.Firm object at 0x0000018CA7D5AF50>>,343,322,0
Firm1,303,-232751.65738486222,0,<bound method Firm.goodsPrice of <__main__.Firm object at 0x0000018CA7D79940>>,343,322,0
Firm2,303,-238616.37085601097,0,<bound method Firm.goodsPrice of <__main__.Firm object at 0x0000018CA7D7D450>>,343,321,0
Firm3,303,-236391.8055879013,0,<bound method Firm.goodsPrice of <__main__.Firm object at 0x0000018CA7D7D590>>,343,321,0
Firm4,303,-262322.25716946385,371,<bound method Firm.goodsPrice of <__main__.Firm object at 0x0000018CA7B5FCE0>>,344,322,0
Firm5,303,-249011.38471710676,0,<bound method Firm.goodsPrice of <__main__.Firm object at 0x0000018CA7B5FE10>>,345,322,0
Firm6,303,-245033.81555831595,493,<bound method Firm.goodsPrice of <__main__.Firm object at 0x0000018CA7D75130>>,345,322,0
Firm7,303,-277588.26191290515,1346,<bound method Firm.goodsPrice of <__main__.Firm object at 0x0000018CA7DC8C00>>,344,321,0
Firm8,303,-338584.60298442404,2107,<bound method Firm.goodsPrice of <__main__.Firm object at 0x0000018CA7DC8D10>>,343,321,0
Firm9,303,-267585.66440124594,1586,<bound method Firm.goodsPrice of <__main__.Firm object at 0x0000018CA7D5A950>>,344,322,0
Firm10,303,-232171.13868996222,1078,<bound method Firm.goodsPrice of <__main__.Firm object at 0x0000018CA7D5AF50>>,345,323,0
Firm1,304,-233287.99087471573,0,<bound method Firm.goodsPrice of <__main__.Firm object at 0x0000018CA7D79940>>,345,323,0
Firm2,304,-239252.12972283442,0,<bound method Firm.goodsPrice of <__main__.Firm object at 0x0000018CA7D7D450>>,345,322,0
Firm3,304,-236957.44485434037,0,<bound method Firm.goodsPrice of <__main__.Firm object at 0x0000018CA7D7D590>>,345,322,0
Firm4,304,-262921.9885167321,371,<bound method Firm.goodsPrice of <__main__.Firm object at 0x0000018CA7B5FCE0>>,346,323,0
Firm5,304,-249595.48341702428,0,<bound method Firm.goodsPrice of <__main__.Firm object at 0x0000018CA7B5FE10>>,347,323,0
Firm6,304,-245596.37184988582,493,<bound method Firm.goodsPrice of <__main__.Firm object at 0x0000018CA7D75130>>,347,323,0
Firm7,304,-278215.8617506915,1347,<bound method Firm.goodsPrice of <__main__.Firm object at 0x0000018CA7DC8C00>>,346,322,0
Firm8,304,-339357.63970137347,2111,<bound method Firm.goodsPrice of <__main__.Firm object at 0x0000018CA7DC8D10>>,345,322,0
Firm9,304,-268195.5390303544,1588,<bound method Firm.goodsPrice of <__main__.Firm object at 0x0000018CA7D5A950>>,346,323,0
Firm10,304,-232690.1196908723,1078,<bound method Firm.goodsPrice of <__main__.Firm object at 0x0000018CA7D5AF50>>,347,324,0
Firm1,305,-233824.32436456924,0,<bound method Firm.goodsPrice of <__main__.Firm object at 0x0000018CA7D79940>>,347,324,0
Firm2,305,-239887.88858965787,0,<bound method Firm.goodsPrice of <__main__.Firm object at 0x0000018CA7D7D450>>,347,323,0
Firm3,305,-237523.08412077944,0,<bound method Firm.goodsPrice of <__main__.Firm object at 0x0000018CA7D7D590>>,347,323,0
Firm4,305,-263520.68115681584,371,<bound method Firm.goodsPrice of <__main__.Firm object at 0x0000018CA7B5FCE0>>,348,324,0
Firm5,305,-250179.5821169418,0,<bound method Firm.goodsPrice of <__main__.Firm object at 0x0000018CA7B5FE10>>,349,324,0
Firm6,305,-246158.9281414557,493,<bound method Firm.goodsPrice of <__main__.Firm object at 0x0000018CA7D75130>>,349,324,0
Firm7,305,-278843.46158847783,1348,<bound method Firm.goodsPrice of <__main__.Firm object at 0x0000018CA7DC8C00>>,348,323,0
Firm8,305,-340094.7891812653,2114,<bound method Firm.goodsPrice of <__main__.Firm object at 0x0000018CA7DC8D10>>,347,323,0
Firm9,305,-268812.37727792695,1590,<bound method Firm.goodsPrice of <__main__.Firm object at 0x0000018CA7D5A950>>,348,324,0
Firm10,305,-233217.06865870548,1079,<bound method Firm.goodsPrice of <__main__.Firm object at 0x0000018CA7D5AF50>>,349,325,0
Firm1,306,-234360.65785442275,0,<bound method Firm.goodsPrice of <__main__.Firm object at 0x0000018CA7D79940>>,349,325,0
Firm2,306,-240523.64745648133,0,<bound method Firm.goodsPrice of <__main__.Firm object at 0x0000018CA7D7D450>>,349,324,0
Firm3,306,-238088.72338721852,0,<bound method Firm.goodsPrice of <__main__.Firm object at 0x0000018CA7D7D590>>,349,324,0
Firm4,306,-264120.4125040841,371,<bound method Firm.goodsPrice of <__main__.Firm object at 0x0000018CA7B5FCE0>>,350,325,0
Firm5,306,-250763.68081685933,0,<bound method Firm.goodsPrice of <__main__.Firm object at 0x0000018CA7B5FE10>>,351,325,0
Firm6,306,-246721.48443302556,493,<bound method Firm.goodsPrice of <__main__.Firm object at 0x0000018CA7D75130>>,351,325,0
Firm7,306,-279471.0614262642,1349,<bound method Firm.goodsPrice of <__main__.Firm object at 0x0000018CA7DC8C00>>,350,324,0
Firm8,306,-340867.8258982147,2118,<bound method Firm.goodsPrice of <__main__.Firm object at 0x0000018CA7DC8D10>>,349,324,0
Firm9,306,-269409.7490430469,1591,<bound method Firm.goodsPrice of <__main__.Firm object at 0x0000018CA7D5A950>>,350,325,0
Firm10,306,-233751.98559346178,1081,<bound method Firm.goodsPrice of <__main__.Firm object at 0x0000018CA7D5AF50>>,351,326,0
Firm1,307,-234896.99134427626,0,<bound method Firm.goodsPrice of <__main__.Firm object at 0x0000018CA7D79940>>,351,326,0
Firm2,307,-241159.40632330478,0,<bound method Firm.goodsPrice of <__main__.Firm object at 0x0000018CA7D7D450>>,351,325,0
Firm3,307,-238654.3626536576,0,<bound method Firm.goodsPrice of <__main__.Firm object at 0x0000018CA7D7D590>>,351,325,0
Firm4,307,-264719.10514416784,371,<bound method Firm.goodsPrice of <__main__.Firm object at 0x0000018CA7B5FCE0>>,352,326,0
Firm5,307,-251347.77951677685,0,<bound method Firm.goodsPrice of <__main__.Firm object at 0x0000018CA7B5FE10>>,353,326,0
Firm6,307,-247272.761551403,492,<bound method Firm.goodsPrice of <__main__.Firm object at 0x0000018CA7D75130>>,353,326,0
Firm7,307,-280098.6612640505,1350,<bound method Firm.goodsPrice of <__main__.Firm object at 0x0000018CA7DC8C00>>,352,325,0
Firm8,307,-341640.86261516414,2122,<bound method Firm.goodsPrice of <__main__.Firm object at 0x0000018CA7DC8D10>>,351,325,0
Firm9,307,-270019.6236721554,1593,<bound method Firm.goodsPrice of <__main__.Firm object at 0x0000018CA7D5A950>>,352,326,0
Firm10,307,-234286.90252821808,1083,<bound method Firm.goodsPrice of <__main__.Firm object at 0x0000018CA7D5AF50>>,353,327,0
Firm1,308,-235433.32483412977,0,<bound method Firm.goodsPrice of <__main__.Firm object at 0x0000018CA7D79940>>,353,327,0
Firm2,308,-241795.16519012823,0,<bound method Firm.goodsPrice of <__main__.Firm object at 0x0000018CA7D7D450>>,353,326,0
Firm3,308,-239220.00192009666,0,<bound method Firm.goodsPrice of <__main__.Firm object at 0x0000018CA7D7D590>>,353,326,0
Firm4,308,-265318.8364914361,371,<bound method Firm.goodsPrice of <__main__.Firm object at 0x0000018CA7B5FCE0>>,354,327,0
Firm5,308,-251931.87821669437,0,<bound method Firm.goodsPrice of <__main__.Firm object at 0x0000018CA7B5FE10>>,355,327,0
Firm6,308,-247835.31784297287,492,<bound method Firm.goodsPrice of <__main__.Firm object at 0x0000018CA7D75130>>,355,327,0
Firm7,308,-280726.26110183686,1351,<bound method Firm.goodsPrice of <__main__.Firm object at 0x0000018CA7DC8C00>>,354,326,0
Firm8,308,-342378.01209505595,2125,<bound method Firm.goodsPrice of <__main__.Firm object at 0x0000018CA7DC8D10>>,353,326,0
Firm9,308,-270611.4561917509,1593,<bound method Firm.goodsPrice of <__main__.Firm object at 0x0000018CA7D5A950>>,354,327,0
Firm10,308,-234829.7874298975,1086,<bound method Firm.goodsPrice of <__main__.Firm object at 0x0000018CA7D5AF50>>,355,328,0
Firm1,309,-235969.65832398328,0,<bound method Firm.goodsPrice of <__main__.Firm object at 0x0000018CA7D79940>>,355,328,0
Firm2,309,-242430.92405695168,0,<bound method Firm.goodsPrice of <__main__.Firm object at 0x0000018CA7D7D450>>,355,327,0
Firm3,309,-239785.64118653574,0,<bound method Firm.goodsPrice of <__main__.Firm object at 0x0000018CA7D7D590>>,355,327,0
Firm4,309,-265917.52913151984,371,<bound method Firm.goodsPrice of <__main__.Firm object at 0x0000018CA7B5FCE0>>,356,328,0
Firm5,309,-252515.9769166119,0,<bound method Firm.goodsPrice of <__main__.Firm object at 0x0000018CA7B5FE10>>,357,328,0
Firm6,309,-248386.59496135032,491,<bound method Firm.goodsPrice of <__main__.Firm object at 0x0000018CA7D75130>>,357,328,0
Firm7,309,-281353.8609396232,1352,<bound method Firm.goodsPrice of <__main__.Firm object at 0x0000018CA7DC8C00>>,356,327,0
Firm8,309,-343151.0488120054,2129,<bound method Firm.goodsPrice of <__main__.Firm object at 0x0000018CA7DC8D10>>,355,327,0
Firm9,309,-271233.83368484786,1596,<bound method Firm.goodsPrice of <__main__.Firm object at 0x0000018CA7D5A950>>,356,328,0
Firm10,309,-235348.76843080757,1086,<bound method Firm.goodsPrice of <__main__.Firm object at 0x0000018CA7D5AF50>>,357,329,0
Firm1,310,-236505.9918138368,0,<bound method Firm.goodsPrice of <__main__.Firm object at 0x0000018CA7D79940>>,357,329,0
Firm2,310,-243066.68292377514,0,<bound method Firm.goodsPrice of <__main__.Firm object at 0x0000018CA7D7D450>>,357,328,0
Firm3,310,-240351.2804529748,0,<bound method Firm.goodsPrice of <__main__.Firm object at 0x0000018CA7D7D590>>,357,328,0
Firm4,310,-266517.2604787881,371,<bound method Firm.goodsPrice of <__main__.Firm object at 0x0000018CA7B5FCE0>>,358,329,0
Firm5,310,-253100.07561652942,0,<bound method Firm.goodsPrice of <__main__.Firm object at 0x0000018CA7B5FE10>>,359,329,0
Firm6,310,-248937.87207972776,490,<bound method Firm.goodsPrice of <__main__.Firm object at 0x0000018CA7D75130>>,359,329,0
Firm7,310,-281981.46077740955,1353,<bound method Firm.goodsPrice of <__main__.Firm object at 0x0000018CA7DC8C00>>,358,328,0
Firm8,310,-343888.1982918972,2132,<bound method Firm.goodsPrice of <__main__.Firm object at 0x0000018CA7DC8D10>>,357,328,0
Firm9,310,-271856.21117794485,1599,<bound method Firm.goodsPrice of <__main__.Firm object at 0x0000018CA7D5A950>>,358,329,0
Firm10,310,-235883.68536556387,1088,<bound method Firm.goodsPrice of <__main__.Firm object at 0x0000018CA7D5AF50>>,359,330,0
Firm1,311,-237042.3253036903,0,<bound method Firm.goodsPrice of <__main__.Firm object at 0x0000018CA7D79940>>,359,330,0
Firm2,311,-243702.4417905986,0,<bound method Firm.goodsPrice of <__main__.Firm object at 0x0000018CA7D7D450>>,359,329,0
Firm3,311,-240916.91971941388,0,<bound method Firm.goodsPrice of <__main__.Firm object at 0x0000018CA7D7D590>>,359,329,0
Firm4,311,-267115.95311887184,371,<bound method Firm.goodsPrice of <__main__.Firm object at 0x0000018CA7B5FCE0>>,360,330,0
Firm5,311,-253684.17431644694,0,<bound method Firm.goodsPrice of <__main__.Firm object at 0x0000018CA7B5FE10>>,361,330,0
Firm6,311,-249500.42837129763,490,<bound method Firm.goodsPrice of <__main__.Firm object at 0x0000018CA7D75130>>,361,330,0
Firm7,311,-282609.0606151959,1354,<bound method Firm.goodsPrice of <__main__.Firm object at 0x0000018CA7DC8C00>>,360,329,0
Firm8,311,-344661.2350088466,2136,<bound method Firm.goodsPrice of <__main__.Firm object at 0x0000018CA7DC8D10>>,359,329,0
Firm9,311,-272473.0494255174,1601,<bound method Firm.goodsPrice of <__main__.Firm object at 0x0000018CA7D5A950>>,360,330,0
Firm10,311,-236410.63433339706,1089,<bound method Firm.goodsPrice of <__main__.Firm object at 0x0000018CA7D5AF50>>,361,331,0
Firm1,312,-237578.65879354381,0,<bound method Firm.goodsPrice of <__main__.Firm object at 0x0000018CA7D79940>>,361,331,0
Firm2,312,-244338.20065742204,0,<bound method Firm.goodsPrice of <__main__.Firm object at 0x0000018CA7D7D450>>,361,330,0
Firm3,312,-241482.55898585296,0,<bound method Firm.goodsPrice of <__main__.Firm object at 0x0000018CA7D7D590>>,361,330,0
Firm4,312,-267715.6844661401,371,<bound method Firm.goodsPrice of <__main__.Firm object at 0x0000018CA7B5FCE0>>,362,331,0
Firm5,312,-254268.27301636446,0,<bound method Firm.goodsPrice of <__main__.Firm object at 0x0000018CA7B5FE10>>,363,331,0
Firm6,312,-250051.70548967508,489,<bound method Firm.goodsPrice of <__main__.Firm object at 0x0000018CA7D75130>>,363,331,0
Firm7,312,-283236.66045298224,1355,<bound method Firm.goodsPrice of <__main__.Firm object at 0x0000018CA7DC8C00>>,362,330,0
Firm8,312,-345398.38448873843,2139,<bound method Firm.goodsPrice of <__main__.Firm object at 0x0000018CA7DC8D10>>,361,330,0
Firm9,312,-273082.92405462585,1603,<bound method Firm.goodsPrice of <__main__.Firm object at 0x0000018CA7D5A950>>,362,331,0
Firm10,312,-236945.55126815336,1091,<bound method Firm.goodsPrice of <__main__.Firm object at 0x0000018CA7D5AF50>>,363,332,0
Firm1,313,-238114.99228339733,0,<bound method Firm.goodsPrice of <__main__.Firm object at 0x0000018CA7D79940>>,363,332,0
Firm2,313,-244973.9595242455,0,<bound method Firm.goodsPrice of <__main__.Firm object at 0x0000018CA7D7D450>>,363,331,0
Firm3,313,-242048.19825229203,0,<bound method Firm.goodsPrice of <__main__.Firm object at 0x0000018CA7D7D590>>,363,331,0
Firm4,313,-268351.8938784459,372,<bound method Firm.goodsPrice of <__main__.Firm object at 0x0000018CA7B5FCE0>>,364,332,0
Firm5,313,-254852.37171628198,0,<bound method Firm.goodsPrice of <__main__.Firm object at 0x0000018CA7B5FE10>>,365,332,0
Firm6,313,-250602.98260805252,488,<bound method Firm.goodsPrice of <__main__.Firm object at 0x0000018CA7D75130>>,365,332,0
Firm7,313,-283852.3507256384,1355,<bound method Firm.goodsPrice of <__main__.Firm object at 0x0000018CA7DC8C00>>,364,331,0
Firm8,313,-346171.42120568786,2143,<bound method Firm.goodsPrice of <__main__.Firm object at 0x0000018CA7DC8D10>>,363,331,0
Firm9,313,-273674.75657422136,1603,<bound method Firm.goodsPrice of <__main__.Firm object at 0x0000018CA7D5A950>>,364,332,0
Firm10,313,-237480.46820290966,1093,<bound method Firm.goodsPrice of <__main__.Firm object at 0x0000018CA7D5AF50>>,365,333,0
Firm1,314,-238651.32577325084,0,<bound method Firm.goodsPrice of <__main__.Firm object at 0x0000018CA7D79940>>,365,333,0
Firm2,314,-245609.71839106895,0,<bound method Firm.goodsPrice of <__main__.Firm object at 0x0000018CA7D7D450>>,365,332,0
Firm3,314,-242613.8375187311,0,<bound method Firm.goodsPrice of <__main__.Firm object at 0x0000018CA7D7D590>>,365,332,0
Firm4,314,-268914.1084534921,371,<bound method Firm.goodsPrice of <__main__.Firm object at 0x0000018CA7B5FCE0>>,366,333,0
Firm5,314,-255436.4704161995,0,<bound method Firm.goodsPrice of <__main__.Firm object at 0x0000018CA7B5FE10>>,367,333,0
Firm6,314,-251176.8180728148,489,<bound method Firm.goodsPrice of <__main__.Firm object at 0x0000018CA7D75130>>,367,333,0
Firm7,314,-284491.8601285549,1357,<bound method Firm.goodsPrice of <__main__.Firm object at 0x0000018CA7DC8C00>>,366,332,0
Firm8,314,-346908.5706855797,2146,<bound method Firm.goodsPrice of <__main__.Firm object at 0x0000018CA7DC8D10>>,365,332,0
Firm9,314,-274309.63693130686,1607,<bound method Firm.goodsPrice of <__main__.Firm object at 0x0000018CA7D5A950>>,366,333,0
Firm10,314,-238007.41717074285,1094,<bound method Firm.goodsPrice of <__main__.Firm object at 0x0000018CA7D5AF50>>,367,334,0
Firm1,315,-239187.65926310435,0,<bound method Firm.goodsPrice of <__main__.Firm object at 0x0000018CA7D79940>>,367,334,0
Firm2,315,-246245.4772578924,0,<bound method Firm.goodsPrice of <__main__.Firm object at 0x0000018CA7D7D450>>,367,333,0
Firm3,315,-243179.47678517018,0,<bound method Firm.goodsPrice of <__main__.Firm object at 0x0000018CA7D7D590>>,367,333,0
Firm4,315,-269550.3178657979,372,<bound method Firm.goodsPrice of <__main__.Firm object at 0x0000018CA7B5FCE0>>,368,334,0
Firm5,315,-256020.56911611703,0,<bound method Firm.goodsPrice of <__main__.Firm object at 0x0000018CA7B5FE10>>,369,334,0
Firm6,315,-251716.81601799984,487,<bound method Firm.goodsPrice of <__main__.Firm object at 0x0000018CA7D75130>>,369,334,0
Firm7,315,-285107.5504012111,1357,<bound method Firm.goodsPrice of <__main__.Firm object at 0x0000018CA7DC8C00>>,368,333,0
Firm8,315,-347681.6074025291,2150,<bound method Firm.goodsPrice of <__main__.Firm object at 0x0000018CA7DC8D10>>,367,333,0
Firm9,315,-274919.5115604153,1609,<bound method Firm.goodsPrice of <__main__.Firm object at 0x0000018CA7D5A950>>,368,334,0
Firm10,315,-238534.36613857604,1095,<bound method Firm.goodsPrice of <__main__.Firm object at 0x0000018CA7D5AF50>>,369,335,0
Firm1,316,-239723.99275295786,0,<bound method Firm.goodsPrice of <__main__.Firm object at 0x0000018CA7D79940>>,369,335,0
Firm2,316,-246881.23612471586,0,<bound method Firm.goodsPrice of <__main__.Firm object at 0x0000018CA7D7D450>>,369,334,0
Firm3,316,-243745.11605160925,0,<bound method Firm.goodsPrice of <__main__.Firm object at 0x0000018CA7D7D590>>,369,334,0
Firm4,316,-270112.5324408441,371,<bound method Firm.goodsPrice of <__main__.Firm object at 0x0000018CA7B5FCE0>>,370,335,0
Firm5,316,-256604.66781603455,0,<bound method Firm.goodsPrice of <__main__.Firm object at 0x0000018CA7B5FE10>>,371,335,0
Firm6,316,-252290.65148276213,488,<bound method Firm.goodsPrice of <__main__.Firm object at 0x0000018CA7D75130>>,371,335,0
Firm7,316,-285747.0598041276,1359,<bound method Firm.goodsPrice of <__main__.Firm object at 0x0000018CA7DC8C00>>,370,334,0
Firm8,316,-348418.7568824209,2153,<bound method Firm.goodsPrice of <__main__.Firm object at 0x0000018CA7DC8D10>>,369,334,0
Firm9,316,-275523.84694399935,1610,<bound method Firm.goodsPrice of <__main__.Firm object at 0x0000018CA7D5A950>>,370,335,0
Firm10,316,-239069.28307333234,1097,<bound method Firm.goodsPrice of <__main__.Firm object at 0x0000018CA7D5AF50>>,371,336,0
Firm1,317,-240260.32624281137,0,<bound method Firm.goodsPrice of <__main__.Firm object at 0x0000018CA7D79940>>,371,336,0
Firm2,317,-247516.9949915393,0,<bound method Firm.goodsPrice of <__main__.Firm object at 0x0000018CA7D7D450>>,371,335,0
Firm3,317,-244310.75531804832,0,<bound method Firm.goodsPrice of <__main__.Firm object at 0x0000018CA7D7D590>>,371,335,0
Firm4,317,-270748.7418531499,372,<bound method Firm.goodsPrice of <__main__.Firm object at 0x0000018CA7B5FCE0>>,372,336,0
Firm5,317,-257188.76651595207,0,<bound method Firm.goodsPrice of <__main__.Firm object at 0x0000018CA7B5FE10>>,373,336,0
Firm6,317,-252830.64942794715,486,<bound method Firm.goodsPrice of <__main__.Firm object at 0x0000018CA7D75130>>,373,336,0
Firm7,317,-286362.75007678376,1359,<bound method Firm.goodsPrice of <__main__.Firm object at 0x0000018CA7DC8C00>>,372,335,0
Firm8,317,-349191.79359937034,2157,<bound method Firm.goodsPrice of <__main__.Firm object at 0x0000018CA7DC8D10>>,371,335,0
Firm9,317,-276133.7215731078,1612,<bound method Firm.goodsPrice of <__main__.Firm object at 0x0000018CA7D5A950>>,372,336,0
Firm10,317,-239588.2640742424,1097,<bound method Firm.goodsPrice of <__main__.Firm object at 0x0000018CA7D5AF50>>,373,337,0
Firm1,318,-240796.65973266488,0,<bound method Firm.goodsPrice of <__main__.Firm object at 0x0000018CA7D79940>>,373,337,0
Firm2,318,-248152.75385836276,0,<bound method Firm.goodsPrice of <__main__.Firm object at 0x0000018CA7D7D450>>,373,336,0
Firm3,318,-244876.3945844874,0,<bound method Firm.goodsPrice of <__main__.Firm object at 0x0000018CA7D7D590>>,373,336,0
Firm4,318,-271348.4732004182,372,<bound method Firm.goodsPrice of <__main__.Firm object at 0x0000018CA7B5FCE0>>,374,337,0
Firm5,318,-257772.8652158696,0,<bound method Firm.goodsPrice of <__main__.Firm object at 0x0000018CA7B5FE10>>,375,337,0
Firm6,318,-253393.20571951702,486,<bound method Firm.goodsPrice of <__main__.Firm object at 0x0000018CA7D75130>>,375,337,0
Firm7,318,-286990.3499145701,1360,<bound method Firm.goodsPrice of <__main__.Firm object at 0x0000018CA7DC8C00>>,374,336,0
Firm8,318,-349964.83031631977,2161,<bound method Firm.goodsPrice of <__main__.Firm object at 0x0000018CA7DC8D10>>,373,336,0
Firm9,318,-276743.5962022163,1614,<bound method Firm.goodsPrice of <__main__.Firm object at 0x0000018CA7D5A950>>,374,337,0
Firm10,318,-240115.2130420756,1098,<bound method Firm.goodsPrice of <__main__.Firm object at 0x0000018CA7D5AF50>>,375,338,0
Firm1,319,-241332.9932225184,0,<bound method Firm.goodsPrice of <__main__.Firm object at 0x0000018CA7D79940>>,375,338,0
Firm2,319,-248788.5127251862,0,<bound method Firm.goodsPrice of <__main__.Firm object at 0x0000018CA7D7D450>>,375,337,0
Firm3,319,-245442.03385092647,0,<bound method Firm.goodsPrice of <__main__.Firm object at 0x0000018CA7D7D590>>,375,337,0
Firm4,319,-271947.1658405019,372,<bound method Firm.goodsPrice of <__main__.Firm object at 0x0000018CA7B5FCE0>>,376,338,0
Firm5,319,-258356.9639157871,0,<bound method Firm.goodsPrice of <__main__.Firm object at 0x0000018CA7B5FE10>>,377,338,0
Firm6,319,-253955.7620110869,486,<bound method Firm.goodsPrice of <__main__.Firm object at 0x0000018CA7D75130>>,377,338,0
Firm7,319,-287617.94975235645,1361,<bound method Firm.goodsPrice of <__main__.Firm object at 0x0000018CA7DC8C00>>,376,337,0
Firm8,319,-350701.9797962116,2164,<bound method Firm.goodsPrice of <__main__.Firm object at 0x0000018CA7DC8D10>>,375,337,0
Firm9,319,-277347.9315858003,1615,<bound method Firm.goodsPrice of <__main__.Firm object at 0x0000018CA7D5A950>>,376,338,0
Firm10,319,-240658.097943755,1101,<bound method Firm.goodsPrice of <__main__.Firm object at 0x0000018CA7D5AF50>>,377,339,0
Firm1,320,-241869.3267123719,0,<bound method Firm.goodsPrice of <__main__.Firm object at 0x0000018CA7D79940>>,377,339,0
Firm2,320,-249424.27159200967,0,<bound method Firm.goodsPrice of <__main__.Firm object at 0x0000018CA7D7D450>>,377,338,0
Firm3,320,-246007.67311736554,0,<bound method Firm.goodsPrice of <__main__.Firm object at 0x0000018CA7D7D590>>,377,338,0
Firm4,320,-272546.89718777017,372,<bound method Firm.goodsPrice of <__main__.Firm object at 0x0000018CA7B5FCE0>>,378,339,0
Firm5,320,-258941.06261570464,0,<bound method Firm.goodsPrice of <__main__.Firm object at 0x0000018CA7B5FE10>>,379,339,0
Firm6,320,-254495.7599562719,484,<bound method Firm.goodsPrice of <__main__.Firm object at 0x0000018CA7D75130>>,379,339,0
Firm7,320,-288245.5495901428,1362,<bound method Firm.goodsPrice of <__main__.Firm object at 0x0000018CA7DC8C00>>,378,338,0
Firm8,320,-351475.016513161,2168,<bound method Firm.goodsPrice of <__main__.Firm object at 0x0000018CA7DC8D10>>,377,338,0
Firm9,320,-277957.8062149088,1617,<bound method Firm.goodsPrice of <__main__.Firm object at 0x0000018CA7D5A950>>,378,339,0
Firm10,320,-241185.0469115882,1102,<bound method Firm.goodsPrice of <__main__.Firm object at 0x0000018CA7D5AF50>>,379,340,0
Firm1,321,-242405.6602022254,0,<bound method Firm.goodsPrice of <__main__.Firm object at 0x0000018CA7D79940>>,379,340,0
Firm2,321,-250060.03045883312,0,<bound method Firm.goodsPrice of <__main__.Firm object at 0x0000018CA7D7D450>>,379,339,0
Firm3,321,-246573.31238380462,0,<bound method Firm.goodsPrice of <__main__.Firm object at 0x0000018CA7D7D590>>,379,339,0
Firm4,321,-273183.10660007596,373,<bound method Firm.goodsPrice of <__main__.Firm object at 0x0000018CA7B5FCE0>>,380,340,0
Firm5,321,-259525.16131562216,0,<bound method Firm.goodsPrice of <__main__.Firm object at 0x0000018CA7B5FE10>>,381,340,0
Firm6,321,-255047.03707464936,483,<bound method Firm.goodsPrice of <__main__.Firm object at 0x0000018CA7D75130>>,381,340,0
Firm7,321,-288861.23986279895,1362,<bound method Firm.goodsPrice of <__main__.Firm object at 0x0000018CA7DC8C00>>,380,339,0
Firm8,321,-352248.05323011044,2172,<bound method Firm.goodsPrice of <__main__.Firm object at 0x0000018CA7DC8D10>>,379,339,0
Firm9,321,-278567.68084401725,1619,<bound method Firm.goodsPrice of <__main__.Firm object at 0x0000018CA7D5A950>>,380,340,0
Firm10,321,-241704.02791249828,1102,<bound method Firm.goodsPrice of <__main__.Firm object at 0x0000018CA7D5AF50>>,381,341,0
Firm1,322,-242941.99369207892,0,<bound method Firm.goodsPrice of <__main__.Firm object at 0x0000018CA7D79940>>,381,341,0
Firm2,322,-250695.78932565657,0,<bound method Firm.goodsPrice of <__main__.Firm object at 0x0000018CA7D7D450>>,381,340,0
Firm3,322,-247138.9516502437,0,<bound method Firm.goodsPrice of <__main__.Firm object at 0x0000018CA7D7D590>>,381,340,0
Firm4,322,-273745.32117512217,372,<bound method Firm.goodsPrice of <__main__.Firm object at 0x0000018CA7B5FCE0>>,382,341,0
Firm5,322,-260109.26001553968,0,<bound method Firm.goodsPrice of <__main__.Firm object at 0x0000018CA7B5FE10>>,383,341,0
Firm6,322,-255620.87253941165,484,<bound method Firm.goodsPrice of <__main__.Firm object at 0x0000018CA7D75130>>,383,341,0
Firm7,322,-289500.7492657155,1364,<bound method Firm.goodsPrice of <__main__.Firm object at 0x0000018CA7DC8C00>>,382,340,0
Firm8,322,-352985.20271000225,2175,<bound method Firm.goodsPrice of <__main__.Firm object at 0x0000018CA7DC8D10>>,381,340,0
Firm9,322,-279172.01622760127,1620,<bound method Firm.goodsPrice of <__main__.Firm object at 0x0000018CA7D5A950>>,382,341,0
Firm10,322,-242238.94484725458,1104,<bound method Firm.goodsPrice of <__main__.Firm object at 0x0000018CA7D5AF50>>,383,342,0
Firm1,323,-243478.32718193243,0,<bound method Firm.goodsPrice of <__main__.Firm object at 0x0000018CA7D79940>>,383,342,0
Firm2,323,-251331.54819248003,0,<bound method Firm.goodsPrice of <__main__.Firm object at 0x0000018CA7D7D450>>,383,341,0
Firm3,323,-247704.59091668276,0,<bound method Firm.goodsPrice of <__main__.Firm object at 0x0000018CA7D7D590>>,383,341,0
Firm4,323,-274381.53058742796,373,<bound method Firm.goodsPrice of <__main__.Firm object at 0x0000018CA7B5FCE0>>,384,342,0
Firm5,323,-260693.3587154572,0,<bound method Firm.goodsPrice of <__main__.Firm object at 0x0000018CA7B5FE10>>,385,342,0
Firm6,323,-256160.87048459667,482,<bound method Firm.goodsPrice of <__main__.Firm object at 0x0000018CA7D75130>>,385,342,0
Firm7,323,-290116.43953837163,1364,<bound method Firm.goodsPrice of <__main__.Firm object at 0x0000018CA7DC8C00>>,384,341,0
Firm8,323,-353758.2394269517,2179,<bound method Firm.goodsPrice of <__main__.Firm object at 0x0000018CA7DC8D10>>,383,341,0
Firm9,323,-279781.89085670974,1622,<bound method Firm.goodsPrice of <__main__.Firm object at 0x0000018CA7D5A950>>,384,342,0
Firm10,323,-242773.86178201088,1106,<bound method Firm.goodsPrice of <__main__.Firm object at 0x0000018CA7D5AF50>>,385,343,0
Firm1,324,-244014.66067178594,0,<bound method Firm.goodsPrice of <__main__.Firm object at 0x0000018CA7D79940>>,385,343,0
Firm2,324,-251967.30705930348,0,<bound method Firm.goodsPrice of <__main__.Firm object at 0x0000018CA7D7D450>>,385,342,0
Firm3,324,-248270.23018312184,0,<bound method Firm.goodsPrice of <__main__.Firm object at 0x0000018CA7D7D590>>,385,342,0
Firm4,324,-274943.74516247417,372,<bound method Firm.goodsPrice of <__main__.Firm object at 0x0000018CA7B5FCE0>>,386,343,0
Firm5,324,-261277.45741537472,0,<bound method Firm.goodsPrice of <__main__.Firm object at 0x0000018CA7B5FE10>>,387,343,0
Firm6,324,-256723.42677616654,482,<bound method Firm.goodsPrice of <__main__.Firm object at 0x0000018CA7D75130>>,387,343,0
Firm7,324,-290755.94894128817,1366,<bound method Firm.goodsPrice of <__main__.Firm object at 0x0000018CA7DC8C00>>,386,342,0
Firm8,324,-354531.2761439011,2183,<bound method Firm.goodsPrice of <__main__.Firm object at 0x0000018CA7DC8D10>>,385,342,0
Firm9,324,-280379.2626218297,1623,<bound method Firm.goodsPrice of <__main__.Firm object at 0x0000018CA7D5A950>>,386,343,0
Firm10,324,-243300.81074984407,1107,<bound method Firm.goodsPrice of <__main__.Firm object at 0x0000018CA7D5AF50>>,387,344,0
Firm1,325,-244550.99416163945,0,<bound method Firm.goodsPrice of <__main__.Firm object at 0x0000018CA7D79940>>,387,344,0
Firm2,325,-252603.06592612693,0,<bound method Firm.goodsPrice of <__main__.Firm object at 0x0000018CA7D7D450>>,387,343,0
Firm3,325,-248835.8694495609,0,<bound method Firm.goodsPrice of <__main__.Firm object at 0x0000018CA7D7D590>>,387,343,0
Firm4,325,-275579.95457477996,373,<bound method Firm.goodsPrice of <__main__.Firm object at 0x0000018CA7B5FCE0>>,388,344,0
Firm5,325,-261861.55611529225,0,<bound method Firm.goodsPrice of <__main__.Firm object at 0x0000018CA7B5FE10>>,389,344,0
Firm6,325,-257274.70389454399,481,<bound method Firm.goodsPrice of <__main__.Firm object at 0x0000018CA7D75130>>,389,344,0
Firm7,325,-291371.6392139443,1366,<bound method Firm.goodsPrice of <__main__.Firm object at 0x0000018CA7DC8C00>>,388,343,0
Firm8,325,-355304.31286085054,2187,<bound method Firm.goodsPrice of <__main__.Firm object at 0x0000018CA7DC8D10>>,387,343,0
Firm9,325,-280983.5980054137,1624,<bound method Firm.goodsPrice of <__main__.Firm object at 0x0000018CA7D5A950>>,388,344,0
Firm10,325,-243827.75971767725,1108,<bound method Firm.goodsPrice of <__main__.Firm object at 0x0000018CA7D5AF50>>,389,345,0
Firm1,326,-245087.32765149296,0,<bound method Firm.goodsPrice of <__main__.Firm object at 0x0000018CA7D79940>>,389,345,0
Firm2,326,-253238.82479295039,0,<bound method Firm.goodsPrice of <__main__.Firm object at 0x0000018CA7D7D450>>,389,344,0
Firm3,326,-249401.50871599998,0,<bound method Firm.goodsPrice of <__main__.Firm object at 0x0000018CA7D7D590>>,389,344,0
Firm4,326,-276142.16914982616,372,<bound method Firm.goodsPrice of <__main__.Firm object at 0x0000018CA7B5FCE0>>,390,345,0
Firm5,326,-262445.65481520956,0,<bound method Firm.goodsPrice of <__main__.Firm object at 0x0000018CA7B5FE10>>,391,345,0
Firm6,326,-257837.26018611385,481,<bound method Firm.goodsPrice of <__main__.Firm object at 0x0000018CA7D75130>>,391,345,0
Firm7,326,-292011.14861686085,1368,<bound method Firm.goodsPrice of <__main__.Firm object at 0x0000018CA7DC8C00>>,390,344,0
Firm8,326,-356041.46234074235,2190,<bound method Firm.goodsPrice of <__main__.Firm object at 0x0000018CA7DC8D10>>,389,344,0
Firm9,326,-281593.4726345222,1626,<bound method Firm.goodsPrice of <__main__.Firm object at 0x0000018CA7D5A950>>,390,345,0
Firm10,326,-244362.67665243355,1110,<bound method Firm.goodsPrice of <__main__.Firm object at 0x0000018CA7D5AF50>>,391,346,0
Firm1,327,-245623.66114134647,0,<bound method Firm.goodsPrice of <__main__.Firm object at 0x0000018CA7D79940>>,391,346,0
Firm2,327,-253874.58365977384,0,<bound method Firm.goodsPrice of <__main__.Firm object at 0x0000018CA7D7D450>>,391,345,0
Firm3,327,-249967.14798243906,0,<bound method Firm.goodsPrice of <__main__.Firm object at 0x0000018CA7D7D590>>,391,345,0
Firm4,327,-276778.37856213195,373,<bound method Firm.goodsPrice of <__main__.Firm object at 0x0000018CA7B5FCE0>>,392,346,0
Firm5,327,-263029.7535151275,0,<bound method Firm.goodsPrice of <__main__.Firm object at 0x0000018CA7B5FE10>>,393,346,0
Firm6,327,-258388.5373044913,480,<bound method Firm.goodsPrice of <__main__.Firm object at 0x0000018CA7D75130>>,393,346,0
Firm7,327,-292626.838889517,1368,<bound method Firm.goodsPrice of <__main__.Firm object at 0x0000018CA7DC8C00>>,392,345,0
Firm8,327,-356814.4990576918,2194,<bound method Firm.goodsPrice of <__main__.Firm object at 0x0000018CA7DC8D10>>,391,345,0
Firm9,327,-282203.34726363065,1628,<bound method Firm.goodsPrice of <__main__.Firm object at 0x0000018CA7D5A950>>,392,346,0
Firm10,327,-244889.62562026674,1111,<bound method Firm.goodsPrice of <__main__.Firm object at 0x0000018CA7D5AF50>>,393,347,0
Firm1,328,-246159.99463119998,0,<bound method Firm.goodsPrice of <__main__.Firm object at 0x0000018CA7D79940>>,393,347,0
Firm2,328,-254510.3425265973,0,<bound method Firm.goodsPrice of <__main__.Firm object at 0x0000018CA7D7D450>>,393,346,0
Firm3,328,-250532.78724887813,0,<bound method Firm.goodsPrice of <__main__.Firm object at 0x0000018CA7D7D590>>,393,346,0
Firm4,328,-277340.59313717816,372,<bound method Firm.goodsPrice of <__main__.Firm object at 0x0000018CA7B5FCE0>>,394,347,0
Firm5,328,-263613.8522150455,0,<bound method Firm.goodsPrice of <__main__.Firm object at 0x0000018CA7B5FE10>>,395,347,0
Firm6,328,-258962.3727692536,481,<bound method Firm.goodsPrice of <__main__.Firm object at 0x0000018CA7D75130>>,395,347,0
Firm7,328,-293266.34829243354,1370,<bound method Firm.goodsPrice of <__main__.Firm object at 0x0000018CA7DC8C00>>,394,346,0
Firm8,328,-357587.5357746412,2198,<bound method Firm.goodsPrice of <__main__.Firm object at 0x0000018CA7DC8D10>>,393,346,0
Firm9,328,-282820.1855112032,1630,<bound method Firm.goodsPrice of <__main__.Firm object at 0x0000018CA7D5A950>>,394,347,0
Firm10,328,-245416.57458809993,1112,<bound method Firm.goodsPrice of <__main__.Firm object at 0x0000018CA7D5AF50>>,395,348,0
Firm1,329,-246696.3281210535,0,<bound method Firm.goodsPrice of <__main__.Firm object at 0x0000018CA7D79940>>,395,348,0
Firm2,329,-255146.10139342074,0,<bound method Firm.goodsPrice of <__main__.Firm object at 0x0000018CA7D7D450>>,395,347,0
Firm3,329,-251098.4265153172,0,<bound method Firm.goodsPrice of <__main__.Firm object at 0x0000018CA7D7D590>>,395,347,0
Firm4,329,-277976.80254948395,373,<bound method Firm.goodsPrice of <__main__.Firm object at 0x0000018CA7B5FCE0>>,396,348,0
Firm5,329,-264197.95091496344,0,<bound method Firm.goodsPrice of <__main__.Firm object at 0x0000018CA7B5FE10>>,397,348,0
Firm6,329,-259502.3707144386,479,<bound method Firm.goodsPrice of <__main__.Firm object at 0x0000018CA7D75130>>,397,348,0
Firm7,329,-293882.0385650897,1370,<bound method Firm.goodsPrice of <__main__.Firm object at 0x0000018CA7DC8C00>>,396,347,0
Firm8,329,-358324.685254533,2201,<bound method Firm.goodsPrice of <__main__.Firm object at 0x0000018CA7DC8D10>>,395,347,0
Firm9,329,-283417.55727632315,1631,<bound method Firm.goodsPrice of <__main__.Firm object at 0x0000018CA7D5A950>>,396,348,0
Firm10,329,-245951.49152285623,1114,<bound method Firm.goodsPrice of <__main__.Firm object at 0x0000018CA7D5AF50>>,397,349,0
Firm1,330,-247232.661610907,0,<bound method Firm.goodsPrice of <__main__.Firm object at 0x0000018CA7D79940>>,397,349,0
Firm2,330,-255781.8602602442,0,<bound method Firm.goodsPrice of <__main__.Firm object at 0x0000018CA7D7D450>>,397,348,0
Firm3,330,-251664.06578175628,0,<bound method Firm.goodsPrice of <__main__.Firm object at 0x0000018CA7D7D590>>,397,348,0
Firm4,330,-278576.5338967522,373,<bound method Firm.goodsPrice of <__main__.Firm object at 0x0000018CA7B5FCE0>>,398,349,0
Firm5,330,-264782.0496148814,0,<bound method Firm.goodsPrice of <__main__.Firm object at 0x0000018CA7B5FE10>>,399,349,0
Firm6,330,-260053.64783281606,478,<bound method Firm.goodsPrice of <__main__.Firm object at 0x0000018CA7D75130>>,399,349,0
Firm7,330,-294509.63840287604,1371,<bound method Firm.goodsPrice of <__main__.Firm object at 0x0000018CA7DC8C00>>,398,348,0
Firm8,330,-359097.72197148245,2205,<bound method Firm.goodsPrice of <__main__.Firm object at 0x0000018CA7DC8D10>>,397,348,0
Firm9,330,-284027.4319054316,1633,<bound method Firm.goodsPrice of <__main__.Firm object at 0x0000018CA7D5A950>>,398,349,0
Firm10,330,-246478.44049068942,1115,<bound method Firm.goodsPrice of <__main__.Firm object at 0x0000018CA7D5AF50>>,399,350,0
Firm1,331,-247768.9951007605,0,<bound method Firm.goodsPrice of <__main__.Firm object at 0x0000018CA7D79940>>,399,350,0
Firm2,331,-256417.61912706765,0,<bound method Firm.goodsPrice of <__main__.Firm object at 0x0000018CA7D7D450>>,399,349,0
Firm3,331,-252229.70504819535,0,<bound method Firm.goodsPrice of <__main__.Firm object at 0x0000018CA7D7D590>>,399,349,0
Firm4,331,-279175.22653683595,373,<bound method Firm.goodsPrice of <__main__.Firm object at 0x0000018CA7B5FCE0>>,400,350,0
Firm5,331,-265366.14831479936,0,<bound method Firm.goodsPrice of <__main__.Firm object at 0x0000018CA7B5FE10>>,401,350,0
Firm6,331,-260604.9249511935,477,<bound method Firm.goodsPrice of <__main__.Firm object at 0x0000018CA7D75130>>,401,350,0
Firm7,331,-295137.2382406624,1372,<bound method Firm.goodsPrice of <__main__.Firm object at 0x0000018CA7DC8C00>>,400,349,0
Firm8,331,-359834.87145137426,2208,<bound method Firm.goodsPrice of <__main__.Firm object at 0x0000018CA7DC8D10>>,399,349,0
Firm9,331,-284656.77301699267,1636,<bound method Firm.goodsPrice of <__main__.Firm object at 0x0000018CA7D5A950>>,400,350,0
Firm10,331,-247013.35742544572,1117,<bound method Firm.goodsPrice of <__main__.Firm object at 0x0000018CA7D5AF50>>,401,351,0
Firm1,332,-248305.32859061402,0,<bound method Firm.goodsPrice of <__main__.Firm object at 0x0000018CA7D79940>>,401,351,0
Firm2,332,-257053.3779938911,0,<bound method Firm.goodsPrice of <__main__.Firm object at 0x0000018CA7D7D450>>,401,350,0
Firm3,332,-252795.34431463442,0,<bound method Firm.goodsPrice of <__main__.Firm object at 0x0000018CA7D7D590>>,401,350,0
Firm4,332,-279774.9578841042,373,<bound method Firm.goodsPrice of <__main__.Firm object at 0x0000018CA7B5FCE0>>,402,351,0
Firm5,332,-265950.2470147173,0,<bound method Firm.goodsPrice of <__main__.Firm object at 0x0000018CA7B5FE10>>,403,351,0
Firm6,332,-261167.48124276337,477,<bound method Firm.goodsPrice of <__main__.Firm object at 0x0000018CA7D75130>>,403,351,0
Firm7,332,-295764.8380784487,1373,<bound method Firm.goodsPrice of <__main__.Firm object at 0x0000018CA7DC8C00>>,402,350,0
Firm8,332,-360607.9081683237,2212,<bound method Firm.goodsPrice of <__main__.Firm object at 0x0000018CA7DC8D10>>,401,350,0
Firm9,332,-285254.1447821126,1637,<bound method Firm.goodsPrice of <__main__.Firm object at 0x0000018CA7D5A950>>,402,351,0
Firm10,332,-247548.27436020202,1119,<bound method Firm.goodsPrice of <__main__.Firm object at 0x0000018CA7D5AF50>>,403,352,0
Firm1,333,-248841.66208046753,0,<bound method Firm.goodsPrice of <__main__.Firm object at 0x0000018CA7D79940>>,403,352,0
Firm2,333,-257689.13686071456,0,<bound method Firm.goodsPrice of <__main__.Firm object at 0x0000018CA7D7D450>>,403,351,0
Firm3,333,-253360.9835810735,0,<bound method Firm.goodsPrice of <__main__.Firm object at 0x0000018CA7D7D590>>,403,351,0
Firm4,333,-280373.65052418795,373,<bound method Firm.goodsPrice of <__main__.Firm object at 0x0000018CA7B5FCE0>>,404,352,0
Firm5,333,-266534.3457146353,0,<bound method Firm.goodsPrice of <__main__.Firm object at 0x0000018CA7B5FE10>>,405,352,0
Firm6,333,-261730.03753433324,477,<bound method Firm.goodsPrice of <__main__.Firm object at 0x0000018CA7D75130>>,405,352,0
Firm7,333,-296385.768599364,1374,<bound method Firm.goodsPrice of <__main__.Firm object at 0x0000018CA7DC8C00>>,404,350,0
Firm8,333,-361334.3152245109,2215,<bound method Firm.goodsPrice of <__main__.Firm object at 0x0000018CA7DC8D10>>,403,350,0
Firm9,333,-285857.6436330673,1639,<bound method Firm.goodsPrice of <__main__.Firm object at 0x0000018CA7D5A950>>,404,351,0
Firm10,333,-248092.7407474791,1122,<bound method Firm.goodsPrice of <__main__.Firm object at 0x0000018CA7D5AF50>>,405,352,0
Firm1,334,-249381.4166115132,0,<bound method Firm.goodsPrice of <__main__.Firm object at 0x0000018CA7D79940>>,405,352,0
Firm2,334,-258317.05935333972,0,<bound method Firm.goodsPrice of <__main__.Firm object at 0x0000018CA7D7D450>>,405,351,0
Firm3,334,-253914.98967406835,0,<bound method Firm.goodsPrice of <__main__.Firm object at 0x0000018CA7D7D590>>,405,351,0
Firm4,334,-280963.1110776298,373,<bound method Firm.goodsPrice of <__main__.Firm object at 0x0000018CA7B5FCE0>>,406,352,0
Firm5,334,-267115.4705293617,0,<bound method Firm.goodsPrice of <__main__.Firm object at 0x0000018CA7B5FE10>>,407,352,0
Firm6,334,-262276.36300929054,476,<bound method Firm.goodsPrice of <__main__.Firm object at 0x0000018CA7D75130>>,407,352,0
Firm7,334,-297006.6991202792,1375,<bound method Firm.goodsPrice of <__main__.Firm object at 0x0000018CA7DC8C00>>,406,350,0
Firm8,334,-362096.60951775574,2219,<bound method Firm.goodsPrice of <__main__.Firm object at 0x0000018CA7DC8D10>>,405,350,0
Firm9,334,-286443.10037450906,1639,<bound method Firm.goodsPrice of <__main__.Firm object at 0x0000018CA7D5A950>>,406,351,0
Firm10,334,-248629.2391678331,1124,<bound method Firm.goodsPrice of <__main__.Firm object at 0x0000018CA7D5AF50>>,407,352,0
Firm1,335,-249921.1711425589,0,<bound method Firm.goodsPrice of <__main__.Firm object at 0x0000018CA7D79940>>,407,352,0
Firm2,335,-258944.98184596488,0,<bound method Firm.goodsPrice of <__main__.Firm object at 0x0000018CA7D7D450>>,407,351,0
Firm3,335,-254468.9957670632,0,<bound method Firm.goodsPrice of <__main__.Firm object at 0x0000018CA7D7D590>>,407,351,0
Firm4,335,-281551.5329238871,373,<bound method Firm.goodsPrice of <__main__.Firm object at 0x0000018CA7B5FCE0>>,408,352,0
Firm5,335,-267696.5953440881,0,<bound method Firm.goodsPrice of <__main__.Firm object at 0x0000018CA7B5FE10>>,409,352,0
Firm6,335,-262822.6884842478,475,<bound method Firm.goodsPrice of <__main__.Firm object at 0x0000018CA7D75130>>,409,352,0
Firm7,335,-297627.6296411945,1376,<bound method Firm.goodsPrice of <__main__.Firm object at 0x0000018CA7DC8C00>>,408,350,0
Firm8,335,-362858.9038110006,2223,<bound method Firm.goodsPrice of <__main__.Firm object at 0x0000018CA7DC8D10>>,407,350,0
Firm9,335,-287059.10208945227,1642,<bound method Firm.goodsPrice of <__main__.Firm object at 0x0000018CA7D5A950>>,408,351,0
Firm10,335,-249157.76962126396,1125,<bound method Firm.goodsPrice of <__main__.Firm object at 0x0000018CA7D5AF50>>,409,352,0
Firm1,336,-250460.92567360456,0,<bound method Firm.goodsPrice of <__main__.Firm object at 0x0000018CA7D79940>>,409,352,0
Firm2,336,-259572.90433859004,0,<bound method Firm.goodsPrice of <__main__.Firm object at 0x0000018CA7D7D450>>,409,351,0
Firm3,336,-255023.00186005805,0,<bound method Firm.goodsPrice of <__main__.Firm object at 0x0000018CA7D7D590>>,409,351,0
Firm4,336,-282140.9934773289,373,<bound method Firm.goodsPrice of <__main__.Firm object at 0x0000018CA7B5FCE0>>,410,352,0
Firm5,336,-268277.7201588145,0,<bound method Firm.goodsPrice of <__main__.Firm object at 0x0000018CA7B5FE10>>,411,352,0
Firm6,336,-263369.013959205,474,<bound method Firm.goodsPrice of <__main__.Firm object at 0x0000018CA7D75130>>,411,352,0
Firm7,336,-298248.56016210973,1377,<bound method Firm.goodsPrice of <__main__.Firm object at 0x0000018CA7DC8C00>>,410,350,0
Firm8,336,-363585.3108671878,2226,<bound method Firm.goodsPrice of <__main__.Firm object at 0x0000018CA7DC8D10>>,409,350,0
Firm9,336,-287675.1038043955,1645,<bound method Firm.goodsPrice of <__main__.Firm object at 0x0000018CA7D5A950>>,410,351,0
Firm10,336,-249686.30007469482,1126,<bound method Firm.goodsPrice of <__main__.Firm object at 0x0000018CA7D5AF50>>,411,352,0
Firm1,337,-251000.68020465024,0,<bound method Firm.goodsPrice of <__main__.Firm object at 0x0000018CA7D79940>>,411,352,0
Firm2,337,-260200.8268312152,0,<bound method Firm.goodsPrice of <__main__.Firm object at 0x0000018CA7D7D450>>,411,351,0
Firm3,337,-255577.0079530529,0,<bound method Firm.goodsPrice of <__main__.Firm object at 0x0000018CA7D7D590>>,411,351,0
Firm4,337,-282729.4153235862,373,<bound method Firm.goodsPrice of <__main__.Firm object at 0x0000018CA7B5FCE0>>,412,352,0
Firm5,337,-268858.8449735409,0,<bound method Firm.goodsPrice of <__main__.Firm object at 0x0000018CA7B5FE10>>,413,352,0
Firm6,337,-263926.6186073547,474,<bound method Firm.goodsPrice of <__main__.Firm object at 0x0000018CA7D75130>>,413,352,0
Firm7,337,-298869.490683025,1378,<bound method Firm.goodsPrice of <__main__.Firm object at 0x0000018CA7DC8C00>>,412,350,0
Firm8,337,-364347.60516043263,2230,<bound method Firm.goodsPrice of <__main__.Firm object at 0x0000018CA7DC8D10>>,411,350,0
Firm9,337,-288285.56627381424,1647,<bound method Firm.goodsPrice of <__main__.Firm object at 0x0000018CA7D5A950>>,412,351,0
Firm10,337,-250214.8305281257,1127,<bound method Firm.goodsPrice of <__main__.Firm object at 0x0000018CA7D5AF50>>,413,352,0
Firm1,338,-251540.43473569592,0,<bound method Firm.goodsPrice of <__main__.Firm object at 0x0000018CA7D79940>>,413,352,0
Firm2,338,-260828.74932384037,0,<bound method Firm.goodsPrice of <__main__.Firm object at 0x0000018CA7D7D450>>,413,351,0
Firm3,338,-256131.01404604776,0,<bound method Firm.goodsPrice of <__main__.Firm object at 0x0000018CA7D7D590>>,413,351,0
Firm4,338,-283318.87587702804,373,<bound method Firm.goodsPrice of <__main__.Firm object at 0x0000018CA7B5FCE0>>,414,352,0
Firm5,338,-269439.96978826734,0,<bound method Firm.goodsPrice of <__main__.Firm object at 0x0000018CA7B5FE10>>,415,352,0
Firm6,338,-264484.2232555044,474,<bound method Firm.goodsPrice of <__main__.Firm object at 0x0000018CA7D75130>>,415,352,0
Firm7,338,-299490.42120394023,1379,<bound method Firm.goodsPrice of <__main__.Firm object at 0x0000018CA7DC8C00>>,414,350,0
Firm8,338,-365109.89945367747,2234,<bound method Firm.goodsPrice of <__main__.Firm object at 0x0000018CA7DC8D10>>,413,350,0
Firm9,338,-288876.5622607804,1648,<bound method Firm.goodsPrice of <__main__.Firm object at 0x0000018CA7D5A950>>,414,351,0
Firm10,338,-250743.36098155656,1128,<bound method Firm.goodsPrice of <__main__.Firm object at 0x0000018CA7D5AF50>>,415,352,0
Firm1,339,-252080.1892667416,0,<bound method Firm.goodsPrice of <__main__.Firm object at 0x0000018CA7D79940>>,415,352,0
Firm2,339,-261456.67181646553,0,<bound method Firm.goodsPrice of <__main__.Firm object at 0x0000018CA7D7D450>>,415,351,0
Firm3,339,-256685.0201390426,0,<bound method Firm.goodsPrice of <__main__.Firm object at 0x0000018CA7D7D590>>,415,351,0
Firm4,339,-283944.8144955074,374,<bound method Firm.goodsPrice of <__main__.Firm object at 0x0000018CA7B5FCE0>>,416,352,0
Firm5,339,-270021.09460299375,0,<bound method Firm.goodsPrice of <__main__.Firm object at 0x0000018CA7B5FE10>>,417,352,0
Firm6,339,-265030.5487304616,473,<bound method Firm.goodsPrice of <__main__.Firm object at 0x0000018CA7D75130>>,417,352,0
Firm7,339,-300099.4421597253,1379,<bound method Firm.goodsPrice of <__main__.Firm object at 0x0000018CA7DC8C00>>,416,350,0
Firm8,339,-365836.3065098647,2237,<bound method Firm.goodsPrice of <__main__.Firm object at 0x0000018CA7DC8D10>>,415,350,0
Firm9,339,-289467.5582477466,1649,<bound method Firm.goodsPrice of <__main__.Firm object at 0x0000018CA7D5A950>>,416,351,0
Firm10,339,-251287.82736883365,1131,<bound method Firm.goodsPrice of <__main__.Firm object at 0x0000018CA7D5AF50>>,417,352,0
Firm1,340,-252619.94379778727,0,<bound method Firm.goodsPrice of <__main__.Firm object at 0x0000018CA7D79940>>,417,352,0
Firm2,340,-262084.59430909072,0,<bound method Firm.goodsPrice of <__main__.Firm object at 0x0000018CA7D7D450>>,417,351,0
Firm3,340,-257239.02623203746,0,<bound method Firm.goodsPrice of <__main__.Firm object at 0x0000018CA7D7D590>>,417,351,0
Firm4,340,-284496.75827672717,373,<bound method Firm.goodsPrice of <__main__.Firm object at 0x0000018CA7B5FCE0>>,418,352,0
Firm5,340,-270602.21941772016,0,<bound method Firm.goodsPrice of <__main__.Firm object at 0x0000018CA7B5FE10>>,419,352,0
Firm6,340,-265588.1533786113,473,<bound method Firm.goodsPrice of <__main__.Firm object at 0x0000018CA7D75130>>,419,352,0
Firm7,340,-300732.28224577074,1381,<bound method Firm.goodsPrice of <__main__.Firm object at 0x0000018CA7DC8C00>>,418,350,0
Firm8,340,-366598.6008031095,2241,<bound method Firm.goodsPrice of <__main__.Firm object at 0x0000018CA7DC8D10>>,417,350,0
Firm9,340,-290078.0207171654,1651,<bound method Firm.goodsPrice of <__main__.Firm object at 0x0000018CA7D5A950>>,418,351,0
Firm10,340,-251816.35782226452,1132,<bound method Firm.goodsPrice of <__main__.Firm object at 0x0000018CA7D5AF50>>,419,352,0
Firm1,341,-253159.69832883295,0,<bound method Firm.goodsPrice of <__main__.Firm object at 0x0000018CA7D79940>>,419,352,0
Firm2,341,-262712.51680171594,0,<bound method Firm.goodsPrice of <__main__.Firm object at 0x0000018CA7D7D450>>,419,351,0
Firm3,341,-257793.0323250323,0,<bound method Firm.goodsPrice of <__main__.Firm object at 0x0000018CA7D7D590>>,419,351,0
Firm4,341,-285122.6968952065,374,<bound method Firm.goodsPrice of <__main__.Firm object at 0x0000018CA7B5FCE0>>,420,352,0
Firm5,341,-271183.3442324466,0,<bound method Firm.goodsPrice of <__main__.Firm object at 0x0000018CA7B5FE10>>,421,352,0
Firm6,341,-266123.1996803761,471,<bound method Firm.goodsPrice of <__main__.Firm object at 0x0000018CA7D75130>>,421,352,0
Firm7,341,-301341.3032015558,1381,<bound method Firm.goodsPrice of <__main__.Firm object at 0x0000018CA7DC8C00>>,420,350,0
Firm8,341,-367360.89509635436,2245,<bound method Firm.goodsPrice of <__main__.Firm object at 0x0000018CA7DC8D10>>,419,350,0
Firm9,341,-290687.4400139165,1654,<bound method Firm.goodsPrice of <__main__.Firm object at 0x0000018CA7D5A950>>,420,351,0
Firm10,341,-252352.8562426185,1134,<bound method Firm.goodsPrice of <__main__.Firm object at 0x0000018CA7D5AF50>>,421,352,0
Firm1,342,-253699.45285987863,0,<bound method Firm.goodsPrice of <__main__.Firm object at 0x0000018CA7D79940>>,421,352,0
Firm2,342,-263340.4392943412,0,<bound method Firm.goodsPrice of <__main__.Firm object at 0x0000018CA7D7D450>>,421,351,0
Firm3,342,-258347.03841802716,0,<bound method Firm.goodsPrice of <__main__.Firm object at 0x0000018CA7D7D590>>,421,351,0
Firm4,342,-285674.6406764263,373,<bound method Firm.goodsPrice of <__main__.Firm object at 0x0000018CA7B5FCE0>>,422,352,0
Firm5,342,-271764.469047173,0,<bound method Firm.goodsPrice of <__main__.Firm object at 0x0000018CA7B5FE10>>,423,352,0
Firm6,342,-266692.08350171824,472,<bound method Firm.goodsPrice of <__main__.Firm object at 0x0000018CA7D75130>>,423,352,0
Firm7,342,-301981.22853998194,1384,<bound method Firm.goodsPrice of <__main__.Firm object at 0x0000018CA7DC8C00>>,422,350,0
Firm8,342,-368124.093790171,2249,<bound method Firm.goodsPrice of <__main__.Firm object at 0x0000018CA7DC8D10>>,421,350,0
Firm9,342,-291309.3621746562,1658,<bound method Firm.goodsPrice of <__main__.Firm object at 0x0000018CA7D5A950>>,422,351,0
Firm10,342,-252865.45076220314,1133,<bound method Firm.goodsPrice of <__main__.Firm object at 0x0000018CA7D5AF50>>,423,352,0
Firm1,343,-254239.2073909243,0,<bound method Firm.goodsPrice of <__main__.Firm object at 0x0000018CA7D79940>>,423,352,0
Firm2,343,-263968.36178696644,0,<bound method Firm.goodsPrice of <__main__.Firm object at 0x0000018CA7D7D450>>,423,351,0
Firm3,343,-258901.04451102202,0,<bound method Firm.goodsPrice of <__main__.Firm object at 0x0000018CA7D7D590>>,423,351,0
Firm4,343,-286300.57929490565,374,<bound method Firm.goodsPrice of <__main__.Firm object at 0x0000018CA7B5FCE0>>,424,352,0
Firm5,343,-272345.5938618994,0,<bound method Firm.goodsPrice of <__main__.Firm object at 0x0000018CA7B5FE10>>,425,352,0
Firm6,343,-267238.4089766755,471,<bound method Firm.goodsPrice of <__main__.Firm object at 0x0000018CA7D75130>>,425,352,0
Firm7,343,-302597.3347481477,1385,<bound method Firm.goodsPrice of <__main__.Firm object at 0x0000018CA7DC8C00>>,424,350,0
Firm8,343,-368923.1797210453,2254,<bound method Firm.goodsPrice of <__main__.Firm object at 0x0000018CA7DC8D10>>,423,350,0
Firm9,343,-291913.2422258829,1660,<bound method Firm.goodsPrice of <__main__.Firm object at 0x0000018CA7D5A950>>,424,351,0
Firm10,343,-253393.981215634,1134,<bound method Firm.goodsPrice of <__main__.Firm object at 0x0000018CA7D5AF50>>,425,352,0
Firm1,344,-254778.96192196998,0,<bound method Firm.goodsPrice of <__main__.Firm object at 0x0000018CA7D79940>>,425,352,0
Firm2,344,-264596.2842795917,0,<bound method Firm.goodsPrice of <__main__.Firm object at 0x0000018CA7D7D450>>,425,351,0
Firm3,344,-259455.05060401687,0,<bound method Firm.goodsPrice of <__main__.Firm object at 0x0000018CA7D7D590>>,425,351,0
Firm4,344,-286890.0398483475,374,<bound method Firm.goodsPrice of <__main__.Firm object at 0x0000018CA7B5FCE0>>,426,352,0
Firm5,344,-272926.7186766258,0,<bound method Firm.goodsPrice of <__main__.Firm object at 0x0000018CA7B5FE10>>,427,352,0
Firm6,344,-267796.01362482517,471,<bound method Firm.goodsPrice of <__main__.Firm object at 0x0000018CA7D75130>>,427,352,0
Firm7,344,-303225.35052144364,1387,<bound method Firm.goodsPrice of <__main__.Firm object at 0x0000018CA7DC8C00>>,426,350,0
Firm8,344,-369686.378414862,2258,<bound method Firm.goodsPrice of <__main__.Firm object at 0x0000018CA7DC8D10>>,425,350,0
Firm9,344,-292529.2439408261,1663,<bound method Firm.goodsPrice of <__main__.Firm object at 0x0000018CA7D5A950>>,426,351,0
Firm10,344,-253946.4155698342,1138,<bound method Firm.goodsPrice of <__main__.Firm object at 0x0000018CA7D5AF50>>,427,352,0
Firm1,345,-255220.77493505966,0,<bound method Firm.goodsPrice of <__main__.Firm object at 0x0000018CA7D79940>>,428,353,0
Firm2,345,-265091.0984724272,0,<bound method Firm.goodsPrice of <__main__.Firm object at 0x0000018CA7D7D450>>,428,352,0
Firm3,345,-259934.6284047732,0,<bound method Firm.goodsPrice of <__main__.Firm object at 0x0000018CA7D7D590>>,428,352,0
Firm4,345,-287357.5644993057,373,<bound method Firm.goodsPrice of <__main__.Firm object at 0x0000018CA7B5FCE0>>,429,353,0
Firm5,345,-273417.9284210114,0,<bound method Firm.goodsPrice of <__main__.Firm object at 0x0000018CA7B5FE10>>,430,353,0
Firm6,345,-268259.9458027474,471,<bound method Firm.goodsPrice of <__main__.Firm object at 0x0000018CA7D75130>>,430,353,0
Firm7,345,-303744.8172385093,1387,<bound method Firm.goodsPrice of <__main__.Firm object at 0x0000018CA7DC8C00>>,429,351,0
Firm8,345,-370371.7684812197,2262,<bound method Firm.goodsPrice of <__main__.Firm object at 0x0000018CA7DC8D10>>,428,351,0
Firm9,345,-293051.37274160405,1666,<bound method Firm.goodsPrice of <__main__.Firm object at 0x0000018CA7D5A950>>,429,352,0
Firm10,345,-254360.59157501653,1136,<bound method Firm.goodsPrice of <__main__.Firm object at 0x0000018CA7D5AF50>>,430,353,0
Firm1,346,-255662.58794814933,0,<bound method Firm.goodsPrice of <__main__.Firm object at 0x0000018CA7D79940>>,431,354,0
Firm2,346,-265585.91266526276,0,<bound method Firm.goodsPrice of <__main__.Firm object at 0x0000018CA7D7D450>>,431,353,0
Firm3,346,-260414.2062055295,0,<bound method Firm.goodsPrice of <__main__.Firm object at 0x0000018CA7D7D590>>,431,353,0
Firm4,346,-287864.65496272605,373,<bound method Firm.goodsPrice of <__main__.Firm object at 0x0000018CA7B5FCE0>>,432,354,0
Firm5,346,-273909.13816539705,0,<bound method Firm.goodsPrice of <__main__.Firm object at 0x0000018CA7B5FE10>>,433,354,0
Firm6,346,-268701.3196342847,469,<bound method Firm.goodsPrice of <__main__.Firm object at 0x0000018CA7D75130>>,433,354,0
Firm7,346,-304264.28395557497,1387,<bound method Firm.goodsPrice of <__main__.Firm object at 0x0000018CA7DC8C00>>,432,352,0
Firm8,346,-371057.15854757745,2266,<bound method Firm.goodsPrice of <__main__.Firm object at 0x0000018CA7DC8D10>>,431,352,0
Firm9,346,-293560.9986783935,1668,<bound method Firm.goodsPrice of <__main__.Firm object at 0x0000018CA7D5A950>>,432,353,0
Firm10,346,-254798.6714809682,1137,<bound method Firm.goodsPrice of <__main__.Firm object at 0x0000018CA7D5AF50>>,433,354,0
Firm1,347,-256104.400961239,0,<bound method Firm.goodsPrice of <__main__.Firm object at 0x0000018CA7D79940>>,434,355,0
Firm2,347,-266080.7268580983,0,<bound method Firm.goodsPrice of <__main__.Firm object at 0x0000018CA7D7D450>>,434,354,0
Firm3,347,-260893.78400628583,0,<bound method Firm.goodsPrice of <__main__.Firm object at 0x0000018CA7D7D590>>,434,354,0
Firm4,347,-288293.6682033625,371,<bound method Firm.goodsPrice of <__main__.Firm object at 0x0000018CA7B5FCE0>>,435,355,0
Firm5,347,-274400.34790978266,0,<bound method Firm.goodsPrice of <__main__.Firm object at 0x0000018CA7B5FE10>>,436,355,0
Firm6,347,-269176.5309853994,470,<bound method Firm.goodsPrice of <__main__.Firm object at 0x0000018CA7D75130>>,436,355,0
Firm7,347,-304819.4793680312,1390,<bound method Firm.goodsPrice of <__main__.Firm object at 0x0000018CA7DC8C00>>,435,353,0
Firm8,347,-371742.5486139352,2270,<bound method Firm.goodsPrice of <__main__.Firm object at 0x0000018CA7DC8D10>>,434,353,0
Firm9,347,-294083.12747917144,1671,<bound method Firm.goodsPrice of <__main__.Firm object at 0x0000018CA7D5A950>>,435,354,0
Firm10,347,-255220.81545307362,1136,<bound method Firm.goodsPrice of <__main__.Firm object at 0x0000018CA7D5AF50>>,436,355,0
Firm1,348,-256546.21397432868,0,<bound method Firm.goodsPrice of <__main__.Firm object at 0x0000018CA7D79940>>,437,356,0
Firm2,348,-266575.5410509338,0,<bound method Firm.goodsPrice of <__main__.Firm object at 0x0000018CA7D7D450>>,437,355,0
Firm3,348,-261373.36180704215,0,<bound method Firm.goodsPrice of <__main__.Firm object at 0x0000018CA7D7D590>>,437,355,0
Firm4,348,-288800.7586667829,371,<bound method Firm.goodsPrice of <__main__.Firm object at 0x0000018CA7B5FCE0>>,438,356,0
Firm5,348,-274891.5576541683,0,<bound method Firm.goodsPrice of <__main__.Firm object at 0x0000018CA7B5FE10>>,439,356,0
Firm6,348,-269629.18399012915,469,<bound method Firm.goodsPrice of <__main__.Firm object at 0x0000018CA7D75130>>,439,356,0
Firm7,348,-305350.85565022705,1391,<bound method Firm.goodsPrice of <__main__.Firm object at 0x0000018CA7DC8C00>>,438,354,0
Firm8,348,-372427.9386802929,2274,<bound method Firm.goodsPrice of <__main__.Firm object at 0x0000018CA7DC8D10>>,437,354,0
Firm9,348,-294574.7113064479,1671,<bound method Firm.goodsPrice of <__main__.Firm object at 0x0000018CA7D5A950>>,438,355,0
Firm10,348,-255642.95942517905,1135,<bound method Firm.goodsPrice of <__main__.Firm object at 0x0000018CA7D5AF50>>,439,356,0
Firm1,349,-256988.02698741836,0,<bound method Firm.goodsPrice of <__main__.Firm object at 0x0000018CA7D79940>>,440,357,0
Firm2,349,-267070.35524376936,0,<bound method Firm.goodsPrice of <__main__.Firm object at 0x0000018CA7D7D450>>,440,356,0
Firm3,349,-261852.93960779847,0,<bound method Firm.goodsPrice of <__main__.Firm object at 0x0000018CA7D7D590>>,440,356,0
Firm4,349,-289268.28331774106,370,<bound method Firm.goodsPrice of <__main__.Firm object at 0x0000018CA7B5FCE0>>,441,357,0
Firm5,349,-275382.7673985539,0,<bound method Firm.goodsPrice of <__main__.Firm object at 0x0000018CA7B5FE10>>,442,357,0
Firm6,349,-270093.1161680514,469,<bound method Firm.goodsPrice of <__main__.Firm object at 0x0000018CA7D75130>>,442,357,0
Firm7,349,-305894.1414975531,1393,<bound method Firm.goodsPrice of <__main__.Firm object at 0x0000018CA7DC8C00>>,441,355,0
Firm8,349,-373113.32874665066,2278,<bound method Firm.goodsPrice of <__main__.Firm object at 0x0000018CA7DC8D10>>,440,355,0
Firm9,349,-295096.8401072259,1674,<bound method Firm.goodsPrice of <__main__.Firm object at 0x0000018CA7D5A950>>,441,356,0
Firm10,349,-256065.1033972845,1134,<bound method Firm.goodsPrice of <__main__.Firm object at 0x0000018CA7D5AF50>>,442,357,0
Firm1,350,-257429.84000050803,0,<bound method Firm.goodsPrice of <__main__.Firm object at 0x0000018CA7D79940>>,443,358,0
Firm2,350,-267565.1694366049,0,<bound method Firm.goodsPrice of <__main__.Firm object at 0x0000018CA7D7D450>>,443,357,0
Firm3,350,-262332.5174085549,0,<bound method Firm.goodsPrice of <__main__.Firm object at 0x0000018CA7D7D590>>,443,357,0
Firm4,350,-289697.2965583775,368,<bound method Firm.goodsPrice of <__main__.Firm object at 0x0000018CA7B5FCE0>>,444,358,0
Firm5,350,-275873.9771429395,0,<bound method Firm.goodsPrice of <__main__.Firm object at 0x0000018CA7B5FE10>>,445,358,0
Firm6,350,-270568.32751916605,470,<bound method Firm.goodsPrice of <__main__.Firm object at 0x0000018CA7D75130>>,445,358,0
Firm7,350,-306449.3369100093,1396,<bound method Firm.goodsPrice of <__main__.Firm object at 0x0000018CA7DC8C00>>,444,356,0
Firm8,350,-373798.7188130084,2282,<bound method Firm.goodsPrice of <__main__.Firm object at 0x0000018CA7DC8D10>>,443,356,0
Firm9,350,-295618.9689080038,1677,<bound method Firm.goodsPrice of <__main__.Firm object at 0x0000018CA7D5A950>>,444,357,0
Firm10,350,-256479.2794024668,1132,<bound method Firm.goodsPrice of <__main__.Firm object at 0x0000018CA7D5AF50>>,445,358,0
Firm1,351,-257871.6530135977,0,<bound method Firm.goodsPrice of <__main__.Firm object at 0x0000018CA7D79940>>,446,359,0
Firm2,351,-268059.9836294404,0,<bound method Firm.goodsPrice of <__main__.Firm object at 0x0000018CA7D7D450>>,446,358,0
Firm3,351,-262812.0952093114,0,<bound method Firm.goodsPrice of <__main__.Firm object at 0x0000018CA7D7D590>>,446,358,0
Firm4,351,-290204.3870217979,368,<bound method Firm.goodsPrice of <__main__.Firm object at 0x0000018CA7B5FCE0>>,447,359,0
Firm5,351,-276365.18688732514,0,<bound method Firm.goodsPrice of <__main__.Firm object at 0x0000018CA7B5FE10>>,448,359,0
Firm6,351,-271020.9805238958,469,<bound method Firm.goodsPrice of <__main__.Firm object at 0x0000018CA7D75130>>,448,359,0
Firm7,351,-306980.7131922052,1397,<bound method Firm.goodsPrice of <__main__.Firm object at 0x0000018CA7DC8C00>>,447,357,0
Firm8,351,-374484.10887936613,2286,<bound method Firm.goodsPrice of <__main__.Firm object at 0x0000018CA7DC8D10>>,446,357,0
Firm9,351,-296123.0555992688,1678,<bound method Firm.goodsPrice of <__main__.Firm object at 0x0000018CA7D5A950>>,447,358,0
Firm10,351,-256917.35930841847,1133,<bound method Firm.goodsPrice of <__main__.Firm object at 0x0000018CA7D5AF50>>,448,359,0
Firm1,352,-258313.46602668738,0,<bound method Firm.goodsPrice of <__main__.Firm object at 0x0000018CA7D79940>>,449,360,0
Firm2,352,-268554.79782227596,0,<bound method Firm.goodsPrice of <__main__.Firm object at 0x0000018CA7D7D450>>,449,359,0
Firm3,352,-263291.6730100679,0,<bound method Firm.goodsPrice of <__main__.Firm object at 0x0000018CA7D7D590>>,449,359,0
Firm4,352,-290671.9116727561,367,<bound method Firm.goodsPrice of <__main__.Firm object at 0x0000018CA7B5FCE0>>,450,360,0
Firm5,352,-276856.39663171076,0,<bound method Firm.goodsPrice of <__main__.Firm object at 0x0000018CA7B5FE10>>,451,360,0
Firm6,352,-271473.6335286256,468,<bound method Firm.goodsPrice of <__main__.Firm object at 0x0000018CA7D75130>>,451,360,0
Firm7,352,-307512.08947440103,1398,<bound method Firm.goodsPrice of <__main__.Firm object at 0x0000018CA7DC8C00>>,450,358,0
Firm8,352,-375169.49894572387,2290,<bound method Firm.goodsPrice of <__main__.Firm object at 0x0000018CA7DC8D10>>,449,358,0
Firm9,352,-296645.18440004677,1681,<bound method Firm.goodsPrice of <__main__.Firm object at 0x0000018CA7D5A950>>,450,359,0
Firm10,352,-257331.5353136008,1131,<bound method Firm.goodsPrice of <__main__.Firm object at 0x0000018CA7D5AF50>>,451,360,0
Firm1,353,-258755.27903977706,0,<bound method Firm.goodsPrice of <__main__.Firm object at 0x0000018CA7D79940>>,452,361,0
Firm2,353,-269049.6120151115,0,<bound method Firm.goodsPrice of <__main__.Firm object at 0x0000018CA7D7D450>>,452,360,0
Firm3,353,-263771.2508108244,0,<bound method Firm.goodsPrice of <__main__.Firm object at 0x0000018CA7D7D590>>,452,360,0
Firm4,353,-291140.4907258547,366,<bound method Firm.goodsPrice of <__main__.Firm object at 0x0000018CA7B5FCE0>>,453,361,0
Firm5,353,-277347.6063760964,0,<bound method Firm.goodsPrice of <__main__.Firm object at 0x0000018CA7B5FE10>>,454,361,0
Firm6,353,-271937.5657065478,468,<bound method Firm.goodsPrice of <__main__.Firm object at 0x0000018CA7D75130>>,454,361,0
Firm7,353,-308055.3753217271,1400,<bound method Firm.goodsPrice of <__main__.Firm object at 0x0000018CA7DC8C00>>,453,359,0
Firm8,353,-375854.8890120816,2294,<bound method Firm.goodsPrice of <__main__.Firm object at 0x0000018CA7DC8D10>>,452,359,0
Firm9,353,-297154.8103368362,1683,<bound method Firm.goodsPrice of <__main__.Firm object at 0x0000018CA7D5A950>>,453,360,0
Firm10,353,-257769.61521955245,1132,<bound method Firm.goodsPrice of <__main__.Firm object at 0x0000018CA7D5AF50>>,454,361,0
Firm1,354,-259197.09205286673,0,<bound method Firm.goodsPrice of <__main__.Firm object at 0x0000018CA7D79940>>,455,362,0
Firm2,354,-269544.426207947,0,<bound method Firm.goodsPrice of <__main__.Firm object at 0x0000018CA7D7D450>>,455,361,0
Firm3,354,-264250.8286115809,0,<bound method Firm.goodsPrice of <__main__.Firm object at 0x0000018CA7D7D590>>,455,361,0
Firm4,354,-291608.0153768129,365,<bound method Firm.goodsPrice of <__main__.Firm object at 0x0000018CA7B5FCE0>>,456,362,0
Firm5,354,-277838.816120482,0,<bound method Firm.goodsPrice of <__main__.Firm object at 0x0000018CA7B5FE10>>,457,362,0
Firm6,354,-272401.49788447004,468,<bound method Firm.goodsPrice of <__main__.Firm object at 0x0000018CA7D75130>>,457,362,0
Firm7,354,-308598.6611690531,1402,<bound method Firm.goodsPrice of <__main__.Firm object at 0x0000018CA7DC8C00>>,456,360,0
Firm8,354,-376540.27907843934,2298,<bound method Firm.goodsPrice of <__main__.Firm object at 0x0000018CA7DC8D10>>,455,360,0
Firm9,354,-297658.8970281012,1684,<bound method Firm.goodsPrice of <__main__.Firm object at 0x0000018CA7D5A950>>,456,361,0
Firm10,354,-258175.82325781166,1129,<bound method Firm.goodsPrice of <__main__.Firm object at 0x0000018CA7D5AF50>>,457,362,0
Firm1,355,-259638.9050659564,0,<bound method Firm.goodsPrice of <__main__.Firm object at 0x0000018CA7D79940>>,458,363,0
Firm2,355,-270039.24040078255,0,<bound method Firm.goodsPrice of <__main__.Firm object at 0x0000018CA7D7D450>>,458,362,0
Firm3,355,-264730.4064123374,0,<bound method Firm.goodsPrice of <__main__.Firm object at 0x0000018CA7D7D590>>,458,362,0
Firm4,355,-292115.1058402333,365,<bound method Firm.goodsPrice of <__main__.Firm object at 0x0000018CA7B5FCE0>>,459,363,0
Firm5,355,-278330.0258648676,0,<bound method Firm.goodsPrice of <__main__.Firm object at 0x0000018CA7B5FE10>>,460,363,0
Firm6,355,-272854.1508891998,467,<bound method Firm.goodsPrice of <__main__.Firm object at 0x0000018CA7D75130>>,460,363,0
Firm7,355,-309130.03745124897,1403,<bound method Firm.goodsPrice of <__main__.Firm object at 0x0000018CA7DC8C00>>,459,361,0
Firm8,355,-377225.6691447971,2302,<bound method Firm.goodsPrice of <__main__.Firm object at 0x0000018CA7DC8D10>>,458,361,0
Firm9,355,-298168.52296489064,1686,<bound method Firm.goodsPrice of <__main__.Firm object at 0x0000018CA7D5A950>>,459,362,0
Firm10,355,-258597.9672299171,1128,<bound method Firm.goodsPrice of <__main__.Firm object at 0x0000018CA7D5AF50>>,460,363,0
Firm1,356,-260080.71807904608,0,<bound method Firm.goodsPrice of <__main__.Firm object at 0x0000018CA7D79940>>,461,364,0
Firm2,356,-270534.0545936181,0,<bound method Firm.goodsPrice of <__main__.Firm object at 0x0000018CA7D7D450>>,461,363,0
Firm3,356,-265209.9842130939,0,<bound method Firm.goodsPrice of <__main__.Firm object at 0x0000018CA7D7D590>>,461,363,0
Firm4,356,-292544.1190808697,363,<bound method Firm.goodsPrice of <__main__.Firm object at 0x0000018CA7B5FCE0>>,462,364,0
Firm5,356,-278821.2356092532,0,<bound method Firm.goodsPrice of <__main__.Firm object at 0x0000018CA7B5FE10>>,463,364,0
Firm6,356,-273329.3622403145,468,<bound method Firm.goodsPrice of <__main__.Firm object at 0x0000018CA7D75130>>,463,364,0
Firm7,356,-309685.2328637052,1406,<bound method Firm.goodsPrice of <__main__.Firm object at 0x0000018CA7DC8C00>>,462,362,0
Firm8,356,-377911.0592111548,2306,<bound method Firm.goodsPrice of <__main__.Firm object at 0x0000018CA7DC8D10>>,461,362,0
Firm9,356,-298690.6517656686,1689,<bound method Firm.goodsPrice of <__main__.Firm object at 0x0000018CA7D5A950>>,462,363,0
Firm10,356,-259020.11120202253,1127,<bound method Firm.goodsPrice of <__main__.Firm object at 0x0000018CA7D5AF50>>,463,364,0
Firm1,357,-260522.53109213576,0,<bound method Firm.goodsPrice of <__main__.Firm object at 0x0000018CA7D79940>>,464,365,0
Firm2,357,-271028.8687864536,0,<bound method Firm.goodsPrice of <__main__.Firm object at 0x0000018CA7D7D450>>,464,364,0
Firm3,357,-265689.5620138504,0,<bound method Firm.goodsPrice of <__main__.Firm object at 0x0000018CA7D7D590>>,464,364,0
Firm4,357,-293051.2095442901,363,<bound method Firm.goodsPrice of <__main__.Firm object at 0x0000018CA7B5FCE0>>,465,365,0
Firm5,357,-279312.44535363885,0,<bound method Firm.goodsPrice of <__main__.Firm object at 0x0000018CA7B5FE10>>,466,365,0
Firm6,357,-273782.01524504425,467,<bound method Firm.goodsPrice of <__main__.Firm object at 0x0000018CA7D75130>>,466,365,0
Firm7,357,-310216.60914590105,1407,<bound method Firm.goodsPrice of <__main__.Firm object at 0x0000018CA7DC8C00>>,465,363,0
Firm8,357,-378596.44927751255,2310,<bound method Firm.goodsPrice of <__main__.Firm object at 0x0000018CA7DC8D10>>,464,363,0
Firm9,357,-299194.7384569336,1690,<bound method Firm.goodsPrice of <__main__.Firm object at 0x0000018CA7D5A950>>,465,364,0
Firm10,357,-259442.25517412796,1126,<bound method Firm.goodsPrice of <__main__.Firm object at 0x0000018CA7D5AF50>>,466,365,0
Firm1,358,-260964.34410522543,0,<bound method Firm.goodsPrice of <__main__.Firm object at 0x0000018CA7D79940>>,467,366,0
Firm2,358,-271523.68297928915,0,<bound method Firm.goodsPrice of <__main__.Firm object at 0x0000018CA7D7D450>>,467,365,0
Firm3,358,-266169.13981460687,0,<bound method Firm.goodsPrice of <__main__.Firm object at 0x0000018CA7D7D590>>,467,365,0
Firm4,358,-293518.7341952483,362,<bound method Firm.goodsPrice of <__main__.Firm object at 0x0000018CA7B5FCE0>>,468,366,0
Firm5,358,-279803.65509802446,0,<bound method Firm.goodsPrice of <__main__.Firm object at 0x0000018CA7B5FE10>>,469,366,0
Firm6,358,-274234.668249774,466,<bound method Firm.goodsPrice of <__main__.Firm object at 0x0000018CA7D75130>>,469,366,0
Firm7,358,-310759.8949932271,1409,<bound method Firm.goodsPrice of <__main__.Firm object at 0x0000018CA7DC8C00>>,468,364,0
Firm8,358,-379281.8393438703,2314,<bound method Firm.goodsPrice of <__main__.Firm object at 0x0000018CA7DC8D10>>,467,364,0
Firm9,358,-299716.86725771154,1693,<bound method Firm.goodsPrice of <__main__.Firm object at 0x0000018CA7D5A950>>,468,365,0
Firm10,358,-259856.43117931028,1124,<bound method Firm.goodsPrice of <__main__.Firm object at 0x0000018CA7D5AF50>>,469,366,0
Firm1,359,-261308.2156003591,0,<bound method Firm.goodsPrice of <__main__.Firm object at 0x0000018CA7D79940>>,471,368,0
Firm2,359,-271953.59836309415,0,<bound method Firm.goodsPrice of <__main__.Firm object at 0x0000018CA7D7D450>>,471,367,0
Firm3,359,-266574.2893231248,0,<bound method Firm.goodsPrice of <__main__.Firm object at 0x0000018CA7D7D590>>,471,367,0
Firm4,359,-293883.6585077229,360,<bound method Firm.goodsPrice of <__main__.Firm object at 0x0000018CA7B5FCE0>>,472,368,0
Firm5,359,-280204.9497720693,0,<bound method Firm.goodsPrice of <__main__.Firm object at 0x0000018CA7B5FE10>>,473,368,0
Firm6,359,-274586.70803350117,464,<bound method Firm.goodsPrice of <__main__.Firm object at 0x0000018CA7D75130>>,473,368,0
Firm7,359,-311177.51670617115,1408,<bound method Firm.goodsPrice of <__main__.Firm object at 0x0000018CA7DC8C00>>,472,366,0
Firm8,359,-379859.58579329966,2317,<bound method Firm.goodsPrice of <__main__.Firm object at 0x0000018CA7DC8D10>>,471,366,0
Firm9,359,-300108.6577250263,1692,<bound method Firm.goodsPrice of <__main__.Firm object at 0x0000018CA7D5A950>>,472,367,0
Firm10,359,-260188.1246039365,1123,<bound method Firm.goodsPrice of <__main__.Firm object at 0x0000018CA7D5AF50>>,473,368,0
Firm1,360,-261652.08709549278,0,<bound method Firm.goodsPrice of <__main__.Firm object at 0x0000018CA7D79940>>,475,370,0
Firm2,360,-272383.51374689915,0,<bound method Firm.goodsPrice of <__main__.Firm object at 0x0000018CA7D7D450>>,475,369,0
Firm3,360,-266979.43883164274,0,<bound method Firm.goodsPrice of <__main__.Firm object at 0x0000018CA7D7D590>>,475,369,0
Firm4,360,-294247.5284180571,358,<bound method Firm.goodsPrice of <__main__.Firm object at 0x0000018CA7B5FCE0>>,476,370,0
Firm5,360,-280606.2444461141,0,<bound method Firm.goodsPrice of <__main__.Firm object at 0x0000018CA7B5FE10>>,477,370,0
Firm6,360,-274927.46864403586,461,<bound method Firm.goodsPrice of <__main__.Firm object at 0x0000018CA7D75130>>,477,370,0
Firm7,360,-311607.0479842454,1408,<bound method Firm.goodsPrice of <__main__.Firm object at 0x0000018CA7DC8C00>>,476,368,0
Firm8,360,-380437.332242729,2320,<bound method Firm.goodsPrice of <__main__.Firm object at 0x0000018CA7DC8D10>>,475,368,0
Firm9,360,-300512.9510563296,1692,<bound method Firm.goodsPrice of <__main__.Firm object at 0x0000018CA7D5A950>>,476,369,0
Firm10,360,-260503.8820947165,1120,<bound method Firm.goodsPrice of <__main__.Firm object at 0x0000018CA7D5AF50>>,477,370,0
