DataSet,Day,Income,Goods,Land,Labour,Capital
Household1,1,-0.21525310190167168,6,8410,6795,5689
Household2,1,1.9736308219531882,3,2786,4805,3570
Household3,1,-1.7826618119194606,5,4083,9125,1379
Household4,1,24.13987615976408,9,9069,3316,5666
Household5,1,-0.5874314193140577,8,3690,2534,3674
Household6,1,-2.096127827375355,7,2227,8905,6264
Household7,1,-1.9234833124958328,7,8339,2571,2014
Household8,1,13.36580798502311,9,6838,7533,2778
Household9,1,-3.589316789409592,5,4586,9874,3430
Household10,1,-2.2427336649140965,6,5499,2706,1443
Household1,2,-0.43050620380335225,12,8400,6785,5679
Household2,2,3.947261643906346,6,2776,4795,3560
Household3,2,-3.5653236238389283,10,4073,9115,1369
Household4,2,9.467448578883175,19,9059,3306,5656
Household5,2,-1.1748628386281297,16,3680,2524,3664
Household6,2,3.7757112683645406,13,2217,8895,6254
Household7,2,4.121000298123613,13,8329,2561,2004
Household8,2,26.73161597004625,18,6828,7523,2768
Household9,2,0.789333344296077,9,4576,9864,3420
Household10,2,3.4824995932870824,11,5489,2696,1433
Household1,3,-0.6457593057050328,18,8390,6775,5669
Household2,3,-2.047074457255773,10,2766,4785,3550
Household3,3,-0.9127600033532737,17,4063,9105,1359
Household4,3,2.7629879211175314,28,9049,3296,5646
Household5,3,-1.7622942579422016,24,3670,2514,3654
Household6,3,-2.2620147660980727,20,2207,8885,6244
Household7,3,-1.7440812214594779,20,8319,2551,1994
Household8,3,2.6922407458151074,28,6818,7513,2758
Household9,3,-2.799983445113524,14,4566,9854,3410
Household10,3,-2.071440340944191,17,5479,2686,1423
Household1,4,-0.8610124076067418,24,8380,6765,5659
Household2,4,-0.07344363530257247,13,2756,4775,3540
Household3,4,-2.6954218152727307,22,4053,9095,1349
Household4,4,1.978973059783037,36,9039,3286,5636
Household5,4,-2.3497256772562736,32,3660,2504,3644
Household6,4,3.6098243296418335,26,2197,8875,6234
Household7,4,4.3004023891599505,26,8309,2541,1984
Household8,4,16.058048730838237,37,6808,7503,2748
Household9,4,1.5786666885921452,18,4556,9844,3400
Household10,4,3.653792917256988,22,5469,2676,1413
Household1,5,-1.0762655095084508,30,8370,6755,5649
Household2,5,1.900187186650614,16,2746,4765,3530
Household3,5,3.4898832959230646,26,4043,9085,1339
Household4,5,26.118849219547123,45,9029,3276,5626
Household5,5,-2.9371570965703455,40,3650,2494,3634
Household6,5,-2.42790170482078,33,2187,8865,6224
Household7,5,-1.5646791304231407,33,8299,2531,1974
Household8,5,-3.4680012283524633,46,6798,7493,2738
Household9,5,-2.0106501008174558,23,4546,9834,3390
Household10,5,-1.9001470169742856,28,5459,2666,1403
Household1,6,-1.2915186114101598,36,8360,6745,5639
Household2,6,3.873818008603779,19,2736,4755,3520
Household3,6,-1.6039847853135925,31,4033,9075,1329
Household4,6,11.44642163866622,55,9019,3266,5616
Household5,6,-3.5245885158844175,48,3640,2484,3624
Household6,6,3.4439373909191264,39,2177,8855,6214
Household7,6,-3.4881624429189753,40,8289,2521,1964
Household8,6,9.897806756670661,55,6788,7483,2728
Household9,6,2.3680000328882134,27,4536,9824,3380
Household10,6,3.8250862412268933,33,5449,2656,1393
Household1,7,-1.5067717133118688,42,8350,6735,5629
Household2,7,-2.1205180925583402,23,2726,4745,3510
Household3,7,-3.38664659723306,36,4023,9065,1319
Household4,7,-3.2260059422146874,65,9009,3256,5606
Household5,7,3.8559469879167736,55,3630,2474,3614
Household6,7,-2.593788643543487,46,2167,8845,6204
Household7,7,2.556321167700469,46,8279,2511,1954
Household8,7,23.26361474169383,64,6778,7473,2718
Household9,7,-1.2213167565213876,32,4526,9814,3370
Household10,7,-1.7288536930043517,39,5439,2646,1383
Household1,8,-1.7220248152135778,48,8340,6725,5619
Household2,8,-0.14688727060513962,26,2716,4735,3500
Household3,8,2.798658513962735,40,4013,9055,1309
Household4,8,20.913870217549412,74,8999,3246,5596
Household5,8,-2.2707299558476244,64,3620,2464,3604
Household6,8,3.2780504521964193,52,2157,8835,6194
Household7,8,-3.902059210169032,53,8269,2501,1944
Household8,8,-0.7757604825373132,74,6768,7463,2708
Household9,8,3.1573333771842815,36,4516,9804,3360
Household10,8,3.9963795651968272,44,5429,2636,1373
Household1,9,-1.9372779171152867,54,8330,6715,5609
Household2,9,1.8267435513480468,29,2706,4725,3490
Household3,9,-2.295209567273922,45,4003,9045,1299
Household4,9,6.241442636668506,84,8989,3236,5586
Household5,9,-2.8581613751616857,72,3610,2454,3594
Household6,9,-2.7596755822662224,59,2147,8825,6184
Household7,9,2.1424244004504036,59,8259,2491,1934
Household8,9,12.590047502485817,83,6758,7453,2698
Household9,9,-0.43198341222531944,41,4506,9794,3350
Household10,9,-1.5575603690344177,50,5419,2626,1363
Household1,10,-2.1525310190169957,60,8320,6705,5599
Household2,10,3.800374373301212,32,2696,4715,3480
Household3,10,3.8900955439218734,49,3993,9035,1289
Household4,10,-2.5105391477812447,93,8979,3226,5576
Household5,10,-3.4455927944757576,80,3600,2444,3584
Household6,10,3.112163513473684,65,2137,8815,6174
Household7,10,-4.315955977419097,66,8249,2481,1924
Household8,10,25.955855487508956,92,6748,7443,2688
Household9,10,3.9466667214803497,45,4496,9784,3340
Household10,10,4.167672889166761,55,5409,2616,1353
Household1,11,-2.3677841209187047,66,8310,6695,5589
Household2,11,-2.1939617278609074,36,2686,4705,3470
Household3,11,-1.2037725373147836,54,3983,9025,1279
Household4,11,21.62933701198285,102,8969,3216,5566
Household5,11,3.9349427093254334,87,3590,2434,3574
Household6,11,-2.925562520988958,72,2127,8805,6164
Household7,11,1.728527633200338,72,8239,2471,1914
Household8,11,1.9164802632778137,102,6738,7433,2678
Household9,11,-4.177547133302925,50,4486,9774,3330
Household10,11,-1.3862670450644838,61,5399,2606,1343
Household1,12,-3.806728018876891,72,8300,6685,5579
Household2,12,-0.22033090590770676,39,2676,4695,3460
Household3,12,-2.9864343492342513,59,3973,9015,1269
Household4,12,6.956909431101945,112,8959,3206,5556
Household5,12,-2.1917342344389645,96,3580,2424,3564
Household6,12,2.9462765747509483,78,2117,8795,6154
Household7,12,-0.1949556792954894,79,8229,2461,1904
Household8,12,15.282288248300944,111,6728,7423,2668
Household9,12,0.20110300040274787,54,4476,9764,3320
Household10,12,-3.629000709978568,67,5389,2596,1333
Household1,13,-0.7107748514614283,78,8290,6675,5569
Household2,13,1.7532999160454796,42,2666,4685,3450
Household3,13,3.198870761961544,63,3963,9005,1259
Household4,13,-1.7950723533478055,121,8949,3196,5546
Household5,13,-2.779165653753026,104,3570,2414,3554
Household6,13,-3.6847483179981033,85,2107,8785,6144
Household7,13,-2.118438991791308,86,8219,2451,1894
Household8,13,3.724205212225506,119,6718,7413,2658
Household9,13,-3.388213789006853,59,4466,9754,3310
Household10,13,2.096232548222611,72,5379,2586,1323
Household1,14,-0.9260279533631515,84,8280,6665,5559
Household2,14,3.726930737998652,45,2656,4675,3440
Household3,14,-1.894997319275113,68,3953,8995,1249
Household4,14,22.34480380641629,130,8939,3186,5536
Household5,14,-3.3665970730670978,112,3560,2404,3544
Household6,14,2.18709077774181,91,2097,8775,6134
Household7,14,3.926044618828138,92,8209,2441,1884
Household8,14,17.090013197248624,128,6708,7403,2648
Household9,14,0.990436344698816,63,4456,9744,3300
Household10,14,-4.68139818206514,78,5369,2576,1313
Household1,15,-1.1412810552648605,90,8270,6655,5549
Household2,15,-2.2674053631634603,49,2646,4665,3430
Household3,15,4.290307791920682,72,3943,8985,1239
Household4,15,7.672376225535384,140,8929,3176,5526
Household5,15,4.013938430734093,119,3550,2394,3534
Household6,15,-4.443934115007213,98,2087,8765,6124
Household7,15,-1.939036900754953,99,8199,2431,1874
Household8,15,-2.436036761942077,137,6698,7393,2638
Household9,15,-2.598880444710785,68,4446,9734,3290
Household10,15,1.0438350761360429,83,5359,2566,1303
Household1,16,-1.3565341571665694,96,8260,6645,5539
Household2,16,-0.2937745412102597,52,2636,4655,3420
Household3,16,-0.8035602893159748,77,3933,8975,1229
Household4,16,-1.0796055589143663,149,8919,3166,5516
Household5,16,-2.1127385130303047,128,3540,2384,3524
Household6,16,1.4279049807327002,104,2077,8755,6114
Household7,16,4.105446709864475,105,8189,2421,1864
Household8,16,10.929771223081048,146,6688,7383,2628
Household9,16,1.7797696889948842,72,4436,9724,3280
Household10,16,-1.1988985887780341,89,5349,2556,1293
Household1,17,-1.5717872590682784,102,8250,6635,5529
Household2,17,1.6798562807429267,55,2626,4645,3410
Household3,17,-2.5862221012354425,82,3923,8965,1219
Household4,17,23.060270600849723,158,8909,3156,5506
Household5,17,-2.700169932344366,136,3530,2374,3514
Household6,17,-0.6682228466426494,111,2067,8745,6104
Household7,17,-1.7596348097186159,112,8179,2411,1854
Household8,17,24.295579208104215,155,6678,7373,2618
Household9,17,-1.8095471004147168,77,4426,9714,3270
Household10,17,-3.4416322536921324,95,5339,2546,1283
Household1,18,-1.7870403609699874,108,8240,6625,5519
Household2,18,3.653487102696099,58,2616,4635,3400
Household3,18,3.599083009960353,86,3913,8955,1209
Household4,18,8.387843019968823,168,8899,3146,5496
Household5,18,-3.287601351658438,144,3520,2364,3504
Household6,18,-2.7643506740180186,118,2057,8735,6094
Household7,18,4.2848488009008125,118,8169,2401,1844
Household8,18,0.25620398387307297,165,6668,7363,2608
Household9,18,2.5691030332909524,81,4416,9704,3260
Household10,18,2.2836010045090465,100,5329,2536,1273
Household1,19,-2.0022934628716964,114,8230,6615,5509
Household2,19,-2.3408489984660132,62,2606,4625,3390
Household3,19,-1.4947850712763042,91,3903,8945,1199
Household4,19,-0.3641387644809271,177,8889,3136,5486
Household5,19,4.092934152142753,151,3510,2354,3494
Household6,19,3.107488421721877,124,2047,8725,6084
Household7,19,-1.5802327186822787,125,8159,2391,1834
Household8,19,13.622011968896203,174,6658,7353,2598
Household9,19,-1.0202137561186486,86,4406,9694,3250
Household10,19,-4.49402972577869,106,5319,2526,1263
Household1,20,-2.2175465647734054,120,8220,6605,5499
Household2,20,-0.36721817651281263,65,2596,4615,3380
Household3,20,-3.277446883195772,96,3893,8935,1189
Household4,20,23.775737395283162,186,8879,3126,5476
Household5,20,-2.033742791621645,160,3500,2344,3484
Household6,20,-2.9302376127407648,131,2037,8715,6074
Household7,20,-3.5037160311781133,132,8149,2381,1824
Household8,20,26.98781995391934,183,6648,7343,2588
Household9,20,3.3584363775870205,90,4396,9684,3240
Household10,20,1.2312035324224926,111,5309,2516,1253
Household1,21,-2.4327996666751144,126,8210,6595,5489
Household2,21,1.6064126454403738,68,2586,4605,3370
Household3,21,2.9078582280000234,100,3883,8925,1179
Household4,21,9.103309814402262,196,8869,3116,5466
Household5,21,-2.621174210935706,168,3490,2334,3474
Household6,21,2.9416014829991415,137,2027,8705,6064
Household7,21,2.540767579441331,138,8139,2371,1814
Household8,21,2.9484447296882,193,6638,7333,2578
Household9,21,-0.23088041182258046,95,4386,9674,3230
Household10,21,-1.0115301324915702,117,5299,2506,1243
Household1,22,-3.8717435646333005,132,8200,6585,5479
Household2,22,3.580043467393546,71,2576,4595,3360
Household3,22,-2.1860098532366337,105,3873,8915,1169
Household4,22,2.3988491566366186,205,8859,3106,5456
Household5,22,-3.208605630249778,176,3480,2324,3464
Household6,22,-3.68942340974991,144,2017,8695,6054
Household7,22,-3.91761279842817,145,8129,2361,1804
Household8,22,16.31425271471133,202,6628,7323,2568
Household9,22,4.147769721883089,99,4376,9664,3220
Household10,22,-3.2542637974056685,123,5289,2496,1233
Household1,23,-0.7757903972178379,138,8190,6575,5469
Household2,23,-2.414292633768566,75,2566,4585,3350
Household3,23,3.9992952579591616,109,3863,8905,1159
Household4,23,26.538725316400708,214,8849,3096,5446
Household5,23,4.171929873551413,183,3470,2314,3454
Household6,23,2.1824156859900032,150,2007,8685,6044
Household7,23,2.1268708121912656,151,8119,2351,1794
Household8,23,-3.2117972444793708,211,6618,7313,2558
Household9,23,-3.976444132900186,104,4366,9654,3210
Household10,23,2.4709694607955104,128,5279,2486,1223
Household1,24,-0.9910434991195611,144,8180,6565,5459
Household2,24,-0.44066181181536557,78,2556,4575,3340
Household3,24,-1.0945728232774954,114,3853,8895,1149
Household4,24,11.866297735519804,224,8839,3086,5436
Household5,24,-1.954747070212985,192,3460,2304,3444
Household6,24,-4.44860920675902,157,1997,8675,6034
Household7,24,-4.331509565678235,158,8109,2341,1784
Household8,24,10.154010740543754,220,6608,7303,2548
Household9,24,0.40220600080548685,108,4356,9644,3200
Household10,24,-4.30666126949224,134,5269,2476,1213
Household1,25,-1.2062966010212701,150,8170,6555,5449
Household2,25,1.5329690101378208,81,2546,4565,3330
Household3,25,-2.877234635196963,119,3843,8885,1139
Household4,25,-2.8061298453611023,234,8829,3076,5426
Household5,25,-2.5421784895270463,200,3450,2294,3434
Household6,25,1.4232298889808934,163,1987,8665,6024
Household7,25,1.7129740449412,164,8099,2331,1774
Household8,25,23.51981872556692,229,6598,7293,2538
Household9,25,-3.187110788604114,113,4346,9634,3190
Household10,25,1.4185719887089423,139,5259,2466,1203
Household1,26,-1.421549702922979,156,8160,6545,5439
Household2,26,3.506599832091,84,2536,4555,3320
Household3,26,3.308070475998832,123,3833,8875,1129
Household4,26,21.333746314402998,243,8819,3066,5416
Household5,26,-3.1296099088411182,208,3440,2284,3424
Household6,26,-0.6728979383944562,170,1977,8655,6014
Household7,26,-0.2105092675546274,171,8089,2321,1764
Household8,26,-0.5195564986642207,239,6588,7283,2528
Household9,26,1.191539345101555,117,4336,9624,3180
Household10,26,-0.8241616762051347,145,5249,2456,1193
Household1,27,-1.636802804824688,162,8150,6535,5429
Household2,27,-2.487736269071119,88,2526,4545,3310
Household3,27,-1.7857976052378248,128,3823,8865,1119
Household4,27,6.661318733522091,253,8809,3056,5406
Household5,27,4.250925594960073,215,3430,2274,3414
Household6,27,-2.7690257657698254,177,1967,8645,6004
Household7,27,-2.133992580050446,178,8079,2311,1754
Household8,27,12.84625148635891,248,6578,7273,2518
Household9,27,-2.397777444308046,122,4326,9614,3170
Household10,27,-3.066895341119233,151,5239,2446,1183
Household1,28,-1.852055906726397,168,8140,6525,5419
Household2,28,-0.5141054471179185,91,2516,4535,3300
Household3,28,-3.5684594171572925,133,3813,8855,1109
Household4,28,-2.0906630509276596,262,8799,3046,5396
Household5,28,-1.8757513488043251,224,3420,2264,3404
Household6,28,3.10281332997007,183,1957,8635,5994
Household7,28,3.910491030569,184,8069,2301,1744
Household8,28,26.212059471382048,257,6568,7263,2508
Household9,28,1.9808726893976232,126,4316,9604,3160
Household10,28,2.658337917081946,156,5229,2436,1173
Household1,29,-2.067309008628106,174,8130,6515,5409
Household2,29,1.459525374835268,94,2506,4525,3290
Household3,29,-0.9158957966716379,140,3803,8845,1099
Household4,29,22.049213108836437,271,8789,3036,5386
Household5,29,-2.4631827681183864,232,3410,2254,3394
Household6,29,-2.9349127044925716,190,1947,8625,5984
Household7,29,-1.954590489014091,191,8059,2291,1734
Household8,29,2.1726842471509062,267,6558,7253,2498
Household9,29,-1.6084441000119778,131,4306,9594,3150
Household10,29,-4.119292813205805,162,5219,2426,1163
Household1,30,-2.282562110529815,180,8120,6505,5399
Household2,30,3.433156196788447,97,2496,4515,3280
Household3,30,-2.698557608591095,145,3793,8835,1089
Household4,30,7.37678552795553,281,8779,3026,5376
Household5,30,-3.0506141874324584,240,3400,2244,3384
Household6,30,2.9369263912473347,196,1937,8615,5974
Household7,30,4.089893121605337,197,8049,2281,1724
Household8,30,15.538492232174036,276,6548,7243,2488
Household9,30,2.7702060336936913,135,4296,9584,3140
Household10,30,1.6059404449953778,167,5209,2416,1153
Household1,31,-3.721506008488001,186,8110,6495,5389
Household2,31,-2.561179904373658,101,2486,4505,3270
Household3,31,3.4867475026047003,149,3783,8825,1079
Household4,31,-1.3751962564942204,290,8769,3016,5366
Household5,31,-3.6380456067465303,248,3390,2234,3374
Household6,31,-3.694098501501717,203,1927,8605,5964
Household7,31,-1.7751883979777539,204,8039,2271,1714
Household8,31,3.9804091960985986,284,6538,7233,2478
Household9,31,-0.8191107557159096,140,4286,9574,3130
Household10,31,-0.6367932199186992,173,5199,2406,1143
Household1,32,-0.6255528410725102,192,8100,6485,5379
Household2,32,-0.5875490824204572,104,2476,4495,3260
Household3,32,-1.6071205786319567,154,3773,8815,1069
Household4,32,22.764679903269876,299,8759,3006,5356
Household5,32,3.7424898970546607,255,3380,2224,3364
Household6,32,2.1777405942381964,209,1917,8595,5954
Household7,32,4.2692952126416746,210,8029,2261,1704
Household8,32,17.346217181121716,293,6528,7223,2468
Household9,32,3.5595393779897595,144,4276,9564,3120
Household10,32,-2.8795268848327975,179,5189,2396,1133
Household1,33,-0.8408059429742334,198,8090,6475,5369
Household2,33,1.3860817395327363,107,2466,4485,3250
Household3,33,-3.3897823905514244,159,3763,8805,1059
Household4,33,8.092252322388969,309,8749,2996,5346
Household5,33,-2.3841870467097372,264,3370,2214,3354
Household6,33,-4.453284298510827,216,1907,8585,5944
Household7,33,-1.5957863069414167,217,8019,2251,1694
Household8,33,-2.1798327780689846,302,6518,7213,2458
Household9,33,-4.564674476793515,149,4266,9554,3110
Household10,33,2.8457063733683814,184,5179,2386,1123
Household1,34,-1.0560590448759424,204,8080,6465,5359
Household2,34,3.3597125614859085,110,2456,4475,3240
Household3,34,2.795522720644371,163,3753,8795,1049
Household4,34,-0.6597294620607812,318,8739,2986,5336
Household5,34,-2.9716184660237985,272,3360,2204,3344
Household6,34,1.4185547972290866,222,1897,8575,5934
Household7,34,-3.5192696194372513,224,8009,2241,1684
Household8,34,11.18597520695414,311,6508,7203,2448
Household9,34,-0.18602434308784233,153,4256,9544,3100
Household10,34,-3.931924356919369,190,5169,2376,1113
Household1,35,-1.2713121467776514,210,8070,6455,5349
Household2,35,-2.6346235396761966,114,2446,4465,3230
Household3,35,-2.298345360592286,168,3743,8785,1039
Household4,35,23.480146697703308,327,8729,2976,5326
Household5,35,-3.5590498853378705,280,3350,2194,3334
Household6,35,-0.677573030146263,229,1887,8565,5924
Household7,35,2.525213991182193,230,7999,2231,1674
Household8,35,24.551783191977307,320,6498,7193,2438
Household9,35,4.19262579061782,157,4246,9534,3090
Household10,35,1.7933089012818133,195,5159,2366,1103
Household1,36,-1.4865652486793604,216,8060,6445,5339
Household2,36,-0.660992717722996,117,2436,4455,3220
Household3,36,3.886959750603509,172,3733,8775,1029
Household4,36,8.807719116822408,337,8719,2966,5316
Household5,36,3.8214856184633206,287,3340,2184,3324
Household6,36,-2.773700857521632,236,1877,8555,5914
Household7,36,-3.933166386687308,237,7989,2221,1664
Household8,36,0.5124079677461655,330,6488,7183,2428
Household9,36,-3.931588064165455,162,4236,9524,3080
Household10,36,-0.4494247636322637,201,5149,2356,1093
Household1,37,-1.7018183505810693,222,8050,6435,5329
Household2,37,1.3126381042301976,120,2426,4445,3210
Household3,37,-1.2069083306331478,177,3723,8765,1019
Household4,37,2.1032584590567645,346,8709,2956,5306
Household5,37,-2.3051913253010774,296,3330,2174,3314
Household6,37,3.0981382382182634,242,1867,8545,5904
Household7,37,2.1113172239321276,243,7979,2211,1654
Household8,37,13.878215952769295,339,6478,7173,2418
Household9,37,0.4470620695402179,166,4226,9514,3070
Household10,37,-2.692158428546362,207,5139,2346,1083
Household1,38,-1.9170714524827783,228,8040,6425,5319
Household2,38,3.286268926183377,123,2416,4435,3200
Household3,38,-2.9895701425526156,182,3713,8755,1009
Household4,38,26.243134618820854,355,8699,2946,5296
Household5,38,-2.8926227446151387,304,3320,2164,3304
Household6,38,-2.9395877962443784,249,1857,8535,5894
Household7,38,-4.347063153937373,250,7969,2201,1644
Household8,38,27.244023937792434,348,6468,7163,2408
Household9,38,-3.142254719869383,171,4216,9504,3060
Household10,38,3.033074829654817,212,5129,2336,1073
Household1,39,-2.1323245543844873,234,8030,6415,5309
Household2,39,-2.708067174978728,127,2406,4425,3190
Household3,39,3.1957349686431797,186,3703,8745,999
Household4,39,11.57070703793995,365,8689,2936,5286
Household5,39,-3.4800541639292106,312,3310,2154,3294
Household6,39,2.932251299495528,255,1847,8525,5884
Household7,39,1.697420456682062,256,7959,2191,1634
Household8,39,3.2046487135612924,358,6458,7153,2398
Household9,39,1.236395413836286,175,4206,9494,3050
Household10,39,-3.7445559006329336,218,5119,2326,1063
Household1,40,-2.3475776562861963,240,8020,6405,5299
Household2,40,-0.7344363530255276,130,2396,4415,3180
Household3,40,-1.8981331125934773,191,3693,8735,989
Household4,40,-3.1017205429409564,375,8679,2926,5276
Household5,40,3.9004813398719804,319,3300,2144,3284
Household6,40,-3.6987735932535237,262,1837,8515,5874
Household7,40,-0.2260628558137654,263,7949,2181,1624
Household8,40,16.570456698584422,367,6448,7143,2388
Household9,40,-2.352921375573315,180,4196,9484,3040
Household10,40,1.9806773575682488,223,5109,2316,1053
Household1,41,-3.7865215542443824,246,8010,6395,5289
Household2,41,1.239194468927666,133,2386,4405,3170
Household3,41,4.287171998602318,195,3683,8725,979
Household4,41,21.038155616823143,384,8669,2916,5266
Household5,41,-2.2261956038924176,328,3290,2134,3274
Household6,41,2.1730655024863896,268,1827,8505,5864
Household7,41,-2.149546168309584,270,7939,2171,1614
Household8,41,-2.9555932606062782,376,6438,7133,2378
Household9,41,2.025728758132354,184,4186,9474,3030
Household10,41,-0.2620563073458282,229,5099,2306,1043
Household1,42,-0.6905683868289199,252,8000,6385,5279
Household2,42,3.2128252908808523,136,2376,4395,3160
Household3,42,-0.806696082634339,200,3673,8715,969
Household4,42,6.365728035942237,394,8659,2906,5256
Household5,42,-2.813627023206479,336,3280,2124,3264
Household6,42,-4.4579593902626335,275,1817,8495,5854
Household7,42,3.894937442309862,276,7929,2161,1604
Household8,42,10.410214724416846,385,6428,7123,2368
Household9,42,-1.5635880312772468,189,4176,9464,3020
Household10,42,-2.5047899722599265,235,5089,2296,1033
Household1,43,-0.905821488730643,258,7990,6375,5269
Household2,43,-2.7815108102812527,140,2366,4385,3150
Household3,43,-2.5893578945538067,205,3663,8705,959
Household4,43,-2.3862537485075137,403,8649,2896,5246
Household5,43,-3.401058442520551,344,3270,2114,3254
Household6,43,1.4138797054772798,281,1807,8485,5844
Household7,43,-1.970144077273229,283,7919,2151,1594
Household8,43,23.776022709440014,394,6418,7113,2358
Household9,43,2.8150621024284224,193,4166,9454,3010
Household10,43,3.2204432859412524,240,5079,2286,1023
Household1,44,-1.121074590632352,264,7980,6365,5259
Household2,44,-0.8078799883280521,143,2356,4375,3140
Household3,44,3.5959472166419886,209,3653,8695,949
Household4,44,21.753622411256583,412,8639,2886,5236
Household5,44,3.9794770612806403,351,3260,2104,3244
Household6,44,-0.6822481218980698,288,1797,8475,5834
Household7,44,4.074339533346199,289,7909,2141,1584
Household8,44,-0.2633525147911282,404,6408,7103,2348
Household9,44,-0.7742546869811786,198,4156,9444,3000
Household10,44,-2.333496648290021,246,5069,2276,1013
Household1,45,-1.336327692534061,270,7970,6355,5249
Household2,45,1.1657508336251414,146,2346,4365,3130
Household3,45,-1.4979208645946684,214,3643,8685,939
Household4,45,7.081194830375676,422,8629,2876,5226
Household5,45,-2.1471998824837577,360,3250,2094,3234
Household6,45,-2.778375949273439,295,1787,8465,5824
Household7,45,-1.7907419862368918,296,7899,2131,1574
Household8,45,13.102455470232002,413,6398,7093,2338
Household9,45,3.6043954467244905,202,4146,9434,2990
Household10,45,3.391736609911158,251,5059,2266,1003
Household1,46,-1.55158079443577,276,7960,6345,5239
Household2,46,3.139381655578328,149,2336,4355,3120
Household3,46,-3.280582676514136,219,3633,8675,929
Household4,46,-1.6707869540740745,431,8619,2866,5216
Household5,46,-2.734631301797819,368,3240,2084,3224
Household6,46,3.0934631464664566,301,1777,8455,5814
Household7,46,4.253741624382537,302,7889,2121,1564
Household8,46,26.46826345525514,422,6388,7083,2328
Household9,46,-4.519818408058784,207,4136,9424,2980
Household10,46,-2.1622033243201155,257,5049,2256,993
Household1,47,-1.766833896337479,282,7950,6335,5229
Household2,47,-2.854954445583777,153,2326,4345,3110
Household3,47,2.904722434681659,223,3623,8665,919
Household4,47,22.46908920569002,440,8609,2856,5206
Household5,47,-3.322062721111891,376,3230,2074,3214
Household6,47,-2.944262887996185,308,1767,8445,5804
Household7,47,-1.6113398952005547,309,7879,2111,1554
Household8,47,2.4288882310239988,432,6378,7073,2318
Household9,47,-0.1411682743531113,211,4126,9414,2970
Household10,47,3.5630299338810634,262,5039,2246,983
Household1,48,-1.982086998239188,288,7940,6325,5219
Household2,48,-0.8813236236305766,156,2316,4335,3100
Household3,48,-2.189145646554998,228,3613,8655,909
Household4,48,7.796661624809115,450,8599,2846,5196
Household5,48,4.0584727826893,383,3220,2064,3204
Household6,48,2.927576207743721,314,1757,8435,5794
Household7,48,-3.5348232076963892,316,7869,2101,1544
Household8,48,15.794696216047129,441,6368,7063,2308
Household9,48,4.237481859352551,215,4116,9404,2960
Household10,48,-1.99091000035021,268,5029,2236,973
Household1,49,-2.197340100140897,294,7930,6315,5209
Household2,49,1.092307198322617,159,2306,4325,3090
Household3,49,3.9961594646407974,232,3603,8645,899
Household4,49,-0.9553201596406353,459,8589,2836,5186
Household5,49,-2.068204161075098,392,3210,2054,3194
Household6,49,-3.7034486850053305,321,1747,8425,5784
Household7,49,2.509660402923055,322,7859,2091,1534
Household8,49,4.236613179971691,449,6358,7053,2298
Household9,49,-3.886731995430724,220,4106,9394,2950
Household10,49,3.734323257850969,273,5019,2226,963
Household1,50,-2.412593202042606,300,7920,6305,5199
Household2,50,3.0659380202758033,162,2296,4315,3080
Household3,50,-1.0977086165958596,237,3593,8635,889
Household4,50,23.184556000123454,468,8579,2826,5176
Household5,50,-2.655635580389159,400,3200,2044,3184
Household6,50,2.168390410734583,327,1737,8415,5774
Household7,50,-3.948719974946446,329,7849,2081,1524
Household8,50,17.60242116499481,458,6348,7043,2288
Household9,50,0.4919181382749489,224,4096,9384,2940
Household10,50,-1.8196166763803046,279,5009,2216,953
Household1,51,-3.851537100000792,306,7910,6295,5189
Household2,51,-2.9283980808863017,166,2286,4305,3070
Household3,51,-2.8803704285153273,242,3583,8625,879
Household4,51,8.512128419242554,478,8569,2816,5166
Household5,51,-3.243066999703231,408,3190,2034,3174
Household6,51,-4.46263448201444,334,1727,8405,5764
Household7,51,2.0957636356729896,335,7839,2071,1514
Household8,51,-1.923628794195892,467,6338,7033,2278
Household9,51,-3.097398651134652,229,4086,9374,2930
Household10,51,3.9056165818208743,284,4999,2206,943
Household1,52,-0.7555839325853295,312,7900,6285,5179
Household2,52,-0.9547672589331011,169,2276,4295,3060
Household3,52,3.304934682680468,246,3573,8615,869
Household4,52,-0.23985336520719613,487,8559,2806,5156
Household5,52,4.13746850409796,415,3180,2024,3164
Household6,52,1.409204613725473,340,1717,8395,5754
Household7,52,-4.362616742196511,342,7829,2061,1504
Household8,52,11.442179190827233,476,6328,7023,2268
Household9,52,1.281251482571017,233,4076,9364,2920
Household10,52,-1.6483233524103706,290,4989,2196,933
Household1,53,-0.9708370344870527,318,7890,6275,5169
Household2,53,1.0188635630200924,172,2266,4285,3050
Household3,53,-1.788933398556189,251,3563,8605,859
Household4,53,23.900022794556893,496,8549,2796,5146
Household5,53,-1.989208439666438,424,3170,2014,3154
Household6,53,-0.6869232136498766,347,1707,8385,5744
Household7,53,1.681866868422924,348,7819,2051,1494
Household8,53,24.8079871758504,485,6318,7013,2258
Household9,53,-2.308065306838584,238,4066,9354,2910
Household10,53,4.076909905790808,295,4979,2186,923
Household1,54,-1.1860901363887617,324,7880,6265,5159
Household2,54,2.992494384973279,175,2256,4275,3040
Household3,54,-3.5715952104756568,256,3553,8595,849
Household4,54,9.227595213675993,506,8539,2786,5136
Household5,54,-2.5766398589804993,432,3160,2004,3144
Household6,54,-2.783051041025246,354,1697,8375,5734
Household7,54,-0.2416164440729034,355,7809,2041,1484
Household8,54,0.768611951619258,495,6308,7003,2248
Household9,54,2.0705848268670852,242,4056,9344,2900
Household10,54,-1.4770300284404367,301,4969,2176,913
Household1,55,-1.4013432382904707,330,7870,6255,5149
Household2,55,-3.0018417161888262,179,2246,4265,3030
Household3,55,-0.9190315899900021,263,3543,8585,839
Household4,55,2.5231345559103495,515,8529,2776,5126
Household5,55,-3.1640712782945712,440,3150,1994,3134
Household6,55,3.08878805471465,360,1687,8365,5724
Household7,55,-2.165099756568722,362,7799,2031,1474
Household8,55,14.134419936642388,504,6298,6993,2238
Household9,55,-1.5187319625425157,247,4046,9334,2890
Household10,55,4.248203229760742,306,4959,2166,903
Household1,56,-1.6165963401921797,336,7860,6245,5139
Household2,56,-1.0282108942356256,182,2236,4255,3020
Household3,56,-2.701693401909459,268,3533,8575,829
Household4,56,26.66301071567444,524,8519,2766,5116
Household5,56,4.21646422550662,447,3140,1984,3124
Household6,56,-2.948937979747992,367,1677,8355,5714
Household7,56,3.879383854050724,368,7789,2021,1464
Household8,56,27.500227921665527,513,6288,6983,2228
Household9,56,2.8599181711631534,251,4036,9324,2880
Household10,56,-1.3057367044705028,312,4949,2156,893
Household1,57,-1.8318494420938887,342,7850,6235,5129
Household2,57,0.9454199277175679,185,2226,4245,3010
Household3,57,3.483611709286336,272,3523,8565,819
Household4,57,11.990583134793535,534,8509,2756,5106
Household5,57,-1.9102127182577782,456,3130,1974,3114
Household6,57,2.9229011159919143,373,1667,8345,5704
Household7,57,-1.985697665532367,375,7779,2011,1454
Household8,57,3.460852697434385,523,6278,6973,2218
Household9,57,-0.7293986182464476,256,4026,9314,2870
Household10,57,-3.548470369384587,318,4939,2146,883
Household1,58,-2.0471025439955977,348,7840,6225,5119
Household2,58,2.9190507496707543,188,2216,4235,3000
Household3,58,-1.610256371950321,277,3513,8555,809
Household4,58,-2.6818444460873643,544,8499,2746,5096
Household5,58,-2.4976441375718395,464,3120,1964,3104
Household6,58,-3.7081237767571373,380,1657,8335,5694
Household7,58,4.058785945087061,381,7769,2001,1444
Household8,58,16.826660682457515,532,6268,6963,2208
Household9,58,3.6492515154592216,260,4016,9304,2860
Household10,58,2.176762888816592,323,4929,2136,873
Household1,59,-2.2623556458973066,354,7830,6215,5109
Household2,59,-3.0752853514913507,192,2206,4225,2990
Household3,59,-3.3929181838697886,282,3503,8545,799
Household4,59,21.45803171367673,553,8489,2736,5086
Household5,59,-3.0850755568859114,472,3110,1954,3094
Household6,59,2.163715318982776,386,1647,8325,5684
Household7,59,-1.8062955744960298,388,7759,1991,1434
Household8,59,-2.6993892767331857,541,6258,6953,2198
Household9,59,-4.474962339324053,265,4006,9294,2850
Household10,59,-4.600867841471159,329,4919,2126,863
Household1,60,-3.7012995438554928,360,7820,6205,5099
Household2,60,-1.1016545295381501,195,2196,4215,2980
Household3,60,2.7923869273260067,286,3493,8535,789
Household4,60,6.785604132795822,563,8479,2726,5076
Household5,60,4.29545994691528,479,3100,1944,3084
Household6,60,-4.467309573766247,393,1637,8315,5674
Household7,60,4.238188036123399,394,7749,1981,1424
Household8,60,10.666418708289939,550,6248,6943,2188
Household9,60,-0.09631220561838028,269,3996,9284,2840
Household10,60,1.1243654167300239,334,4909,2116,853
Household1,61,-0.6053463764400018,366,7810,6195,5089
Household2,61,0.8719762924150434,198,2186,4205,2970
Household3,61,-2.3014811539106503,291,3483,8525,779
Household4,61,-1.9663776516539286,572,8469,2716,5066
Household5,61,-1.8312169968491183,488,3090,1934,3074
Household6,61,1.4045295219736662,399,1627,8305,5664
Household7,61,-1.6268934834596926,401,7739,1971,1414
Household8,61,24.032226693313106,559,6238,6933,2178
Household9,61,4.282337928087282,273,3986,9274,2830
Household10,61,-1.1183682481840531,340,4899,2106,843
Household1,62,-0.820599478341725,372,7800,6185,5079
Household2,62,2.8456071143682298,201,2176,4195,2960
Household3,62,3.883823957285145,295,3473,8515,769
Household4,62,22.173498508110168,581,8459,2706,5056
Household5,62,-2.4186484161631796,496,3080,1924,3064
Household6,62,-0.6915983054016834,406,1617,8295,5654
Household7,62,-3.5503767959555272,408,7729,1961,1404
Household8,62,-0.007148530918035689,569,6228,6923,2168
Household9,62,-3.8418759266959928,278,3976,9264,2820
Household10,62,-3.3611019130981514,346,4889,2096,833
Household1,63,-1.035852580243434,378,7790,6175,5069
Household2,63,-3.1487289867938753,205,2166,4185,2950
Household3,63,-1.210044123951512,300,3463,8505,759
Household4,63,7.501070927229261,591,8449,2696,5046
Household5,63,-3.0060798354772515,504,3070,1914,3054
Household6,63,-2.7877261327770526,413,1607,8285,5644
Household7,63,2.494106814663917,414,7719,1951,1394
Household8,63,13.358659454105094,578,6218,6913,2158
Household9,63,0.5367742070096799,282,3966,9254,2810
Household10,63,2.3641313451030275,351,4879,2086,823
Household1,64,-1.251105682145143,384,7780,6165,5059
Household2,64,-1.1750981648406746,208,2156,4175,2940
Household3,64,-2.9927059358709798,305,3453,8495,749
Household4,64,-1.2509108572204894,600,8439,2686,5036
Household5,64,-3.5935112547913235,512,3060,1904,3044
Household6,64,3.084112962962843,419,1597,8275,5634
Household7,64,-3.964273563205584,421,7709,1941,1384
Household8,64,26.724467439128233,587,6208,6903,2148
Household9,64,-3.052542582399921,287,3956,9244,2800
Household10,64,-4.413499385184709,357,4869,2076,813
Household1,65,-1.466358784046852,390,7770,6155,5049
Household2,65,0.7985326571125189,211,2146,4165,2930
Household3,65,3.1925991753248155,309,3443,8485,739
Household4,65,22.888965302543607,609,8429,2676,5026
Household5,65,3.7870242490098676,519,3050,1894,3034
Household6,65,-2.953613071499799,426,1587,8265,5624
Household7,65,2.0802100474138516,427,7699,1931,1374
Household8,65,2.6850922148970913,597,6198,6893,2138
Household9,65,1.326107551305748,291,3946,9234,2790
Household10,65,1.3117338730164736,362,4859,2066,803
Household1,66,-1.681611885948561,396,7760,6145,5039
Household2,66,2.7721634790657053,214,2136,4155,2920
Household3,66,-1.9012689059118415,314,3433,8475,729
Household4,66,8.2165377216627,619,8419,2666,5016
Household5,66,-2.3396526947545304,528,3040,1884,3024
Household6,66,2.9182260242401075,432,1577,8255,5614
Household7,66,-4.378170330455649,434,7689,1921,1364
Household8,66,16.05090019992022,606,6188,6883,2128
Household9,66,-2.263209238103853,296,3936,9224,2780
Household10,66,-0.9309997918975892,368,4849,2056,793
Household1,67,-1.89686498785027,402,7750,6135,5029
Household2,67,-3.2221726220963998,218,2126,4145,2910
Household3,67,4.284036205283954,318,3423,8465,719
Household4,67,-0.5354440627870503,628,8409,2656,5006
Household5,67,-2.9270841140685917,536,3030,1874,3014
Household6,67,-3.712798868508944,439,1567,8245,5604
Household7,67,1.666313280163786,440,7679,1911,1354
Household8,67,-3.4751497592704794,615,6178,6873,2118
Household9,67,2.1154408956018163,300,3926,9214,2770
Household10,67,-3.1737334568116875,374,4839,2046,783
Household1,68,-2.112118089751979,408,7740,6125,5019
Household2,68,-1.2485418001431992,221,2116,4135,2900
Household3,68,-0.8098318759527032,323,3413,8455,709
Household4,68,23.60443209697704,637,8399,2646,4996
Household5,68,-3.5145155333826636,544,3020,1864,3004
Household6,68,2.1590402272309692,445,1557,8235,5594
Household7,68,-0.2571700323320414,447,7669,1901,1344
Household8,68,9.890658225752645,624,6168,6863,2108
Household9,68,-1.4738758938077847,305,3916,9204,2760
Household10,68,2.5514998013894914,379,4829,2036,773
Household1,69,-2.327371191653688,414,7730,6115,5009
Household2,69,0.7250890218099943,224,2106,4125,2890
Household3,69,-2.592493687872171,328,3403,8445,699
Household4,69,8.93200451609614,647,8389,2636,4986
Household5,69,3.8660199704185274,551,3010,1854,2994
Household6,69,-4.471984665518054,452,1547,8225,5584
Household7,69,-2.18065334482786,454,7659,1891,1334
Household8,69,23.256466210775812,633,6158,6853,2098
Household9,69,2.9047742398978844,309,3906,9194,2750
Household10,69,-4.226130928898259,385,4819,2026,763
Household1,70,-3.766315089611874,420,7720,6105,4999
Household2,70,2.6987198437631807,227,2096,4115,2880
Household3,70,3.5928114233236244,332,3393,8435,689
Household4,70,2.2275438583304954,656,8379,2626,4976
Household5,70,-2.2606569733458706,560,3000,1844,2984
Household6,70,1.3998544302218594,458,1537,8215,5574
Household7,70,3.863830265791586,460,7649,1881,1324
Household8,70,-0.7829090134553294,643,6148,6843,2088
Household9,70,-0.6845425495117166,314,3896,9184,2740
Household10,70,1.4991023293029233,390,4809,2016,753
Household1,71,-0.6703619221964114,426,7710,6095,4989
Household2,71,-3.2956162573989243,231,2086,4105,2870
Household3,71,-1.5010566579130327,337,3383,8425,679
Household4,71,26.367420018094585,665,8369,2616,4966
Household5,71,-2.848088392659932,568,2990,1834,2974
Household6,71,-0.6962733971534902,465,1527,8205,5564
Household7,71,-2.001251253791505,467,7639,1871,1314
Household8,71,12.5828989715678,652,6138,6833,2078
Household9,71,3.6941075841939526,318,3886,9174,2730
Household10,71,-0.7436313356111537,396,4799,2006,743
Household1,72,-0.8856150240981346,432,7700,6085,4979
Household2,72,-1.3219854354457237,234,2076,4095,2860
Household3,72,-3.2837184698325004,342,3373,8415,669
Household4,72,11.694992437213681,675,8359,2606,4956
Household5,72,-3.435519811974004,576,2980,1824,2964
Household6,72,-2.7924012245288594,472,1517,8195,5554
Household7,72,4.043232356827923,473,7629,1861,1304
Household8,72,25.94870695659094,661,6128,6823,2068
Household9,72,-4.430106270589322,323,3876,9164,2720
Household10,72,-2.986365000525252,402,4789,1996,733
Household1,73,-1.1008681259998436,438,7690,6075,4969
Household2,73,0.6516453865074698,237,2066,4085,2850
Household3,73,2.901586641363295,346,3363,8405,659
Household4,73,-2.9774351436672255,685,8349,2596,4946
Household5,73,3.9450156918271873,583,2970,1814,2954
Household6,73,3.079437871211036,478,1507,8185,5544
Household7,73,-1.8218491627551678,480,7619,1851,1294
Household8,73,1.9093317323597976,671,6118,6813,2058
Household9,73,-0.05145613688364925,327,3866,9154,2710
Household10,73,2.738868257675927,407,4779,1986,723
Household1,74,-1.3161212279015526,444,7680,6065,4959
Household2,74,2.6252762084606562,240,2056,4075,2840
Household3,74,-2.192281439873362,351,3353,8395,649
Household4,74,21.162441016096874,694,8339,2586,4936
Household5,74,-2.1816612519372107,592,2960,1804,2944
Household6,74,-3.5515870215380154,485,1497,8175,5534
Household7,74,4.222634447864261,486,7609,1841,1284
Household8,74,15.275139717382928,680,6108,6803,2048
Household9,74,-3.6407729262932502,332,3856,9144,2700
Household10,74,-4.038762472611824,413,4769,1976,713
Household1,75,-1.5313743298032616,450,7670,6055,4949
Household2,75,-3.369059892701449,244,2046,4065,2830
Household3,75,3.993023671322433,355,3343,8385,639
Household4,75,6.4900134352159675,704,8329,2576,4926
Household5,75,-2.769092671251272,600,2950,1794,2934
Household6,75,2.320252074201898,491,1487,8165,5524
Household7,75,-1.6424470717188306,493,7599,1831,1274
Household8,75,3.71705668130749,688,6098,6793,2038
Household9,75,0.7378772074124189,336,3846,9134,2690
Household10,75,1.6864707855893588,418,4759,1966,703
Household1,76,-1.7466274317049706,456,7660,6045,4939
Household2,76,-1.3954290707482482,247,2036,4055,2820
Household3,76,-1.1008444099142238,360,3333,8375,629
Household4,76,-2.2619683492337828,713,8319,2566,4916
Household5,76,-3.356524090565344,608,2940,1784,2924
Household6,76,-4.310772818547125,498,1477,8155,5514
Household7,76,-3.5659303842146652,500,7589,1821,1264
Household8,76,17.082864666330607,697,6088,6783,2028
Household9,76,-2.851439581997182,341,3836,9124,2680
Household10,76,-0.5562628793247182,424,4749,1956,693
Household1,77,-1.9618805336066796,462,7650,6035,4929
Household2,77,0.5782017512049453,250,2026,4045,2810
Household3,77,-2.8835062218336915,365,3323,8365,619
Household4,77,21.877907810530314,722,8309,2556,4906
Household5,77,4.024011413235847,615,2930,1774,2914
Household6,77,1.5610662771927881,504,1467,8145,5504
Household7,77,2.478553226404779,506,7579,1811,1254
Household8,77,-2.4431852928600932,706,6078,6773,2018
Household9,77,1.527210551708487,345,3826,9114,2670
Household10,77,-2.7989965442388165,430,4739,1946,683
Household1,78,-2.1771336355083886,468,7640,6025,4919
Household2,78,2.5518325731581317,253,2016,4035,2800
Household3,78,3.3017988893621038,369,3313,8355,609
Household4,78,7.205480229649407,732,8299,2546,4896
Household5,78,-2.102665530528551,624,2920,1764,2904
Household6,78,-0.5350615501825615,511,1457,8135,5494
Household7,78,-3.979827151464722,513,7569,1801,1244
Household8,78,10.922622692163031,715,6068,6763,2008
Household9,78,-2.062106237701114,350,3816,9104,2660
Household10,78,2.9262367139623624,435,4729,1936,673
Household1,79,-2.3923867374100976,474,7630,6015,4909
Household2,79,-3.4425035280039733,257,2006,4025,2790
Household3,79,-1.7920691918745533,374,3303,8345,599
Household4,79,-1.5465015548003436,741,8289,2536,4886
Household5,79,-2.690096949842612,632,2910,1754,2894
Household6,79,-2.6311893775579023,518,1447,8125,5484
Household7,79,2.0646564591547136,519,7559,1791,1234
Household8,79,24.2884306771862,724,6058,6753,1998
Household9,79,2.3165438960045552,354,3806,9094,2650
Household10,79,-3.851394016325388,441,4719,1926,663
Household1,80,-3.8313306353682837,480,7620,6005,4899
Household2,80,-1.4688727060507727,260,1996,4015,2780
Household3,80,-3.574731003794021,379,3293,8335,589
Household4,80,22.593374604963753,750,8279,2526,4876
Household5,80,-3.277528369156684,640,2900,1744,2884
Household6,80,3.2406497181819933,524,1437,8115,5474
Household7,80,-4.393723918714787,526,7549,1781,1224
Household8,80,0.24905545295505682,734,6048,6743,1988
Household9,80,-1.2727728934050457,359,3796,9084,2640
Household10,80,1.8738392418757943,446,4709,1916,653
Household1,81,-0.7353774679528211,486,7610,5995,4889
Household2,81,0.5047581159024208,263,1986,4005,2770
Household3,81,-0.9221673833083663,386,3283,8325,579
Household4,81,7.920947024082846,760,8269,2516,4866
Household5,81,4.103007134644507,647,2890,1734,2874
Household6,81,-2.7970763162806485,531,1427,8105,5464
Household7,81,1.650759691904648,532,7539,1771,1214
Household8,81,13.614863437978187,743,6038,6733,1978
Household9,81,3.1058772403006234,363,3786,9074,2630
Household10,81,-0.3688944230382827,452,4699,1906,643
Household1,82,-0.9506305698545443,492,7600,5985,4879
Household2,82,2.478388937855607,266,1976,3995,2760
Household3,82,-2.7048291952278234,391,3273,8315,569
Household4,82,-0.8310347603669044,769,8259,2506,4856
Household5,82,-2.023669809119891,656,2880,1724,2864
Household6,82,3.074762779459258,537,1417,8095,5454
Household7,82,-0.2727236205911794,539,7529,1761,1204
Household8,82,26.980671423001326,752,6028,6723,1968
Household9,82,-0.4834395491089776,368,3776,9064,2620
Household10,82,-2.611628087952381,458,4689,1896,633
Household1,83,-1.1658836717562533,498,7590,5975,4869
Household2,83,-3.515947163306498,270,1966,3985,2750
Household3,83,3.480475915967972,395,3263,8305,559
Household4,83,23.308841399397185,778,8249,2496,4846
Household5,83,-2.6111012284339523,664,2870,1714,2854
Household6,83,-3.556262113289794,544,1407,8085,5444
Household7,83,-2.196206933086998,546,7519,1751,1194
Household8,83,2.941296198770184,762,6018,6713,1958
Household9,83,3.8952105845966916,372,3766,9054,2610
Household10,83,3.113605170248798,463,4679,1886,623
Household1,84,-1.3811367736579623,504,7580,5965,4859
Household2,84,-1.5423163413532972,273,1956,3975,2740
Household3,84,-1.6133921652686851,400,3253,8295,549
Household4,84,8.636413818516285,788,8239,2486,4836
Household5,84,-3.1985326477480243,672,2860,1704,2844
Household6,84,2.3155769824501196,550,1397,8075,5434
Household7,84,3.848276677532448,552,7509,1741,1184
Household8,84,16.307104183793314,771,6008,6703,1948
Household9,84,-4.229003270186583,377,3756,9044,2600
Household10,84,-2.4403347639824755,469,4669,1876,613
Household1,85,-1.5963898755596713,510,7570,5955,4849
Household2,85,0.4313144805998963,276,1946,3965,2730
Household3,85,-3.396053977188153,405,3243,8285,539
Household4,85,1.9319531607506413,797,8229,2476,4826
Household5,85,4.182002856053167,679,2850,1694,2834
Household6,85,-4.315447910298904,557,1387,8065,5424
Household7,85,-2.016804842050643,559,7499,1731,1174
Household8,85,-3.218945775397387,780,5998,6693,1938
Household9,85,0.14964686351908973,381,3746,9034,2590
Household10,85,3.2848984942187034,474,4659,1866,603
Household1,86,-1.8116429774613803,516,7560,5945,4839
Household2,86,2.4049453025530827,279,1936,3955,2720
Household3,86,2.7892511340076425,409,3233,8275,529
Household4,86,26.07182932051473,806,8219,2466,4816
Household5,86,-1.9446740877112312,688,2840,1684,2824
Household6,86,1.5563911854410097,563,1377,8055,5414
Household7,86,4.027678768568785,565,7489,1721,1164
Household8,86,10.146862209625738,789,5988,6683,1928
Household9,86,-3.4396699258905112,386,3736,9024,2580
Household10,86,-2.26904144001257,480,4649,1856,593
Household1,87,-2.0268960793630892,522,7550,5935,4829
Household2,87,-3.5893907986090223,283,1926,3945,2710
Household3,87,-2.3046169472290146,414,3223,8265,519
Household4,87,11.399401739633827,816,8209,2456,4806
Household5,87,-2.5321055070252925,696,2830,1674,2814
Household6,87,-0.5397366419343399,570,1367,8045,5404
Household7,87,-1.8374027510143058,572,7479,1711,1154
Household8,87,23.512670194648905,798,5978,6673,1918
Household9,87,0.9389802078151579,390,3726,9014,2570
Household10,87,3.456191818188609,485,4639,1846,583
Household1,88,-2.2421491812647982,528,7540,5925,4819
Household2,88,-1.6157599766558217,286,1916,3935,2700
Household3,88,3.8806881639667807,418,3213,8255,509
Household4,88,-3.2730258412470796,826,8199,2446,4796
Household5,88,-3.1195369263393644,704,2820,1664,2804
Household6,88,-2.6358644693096807,577,1357,8035,5394
Household7,88,4.207080859605123,578,7469,1701,1144
Household8,88,-0.5267050295822369,808,5968,6663,1908
Household9,88,-2.650336581594443,395,3716,9004,2560
Household10,88,-2.0977481160426645,491,4629,1836,573
Household1,89,-2.457402283166507,534,7530,5915,4809
Household2,89,0.3578708452973718,289,1906,3925,2690
Household3,89,-1.2131799172698763,423,3203,8245,499
Household4,89,20.86685031851702,835,8189,2436,4786
Household5,89,4.260998577461827,711,2810,1654,2794
Household6,89,3.235974626430215,583,1347,8025,5384
Household7,89,-1.6580006599779686,585,7459,1691,1134
Household8,89,12.839102955440893,817,5958,6653,1898
Household9,89,1.728313552111226,399,3706,8994,2550
Household10,89,3.6274851421585144,496,4619,1826,563
Household1,90,-3.8963461811246933,540,7520,5905,4799
Household2,90,2.331501667250558,292,1896,3915,2680
Household3,90,-2.995841729189344,428,3193,8235,489
Household4,90,6.194422737636113,845,8179,2426,4776
Household5,90,-1.8656783663025713,720,2800,1644,2784
Household6,90,-2.801751408032427,590,1337,8015,5374
Household7,90,-3.5814839724738032,592,7449,1681,1124
Household8,90,26.204910940464032,826,5948,6643,1888
Household9,90,-1.861003237298375,404,3696,8984,2540
Household10,90,-1.926454792072759,502,4609,1816,553
Household1,91,-0.8003930137092308,546,7510,5895,4789
Household2,91,4.30513248920373,295,1886,3905,2670
Household3,91,3.1894633820064513,432,3183,8225,479
Household4,91,-2.557559046813637,854,8169,2416,4766
Household5,91,-2.4531097856166326,728,2790,1634,2774
Household6,91,3.0700876877074794,596,1327,8005,5364
Household7,91,2.462999638145641,598,7439,1671,1114
Household8,91,2.16553571623289,836,5938,6633,1878
Household9,91,2.517646896407294,408,3686,8974,2530
Household10,91,3.79877846612842,507,4599,1806,543
Household1,92,-1.015646115610954,552,7500,5885,4779
Household2,92,-1.6892036119583889,299,1876,3895,2660
Household3,92,-1.9044046992302057,437,3173,8215,469
Household4,92,21.58231711295046,863,8159,2406,4756
Household5,92,-3.0405412049307046,736,2780,1624,2764
Household6,92,-3.560937205041572,603,1317,7995,5354
Household7,92,-3.99538073972386,605,7429,1661,1104
Household8,92,15.53134370125602,845,5928,6623,1868
Household9,92,-1.0716698930023068,413,3676,8964,2520
Household10,92,-1.7551614681028251,513,4589,1796,533
Household1,93,-1.230899217512663,558,7490,5875,4769
Household2,93,0.28442720999480464,302,1866,3885,2650
Household3,93,4.28090041196559,441,3163,8205,459
Household4,93,6.909889532069553,873,8149,2396,4746
Household5,93,-3.6279726242447765,744,2770,1614,2754
Household6,93,2.310901890698341,609,1307,7985,5344
Household7,93,2.0491028708955756,611,7419,1651,1094
Household8,93,3.9732606651805824,853,5918,6613,1858
Household9,93,3.3069802407033624,417,3666,8954,2510
Household10,93,3.9700717900983538,518,4579,1786,523
Household1,94,-1.446152319414372,564,7480,5865,4759
Household2,94,2.258058031947991,305,1856,3875,2640
Household3,94,-0.8129676692710675,446,3153,8195,449
Household4,94,-1.8420922523801977,882,8139,2386,4736
Household5,94,3.7525628795564145,751,2760,1604,2744
Household6,94,-4.320123002050682,616,1297,7975,5334
Household7,94,-4.409277506973925,618,7409,1641,1084
Household8,94,17.3390686502037,862,5908,6603,1848
Household9,94,-0.2823365487062386,422,3656,8944,2500
Household10,94,-1.5838681441328912,524,4569,1776,513
Household1,95,-1.661405421316081,570,7470,5855,4749
Household2,95,4.231688853901163,308,1846,3865,2630
Household3,95,-2.595629481190535,451,3143,8185,439
Household4,95,22.2977839073839,891,8129,2376,4726
Household5,95,-2.3741140642079834,760,2750,1594,2734
Household6,95,1.5517160936892314,622,1287,7965,5324
Household7,95,1.6352061036455101,624,7399,1631,1074
Household8,95,-2.1869813089870007,871,5898,6593,1838
Household9,95,4.0963135849994305,426,3646,8934,2490
Household10,95,4.141365114068288,529,4559,1766,503
Household1,96,-1.87665852321779,576,7460,5845,4739
Household2,96,-1.762647247260956,312,1836,3855,2620
Household3,96,3.58967563000526,455,3133,8175,429
Household4,96,7.625356326502992,901,8119,2366,4716
Household5,96,-2.9615454835220447,768,2740,1584,2724
Household6,96,-0.5444117336861183,629,1277,7955,5314
Household7,96,-0.2882772088503174,631,7389,1621,1064
Household8,96,11.178826676036124,880,5888,6583,1828
Household9,96,-4.027900269783844,431,3636,8924,2480
Household10,96,-1.4125748201629573,535,4549,1756,493
Household1,97,-2.091911625119499,582,7450,5835,4729
Household2,97,0.2109835746922375,315,1826,3845,2610
Household3,97,-1.5041924512313969,460,3123,8165,419
Household4,97,-1.1266254579467585,910,8109,2356,4706
Household5,97,-3.5489769028361167,776,2730,1574,2714
Household6,97,-2.640539561061459,636,1267,7945,5304
Household7,97,-2.211760521346136,638,7379,1611,1054
Household8,97,24.54463466105929,889,5878,6573,1818
Household9,97,0.3507498639218287,435,3626,8914,2470
Household10,97,4.312658438038222,540,4539,1746,483
Household1,98,-2.307164727021208,588,7440,5825,4719
Household2,98,2.184614396645424,318,1816,3835,2600
Household3,98,-3.2868542631508646,465,3113,8155,409
Household4,98,23.013250701817338,919,8099,2346,4696
Household5,98,3.8315586009650744,783,2720,1564,2704
Household6,98,3.2312995346784366,642,1257,7935,5294
Household7,98,3.83272308927331,644,7369,1601,1044
Household8,98,0.5052594368281493,899,5868,6563,1808
Household9,98,-3.2385669254877723,440,3616,8904,2460
Household10,98,-1.2412814961930234,546,4529,1736,473
Household1,99,-3.746108624979394,594,7430,5815,4709
Household2,99,4.158245218598596,321,1806,3825,2590
Household3,99,2.8984508480449307,469,3103,8145,399
Household4,99,8.340823120936431,929,8089,2336,4686
Household5,99,-2.2951183427993236,792,2710,1554,2694
Household6,99,-2.806426499784205,649,1247,7925,5284
Household7,99,-2.032358430309781,651,7359,1591,1034
Household8,99,13.87106742185128,908,5858,6553,1798
Household9,99,1.1400832082178969,444,3606,8894,2450
Household10,99,-3.4840151611071075,552,4519,1726,463
Household1,100,-0.650155457563903,600,7420,5805,4699
Household2,100,-1.8360908825635232,325,1796,3815,2580
Household3,100,-2.1954172331917263,474,3093,8135,389
Household4,100,-0.4111586635133193,938,8079,2326,4676
Household5,100,-2.882549762113385,800,2700,1544,2684
Household6,100,3.065412595955701,655,1237,7915,5274
Household7,100,4.012125180309647,657,7349,1581,1024
Household8,100,27.236875406874418,917,5848,6543,1788
Household9,100,-2.449233581191704,449,3596,8884,2440
Household10,100,2.2412180970940714,557,4509,1716,453
Household1,101,-0.8654085594656262,606,7410,5795,4689
Household2,101,0.13753993938967746,328,1786,3805,2570
Household3,101,3.989887878004069,478,3083,8125,379
Household4,101,23.72871749625077,947,8069,2316,4666
Household5,101,-3.469981181427457,808,2690,1534,2674
Household6,101,-3.5656122967933506,662,1227,7905,5264
Household7,101,-1.8529563392734438,664,7339,1571,1014
Household8,101,3.1975001826432763,927,5838,6533,1778
Household9,101,1.929416552513965,453,3586,8874,2430
Household10,101,-4.536412633193665,563,4499,1706,443
Household1,102,-1.0806616613673352,612,7400,5785,4679
Household2,102,2.111170761342864,331,1776,3795,2560
Household3,102,-1.103980203232588,483,3073,8115,369
Household4,102,9.05628991536987,957,8059,2306,4656
Household5,102,3.9105543223737342,815,2680,1524,2664
Household6,102,2.306226798946563,668,1217,7895,5254
Household7,102,4.191527271345985,670,7329,1561,1004
Household8,102,16.563308167666406,936,5828,6523,1768
Household9,102,-1.659900236895636,458,3576,8864,2420
Household10,102,1.1888206250075175,568,4489,1696,433
Household1,103,-1.2959147632690442,618,7390,5775,4669
Household2,103,4.084801583296029,334,1766,3785,2550
Household3,103,-2.8866420151520558,488,3063,8105,359
Household4,103,2.3518292576042263,966,8049,2296,4646
Household5,103,-2.2161226213906637,824,2670,1514,2654
Household6,103,-4.32479809380246,675,1207,7885,5244
Household7,103,-1.6735542482371066,677,7319,1551,994
Household8,103,-2.9627417915242944,945,5818,6513,1758
Household9,103,2.718749896810033,462,3566,8854,2410
Household10,103,-1.0539130399065453,574,4479,1686,423
Household1,104,-1.5111678651707532,624,7380,5765,4659
Household2,104,-1.9095345178660903,338,1756,3775,2540
Household3,104,3.2986630960437395,492,3053,8095,349
Household4,104,26.491705417368316,975,8039,2286,4636
Household5,104,-2.803554040704725,832,2660,1504,2644
Household6,104,1.547041001937453,681,1197,7875,5234
Household7,104,-3.5970375607329412,684,7309,1541,984
Household8,104,10.40306619349883,954,5808,6503,1748
Household9,104,-0.8705668925995678,467,3556,8844,2400
Household10,104,-3.2966467048206436,580,4469,1676,413
Household1,105,-1.7264209670724622,630,7370,5755,4649
Household2,105,0.06409630408711031,341,1746,3765,2530
Household3,105,-1.7952049851929175,497,3043,8085,339
Household4,105,11.819277836487412,985,8029,2276,4626
Household5,105,-3.390985460018797,840,2650,1494,2634
Household6,105,-0.5490868254378967,688,1187,7865,5224
Household7,105,2.447446049886503,690,7299,1531,974
Household8,105,23.768874178521997,963,5798,6493,1738
Household9,105,3.5080832411061014,471,3546,8834,2390
Household10,105,2.4285865533805353,585,4459,1666,403
Household1,106,-1.9416740689741712,636,7360,5745,4639
Household2,106,2.0377271260402967,344,1736,3755,2520
Household3,106,-3.577866797112385,502,3033,8075,329
Household4,106,-2.8531497443934946,995,8019,2266,4616
Household5,106,3.989550043782394,847,2640,1484,2624
Household6,106,-2.6452146528132374,695,1177,7855,5214
Household7,106,-4.010934327982998,697,7289,1521,964
Household8,106,-0.27050104570914435,973,5788,6483,1728
Household9,106,-4.616130613677173,476,3536,8824,2380
Household10,106,-4.349044176907215,591,4449,1656,393
Household1,107,-2.15692717087588,642,7350,5735,4629
Household2,107,4.011357947993462,347,1726,3745,2510
Household3,107,-0.9253031766267306,509,3023,8065,319
Household4,107,21.286726415370605,1004,8009,2256,4606
Household5,107,-2.137126899982004,856,2630,1474,2614
Household6,107,3.226624442926658,701,1167,7845,5204
Household7,107,2.0335492826364376,703,7279,1511,954
Household8,107,13.095306939313986,982,5778,6473,1718
Household9,107,-0.23748047997150046,480,3526,8814,2370
Household10,107,1.3761890812939672,596,4439,1646,383
Household1,108,-2.372180272777589,648,7340,5725,4619
Household2,108,-1.9829781531686574,351,1716,3735,2500
Household3,108,-2.7079649885461876,514,3013,8055,309
Household4,108,6.6142988344896985,1014,7999,2246,4596
Household5,108,-2.724558319296065,864,2620,1464,2604
Household6,108,-2.8111015915359836,708,1157,7835,5194
Household7,108,-4.424831095233063,710,7269,1501,944
Household8,108,26.461114924337124,991,5768,6463,1708
Household9,108,4.141169653734162,484,3516,8804,2360
Household10,108,-0.8665445836201098,602,4429,1636,373
Household1,109,-3.8111241707357753,654,7330,5715,4609
Household2,109,-0.009347331215456833,354,1706,3725,2490
Household3,109,3.4773401226496077,518,3003,8045,299
Household4,109,-2.137682949960052,1023,7989,2236,4586
Household5,109,-3.311989738610137,872,2610,1454,2594
Household6,109,3.0607375042039227,714,1147,7825,5184
Household7,109,1.6196525153863721,716,7259,1491,934
Household8,109,2.4217397001059826,1001,5758,6453,1698
Household9,109,-3.983044201049113,489,3506,8794,2350
Household10,109,-3.109278248534208,608,4419,1626,363
Household1,110,-0.7151710033203127,660,7320,5705,4599
Household2,110,1.9642834907377296,357,1696,3715,2480
Household3,110,-1.6165279585870493,523,2993,8035,289
Household4,110,22.002193209804044,1032,7979,2226,4576
Household5,110,4.068545765191054,879,2600,1444,2584
Household6,110,-3.570287388545129,721,1137,7815,5174
Household7,110,-0.3038307971094554,723,7249,1481,924
Household8,110,15.787547685129113,1010,5748,6443,1688
Household9,110,0.39560593265655974,493,3496,8784,2340
Household10,110,2.615955009666971,613,4409,1616,353
Household1,111,-0.9304241052220359,666,7310,5695,4589
Household2,111,3.9379143126908946,360,1686,3705,2470
Household3,111,-3.399189770506517,528,2983,8025,279
Household4,111,7.329765628923138,1042,7969,2216,4566
Household5,111,-2.058131178573344,888,2590,1434,2574
Household6,111,2.3015517071947844,727,1127,7805,5164
Household7,111,-2.227314109605274,730,7239,1471,914
Household8,111,4.229464649053675,1018,5738,6433,1678
Household9,111,-3.1937108567530412,498,3486,8774,2330
Household10,111,-4.16167572062078,619,4399,1606,343
Household1,112,-1.1456772071237449,672,7300,5685,4579
Household2,112,-2.0564217884712246,364,1676,3695,2460
Household3,112,2.7861153406892782,532,2973,8015,269
Household4,112,-1.4222161555266126,1051,7959,2206,4556
Household5,112,-2.6455625978874053,896,2580,1424,2564
Household6,112,-4.329473185554239,734,1117,7795,5154
Household7,112,3.817169501014172,736,7229,1461,904
Household8,112,17.595272634076792,1027,5728,6423,1668
Household9,112,1.184939276952628,502,3476,8764,2320
Household10,112,1.5635575375804027,624,4389,1596,333
Household1,113,-1.3609303090254539,678,7290,5675,4569
Household2,113,-0.08279096651802398,367,1666,3685,2450
Household3,113,-2.307752740547379,537,2963,8005,259
Household4,113,22.717660004237484,1060,7949,2196,4546
Household5,113,-3.2329940172014773,904,2570,1414,2554
Household6,113,1.5423659101856746,740,1107,7785,5144
Household7,113,-2.047912018568919,743,7219,1451,894
Household8,113,-1.9307773251139082,1036,5718,6413,1658
Household9,113,-2.404377512456973,507,3466,8754,2310
Household10,113,-0.6791761273336743,630,4379,1586,323
Household1,114,-1.5761834109271629,684,7280,5665,4559
Household2,114,1.8908398554351624,370,1656,3675,2440
Household3,114,3.8775523706484165,541,2953,7995,249
Household4,114,8.045232423356577,1070,7939,2186,4536
Household5,114,4.147541486599714,911,2560,1404,2544
Household6,114,-0.553761917189675,747,1097,7775,5134
Household7,114,3.9965715920505094,749,7209,1441,884
Household8,114,11.435030659909216,1045,5708,6403,1648
Household9,114,1.974272621248696,511,3456,8744,2300
Household10,114,-2.9219097922477726,636,4369,1576,313
Household1,115,-1.7914365128288718,690,7270,5655,4549
Household2,115,3.8644706773883275,373,1646,3665,2430
Household3,115,-1.2163157105882405,546,2943,7985,239
Household4,115,-0.7067493610931734,1079,7929,2176,4526
Household5,115,-1.9791354571646842,920,2550,1394,2534
Household6,115,-2.649889744565016,754,1087,7765,5124
Household7,115,-1.8685099275325818,756,7199,1431,874
Household8,115,24.800838644932384,1054,5698,6393,1638
Household9,115,-1.615044168160905,516,3446,8734,2290
Household10,115,2.8033234659534063,641,4359,1566,303
Household1,116,-2.006689614730581,696,7260,5645,4539
Household2,116,-2.1298654237737917,377,1636,3655,2420
Household3,116,-2.998977522507708,551,2933,7975,229
Household4,116,23.433126798670916,1088,7919,2166,4516
Household5,116,-2.5665668764787455,928,2540,1384,2524
Household6,116,3.22194935117488,760,1077,7755,5114
Household7,116,4.175973683086847,762,7189,1421,864
Household8,116,0.7614634207012418,1064,5688,6383,1628
Household9,116,2.7636059655447642,520,3436,8724,2280
Household10,116,-3.9743072643343442,647,4349,1556,293
Household1,117,-2.22194271663229,702,7250,5635,4529
Household2,117,-0.15623460182059112,380,1626,3645,2410
Household3,117,3.186327588688087,555,2923,7965,219
Household4,117,8.760699217790016,1098,7909,2156,4506
Household5,117,-3.1539982957928174,936,2530,1374,2514
Household6,117,-2.815776683287762,767,1067,7745,5104
Household7,117,-1.6891078364962446,769,7179,1411,854
Household8,117,14.127271405724372,1073,5678,6373,1618
Household9,117,-0.8257108238648367,525,3426,8714,2270
Household10,117,1.7509259938668382,652,4339,1546,283
Household1,118,-2.437195818533999,708,7240,5625,4519
Household2,118,1.8173962201325953,383,1616,3635,2400
Household3,118,-1.90754049254857,560,2913,7955,209
Household4,118,2.056238560024372,1107,7899,2146,4496
Household5,118,4.226537208008374,943,2520,1364,2504
Household6,118,3.0560624124521443,773,1057,7735,5094
Household7,118,-3.6125911489920792,776,7169,1401,844
Household8,118,27.49307939074751,1082,5668,6363,1608
Household9,118,3.5529393098408324,529,3416,8704,2260
Household10,118,-0.49180767104723877,658,4329,1536,273
Household1,119,-3.876139716492185,714,7230,5615,4509
Household2,119,3.7910270420857604,386,1606,3625,2390
Household3,119,4.277764618647225,564,2903,7945,199
Household4,119,26.19611471978846,1116,7889,2136,4486
Household5,119,-1.9001397357560244,952,2510,1354,2494
Household6,119,-3.5749624802969073,780,1047,7725,5084
Household7,119,2.431892461627365,782,7159,1391,834
Household8,119,3.453704166516369,1092,5658,6353,1598
Household9,119,-4.571274544942442,534,3406,8694,2250
Household10,119,-2.734541335961337,664,4319,1526,263
Household1,120,-0.7801865490767224,720,7220,5605,4499
Household2,120,-2.203309059076359,390,1596,3615,2380
Household3,120,-0.8161034625894317,569,2893,7935,189
Household4,120,11.523687138907558,1126,7879,2126,4476
Household5,120,-2.4875711550700856,960,2500,1344,2484
Household6,120,2.296876615443006,786,1037,7715,5074
Household7,120,-4.026487916242136,789,7149,1381,824
Household8,120,16.8195121515395,1101,5648,6343,1588
Household9,120,-0.19262441123676943,538,3396,8684,2240
Household10,120,2.990691922239842,669,4309,1516,253
Household1,121,-0.9954396509784456,726,7210,5595,4489
Household2,121,-0.22967823712315827,393,1586,3605,2370
Household3,121,-2.5987652745088994,574,2883,7925,179
Household4,121,-3.1487404419733487,1136,7869,2116,4466
Household5,121,-3.0750025743841576,968,2490,1334,2474
Household6,121,-4.334148277306017,793,1027,7705,5064
Household7,121,2.0179956943772996,795,7139,1371,814
Household8,121,-2.706537807651202,1110,5638,6333,1578
Household9,121,4.186025722468893,542,3386,8674,2230
Household10,121,-3.7869388080479087,675,4299,1506,243
Household1,122,-1.2106927528801545,732,7200,5585,4479
Household2,122,1.7439525848300281,396,1576,3595,2360
Household3,122,3.586539836686896,578,2873,7915,169
Household4,122,20.99113571779075,1145,7859,2106,4456
Household5,122,4.3055329294170335,975,2480,1324,2464
Household6,122,1.5376908184338962,799,1017,7695,5054
Household7,122,-4.440384683492201,802,7129,1361,804
Household8,122,10.659270177371923,1119,5628,6323,1568
Household9,122,-3.938188132314382,547,3376,8664,2220
Household10,122,1.9382944501532737,680,4289,1496,233
Household1,123,-1.4259458547818635,738,7190,5575,4469
Household2,123,3.7175834067832003,399,1566,3585,2350
Household3,123,-1.507328244549761,583,2863,7905,159
Household4,123,6.318708136909844,1155,7849,2096,4446
Household5,123,-1.8211440143473645,984,2470,1314,2454
Household6,123,-0.5584370089414534,806,1007,7685,5044
Household7,123,1.6040989271272341,808,7119,1351,794
Household8,123,24.02507816239509,1128,5618,6313,1558
Household9,123,0.44046200139129077,551,3366,8654,2210
Household10,123,-0.30443921476080327,686,4279,1486,223
Household1,124,-1.6411989566835725,744,7180,5565,4459
Household2,124,-2.276752694378912,403,1556,3575,2340
Household3,124,-3.289990056469229,588,2853,7895,149
Household4,124,-2.433273647539906,1164,7839,2086,4436
Household5,124,-2.408575433661426,992,2460,1304,2444
Household6,124,-2.654564836316794,813,997,7675,5034
Household7,124,-0.31938438536859337,815,7109,1341,784
Household8,124,-0.014297061836051839,1138,5608,6303,1548
Household9,124,-3.14885478801831,556,3356,8644,2200
Household10,124,-2.5471728796749016,692,4269,1476,213
Household1,125,-1.8564520585852815,750,7170,5555,4449
Household2,125,-0.3031218724257112,406,1546,3565,2330
Household3,125,2.8953150547265665,592,2843,7885,139
Household4,125,21.70660251222419,1173,7829,2076,4426
Household5,125,-2.9960068529754977,1000,2450,1294,2434
Household6,125,3.2172742594231014,819,987,7665,5024
Household7,125,-2.242867697864412,822,7099,1331,774
Household8,125,13.351510923187078,1147,5598,6293,1538
Household9,125,1.229795345687359,560,3346,8634,2190
Household10,125,3.1780603785262773,697,4259,1466,203
Household1,126,-2.0717051604869905,756,7160,5545,4439
Household2,126,1.6705089495274752,409,1536,3555,2320
Household3,126,-2.1985530265100905,597,2833,7875,129
Household4,126,7.0341749313432835,1183,7819,2066,4416
Household5,126,-3.5834382722895697,1008,2440,1284,2424
Household6,126,-2.8204517750395404,826,977,7655,5014
Household7,126,3.801615912755034,828,7089,1321,764
Household8,126,26.717318908210217,1156,5588,6283,1528
Household9,126,-2.359521443722242,565,3336,8624,2180
Household10,126,-2.375879555704996,703,4249,1456,193
Household1,127,-2.2869582623886995,762,7150,5535,4429
Household2,127,3.6441397714806474,412,1526,3545,2310
Household3,127,3.9867520846857047,601,2823,7865,119
Household4,127,-1.7178068531064667,1192,7809,2056,4406
Household5,127,3.7970972315116214,1015,2430,1274,2414
Household6,127,3.051387320700366,832,967,7645,5004
Household7,127,-2.063465606828057,835,7079,1311,754
Household8,127,2.677943683979075,1166,5578,6273,1518
Household9,127,2.019128689983427,569,3326,8614,2170
Household10,127,3.349353702496183,708,4239,1446,183
Household1,128,-3.7259021603468856,768,7140,5525,4419
Household2,128,-2.3501963296814647,416,1516,3535,2300
Household3,128,-1.1071159965509523,606,2813,7855,109
Household4,128,22.42206930665763,1201,7799,2046,4396
Household5,128,-2.3295797122527766,1024,2420,1264,2404
Household6,128,-3.5796375720486857,839,957,7635,4994
Household7,128,3.9810180037913714,841,7069,1301,744
Household8,128,16.043751669002205,1175,5568,6263,1508
Household9,128,-1.5701880994261739,574,3316,8604,2160
Household10,128,-2.2045862317350906,714,4229,1436,173
Household1,129,-0.6299489929313946,774,7130,5515,4409
Household2,129,-0.37656550772826414,419,1506,3525,2290
Household3,129,-2.88977780847042,611,2803,7845,99
Household4,129,7.749641725776723,1211,7789,2036,4386
Household5,129,-2.917011131566838,1032,2410,1254,2394
Household6,129,2.2922015236912276,845,947,7625,4984
Household7,129,-1.8840635157917198,848,7059,1291,734
Household8,129,-3.4822982901884956,1184,5558,6253,1498
Household9,129,2.8084620342794953,578,3306,8594,2150
Household10,129,3.5206470264660883,719,4219,1426,163
Household1,130,-0.8452020948331178,780,7120,5505,4399
Household2,130,1.5970653142249223,422,1496,3515,2280
Household3,130,3.2955273027253753,615,2793,7835,89
Household4,130,-1.0023400586730276,1220,7779,2026,4376
Household5,130,-3.50444255088091,1040,2400,1244,2384
Household6,130,-4.3388233690577955,852,937,7615,4974
Household7,130,4.160420094827709,854,7049,1281,724
Household8,130,9.883509694834629,1193,5548,6243,1488
Household9,130,-0.7808547551301057,583,3296,8584,2140
Household10,130,-2.033292907765185,725,4209,1416,153
Household1,131,-1.0604551967348268,786,7110,5495,4389
Household2,131,3.5706961361780944,425,1486,3505,2270
Household3,131,-1.7983407785112817,620,2783,7825,79
Household4,131,23.13753610109106,1229,7769,2016,4366
Household5,131,3.876092952920281,1047,2390,1234,2374
Household6,131,1.5330157266821178,858,927,7605,4964
Household7,131,-1.7046614247553826,861,7039,1271,714
Household8,131,23.249317679857796,1202,5538,6233,1478
Household9,131,3.5977953785755634,587,3286,8574,2130
Household10,131,3.691940350435994,730,4199,1406,143
Household1,132,-1.2757082986365358,792,7100,5485,4379
Household2,132,-2.4236399649840177,429,1476,3495,2260
Household3,132,-3.5810025904307494,625,2773,7815,69
Household4,132,8.465108520210162,1239,7759,2006,4356
Household5,132,-2.2505839908441168,1056,2380,1224,2364
Household6,132,-0.5631121006932318,865,917,7595,4954
Household7,132,-3.6281447372512172,868,7029,1261,704
Household8,132,-0.7900575443733455,1212,5528,6223,1468
Household9,132,-4.526418476207711,592,3276,8564,2120
Household10,132,-1.8619995837952796,736,4189,1396,133
Household1,133,-1.4909614005382448,798,7090,5475,4369
Household2,133,-0.45000914303081707,432,1466,3485,2250
Household3,133,-0.9284389699450948,632,2763,7805,59
Household4,133,-0.28687326423958837,1248,7749,1996,4346
Household5,133,-2.838015410158178,1064,2370,1214,2354
Household6,133,-2.6592399280685726,872,907,7585,4944
Household7,133,2.416338873368227,874,7019,1251,694
Household8,133,12.575750440649784,1221,5518,6213,1458
Household9,133,-0.1477683425020384,596,3266,8554,2110
Household10,133,3.8632336744058993,741,4179,1386,123
Household1,134,-1.7062145024399538,804,7080,5465,4359
Household2,134,1.5236216789223693,435,1456,3475,2240
Household3,134,-2.711100781864552,637,2753,7795,49
Household4,134,23.8530028955245,1257,7739,1986,4336
Household5,134,-3.42544682947225,1072,2360,1204,2344
Household6,134,3.212599167671323,878,897,7575,4934
Household7,134,-4.042041504501274,881,7009,1241,684
Household8,134,25.941558425672923,1230,5508,6203,1448
Household9,134,4.230881791203624,600,3256,8544,2100
Household10,134,-1.6907062598253457,747,4169,1376,113
Household1,135,-1.9214676043416627,810,7070,5455,4349
Household2,135,3.4972525008755486,438,1446,3465,2230
Household3,135,3.4742043293312435,641,2743,7785,39
Household4,135,9.180575314643601,1267,7729,1976,4326
Household5,135,3.955088674328941,1079,2350,1194,2334
Household6,135,-2.8251268667913187,885,887,7565,4924
Household7,135,2.0024421061181616,887,6999,1231,674
Household8,135,1.9021832014417814,1240,5498,6193,1438
Household9,135,-3.893332063579651,605,3246,8534,2090
Household10,135,4.034526998375833,752,4159,1366,103
Household1,136,-2.1367207062433717,816,7060,5445,4339
Household2,136,-2.4970836002865706,442,1436,3455,2220
Household3,136,-1.6196637519054136,646,2733,7775,29
Household4,136,2.4761146568779573,1276,7719,1966,4316
Household5,136,-2.171588269435457,1088,2340,1184,2324
Household6,136,3.0467122289485875,891,877,7555,4914
Household7,136,-4.455938271751339,894,6989,1221,664
Household8,136,15.267991186464911,1249,5488,6183,1428
Household9,136,0.4853180701260218,609,3236,8524,2080
Household10,136,-1.5194129358554118,758,4149,1356,93
Household1,137,-2.3519738081450807,822,7050,5435,4329
Household2,137,-0.52345277833337,445,1426,3445,2210
Household3,137,-3.4023255638248813,651,2723,7765,19
Household4,137,26.615990816642046,1285,7709,1956,4306
Household5,137,-2.759019688749518,1096,2330,1174,2314
Household6,137,-3.584312663800464,898,867,7545,4904
Household7,137,1.5885453388680961,900,6979,1211,654
Household8,137,3.7099081503894737,1257,5478,6173,1418
Household9,137,-3.103998719283579,614,3226,8514,2070
Household10,137,4.205820322345767,763,4139,1346,83
Household1,138,-3.790917706103267,828,7040,5425,4319
Household2,138,1.4501780436198164,448,1416,3435,2200
Household3,138,2.782979547370914,655,2713,7755,9
Household4,138,11.943563235761143,1295,7699,1946,4296
Household5,138,-3.34645110806359,1104,2320,1164,2304
Household6,138,2.2875264319394493,904,857,7535,4894
Household7,138,-0.33493797362773137,907,6969,1201,644
Household8,138,17.07571613541259,1266,5468,6163,1408
Household9,138,1.27465141442209,618,3216,8504,2060
Household10,138,-1.348119611885478,769,4129,1336,73
Household1,139,-0.6949645386878043,834,7030,5415,4309
Household2,139,3.4238088655729957,451,1406,3425,2190
Household3,139,-2.5090445944772224,660,2703,7745,0
Household4,139,-2.7288643451197636,1305,7689,1936,4286
Household5,139,4.034084395737601,1111,2310,1154,2294
Household6,139,-4.343498460809574,911,847,7525,4884
Household7,139,-2.25842128612355,914,6959,1191,634
Household8,139,-2.4503338237781094,1275,5458,6153,1398
Household9,139,-2.314665374987511,623,3206,8494,2050
Household10,139,-3.590853276799562,775,4119,1326,63
Household1,140,-0.9102176405895275,840,7020,5405,4299
Household2,140,-2.5705272355891093,455,1396,3415,2180
Household3,140,-1.5838993759860927,664,2693,7735,0
Household4,140,21.411011814644336,1314,7679,1926,4276
Household5,140,-2.092592548026797,1120,2300,1144,2284
Household6,140,1.5283406349303394,917,837,7515,4874
Household7,140,3.786062324495896,920,6949,1181,624
Household8,140,10.915474161245015,1284,5448,6143,1388
Household9,140,2.063984758718158,627,3196,8484,2040
Household10,140,0.1883043516712135,781,4109,1316,53
Household1,141,-1.1254707424912365,846,7010,5395,4289
Household2,141,-0.5968964136359087,458,1386,3405,2170
Household3,141,-0.6587541574949682,668,2683,7725,0
Household4,141,6.738584233763429,1324,7669,1916,4266
Household5,141,-2.6800239673408583,1128,2290,1134,2274
Household6,141,-0.5677871924450102,924,827,7505,4864
Household7,141,-2.079019195087195,927,6939,1171,614
Household8,141,24.281282146268182,1293,5438,6133,1378
Household9,141,-1.5253320306914429,632,3186,8474,2030
Household10,141,3.967461980141998,787,4099,1306,43
Household1,142,-1.3407238443929455,852,7000,5385,4279
Household2,142,1.3767344083172848,461,1376,3395,2160
Household3,142,-4.268506004377517,672,2673,7715,0
Household4,142,-2.013397550686321,1333,7659,1906,4256
Household5,142,-3.2674553866549303,1136,2280,1124,2264
Household6,142,-2.663915019820351,931,817,7495,4854
Household7,142,3.9654644155322334,933,6929,1161,604
Household8,142,0.24190692203704067,1303,5428,6123,1368
Household9,142,2.8533181030142263,636,3176,8464,2020
Household10,142,-0.22134731450242384,794,4089,1296,33
Household1,143,-1.5559769462946544,858,6990,5375,4269
Household2,143,3.350365230270457,464,1366,3385,2150
Household3,143,-3.3433607858863894,676,2663,7705,0
Household4,143,22.126478609077775,1342,7649,1896,4246
Household5,143,4.113080117146261,1143,2270,1114,2254
Household6,143,3.2079240759195446,937,807,7485,4844
Household7,143,-1.8996171040508578,940,6919,1151,594
Household8,143,13.60771490706017,1312,5418,6113,1358
Household9,143,-0.7359986863953747,641,3166,8454,2010
Household10,143,3.5578103139683392,800,4079,1286,23
Household1,144,-1.7712300481963634,864,6980,5365,4259
Household2,144,-2.643970870891641,468,1356,3375,2140
Household3,144,-2.418215567395265,680,2653,7695,0
Household4,144,7.454051028196869,1352,7639,1886,4236
Household5,144,-2.013596826618137,1152,2260,1104,2244
Household6,144,-2.829801958543097,944,797,7475,4834
Household7,144,4.144866506568571,946,6909,1141,584
Household8,144,26.97352289208331,1321,5408,6103,1348
Household9,144,3.6426514473102944,645,3156,8444,2000
Household10,144,-0.6309989806761109,807,4069,1276,13
Household1,145,-1.9864831500980724,870,6970,5355,4249
Household2,145,-0.6703400489384403,471,1346,3365,2130
Household3,145,-1.4930703489041406,684,2643,7685,0
Household4,145,-1.2979307562528817,1361,7629,1876,4226
Household5,145,-2.6010282459321985,1160,2250,1094,2234
Household6,145,3.042037137196809,950,787,7465,4824
Household7,145,-1.7202150130145206,953,6899,1131,574
Household8,145,2.9341476678521676,1331,5398,6093,1338
Household9,145,-4.48156240747298,650,3146,8434,1990
Household10,145,3.148158647794652,813,4059,1266,3
Household1,146,-1.1914031964058989,876,6960,5345,4239
Household2,146,1.3032907730147532,474,1336,3355,2120
Household3,146,-0.5679251304130162,688,2633,7675,0
Household4,146,23.852278459105097,1370,7619,1866,4216
Household5,146,-2.178126609652388,1168,2240,1084,2224
Household6,146,-1.9853558416719501,957,777,7455,4814
Household7,146,-2.6333652699164745,960,6889,1121,564
Household8,146,17.310288708469173,1340,5388,6083,1328
Household9,146,-0.10291227376730738,654,3136,8424,1980
Household10,146,3.863408984903389,817,4049,1256,0
Household1,147,-4.193681450158596,883,6950,5335,4229
Household2,147,0.7032541835795545,478,1326,3345,2110
Household3,147,3.9718779415124974,692,2623,7665,0
Household4,147,19.906022770456058,1380,7609,1856,4206
Household5,147,1.411035283221164,1177,2230,1074,2214
Household6,147,1.6927569605033987,964,767,7445,4804
Household7,147,1.2173920471384143,967,6879,1111,554
Household8,147,3.9970853764698635,1350,5378,6073,1318
Household9,147,-0.7786349339834242,658,3126,8414,1970
Household10,147,2.933509587174699,820,4039,1246,0
Household1,148,-2.6610626385376293,890,6940,5325,4219
Household2,148,0.10321759414435583,482,1316,3335,2100
Household3,148,-3.9911829750509202,697,2613,7655,0
Household4,148,15.959767081807012,1390,7599,1846,4196
Household5,148,5.000197176094726,1186,2220,1064,2204
Household6,148,-2.5970971604365154,972,757,7435,4794
Household7,148,-2.8998175589219777,975,6869,1101,544
Household8,148,27.078732198130965,1359,5368,6063,1308
Household9,148,-1.454357594199534,662,3116,8404,1960
Household10,148,2.003610189446009,823,4029,1236,0
Household1,149,-1.1284438269166515,897,6930,5315,4209
Household2,149,-0.49681899529084284,486,1306,3325,2090
Household3,149,0.5486200968745951,701,2603,7645,0
Household4,149,12.013511393157966,1400,7589,1836,4186
Household5,149,8.589359068968289,1195,2210,1054,2194
Household6,149,1.0810156417388406,979,747,7425,4784
Household7,149,0.9509397581329004,982,6859,1091,534
Household8,149,13.765528866131646,1369,5358,6053,1298
Household9,149,-2.1300802544156436,666,3106,8394,1950
Household10,149,1.0737107917173194,826,4019,1226,0
Household1,150,-4.130722080669347,904,6920,5305,4199
Household2,150,-1.0968555847260415,490,1296,3315,2080
Household3,150,-2.879543754315149,706,2593,7635,0
Household4,150,8.06725570450892,1410,7579,1826,4176
Household5,150,12.178520961841823,1204,2200,1044,2184
Household6,150,-3.2088384792010736,987,737,7415,4774
Household7,150,-3.1662698479274916,990,6849,1081,524
Household8,150,0.4523255341323651,1379,5348,6043,1288
Household9,150,-2.8058029146317534,670,3096,8384,1940
Household10,150,0.14381139398862963,829,4009,1216,0
Household1,151,-2.59810326904838,911,6910,5295,4189
Household2,151,-1.696892174161233,494,1286,3305,2070
Household3,151,1.6602593176103628,710,2583,7625,0
Household4,151,4.121000015859881,1420,7569,1816,4166
Household5,151,15.767682854715357,1213,2190,1034,2174
Household6,151,0.4692743229742824,994,727,7405,4764
Household7,151,0.6844874691273866,997,6839,1071,514
Household8,151,23.533972355793466,1388,5338,6033,1278
Household9,151,-3.481525574847863,674,3086,8374,1930
Household10,151,-0.7860880037400602,832,3999,1206,0
Household1,152,-1.0654844574274023,918,6900,5285,4179
Household2,152,-2.2969287635964246,498,1276,3295,2060
Household3,152,-1.7679045335793813,715,2573,7615,0
Household4,152,0.17474432721083488,1430,7559,1806,4156
Household5,152,19.35684474758889,1222,2180,1024,2164
Household6,152,4.147387125149631,1001,717,7395,4754
Household7,152,-3.4327221369330054,1005,6829,1061,504
Household8,152,10.220769023794148,1398,5328,6023,1268
Household9,152,3.81071868805129,677,3076,8364,1920
Household10,152,-1.71598740146875,835,3989,1196,0
Household1,153,-4.067762711180098,925,6890,5275,4169
Household2,153,-4.120656149088086,502,1266,3285,2050
Household3,153,2.7718985383461305,719,2563,7605,0
Household4,153,4.196455561677045,1439,7549,1796,4146
Household5,153,22.946006640462432,1231,2170,1014,2154
Household6,153,-4.677364061163956,1009,707,7385,4744
Household7,153,0.4180351801218727,1012,6819,1051,494
Household8,153,-3.0924343082051404,1408,5318,6013,1258
Household9,153,-0.17621024148202302,681,3066,8354,1910
Household10,153,-0.866245140904951,838,3979,1186,0
Household1,154,-2.535143899559131,932,6880,5265,4159
Household2,154,-1.4094864692060707,506,1256,3275,2040
Household3,154,-0.6562653128436136,724,2553,7595,0
Household4,154,0.2501998730279986,1449,7539,1786,4136
Household5,154,2.621610567831304,1239,2160,1004,2144
Household6,154,-0.9992512589886111,1016,697,7375,4734
Household7,154,4.268792497176744,1019,6809,1041,484
Household8,154,19.98921251345594,1417,5308,6003,1248
Household9,154,-0.8519329016981327,685,3056,8344,1900
Household10,154,-1.7961445386336532,841,3969,1176,0
Household1,155,-1.002525087938153,939,6870,5255,4149
Household2,155,-2.0095230586412622,510,1246,3265,2030
Household3,155,3.8835377590818982,728,2543,7585,0
Household4,155,4.271911107494208,1458,7529,1776,4126
Household5,155,6.210772460704842,1248,2150,994,2134
Household6,155,2.6788615431867377,1023,687,7365,4724
Household7,155,-4.383314174257322,1027,6799,1031,474
Household8,155,6.67600918145663,1427,5298,5993,1238
Household9,155,-1.5276555619142425,689,3046,8334,1890
Household10,155,-0.9464022780698542,844,3959,1166,0
Household1,156,-4.004803341690849,946,6860,5245,4139
Household2,156,-3.833250444132924,514,1236,3255,2020
Household3,156,-4.079523157481519,733,2533,7575,0
Household4,156,0.32565541884516236,1468,7519,1766,4116
Household5,156,9.799934353578404,1257,2140,984,2124
Household6,156,-1.6109925777531764,1031,677,7355,4714
Household7,156,-0.5325568572024544,1034,6789,1021,464
Household8,156,-2.123868885502219,1436,5288,5983,1228
Household9,156,-2.203378222130352,693,3036,8324,1880
Household10,156,-1.8763016757985564,847,3949,1156,0
Household1,157,-2.4721845300698817,953,6850,5235,4129
Household2,157,-1.1220807642509083,518,1226,3245,2010
Household3,157,0.46027991444399596,737,2523,7565,0
Household4,157,-3.620600269803891,1478,7509,1756,4106
Household5,157,13.389096246451938,1266,2130,974,2114
Household6,157,2.0671202244221796,1038,667,7345,4704
Household7,157,3.3182004598524166,1041,6779,1011,454
Household8,157,20.957777936158877,1445,5278,5973,1218
Household9,157,-2.879100882346462,697,3026,8314,1870
Household10,157,-1.0265594152347575,850,3939,1146,0
Household1,158,-0.9395657184489039,960,6840,5225,4119
Household2,158,-1.7221173536860999,522,1216,3235,2000
Household3,158,-2.967883936745748,742,2513,7555,0
Household4,158,-1.6464101620217804,1487,7499,1746,4096
Household5,158,16.978258139325472,1275,2120,964,2104
Household6,158,-2.2227338965177346,1046,657,7335,4694
Household7,158,-0.7990091462079754,1049,6769,1001,444
Household8,158,7.644574604159567,1455,5268,5963,1208
Household9,158,-3.5548235425625716,701,3016,8304,1860
Household10,158,-1.9564588129634597,853,3929,1136,0
Household1,159,-3.9418439722015997,967,6830,5215,4109
Household2,159,-2.3221539431212914,526,1206,3225,1990
Household3,159,1.5719191351797637,746,2503,7545,0
Household4,159,2.375301072444433,1496,7489,1736,4086
Household5,159,20.567420032199013,1284,2110,954,2094
Household6,159,1.4553789056576214,1053,647,7325,4684
Household7,159,3.0517481708469028,1056,6759,991,434
Household8,159,-1.15530346279931,1464,5258,5953,1198
Household9,159,3.7374207203365817,704,3006,8294,1850
Household10,159,-1.1067165523996607,856,3919,1126,0
Household1,160,-2.4092251605806325,974,6820,5205,4099
Household2,160,-4.145881328612953,530,1196,3215,1980
Household3,160,-1.8562447160099804,751,2493,7535,0
Household4,160,-1.570954616204613,1506,7479,1726,4076
Household5,160,24.15658192507255,1293,2100,944,2084
Household6,160,-2.8344752152822927,1061,637,7315,4674
Household7,160,-1.0654614352134892,1064,6749,981,424
Household8,160,21.926343358861786,1473,5248,5943,1188
Household9,160,-0.24950820919673156,708,2996,8284,1840
Household10,160,-2.036615950128363,859,3909,1116,0
Household1,161,-0.8766063489596547,981,6810,5195,4089
Household2,161,-1.4347116487309375,534,1186,3205,1970
Household3,161,2.6835583559155314,755,2483,7525,0
Household4,161,2.4507566182615967,1515,7469,1716,4066
Household5,161,3.8321858524414196,1301,2090,934,2074
Household6,161,0.8436375868930632,1068,627,7305,4664
Household7,161,2.785295881841389,1071,6739,971,414
Household8,161,8.613140026862474,1483,5238,5933,1178
Household9,161,-0.9252308694128413,712,2986,8274,1830
Household10,161,-1.186873689564564,862,3899,1106,0
Household1,162,-3.8788846027123505,988,6800,5185,4079
Household2,162,-2.034748238166129,538,1176,3195,1960
Household3,162,-0.7446054952742127,760,2473,7515,0
Household4,162,-1.4954990703874493,1525,7459,1706,4056
Household5,162,7.421347745314957,1310,2080,924,2064
Household6,162,-3.446216534046851,1076,617,7295,4654
Household7,162,-1.3319137242190031,1079,6729,961,404
Household8,162,-0.18673804009637252,1492,5228,5923,1168
Household9,162,-1.600953529628951,716,2976,8264,1820
Household10,162,-2.116773087293266,865,3889,1096,0
Household1,163,-2.3462657910913833,995,6790,5175,4069
Household2,163,-3.8584756236577906,542,1166,3185,1950
Household3,163,3.795197576651299,764,2463,7505,0
Household4,163,2.5262121640787605,1534,7449,1696,4046
Household5,163,11.01050963818852,1319,2070,914,2054
Household6,163,0.23189626812850506,1083,607,7285,4644
Household7,163,2.518843592835875,1086,6719,951,394
Household8,163,22.894908781564695,1501,5218,5913,1158
Household9,163,-2.2766761898450607,720,2966,8254,1810
Household10,163,-1.2670308267294672,868,3879,1086,0
Household1,164,-0.8136469794704055,1002,6780,5165,4059
Household2,164,-1.147305943775775,546,1156,3175,1940
Household3,164,-4.1678633399121185,769,2453,7495,0
Household4,164,-1.4200435245702856,1544,7439,1686,4036
Household5,164,14.599671531062054,1328,2060,904,2044
Household6,164,3.910009070303854,1090,597,7275,4634
Household7,164,-1.598366013224517,1094,6709,941,384
Household8,164,9.581705449565376,1511,5208,5903,1148
Household9,164,-2.9523988500611704,724,2956,8244,1800
Household10,164,-2.1969302244581694,871,3869,1076,0
Household1,165,-3.8159252332231013,1009,6770,5155,4049
Household2,165,-1.7473425332109667,550,1146,3165,1930
Household3,165,0.3719397320133968,773,2443,7485,0
Household4,165,2.601667709895924,1553,7429,1676,4026
Household5,165,18.188833423935588,1337,2050,894,2034
Household6,165,-0.3798450506360602,1098,587,7265,4624
Household7,165,2.252391303830361,1101,6699,931,374
Household8,165,4.236469040681351,1520,5198,5893,1138
Household9,165,-3.62812151027728,728,2946,8234,1790
Household10,165,-1.3471879638943705,874,3859,1066,0
Household1,166,-2.283306421602134,1016,6760,5145,4039
Household2,166,-2.3473791226461582,554,1136,3155,1920
Household3,166,-3.0562241191763473,778,2433,7475,0
Household4,166,-1.3445879787531219,1563,7419,1666,4016
Household5,166,21.77799531680913,1346,2040,884,2024
Household6,166,3.2982677515392957,1105,577,7255,4614
Household7,166,-1.8648183022300309,1109,6689,921,364
Household8,166,3.404557896837737,1528,5188,5883,1128
Household9,166,3.664122752621873,731,2936,8224,1780
Household10,166,-2.2770873616230727,877,3849,1056,0
Household1,167,-0.7506876099811564,1023,6750,5135,4029
Household2,167,-4.17110650813782,558,1126,3145,1910
Household3,167,1.4835789527491645,782,2423,7465,0
Household4,167,2.677123255713088,1572,7409,1656,4006
Household5,167,25.367157209682667,1355,2030,874,2014
Household6,167,-0.9915863694006468,1113,567,7245,4604
Household7,167,1.9859390148248472,1116,6679,911,354
Household8,167,26.486204718498826,1537,5178,5873,1118
Household9,167,-0.3228061769114401,735,2926,8214,1770
Household10,167,-1.4273451010592737,880,3839,1046,0
Household1,168,-3.752965863733852,1030,6740,5125,4019
Household2,168,-1.4599368282558043,562,1116,3135,1900
Household3,168,-1.9445848984405796,787,2413,7455,0
Household4,168,-1.2691324329359581,1582,7399,1646,3996
Household5,168,-2.925205786063728,1364,2020,864,2004
Household6,168,2.686526432774709,1120,557,7235,4594
Household7,168,-2.1312705912355447,1124,6669,901,344
Household8,168,13.173001386499507,1547,5168,5863,1108
Household9,168,-0.9985288371275498,739,2916,8204,1760
Household10,168,-2.357244498787976,883,3829,1036,0
Household1,169,-2.220347052112885,1037,6730,5115,4009
Household2,169,-2.059973417690996,566,1106,3125,1890
Household3,169,2.5952181734849322,791,2403,7445,0
Household4,169,2.7525788015302517,1591,7389,1636,3986
Household5,169,0.6639561068098168,1373,2010,854,1994
Household6,169,-1.603327688165205,1128,547,7225,4584
Household7,169,1.7194867258193334,1131,6659,891,334
Household8,169,-0.14020194549980225,1557,5158,5853,1098
Household9,169,-1.6742514973436595,743,2906,8194,1750
Household10,169,-1.507502238224177,886,3819,1026,0
Household1,170,-0.6877282404919072,1044,6720,5105,3999
Household2,170,-3.8837008031826574,570,1096,3115,1880
Household3,170,-0.8329456777048119,796,2393,7435,0
Household4,170,-1.1936768871187944,1601,7379,1626,3976
Household5,170,4.253117999683379,1382,2000,844,1984
Household6,170,2.074785114010151,1135,537,7215,4574
Household7,170,-2.3977228802410586,1139,6649,881,324
Household8,170,22.9414448761613,1566,5148,5843,1088
Household9,170,-2.3499741575597692,747,2896,8184,1740
Household10,170,-2.437401635952879,889,3809,1016,0
Household1,171,-3.690006494244603,1051,6710,5095,3989
Household2,171,-1.172531123300642,574,1086,3105,1870
Household3,171,3.7068573942207,800,2383,7425,0
Household4,171,2.8280343473474154,1610,7369,1616,3966
Household5,171,7.842279892556942,1391,1990,834,1974
Household6,171,-2.215069006929763,1143,527,7205,4564
Household7,171,1.4530344368138195,1146,6639,871,314
Household8,171,9.62824154416198,1576,5138,5833,1078
Household9,171,-3.025696817775879,751,2886,8174,1730
Household10,171,-1.5876593753890802,892,3799,1006,0
Household1,172,-2.157387682623636,1058,6700,5085,3979
Household2,172,-1.7725677127358335,578,1076,3095,1860
Household3,172,-4.256203522342718,805,2373,7415,0
Household4,172,-1.1182213413016306,1620,7359,1606,3956
Household5,172,11.431441785430504,1400,1980,824,1964
Household6,172,1.4630437952455928,1150,517,7195,4554
Household7,172,-2.6641751692465725,1154,6629,861,304
Household8,172,4.283005135277955,1585,5128,5823,1068
Household9,172,4.266547445123274,754,2876,8164,1720
Household10,172,-2.5175587731177824,895,3789,996,0
Household1,173,-0.6247688710026296,1065,6690,5075,3969
Household2,173,-2.372604302171018,582,1066,3085,1850
Household3,173,0.28359954958279765,809,2363,7405,0
Household4,173,2.903489893164579,1629,7349,1596,3946
Household5,173,15.020603678304038,1409,1970,814,1954
Household6,173,-2.8268103256943213,1158,507,7185,4544
Household7,173,1.1865821478083056,1161,6619,851,294
Household8,173,3.451093991434341,1593,5118,5813,1058
Household9,173,0.279618515589954,758,2866,8154,1710
Household10,173,-1.6678165125539834,898,3779,986,0
Household1,174,-3.6270471247553253,1072,6680,5065,3959
Household2,174,-4.1963316876626795,586,1056,3075,1840
Household3,174,-3.1445643016069464,814,2353,7395,0
Household4,174,-1.042765795484467,1639,7339,1586,3936
Household5,174,18.609765571177572,1418,1960,804,1944
Household6,174,0.8513024764810346,1165,497,7175,4534
Household7,174,-2.9306274582520864,1169,6609,841,284
Household8,174,26.53274081309543,1602,5108,5803,1048
Household9,174,-0.39610414462616284,762,2856,8144,1700
Household10,174,-0.8180742519901969,901,3769,976,0
Household1,175,-2.094428313134358,1079,6670,5055,3949
Household2,175,-1.485162007780664,590,1046,3065,1830
Household3,175,1.3952387703185654,818,2343,7385,0
Household4,175,2.978945438981743,1648,7329,1576,3926
Household5,175,22.198927464051113,1427,1950,794,1934
Household6,175,-3.4385516444588795,1173,487,7165,4524
Household7,175,0.9201298588027917,1176,6599,831,274
Household8,175,13.219537481096111,1612,5098,5793,1038
Household9,175,-1.0718268048422726,766,2846,8134,1690
Household10,175,-1.7479736497188991,904,3759,966,0
Household1,176,-0.561809501513352,1086,6660,5045,3939
Household2,176,-2.0851985972158555,594,1036,3055,1820
Household3,176,-2.0329250808711787,823,2333,7375,0
Household4,176,-0.9673102496673032,1658,7319,1566,3916
Household5,176,25.78808935692465,1436,1940,784,1924
Household6,176,0.23956115771647646,1180,477,7155,4514
Household7,176,-3.1970797472576002,1184,6589,821,264
Household8,176,-0.09366585090319823,1622,5088,5783,1028
Household9,176,-1.7475494650583823,770,2836,8124,1680
Household10,176,-0.8982313891551001,907,3749,956,0
Household1,177,-3.5640877552660193,1093,6650,5035,3929
Household2,177,-3.908925982707517,598,1026,3045,1810
Household3,177,2.506877991054333,827,2323,7365,0
Household4,177,3.0544009847989066,1667,7309,1556,3906
Household5,177,-2.5042736388217435,1445,1930,774,1914
Household6,177,3.9176739598918253,1187,467,7145,4504
Household7,177,0.6536775697972779,1191,6579,811,254
Household8,177,22.987980970757903,1631,5078,5773,1018
Household9,177,-2.423272125274492,774,2826,8114,1670
Household10,177,-1.8281307868838024,910,3739,946,0
Household1,178,-2.031468943645052,1100,6640,5025,3919
Household2,178,-1.1977563028255016,602,1016,3035,1800
Household3,178,-0.921285860135411,832,2313,7355,0
Household4,178,-0.8918547038501394,1677,7299,1546,3896
Household5,178,1.0848882540518012,1454,1920,764,1904
Household6,178,-0.3721801610480888,1195,457,7135,4494
Household7,178,-3.463532036263114,1199,6569,801,244
Household8,178,9.674777638758584,1641,5068,5763,1008
Household9,178,-3.0989947854906017,778,2816,8104,1660
Household10,178,-0.9783885263200034,913,3729,936,0
Household1,179,-0.49885013202404593,1107,6630,5015,3909
Household2,179,-1.7977928922606932,606,1006,3025,1790
Household3,179,3.6185172117901008,836,2303,7345,0
Household4,179,3.1298565306160704,1686,7289,1536,3886
Household5,179,4.674050146925364,1463,1910,754,1894
Household6,179,3.305932641127267,1202,447,7125,4484
Household7,179,0.387225280791764,1206,6559,791,234
Household8,179,-3.6384256932407038,1651,5058,5753,998
Household9,179,4.193249477408552,781,2806,8094,1650
Household10,179,-1.9082879240487056,916,3719,926,0
Household1,180,-2.9078295274903034,1114,6620,5005,3899
Household2,180,-2.3978294816958776,610,996,3015,1780
Household3,180,-4.344543704773317,841,2293,7335,0
Household4,180,-0.8163991580329757,1696,7279,1526,3876
Household5,180,8.263212039798926,1472,1900,744,1884
Household6,180,-0.983921479812647,1210,437,7115,4474
Household7,180,4.237982597846635,1213,6549,781,224
Household8,180,19.443221128420376,1660,5048,5743,988
Household9,180,0.20632054787523124,785,2796,8084,1640
Household10,180,-1.0585456634849066,919,3709,916,0
Household1,181,-1.3752107158693434,1121,6610,4995,3889
Household2,181,-4.221556867187539,614,986,3005,1770
Household3,181,0.1952593671521985,845,2283,7325,0
Household4,181,3.205312076433234,1705,7269,1516,3866
Household5,181,11.852373932672489,1481,1890,734,1874
Household6,181,2.694191322362709,1217,427,7105,4464
Household7,181,-4.4141240735874305,1221,6539,771,214
Household8,181,6.1300177964210665,1670,5038,5733,978
Household9,181,-0.4694021123408856,789,2786,8074,1630
Household10,181,-1.9884450612136089,922,3699,906,0
Household1,182,-4.377488969622039,1128,6600,4985,3879
Household2,182,-1.5103871873055237,618,976,2995,1760
Household3,182,-3.2329044840375456,850,2273,7315,0
Household4,182,-0.740943612215812,1715,7259,1506,3856
Household5,182,15.441535825546023,1490,1880,724,1864
Household6,182,-1.5956627985772052,1225,417,7095,4454
Household7,182,-0.5633667565325631,1228,6529,761,204
Household8,182,-2.6698602705377823,1679,5028,5723,968
Household9,182,-1.1451247725569953,793,2776,8064,1620
Household10,182,-1.1387028006498099,925,3689,896,0
Household1,183,-2.844870158001072,1135,6590,4975,3869
Household2,183,-2.1104237767407152,622,966,2985,1750
Household3,183,1.3068985878879662,854,2263,7305,0
Household4,183,3.280767622250398,1724,7249,1496,3846
Household5,183,19.030697718419557,1499,1870,714,1854
Household6,183,2.082450003598151,1232,407,7085,4444
Household7,183,3.287390560522308,1235,6519,751,194
Household8,183,20.411786551123313,1688,5018,5713,958
Household9,183,-1.820847432773105,797,2766,8054,1610
Household10,183,-2.068602198378512,928,3679,886,0
Household1,184,-1.3122513463800942,1142,6580,4965,3859
Household2,184,-3.934151162232377,626,956,2975,1740
Household3,184,-2.121265263301778,859,2253,7295,0
Household4,184,-0.6654880663986482,1734,7239,1486,3836
Household5,184,22.619859611293098,1508,1860,704,1844
Household6,184,-2.2074041173417633,1240,397,7075,4434
Household7,184,-0.829819045538084,1243,6509,741,184
Household8,184,7.098583219124032,1698,5008,5703,948
Household9,184,-2.4965700929892147,801,2756,8044,1600
Household10,184,-1.2188599378147131,931,3669,876,0
Household1,185,-4.31452960013279,1149,6570,4955,3849
Household2,185,-1.2229814823503613,630,946,2965,1730
Household3,185,2.418537808623734,863,2243,7285,0
Household4,185,3.3562231680675616,1743,7229,1476,3826
Household5,185,2.2954635386619415,1516,1850,694,1834
Household6,185,1.4707086848335926,1247,387,7065,4424
Household7,185,3.020938271516794,1250,6499,731,174
Household8,185,-1.7012948478348164,1707,4998,5693,938
Household9,185,-3.1722927532053244,805,2746,8034,1590
Household10,185,-2.1487593355434154,934,3659,866,0
Household1,186,-2.781910788511823,1156,6560,4945,3839
Household2,186,-1.8230180717855529,634,936,2955,1720
Household3,186,-1.0096260425660102,868,2233,7275,0
Household4,186,-0.5900325205814845,1753,7219,1466,3816
Household5,186,5.884625431535479,1525,1840,684,1824
Household6,186,-2.8191454361063215,1255,377,7055,4414
Household7,186,-1.096271334543598,1258,6489,721,164
Household8,186,21.38035197382628,1716,4988,5683,928
Household9,186,4.119951509693829,808,2736,8024,1580
Household10,186,-1.2990170749796164,937,3649,856,0
Household1,187,-1.249291976890845,1163,6550,4935,3829
Household2,187,-2.4230546612207373,638,926,2945,1710
Household3,187,3.5301770293595016,872,2223,7265,0
Household4,187,3.4316787138847253,1762,7209,1456,3806
Household5,187,9.473787324409042,1534,1830,674,1814
Household6,187,0.8589673660690345,1262,367,7045,4404
Household7,187,2.75448598251128,1265,6479,711,154
Household8,187,8.067148641826968,1726,4978,5673,918
Household9,187,0.1330225801605085,812,2726,8014,1570
Household10,187,-2.2289164727083186,940,3639,846,0
Household1,188,-4.251570230643541,1170,6540,4925,3819
Household2,188,-4.246782046712399,642,916,2935,1700
Household3,188,-4.432883887203916,877,2213,7255,0
Household4,188,-0.5145769747643207,1772,7199,1446,3796
Household5,188,13.062949217282576,1543,1820,664,1804
Household6,188,-3.4308867548708797,1270,357,7035,4394
Household7,188,-1.3627236235491118,1273,6469,701,144
Household8,188,-0.7327294251319074,1735,4968,5663,908
Household9,188,-0.5427000800556083,816,2716,8004,1560
Household10,188,-1.3791742121445196,943,3629,836,0
Household1,189,-2.7189514190225736,1177,6530,4915,3809
Household2,189,-1.5356123668303834,646,906,2925,1690
Household3,189,0.10691918472159934,881,2203,7245,0
Household4,189,3.507134259701889,1781,7189,1436,3786
Household5,189,16.65211111015611,1552,1810,654,1794
Household6,189,0.24722604730447628,1277,347,7025,4384
Household7,189,2.4880336935057663,1280,6459,691,134
Household8,189,22.34891739652919,1744,4958,5653,898
Household9,189,-1.218422740271718,820,2706,7994,1550
Household10,189,-2.309073609873222,946,3619,826,0
Household1,190,-1.1863326074015959,1184,6520,4905,3799
Household2,190,-2.135648956265575,650,896,2915,1680
Household3,190,-3.3212446664681448,886,2193,7235,0
Household4,190,-0.439121428947157,1791,7179,1426,3776
Household5,190,20.24127300302965,1561,1800,644,1784
Household6,190,3.925338849479825,1284,337,7015,4374
Household7,190,-1.6291759125546257,1288,6449,681,124
Household8,190,9.035714064529877,1754,4948,5643,888
Household9,190,-1.8941454004878278,824,2696,7984,1540
Household10,190,-1.4593313493094229,949,3609,816,0
Household1,191,-4.188610861154292,1191,6510,4895,3789
Household2,191,-3.9593763417572365,654,886,2905,1670
Household3,191,1.218558405457367,890,2183,7225,0
Household4,191,3.582589805519053,1800,7169,1416,3766
Household5,191,23.830434895903185,1570,1790,634,1774
Household6,191,-0.364515271460089,1292,327,7005,4364
Household7,191,2.2215814045002524,1295,6439,671,114
Household8,191,3.6904776556458447,1763,4938,5633,878
Household9,191,-2.5698680607039375,828,2686,7974,1530
Household10,191,-2.389230747038125,952,3599,806,0
Household1,192,-2.6559920495333245,1198,6500,4885,3779
Household2,192,-1.248206661875221,658,876,2895,1660
Household3,192,-2.209605445732377,895,2173,7215,0
Household4,192,-0.36366588312999326,1810,7159,1406,3756
Household5,192,3.506038823272057,1578,1780,624,1764
Household6,192,3.313597530715267,1299,317,6995,4354
Household7,192,-1.8956282015601396,1303,6429,661,104
Household8,192,26.772124477306917,1772,4928,5623,868
Household9,192,-3.245590720920047,832,2676,7964,1520
Household10,192,-1.5394884864743261,955,3589,796,0
Household1,193,-1.1233732379123467,1205,6490,4875,3769
Household2,193,-1.8482432513104126,662,866,2885,1650
Household3,193,2.3301976261931348,899,2163,7205,0
Household4,193,3.6580453513362166,1819,7149,1396,3746
Household5,193,7.0952007161455946,1587,1770,614,1754
Household6,193,-0.9762565902246472,1307,307,6985,4344
Household7,193,1.9551291154947386,1310,6419,651,94
Household8,193,13.458921145307599,1782,4918,5613,858
Household9,193,4.046653541979106,835,2666,7954,1510
Household10,193,-2.4693878842030283,958,3579,786,0
Household1,194,-4.125651491665042,1212,6480,4865,3759
Household2,194,-2.448279840745597,666,856,2875,1640
Household3,194,-1.0979662249966093,904,2153,7195,0
Household4,194,-0.2882103373128295,1829,7139,1386,3736
Household5,194,10.684362609019157,1596,1760,604,1744
Household6,194,2.701856211950709,1314,297,6975,4334
Household7,194,-2.1620804905656534,1318,6409,641,84
Household8,194,0.1457178133083179,1792,4908,5603,848
Household9,194,0.05972461244579286,839,2656,7944,1500
Household10,194,-1.6196456236392294,961,3569,776,0
Household1,195,-2.5930326800440753,1219,6470,4855,3749
Household2,195,-4.272007226237259,670,846,2865,1630
Household3,195,3.4418368469289025,908,2143,7185,0
Household4,195,3.7335008971533803,1838,7129,1376,3726
Household5,195,14.273524501892691,1605,1750,594,1734
Household6,195,-1.5879979089892053,1322,287,6965,4324
Household7,195,1.6886768264892247,1325,6399,631,74
Household8,195,23.22736463496942,1801,4898,5593,838
Household9,195,-0.6159980477703169,843,2646,7934,1490
Household10,195,-0.7699033630754428,964,3559,766,0
Household1,196,-1.0604138684230975,1226,6460,4845,3739
Household2,196,-1.560837546355243,674,836,2855,1620
Household3,196,-4.521224069634515,913,2133,7175,0
Household4,196,-0.21275479149566578,1848,7119,1366,3716
Household5,196,17.862686394766225,1614,1740,584,1724
Household6,196,2.0901148931861506,1329,277,6955,4314
Household7,196,-2.4285327795711673,1333,6389,621,64
Household8,196,9.9141613029701,1811,4888,5583,828
Household9,196,-1.2917207079864266,847,2636,7924,1480
Household10,196,-1.699802760804145,967,3549,756,0
Household1,197,-4.062692122175793,1233,6450,4835,3729
Household2,197,-2.1608741357904346,678,826,2845,1610
Household3,197,0.01857900229100018,917,2123,7165,0
Household4,197,3.808956442970544,1857,7109,1356,3706
Household5,197,21.451848287639766,1623,1730,574,1714
Household6,197,-2.1997392277537635,1337,267,6945,4304
Household7,197,1.4222245374837108,1340,6379,611,54
Household8,197,-3.3990420290291876,1821,4878,5573,818
Household9,197,-1.9674433682025363,851,2626,7914,1470
Household10,197,-0.8500605002403461,970,3539,746,0
Household1,198,-2.530073310554826,1240,6440,4825,3719
Household2,198,-3.984601521282096,682,816,2835,1600
Household3,198,-3.409584848898744,922,2113,7155,0
Household4,198,-0.13729924567850205,1867,7099,1346,3696
Household5,198,25.041010180513304,1632,1720,564,1704
Household6,198,1.4783735744215925,1344,257,6935,4294
Household7,198,-2.694985068576681,1348,6369,601,44
Household8,198,19.682604792631892,1830,4868,5563,808
Household9,198,-2.643166028418646,855,2616,7904,1460
Household10,198,-1.7799598979690483,973,3529,736,0
Household1,199,-0.9974544989338483,1247,6430,4815,3709
Household2,199,-1.2734318414000807,686,806,2825,1590
Household3,199,1.1302182230267679,926,2103,7145,0
Household4,199,3.8844119887877078,1876,7089,1336,3686
Household5,199,-3.2513528152330906,1641,1710,554,1694
Household6,199,-2.8114805465183217,1352,247,6925,4284
Household7,199,1.155772248478197,1355,6359,591,34
Household8,199,6.369401460632583,1840,4858,5553,798
Household9,199,-3.3188886886347557,859,2606,7894,1450
Household10,199,-0.9302176374052493,976,3519,726,0
Household1,200,-3.999732752686544,1254,6420,4805,3699
Household2,200,-1.8734684308352723,690,796,2815,1580
Household3,200,-2.297945628162976,931,2093,7135,0
Household4,200,-0.06184369986133831,1886,7079,1326,3676
Household5,200,0.3378090776404541,1650,1700,544,1684
Household6,200,0.8666322556570343,1359,237,6915,4274
Household7,200,-2.961437357582195,1363,6349,581,24
Household8,200,-2.430476606326266,1849,4848,5543,788
Household9,200,3.9733555742643976,862,2596,7884,1440
Household10,200,-1.8601170351339515,979,3509,716,0
Household1,201,-2.467113941065577,1261,6410,4795,3689
Household2,201,-3.697195816326934,694,786,2805,1570
Household3,201,2.2418574437625356,935,2083,7125,0
Household4,201,3.9598675346048715,1895,7069,1316,3666
Household5,201,3.9269709705140166,1659,1690,534,1674
Household6,201,-3.42322186528288,1367,227,6905,4264
Household7,201,0.889319959472683,1370,6339,571,14
Household8,201,20.65117021533483,1858,4838,5533,778
Household9,201,-0.013573355268915677,866,2586,7874,1430
Household10,201,-1.0103747745701526,982,3499,706,0
Household1,202,-0.9344951294445991,1268,6400,4785,3679
Household2,202,-0.9860261364449183,698,776,2795,1560
Household3,202,-1.1863064074272085,940,2073,7115,0
Household4,202,0.01361184595582543,1905,7059,1306,3656
Household5,202,7.516132863387579,1668,1680,524,1664
Household6,202,0.2548909368924761,1374,217,6895,4254
Household7,202,-3.227889646587709,1378,6329,561,4
Household8,202,7.3379668833355485,1868,4828,5523,768
Household9,202,-0.6892960154850254,870,2576,7864,1420
Household10,202,-1.9402741722988548,985,3489,696,0
Household1,203,-3.936773383197295,1275,6390,4775,3669
Household2,203,-1.5860627258801099,702,766,2785,1550
Household3,203,3.3534966644983033,944,2063,7105,0
Household4,203,4.035323080422035,1914,7049,1296,3646
Household5,203,11.105294756261141,1677,1670,514,1654
Household6,203,3.933003739067825,1381,207,6885,4244
Household7,203,-1.5119050822176572,1384,6319,551,0
Household8,203,-1.4619111836233003,1877,4818,5513,758
Household9,203,-1.365018675701135,874,2566,7854,1410
Household10,203,-1.0905319117350558,988,3479,686,0
Household1,204,-2.4041545715763277,1282,6380,4765,3659
Household2,204,-2.1860993153153014,706,756,2775,1540
Household3,204,-4.609564252065114,949,2053,7095,0
Household4,204,0.08906739177298917,1924,7039,1286,3636
Household5,204,14.694456649134676,1686,1660,504,1644
Household6,204,-0.3568503818720892,1389,197,6875,4234
Household7,204,-0.821045235106503,1390,6309,541,0
Household8,204,10.772519480763336,1885,4808,5503,748
Household9,204,-2.040741335917245,878,2556,7844,1400
Household10,204,-2.020431309463758,991,3469,676,0
Household1,205,-0.8715357599553499,1289,6370,4755,3649
Household2,205,-4.009826700806963,710,746,2765,1530
Household3,205,-0.06976118013959898,953,2043,7085,0
Household4,205,4.110778626239199,1933,7029,1276,3626
Household5,205,18.28361854200821,1695,1650,494,1634
Household6,205,3.321262420303267,1396,187,6865,4224
Household7,205,-4.665082453369013,1396,6299,531,0
Household8,205,23.00695014514995,1893,4798,5493,738
Household9,205,-2.7164639961333545,882,2546,7834,1390
Household10,205,-1.170689048899959,994,3459,666,0
Household1,206,-3.8738140137080457,1296,6360,4745,3639
Household2,206,-1.2986570209249475,714,736,2755,1520
Household3,206,-3.497925031329343,958,2033,7075,0
Household4,206,0.1645229375901529,1943,7019,1266,3616
Household5,206,21.87278043488175,1704,1640,484,1624
Household6,206,-0.9685917006366473,1404,177,6855,4214
Household7,206,3.993744316857404,1401,6289,521,0
Household8,206,35.24138080953657,1901,4788,5483,728
Household9,206,-3.3921866563494643,886,2536,7824,1380
Household10,206,-2.1005884466286613,997,3449,656,0
Household1,207,-2.3411952020870785,1303,6350,4735,3629
Household2,207,-1.898693610360139,718,726,2745,1510
Household3,207,1.0418780405961687,962,2023,7065,0
Household4,207,4.186234172056363,1952,7009,1256,3606
Household5,207,25.46194232775529,1713,1630,474,1614
Household6,207,2.7095211015387086,1411,167,6845,4204
Household7,207,0.7430059568813085,1407,6279,511,0
Household8,207,47.475811473923166,1909,4778,5473,718
Household9,207,3.900057606549689,889,2526,7814,1370
Household10,207,-1.2508461860648623,1000,3439,646,0
Household1,208,-0.8085763904661007,1310,6340,4725,3619
Household2,208,-3.7224209958518006,722,716,2735,1500
Household3,208,-2.3862858105935754,967,2013,7055,0
Household4,208,0.23997848340731665,1962,6999,1246,3596
Household5,208,-2.830420667991106,1722,1620,464,1604
Household6,208,-1.5803330194012055,1419,157,6835,4194
Household7,208,-2.5077324030948027,1413,6269,501,0
Household8,208,59.7102421383097,1917,4768,5463,708
Household9,208,-0.08687132298362421,893,2516,7804,1360
Household10,208,-2.1807455837935645,1003,3429,636,0
Household1,209,-3.8108546442187965,1317,6330,4715,3609
Household2,209,-1.0112513159697851,726,706,2725,1490
Household3,209,2.1535172613319364,971,2003,7045,0
Household4,209,4.2616897178735265,1971,6989,1236,3586
Household5,209,0.7587412248824386,1731,1610,454,1594
Household6,209,2.0977797827741504,1426,147,6825,4184
Household7,209,-1.8168725559836432,1419,6259,491,0
Household8,209,71.9446728026962,1925,4758,5453,698
Household9,209,-0.7625939831997339,897,2506,7794,1350
Household10,209,-1.3310033232297656,1006,3419,626,0
Household1,210,-2.2782358325978294,1324,6320,4705,3599
Household2,210,-1.6112879054049767,730,696,2715,1480
Household3,210,-1.2746465898578077,976,1993,7035,0
Household4,210,0.3154340292244804,1981,6979,1226,3576
Household5,210,4.347903117756001,1740,1600,444,1584
Household6,210,-2.1920743381657637,1434,137,6815,4174
Household7,210,-1.1260127088724872,1425,6249,481,0
Household8,210,84.17910346708274,1933,4748,5443,688
Household9,210,-1.4383166434158436,901,2496,7784,1340
Household10,210,-2.260902720958468,1009,3409,616,0
Household1,211,-0.7456170209768516,1331,6310,4695,3589
Household2,211,-2.2113244948401682,734,686,2705,1470
Household3,211,3.265156482067704,980,1983,7025,0
Household4,211,-3.630821659424573,1991,6969,1216,3566
Household5,211,7.9370650106295635,1749,1590,434,1574
Household6,211,1.4860384640095923,1441,127,6805,4164
Household7,211,-0.43515286176133827,1431,6239,471,0
Household8,211,96.41353413146928,1941,4738,5433,678
Household9,211,-2.1140393036319534,905,2486,7774,1330
Household10,211,-1.4111604603946688,1012,3399,606,0
Household1,212,-3.7478952747295473,1338,6300,4685,3579
Household2,212,-4.03505188033183,738,676,2695,1460
Household3,212,-4.6979044344957135,985,1973,7015,0
Household4,212,-1.6566315516424623,2000,6959,1206,3556
Household5,212,11.526226903503126,1758,1580,424,1564
Household6,212,-2.803815656930322,1449,117,6795,4154
Household7,212,-4.279190080023842,1437,6229,461,0
Household8,212,108.6479647958557,1949,4728,5423,668
Household9,212,-2.789761963848063,909,2476,7764,1320
Household10,212,-2.341059858123371,1015,3389,596,0
Household1,213,-2.21527646310858,1345,6290,4675,3569
Household2,213,-1.3238822004498143,742,666,2685,1450
Household3,213,-0.15810136257019813,989,1963,7005,0
Household4,213,2.365079682823751,2009,6949,1196,3546
Household5,213,15.11538879637666,1767,1570,414,1554
Household6,213,0.8742971452450341,1456,107,6785,4144
Household7,213,-3.5883302329126874,1443,6219,451,0
Household8,213,120.88239546024215,1957,4718,5413,658
Household9,213,-3.465484624064173,913,2466,7754,1310
Household10,213,-1.491317597559572,1018,3379,586,0
Household1,214,-0.6826576514876024,1352,6280,4665,3559
Household2,214,-1.9239187898850059,746,656,2675,1440
Household3,214,-3.5862652137599422,994,1953,6995,0
Household4,214,-1.581176005825295,2019,6939,1186,3536
Household5,214,18.704550689250194,1776,1560,404,1544
Household6,214,-3.41555697569488,1464,97,6775,4134
Household7,214,-2.897470385801533,1449,6209,441,0
Household8,214,133.11682612462857,1965,4708,5403,648
Household9,214,3.8267596388349805,916,2456,7744,1300
Household10,214,-2.4212169952882743,1021,3369,576,0
Household1,215,-3.684935905240298,1359,6270,4655,3549
Household2,215,-3.7476461753766674,750,646,2665,1430
Household3,215,0.9535378581655696,998,1943,6985,0
Household4,215,2.4405352286409148,2028,6929,1176,3526
Household5,215,22.293712582123735,1785,1550,394,1534
Household6,215,0.26255582648047593,1471,87,6765,4124
Household7,215,-2.206610538690377,1455,6199,431,0
Household8,215,145.351256789015,1973,4698,5393,638
Household9,215,-0.16016929069833274,920,2446,7734,1290
Household10,215,-1.5714747347244753,1024,3359,566,0
Household1,216,-2.152317093619331,1366,6260,4645,3539
Household2,216,-1.036476495494652,754,636,2655,1420
Household3,216,-2.4746259930241745,1003,1933,6975,0
Household4,216,-1.5057204600081313,2038,6919,1166,3516
Household5,216,25.882874474997273,1794,1540,384,1524
Household6,216,3.940668628655825,1478,77,6755,4114
Household7,216,-1.5157506915792212,1461,6189,421,0
Household8,216,157.58568745340153,1981,4688,5383,628
Household9,216,-0.8358919509144425,924,2436,7724,1280
Household10,216,-2.5013741324531775,1027,3349,556,0
Household1,217,-0.6196982819983248,1373,6250,4635,3529
Household2,217,-1.6365130849298435,758,626,2645,1410
Household3,217,2.0651770789013373,1007,1923,6965,0
Household4,217,2.5159907744580785,2047,6909,1156,3506
Household5,217,-2.4094885207491217,1803,1530,374,1514
Household6,217,-0.34918549228408935,1486,67,6745,4104
Household7,217,-0.8248908444680652,1467,6179,411,0
Household8,217,169.82011811778807,1989,4678,5373,618
Household9,217,-1.5116146111305522,928,2426,7714,1270
Household10,217,-1.6516318718893785,1030,3339,546,0
Household1,218,-3.6219765357510205,1380,6240,4625,3519
Household2,218,-2.236549674365035,762,616,2635,1400
Household3,218,-1.3629867722884068,1012,1913,6955,0
Household4,218,-1.4302649141909676,2057,6899,1146,3496
Household5,218,1.179673372124423,1812,1520,364,1504
Household6,218,3.3289273098912666,1493,57,6735,4094
Household7,218,-4.66892806273059,1473,6169,401,0
Household8,218,182.0545487821746,1997,4668,5363,608
Household9,218,-2.187337271346662,932,2416,7704,1260
Household10,218,-0.801889611325592,1033,3329,536,0
Household1,219,-2.0893577241300534,1387,6230,4615,3509
Household2,219,-4.060277059856697,766,606,2625,1390
Household3,219,3.176816299637105,1016,1903,6945,0
Household4,219,2.5914463202752422,2066,6889,1136,3486
Household5,219,4.7688352649979855,1821,1510,354,1494
Household6,219,-0.9609268110486475,1501,47,6725,4084
Household7,219,3.9898987074958274,1478,6159,391,0
Household8,219,194.28897944656126,2005,4658,5353,598
Household9,219,-2.8630599315627716,936,2406,7694,1250
Household10,219,-1.7317890090542942,1036,3319,526,0
Household1,220,-0.5567389125090472,1394,6220,4605,3499
Household2,220,-1.349107379974681,770,596,2615,1380
Household3,220,-0.2513475515526391,1021,1893,6935,0
Household4,220,-1.3548093683738038,2076,6879,1126,3476
Household5,220,8.357997157871548,1830,1500,344,1484
Household6,220,2.7171859911267084,1508,37,6715,4074
Household7,220,0.7391603475197321,1484,6149,381,0
Household8,220,206.52341011094794,2013,4648,5343,588
Household9,220,-3.5387825917788813,940,2396,7684,1240
Household10,220,-0.8820467484904952,1039,3309,516,0
Household1,221,-3.5590171662617145,1401,6210,4595,3489
Household2,221,-1.9491439694098727,774,586,2605,1370
Household3,221,4.288455520372873,1025,1883,6925,0
Household4,221,2.666901866092406,2085,6869,1116,3466
Household5,221,11.94715905074511,1839,1490,334,1474
Household6,221,-1.5726681298132057,1516,27,6705,4064
Household7,221,-2.511578012456379,1490,6139,371,0
Household8,221,218.7578407753346,2021,4638,5333,578
Household9,221,-2.4348635937025023,944,2386,7674,1230
Household10,221,-0.0323044879267087,1042,3299,506,0
Household1,222,-2.0263983546407474,1408,6200,4585,3479
Household2,222,-3.7728713549015342,778,576,2595,1360
Household3,222,-2.450914600134068,1030,1873,6915,0
Household4,222,-1.27935382255664,2095,6859,1106,3456
Household5,222,15.536320943618644,1848,1480,324,1464
Household6,222,2.1054446723621503,1523,17,6695,4054
Household7,222,-1.8207181653452196,1496,6129,361,0
Household8,222,244.05108629044634,2028,4628,5323,568
Household9,222,-1.3309445956261214,948,2376,7664,1220
Household10,222,0.8174377726370778,1045,3289,496,0
Household1,223,-0.49377954301974114,1415,6190,4575,3469
Household2,223,-1.0617016750195187,782,566,2585,1350
Household3,223,2.088888471791444,1034,1863,6905,0
Household4,223,2.7423574119095697,2104,6849,1096,3446
Household5,223,19.12548283649218,1857,1470,314,1454
Household6,223,-2.184409448577764,1531,7,6685,4044
Household7,223,-1.1298583182340636,1502,6119,351,0
Household8,223,269.344331805558,2035,4618,5313,558
Household9,223,-0.2270255975497406,952,2366,7654,1210
Household10,223,1.6671800332008644,1048,3279,486,0
Household1,224,-2.9027589384859986,1422,6180,4565,3459
Household2,224,-1.6617382644547103,786,556,2575,1340
Household3,224,-1.3392753793983,1039,1853,6895,0
Household4,224,-1.2038982767394764,2114,6839,1086,3436
Household5,224,22.71464472936572,1866,1460,304,1444
Household6,224,1.4955296032455667,1537,0,6675,4034
Household7,224,-0.4389984711229147,1508,6109,341,0
Household8,224,294.6375773206696,2042,4608,5303,548
Household9,224,-3.6580036648470333,956,2356,7644,1200
Household10,224,2.516922293764651,1051,3269,476,0
Household1,225,-1.3701401268650102,1429,6170,4555,3449
Household2,225,-2.261774853889902,790,546,2565,1330
Household3,225,3.2005276925272117,1043,1843,6885,0
Household4,225,2.8178129577267335,2123,6829,1076,3426
Household5,225,2.3902486567345633,1874,1450,294,1434
Household6,225,-1.8650734480175224,1543,0,6665,4024
Household7,225,-4.283035689385418,1514,6099,331,0
Household8,225,319.9308228357812,2049,4598,5293,538
Household9,225,-2.554084666770649,960,2346,7634,1190
Household10,225,3.3666645543284375,1054,3259,466,0
Household1,226,-4.372418380617706,1436,6160,4545,3439
Household2,226,-4.085502239381563,794,536,2555,1320
Household3,226,-0.2276361586625324,1048,1833,6875,0
Household4,226,-1.1284427309223126,2133,6819,1066,3416
Household5,226,5.979410549608101,1883,1440,284,1424
Household6,226,-1.2840782921933496,1549,0,6655,4014
Household7,226,-3.592175842274264,1520,6089,321,0
Household8,226,345.2240683508928,2056,4588,5283,528
Household9,226,-1.450165668694268,964,2336,7624,1180
Household10,226,4.216406814892238,1057,3249,456,0
Household1,227,-2.839799568996739,1443,6150,4535,3429
Household2,227,-1.374332559499548,798,526,2545,1310
Household3,227,4.312166913262979,1052,1823,6865,0
Household4,227,2.893268503543897,2142,6809,1056,3406
Household5,227,9.568572442481663,1892,1430,274,1414
Household6,227,-0.7030831363691661,1555,0,6645,4004
Household7,227,-2.9013159951631096,1526,6079,311,0
Household8,227,370.5173138660044,2063,4578,5273,518
Household9,227,-0.3462466706178873,968,2326,7614,1170
Household10,227,-2.901817847659224,1061,3239,446,0
Household1,228,-1.307180757375761,1450,6140,4525,3419
Household2,228,-1.9743691489347395,802,516,2535,1300
Household3,228,-2.427203207243961,1057,1813,6855,0
Household4,228,-1.0529871851051489,2152,6799,1046,3396
Household5,228,13.157734335355197,1901,1420,264,1404
Household6,228,-4.656985045918663,1561,0,6635,3994
Household7,228,-2.2104561480519536,1532,6069,301,0
Household8,228,395.81055938111604,2070,4568,5263,508
Household9,228,-3.77722473791518,972,2316,7604,1160
Household10,228,-2.0520755870954304,1064,3229,436,0
Household1,229,-4.309459011128457,1457,6130,4515,3409
Household2,229,-3.798096534426401,806,506,2525,1290
Household3,229,2.1125998646815507,1061,1803,6845,0
Household4,229,2.968724049361061,2161,6789,1036,3386
Household5,229,16.74689622822873,1910,1410,254,1394
Household6,229,3.8919770330207815,1566,0,6625,3984
Household7,229,-1.5195963009407976,1538,6059,291,0
Household8,229,421.10380489622764,2077,4558,5253,498
Household9,229,-2.6733057398387956,976,2306,7594,1150
Household10,229,-1.2023333265316438,1067,3219,426,0
Household1,230,-2.7768401995074896,1464,6120,4505,3399
Household2,230,-1.0869268545443855,810,496,2515,1280
Household3,230,-1.3155639865081934,1066,1793,6835,0
Household4,230,-0.9775316392879851,2171,6779,1026,3376
Household5,230,20.336058121102273,1919,1400,244,1384
Household6,230,0.5313739817577137,1572,0,6615,3974
Household7,230,-0.8287364538296416,1544,6049,281,0
Household8,230,446.39705041133936,2084,4548,5243,488
Household9,230,-1.5693867417624148,980,2296,7584,1140
Household10,230,-0.3525910659678573,1070,3209,416,0
Household1,231,-1.2442213878865118,1471,6110,4495,3389
Household2,231,-1.686963443979577,814,486,2505,1270
Household3,231,3.2242390854173184,1070,1783,6825,0
Household4,231,3.0441795951782247,2180,6769,1016,3366
Household5,231,23.925220013975807,1928,1390,234,1374
Household6,231,-2.829229069505356,1578,0,6605,3964
Household7,231,-4.672773672092166,1550,6039,271,0
Household8,231,471.69029592645074,2091,4538,5233,478
Household9,231,-0.46546774368603394,984,2286,7574,1130
Household10,231,0.49715119459592927,1073,3199,406,0
Household1,232,-4.246499641639208,1478,6100,4485,3379
Household2,232,-2.2870000334147687,818,476,2495,1260
Household3,232,-0.2039247657724257,1075,1773,6815,0
Household4,232,-0.9020760934708214,2190,6759,1006,3356
Household5,232,3.6008239413446788,1936,1380,224,1364
Household6,232,-2.248233913681183,1584,0,6595,3954
Household7,232,3.986053098134251,1555,6029,261,0
Household8,232,496.983541441562,2098,4528,5223,468
Household9,232,-3.8964458109833267,988,2276,7564,1120
Household10,232,1.3468934551597158,1076,3189,396,0
Household1,233,-2.7138808300182404,1485,6090,4475,3369
Household2,233,-4.11072741890643,822,466,2485,1250
Household3,233,-3.632088616962177,1080,1763,6805,0
Household4,233,3.1196351409953884,2199,6749,996,3346
Household5,233,7.189985834218216,1945,1370,214,1354
Household6,233,-1.6672387578569996,1590,0,6585,3944
Household7,233,0.7353147381581557,1561,6019,251,0
Household8,233,522.2767869566732,2105,4518,5213,458
Household9,233,-2.7925268129069423,992,2266,7554,1110
Household10,233,2.1966357157235024,1079,3179,386,0
Household1,234,-1.1812620183972626,1492,6080,4465,3359
Household2,234,-1.3995577390244147,826,456,2475,1240
Household3,234,0.9077144549633349,1084,1753,6795,0
Household4,234,-0.8266205476536577,2209,6739,986,3336
Household5,234,10.779147727091779,1954,1360,204,1344
Household6,234,-1.0862436020328161,1596,0,6575,3934
Household7,234,-2.5154236218179555,1567,6009,241,0
Household8,234,547.5700324717843,2112,4508,5203,448
Household9,234,-1.6886078148305614,996,2256,7544,1100
Household10,234,3.046377976287289,1082,3169,376,0
Household1,235,-4.183540272149958,1499,6070,4455,3349
Household2,235,-1.9995943284596063,830,446,2465,1230
Household3,235,-2.520449396226409,1089,1743,6785,0
Household4,235,3.195090686812552,2218,6729,976,3326
Household5,235,14.368309619965313,1963,1350,194,1334
Household6,235,-0.5052484462086326,1602,0,6565,3924
Household7,235,-1.824563774706796,1573,5999,231,0
Household8,235,572.8632779868955,2119,4498,5193,438
Household9,235,-0.5846888167541806,1000,2246,7534,1090
Household10,235,3.8961202368510897,1085,3159,366,0
Household1,236,-2.6509214605289912,1506,6060,4445,3339
Household2,236,-3.823321713951268,834,436,2455,1220
Household3,236,2.0193536756991026,1093,1733,6775,0
Household4,236,-0.7511650018364939,2228,6719,966,3316
Household5,236,17.957471512838847,1972,1340,184,1324
Household6,236,-4.45915035575813,1608,0,6555,3914
Household7,236,-1.13370392759564,1579,5989,221,0
Household8,236,598.1565235020066,2126,4488,5183,428
Household9,236,-4.015666884051473,1004,2236,7524,1080
Household10,236,-3.2221044257003726,1089,3149,356,0
Household1,237,-1.1183026489080135,1513,6050,4435,3329
Household2,237,-1.1121520340692523,838,426,2445,1210
Household3,237,-1.4088101754906415,1098,1723,6765,0
Household4,237,3.270546232629716,2237,6709,956,3306
Household5,237,21.546633405712388,1981,1330,174,1314
Household6,237,4.089811723181315,1613,0,6545,3904
Household7,237,-0.4428440804844911,1585,5979,211,0
Household8,237,623.4497690171178,2133,4478,5173,418
Household9,237,-2.911747885975089,1008,2226,7514,1070
Household10,237,-2.372362165136579,1092,3139,346,0
Household1,238,-4.120580902660709,1520,6040,4425,3319
Household2,238,-1.712188623504444,842,416,2435,1200
Household3,238,3.1309928964348703,1102,1713,6755,0
Household4,238,-0.6757094560193302,2247,6699,946,3296
Household5,238,25.135795298585926,1990,1320,164,1304
Household6,238,0.7292086719182471,1619,0,6535,3894
Household7,238,-4.286881298746994,1591,5969,201,0
Household8,238,648.7430145322289,2140,4468,5163,408
Household9,238,-1.807828887898708,1012,2216,7504,1060
Household10,238,-1.5226199045727924,1095,3129,336,0
Household1,239,-2.587962091039742,1527,6030,4415,3309
Household2,239,-2.3122252129396355,846,406,2425,1190
Household3,239,-0.29717095475487376,1107,1703,6745,0
Household4,239,3.3460017784468796,2256,6689,936,3286
Household5,239,-3.156567697160469,1999,1310,154,1294
Household6,239,-2.6313943793448225,1625,0,6525,3884
Household7,239,-3.59602145163584,1597,5959,191,0
Household8,239,674.0362600473401,2147,4458,5153,398
Household9,239,-0.7039098898223273,1016,2206,7494,1050
Household10,239,-0.6728776440090058,1098,3119,326,0
Household1,240,-1.0553432794187643,1534,6020,4405,3299
Household2,240,-4.135952598431297,850,396,2415,1180
Household3,240,4.242632117170638,1111,1693,6735,0
Household4,240,-0.6002539102021665,2266,6679,926,3276
Household5,240,0.4325941957130759,2008,1300,144,1284
Household6,240,-2.0503992235206496,1631,0,6515,3874
Household7,240,-2.905161604524686,1603,5949,181,0
Household8,240,699.3295055624512,2154,4448,5143,388
Household9,240,-4.13488795711962,1020,2196,7484,1040
Household10,240,0.1768646165547807,1101,3109,316,0
Household1,241,-4.05762153317146,1541,6010,4395,3289
Household2,241,-1.4247829185492815,854,386,2405,1170
Household3,241,-3.7204287993927796,1116,1683,6725,0
Household4,241,3.4214573242640434,2275,6669,916,3266
Household5,241,4.021756088586638,2017,1290,134,1274
Household6,241,-1.4694040676964661,1637,0,6505,3864
Household7,241,-2.21430175741353,1609,5939,171,0
Household8,241,724.6227510775624,2161,4438,5133,378
Household9,241,-3.0309689590432356,1024,2186,7474,1030
Household10,241,1.0266068771185672,1104,3099,306,0
Household1,242,-2.525002721550493,1548,6000,4385,3279
Household2,242,-2.024819507984473,858,376,2395,1160
Household3,242,0.8193742725327358,1120,1673,6715,0
Household4,242,-0.5247983643850027,2285,6659,906,3256
Household5,242,7.610917981460201,2026,1280,124,1264
Household6,242,-0.8884089118722827,1643,0,6495,3854
Household7,242,-1.523441910302374,1615,5929,161,0
Household8,242,749.9159965926735,2168,4428,5123,368
Household9,242,-1.9270499609668548,1028,2176,7464,1020
Household10,242,1.8763491376823538,1107,3089,296,0
Household1,243,-0.9923839099295151,1555,5990,4375,3269
Household2,243,-3.8485468934761347,862,366,2385,1150
Household3,243,-2.6087895786570083,1125,1663,6705,0
Household4,243,3.496912870081207,2294,6649,896,3246
Household5,243,11.200079874333763,2035,1270,114,1254
Household6,243,-0.3074137560481063,1649,0,6485,3844
Household7,243,-0.832582063191218,1621,5919,151,0
Household8,243,775.2092421077847,2175,4418,5113,358
Household9,243,-0.8231309628904739,1032,2166,7454,1010
Household10,243,2.7260913982461403,1110,3079,286,0
Household1,244,-3.994662163682211,1562,5980,4365,3259
Household2,244,-1.1373772135941191,866,356,2375,1140
Household3,244,1.9310134932685035,1129,1653,6695,0
Household4,244,-0.449342818567839,2304,6639,886,3236
Household5,244,14.789241767207297,2044,1260,104,1244
Household6,244,-4.261315665597596,1655,0,6475,3834
Household7,244,-4.676619281453743,1627,5909,141,0
Household8,244,800.5024876228958,2182,4408,5103,348
Household9,244,-4.254109030187767,1036,2156,7444,1000
Household10,244,3.575833658809927,1113,3069,276,0
Household1,245,-2.4620433520612437,1569,5970,4355,3249
Household2,245,-1.7374138030293107,870,346,2365,1130
Household3,245,-1.4971503579212406,1134,1643,6685,0
Household4,245,3.572368415898371,2313,6629,876,3226
Household5,245,18.37840366008083,2053,1250,94,1234
Household6,245,4.287646413341848,1660,0,6465,3824
Household7,245,3.9822074887726746,1632,5899,131,0
Household8,245,825.795733138007,2189,4398,5093,338
Household9,245,4.603344904385189,1041,2146,7434,990
Household10,245,4.211143932755036,1118,3059,266,0
Household1,246,-0.9294245404402659,1576,5960,4345,3239
Household2,246,-2.3374503924645023,874,336,2355,1120
Household3,246,3.042652714004271,1138,1633,6675,0
Household4,246,-0.37388727275067524,2323,6619,866,3216
Household5,246,21.967565552954373,2062,1240,84,1224
Household6,246,0.9270433620787806,1666,0,6455,3814
Household7,246,0.7314691287965793,1638,5889,121,0
Household8,246,851.0889786531181,2196,4388,5083,328
Household9,246,13.460798838958137,1046,2136,7424,980
Household10,246,4.846454206700145,1123,3049,256,0
Household1,247,-3.9317027941929616,1583,5950,4335,3229
Household2,247,-4.161177777956164,878,326,2345,1110
Household3,247,-0.3855111371854729,1143,1623,6665,0
Household4,247,3.6478239617155346,2332,6609,856,3206
Household5,247,25.55672744582791,2071,1230,74,1214
Household6,247,-2.433559689184289,1672,0,6445,3804
Household7,247,-2.519269231179532,1644,5879,111,0
Household8,247,876.3822241682293,2203,4378,5073,318
Household9,247,-2.076453351197763,1051,2126,7414,970
Household10,247,5.4817644806452535,1128,3039,246,0
Household1,248,-2.3990839825719945,1590,5940,4325,3219
Household2,248,-1.4500080980741483,882,316,2335,1100
Household3,248,4.154291934740039,1147,1613,6655,0
Household4,248,-0.2984317269335115,2342,6599,846,3196
Household5,248,-2.7356355499184843,2080,1220,64,1204
Household6,248,-1.8525645333601162,1678,0,6435,3794
Household7,248,-1.8284093840683724,1650,5869,101,0
Household8,248,901.6754696833407,2210,4368,5063,308
Household9,248,6.781000583375182,1056,2116,7404,960
Household10,248,6.117074754590362,1133,3029,236,0
Household1,249,-0.8664651709510167,1597,5930,4315,3209
Household2,249,-2.05004468750934,886,306,2325,1090
Household3,249,-3.8087689818233788,1152,1603,6645,0
Household4,249,3.7232795075326983,2351,6589,836,3186
Household5,249,0.8535263429550604,2089,1210,54,1194
Household6,249,-1.2715693775359327,1684,0,6425,3784
Household7,249,-1.1375495369572164,1656,5859,91,0
Household8,249,926.9687151984521,2217,4358,5053,298
Household9,249,15.63845451794813,1061,2106,7394,950
Household10,249,6.752385028535471,1138,3019,226,0
Household1,250,-3.8687434247037125,1604,5920,4305,3199
Household2,250,-3.8737720730010015,890,296,2315,1080
Household3,250,0.7310340901021366,1156,1593,6635,0
Household4,250,-0.22297618111634776,2361,6579,826,3176
Household5,250,4.442688235828623,2098,1200,44,1184
Household6,250,-0.6905742217117492,1690,0,6415,3774
Household7,250,-0.4466896898460675,1662,5849,81,0
Household8,250,952.2619607135633,2224,4348,5043,288
Household9,250,-4.433694737581444,1066,2096,7384,940
Household10,250,7.38769530248058,1143,3009,216,0
Household1,251,-2.3361246130827453,1611,5910,4295,3189
Household2,251,-1.162602393118986,894,286,2305,1070
Household3,251,-2.6971297610876075,1161,1583,6625,0
Household4,251,3.798735053349862,2370,6569,816,3166
Household5,251,8.031850128702185,2107,1190,34,1174
Household6,251,-4.644476131261246,1696,0,6405,3764
Household7,251,-4.290726908108571,1668,5839,71,0
Household8,251,977.5552062286748,2231,4338,5033,278
Household9,251,4.423759196991504,1071,2086,7374,930
Household10,251,8.023005576425703,1148,2999,206,0
Household1,252,-0.8035058014617675,1618,5900,4285,3179
Household2,252,-1.7626389825541775,898,276,2295,1060
Household3,252,1.8426733108379043,1165,1573,6615,0
Household4,252,-0.14752063529918402,2380,6559,806,3156
Household5,252,11.621012021575748,2116,1180,24,1164
Household6,252,3.9044859476781983,1701,0,6395,3754
Household7,252,-3.5998670609974166,1674,5829,61,0
Household8,252,1002.8484517437863,2238,4328,5023,268
Household9,252,13.281213131564453,1076,2076,7364,920
Household10,252,8.658315850370826,1153,2989,196,0
Household1,253,-3.8057840552144633,1625,5890,4275,3169
Household2,253,-2.362675571989369,902,266,2285,1050
Household3,253,-1.5854905403518398,1170,1563,6605,0
Household4,253,3.874190599167026,2389,6549,796,3146
Household5,253,15.210173914449282,2125,1170,14,1154
Household6,253,0.5438828964151305,1707,0,6385,3744
Household7,253,-2.9090072138862624,1680,5819,51,0
Household8,253,1028.141697258898,2245,4318,5013,258
Household9,253,-2.256039058591462,1081,2066,7354,910
Household10,253,9.29362612431595,1158,2979,186,0
Household1,254,-2.273165243593496,1632,5880,4265,3159
Household2,254,-4.186402957481031,906,256,2275,1040
Household3,254,2.954312531573672,1174,1553,6595,0
Household4,254,-0.07206508948202028,2399,6539,786,3136
Household5,254,18.799335807322816,2134,1160,4,1144
Household6,254,-2.816720154847939,1713,0,6375,3734
Household7,254,-2.2181473667751064,1686,5809,41,0
Household8,254,1053.4349427740096,2252,4308,5003,248
Household9,254,6.601414875981483,1086,2056,7344,900
Household10,254,9.928936398261072,1163,2969,176,0
Household1,255,-0.7405464319725183,1639,5870,4255,3149
Household2,255,-1.4752332775990151,910,246,2265,1030
Household3,255,-0.4738513196160721,1179,1543,6585,0
Household4,255,3.9496461449841895,2408,6529,776,3126
Household5,255,3.4197244814485863,2142,1150,0,1134
Household6,255,-2.235724999023766,1719,0,6365,3724
Household7,255,-1.5272875196639504,1692,5799,31,0
Household8,255,1078.7281882891214,2259,4298,4993,238
Household9,255,15.458868810554431,1091,2046,7334,890
Household10,255,10.564246672206195,1168,2959,166,0
Household1,256,-3.742824685725214,1646,5860,4245,3139
Household2,256,-2.0752698670342067,914,236,2255,1020
Household3,256,4.06595175230944,1183,1533,6575,0
Household4,256,0.0033904563351434547,2418,6519,766,3116
Household5,256,2.57861516161627,2146,1140,0,1124
Household6,256,-1.6547298431995827,1725,0,6355,3714
Household7,256,-0.8364276725527944,1698,5789,21,0
Household8,256,1090.9626189535081,2267,4288,4983,228
Household9,256,-4.613280444975143,1096,2036,7324,880
Household10,256,11.199556946151318,1173,2949,156,0
Household1,257,-2.210205874104247,1653,5850,4235,3129
Household2,257,-3.8989972525258683,918,226,2245,1010
Household3,257,-3.897109164253978,1188,1523,6565,0
Household4,257,4.025101690801353,2427,6509,756,3106
Household5,257,-2.751108124537769,2154,1130,0,1114
Household6,257,-1.0737346873753992,1731,0,6345,3704
Household7,257,-4.680464890815319,1704,5779,11,0
Household8,257,1116.2558644686198,2274,4278,4973,218
Household9,257,4.244173489597806,1101,2026,7314,870
Household10,257,11.834867220096438,1178,2939,146,0
Household1,258,-0.6775870624832692,1660,5840,4225,3119
Household2,258,-1.1878275726438527,922,216,2235,1000
Household3,258,0.6426939076715374,1192,1513,6555,0
Household4,258,0.07884600215230719,2437,6499,746,3096
Household5,258,-2.541585886241485,2161,1120,0,1104
Household6,258,-0.49273953155121575,1737,0,6335,3694
Household7,258,3.978361879411098,1709,5769,1,0
Household8,258,1141.5491099837316,2281,4268,4963,208
Household9,258,13.101627424170754,1106,2016,7304,860
Household10,258,12.470177494041561,1183,2929,136,0
Household1,259,-3.679865316235965,1667,5830,4215,3109
Household2,259,-1.7878641620790443,926,206,2225,990
Household3,259,-2.7854699435182066,1197,1503,6545,0
Household4,259,4.100557236618517,2446,6489,736,3086
Household5,259,-2.3320636479451977,2168,1110,0,1094
Household6,259,-4.446641441100713,1743,0,6325,3684
Household7,259,-4.415778097641125,1713,5759,0,0
Household8,259,1166.8423554988433,2288,4258,4953,198
Household9,259,-2.2389157733290403,1111,2006,7294,850
Household10,259,13.105487767986684,1188,2919,126,0
Household1,260,-2.1472465046149978,1674,5820,4205,3099
Household2,260,-2.3879007515142288,930,196,2215,980
Household3,260,1.7543331284073052,1201,1493,6535,0
Household4,260,0.15430154796947093,2456,6479,726,3076
Household5,260,-2.1225414096489104,2175,1100,0,1084
Household6,260,4.102320637838732,1748,0,6315,3674
Household7,260,3.113987105965629,1716,5749,0,0
Household8,260,1192.135601013955,2295,4248,4943,188
Household9,260,-1.1349967752526595,1115,1996,7284,840
Household10,260,13.740798041931807,1193,2909,116,0
Household1,261,-0.6146276929939916,1681,5810,4195,3089
Household2,261,-4.21162813700589,934,186,2205,970
Household3,261,-1.673830722782439,1206,1483,6525,0
Household4,261,4.176012782435681,2465,6469,716,3066
Household5,261,-1.913019171352623,2182,1090,0,1074
Household6,261,0.741717586575664,1754,0,6305,3664
Household7,261,-0.6354208828600871,1720,5739,0,0
Household8,261,1217.4288465290667,2302,4238,4933,178
Household9,261,-4.565974842549952,1119,1986,7274,830
Household10,261,14.37610831587693,1198,2899,106,0
Household1,262,-3.6169059467466873,1688,5800,4185,3079
Household2,262,-1.5004584571238748,938,176,2195,960
Household3,262,2.865972349143073,1210,1473,6515,0
Household4,262,0.22975709378663467,2475,6459,706,3056
Household5,262,-1.7034969330563356,2189,1080,0,1064
Household6,262,-2.6188854646874056,1760,0,6295,3654
Household7,262,-1.0736226023685997,1724,5729,0,0
Household8,262,1242.7220920441785,2309,4228,4923,168
Household9,262,-3.462055844473568,1123,1976,7264,820
Household10,262,15.011418589822053,1203,2889,96,0
Household1,263,-2.08428713512572,1695,5790,4175,3069
Household2,263,-2.1004950465590664,942,166,2185,950
Household3,263,-0.5621915020466712,1215,1463,6505,0
Household4,263,4.2514683282528445,2484,6449,696,3046
Household5,263,-1.4939746947600483,2196,1070,0,1054
Household6,263,-2.0378903088632327,1766,0,6285,3644
Household7,263,-1.5118243218771052,1728,5719,0,0
Household8,263,1268.0153375592902,2316,4218,4913,158
Household9,263,-2.358136846397187,1127,1966,7254,810
Household10,263,15.646728863767176,1208,2879,86,0
Household1,264,-0.551668323504714,1702,5780,4165,3059
Household2,264,-3.924222432050728,946,156,2175,940
Household3,264,3.9776115698788406,1219,1453,6495,0
Household4,264,0.3052126396037984,2494,6439,686,3036
Household5,264,-1.284452456463761,2203,1060,0,1044
Household6,264,-1.4568951530390493,1772,0,6275,3634
Household7,264,-1.9500260413856108,1732,5709,0,0
Household8,264,1293.308583074402,2323,4208,4903,148
Household9,264,-1.2542178483208062,1131,1956,7244,800
Household10,264,16.2820391377123,1213,2869,76,0
Household1,265,-3.5539465772573813,1709,5770,4155,3049
Household2,265,-1.2130527521687124,950,146,2165,930
Household3,265,-3.985449346684577,1224,1443,6485,0
Household4,265,-3.6410430490452548,2504,6429,676,3026
Household5,265,-1.0749302181674736,2210,1050,0,1034
Household6,265,-0.8758999972148658,1778,0,6265,3624
Household7,265,-2.3882277608941163,1736,5699,0,0
Household8,265,1318.6018285895136,2330,4198,4893,138
Household9,265,-4.685195915618099,1135,1946,7234,790
Household10,265,16.917349411657423,1218,2859,66,0
Household1,266,-2.021327765636414,1716,5760,4145,3039
Household2,266,-1.813089341603904,954,136,2155,920
Household3,266,0.5543537252409383,1228,1433,6475,0
Household4,266,-1.6668529412631443,2513,6419,666,3016
Household5,266,-0.8654079798711862,2217,1040,0,1024
Household6,266,-0.2949048413906894,1784,0,6255,3614
Household7,266,-2.8264294804026218,1740,5689,0,0
Household8,266,1343.8950741046253,2337,4188,4883,128
Household9,266,-3.5812769175417287,1139,1936,7224,780
Household10,266,17.552659685602546,1223,2849,56,0
Household1,267,-0.4887089540154079,1723,5750,4135,3029
Household2,267,-2.4131259310390885,958,126,2145,910
Household3,267,-2.873810125948806,1233,1423,6465,0
Household4,267,2.354858293203069,2522,6409,656,3006
Household5,267,-0.6558857415748989,2224,1030,0,1014
Household6,267,-4.2488067509401795,1790,0,6245,3604
Household7,267,-3.2646311999111273,1744,5679,0,0
Household8,267,1369.188319619737,2344,4178,4873,118
Household9,267,-2.477357919465348,1143,1926,7214,770
Household10,267,18.18796995954767,1228,2839,46,0
Household1,268,-2.8976883494816654,1730,5740,4125,3019
Household2,268,-4.23685331653075,962,116,2135,900
Household3,268,1.665992945976706,1237,1413,6455,0
Household4,268,-1.591397395445977,2532,6399,646,2996
Household5,268,-0.4463635032786115,2231,1020,0,1004
Household6,268,4.300155327999265,1795,0,6235,3594
Household7,268,4.26513400369563,1747,5669,0,0
Household8,268,1394.4815651348488,2351,4168,4863,108
Household9,268,-1.373438921388967,1147,1916,7204,760
Household10,268,18.823280233492792,1233,2829,36,0
Household1,269,-1.365069537860677,1737,5730,4115,3009
Household2,269,-1.5256836366487345,966,106,2125,890
Household3,269,-1.762170905213038,1242,1403,6445,0
Household4,269,2.430313839020233,2541,6389,636,2986
Household5,269,-0.23684126498232416,2238,1010,0,994
Household6,269,0.9395522767361975,1801,0,6225,3584
Household7,269,0.5157260148699141,1751,5659,0,0
Household8,269,1419.7748106499605,2358,4158,4853,98
Household9,269,-0.26951992331258623,1151,1906,7194,750
Household10,269,4.042184361418187,1237,2819,26,0
Household1,270,-4.367347791613373,1744,5720,4105,2999
Household2,270,-2.125720226083926,970,96,2115,880
Household3,270,2.7776321667124737,1246,1393,6435,0
Household4,270,-1.5159418496288133,2551,6379,626,2976
Household5,270,2.4014023719789073,2245,1000,0,984
Household6,270,-2.421050774526872,1807,0,6215,3574
Household7,270,-4.457372770012272,1755,5649,0,0
Household8,270,1445.0680561650722,2365,4148,4843,88
Household9,270,-3.700497990609879,1155,1896,7184,740
Household10,270,4.6774946353632885,1242,2809,16,0
Household1,271,-2.8347289799924056,1751,5710,4095,2989
Household2,271,-3.9494476115755877,974,86,2105,870
Household3,271,-0.6505316844772704,1251,1383,6425,0
Household4,271,2.5057693848373965,2560,6369,616,2966
Household5,271,-2.928320914175135,2253,990,0,974
Household6,271,-1.8400556187026993,1813,0,6205,3564
Household7,271,3.072392433594482,1758,5639,0,0
Household8,271,1470.361301680184,2372,4138,4833,78
Household9,271,-2.5965789925334946,1159,1886,7174,730
Household10,271,5.312804909308397,1247,2799,6,0
Household1,272,-1.3021101683714278,1758,5700,4085,2979
Household2,272,-1.2382779316935721,978,76,2095,860
Household3,272,3.8892713874482414,1255,1373,6415,0
Household4,272,-0.4301532482177741,2570,6359,606,2956
Household5,272,-2.718798675878851,2260,980,0,964
Household6,272,-1.2590604628785158,1819,0,6195,3554
Household7,272,-0.6770155552312342,1762,5629,0,0
Household8,272,1496.6648802508896,2379,4128,4823,68
Household9,272,-1.4926599944571137,1163,1876,7164,720
Household10,272,1.2020462887666739,1251,2789,0,0
Household1,273,-1.9632176503150127,1766,5690,4075,2969
Household2,273,-0.9607847521153161,981,66,2085,850
Household3,273,-2.1125598751298895,1261,1363,6405,0
Household4,273,6.349762955365033,2580,6349,596,2946
Household5,273,-1.8120360821884702,2265,970,0,954
Household6,273,4.085842266902478,1825,0,6185,3544
Household7,273,4.279082236987138,1766,5619,0,0
Household8,273,1510.9199770264643,2387,4118,4813,58
Household9,273,3.284279068100034,1168,1866,7154,710
Household10,273,-2.871700463487656,1253,2779,0,0
Household1,274,-2.624325132258601,1774,5680,4065,2959
Household2,274,-0.6832915725370654,984,56,2075,840
Household3,274,-0.146424214592761,1266,1353,6395,0
Household4,274,13.12967915894782,2590,6339,586,2936
Household5,274,-0.9052734884980822,2270,960,0,944
Household6,274,-2.078940059902557,1830,0,6175,3534
Household7,274,1.4072040171748696,1769,5609,0,0
Household8,274,1557.3410378572269,2394,4108,4803,48
Household9,274,0.09325120754191829,1174,1856,7144,700
Household10,274,2.2917387560696945,1256,2769,0,0
Household1,275,-3.2854326142021897,1782,5670,4055,2949
Household2,275,-0.4057983929588147,987,46,2065,830
Household3,275,1.8197114459443728,1271,1343,6385,0
Household4,275,19.909595362530606,2600,6329,576,2926
Household5,275,2.4302105038572357,2275,950,0,934
Household6,275,3.265962669878437,1836,0,6165,3524
Household7,275,-1.46467420263739,1772,5599,0,0
Household8,275,1603.7620986879895,2401,4098,4793,38
Household9,275,-3.0977766530162043,1180,1846,7134,690
Household10,275,-1.782007996184646,1258,2759,0,0
Household1,276,4.021426826969485,1789,5660,4045,2939
Household2,276,-0.128305213380564,990,36,2055,820
Household3,276,3.7858471064815067,1276,1333,6375,0
Household4,276,26.68951156611339,2610,6319,566,2916
Household5,276,-1.7538748300620721,2280,940,0,924
Household6,276,-4.122510452983089,1841,0,6155,3514
Household7,276,3.491423589580984,1776,5589,0,0
Household8,276,1618.0171954635641,2409,4088,4783,28
Household9,276,1.679162409540936,1185,1836,7124,680
Household10,276,3.3814312233727044,1261,2749,0,0
Household1,277,-1.1745777203477274,1797,5650,4035,2929
Household2,277,0.1491879661976867,993,26,2045,810
Household3,277,-2.2159841560966242,1282,1323,6365,0
Household4,277,33.469427769696175,2620,6309,556,2906
Household5,277,-0.8471122363716859,2285,930,0,914
Household6,277,1.222392276797894,1847,0,6145,3504
Household7,277,0.6195453697687157,1779,5579,0,0
Household8,277,1664.4382562943267,2416,4078,4773,18
Household9,277,-1.5118654510171794,1191,1826,7114,670
Household10,277,-0.692315528881636,1263,2739,0,0
Household1,278,-1.8356852022912982,1805,5640,4025,2919
Household2,278,0.4266811457759374,996,16,2035,800
Household3,278,-0.24984849555949573,1287,1313,6355,0
Household4,278,40.24934397327896,2630,6299,546,2896
Household5,278,2.488371755983632,2290,920,0,904
Household6,278,-1.631183780689959,1852,0,6135,3494
Household7,278,-2.252332850043544,1782,5569,0,0
Household8,278,1710.8593171250893,2423,4068,4763,8
Household9,278,3.265073611539961,1196,1816,7104,660
Household10,278,-3.4968432324395486,1267,2729,0,0
Household1,279,-2.4967926842348867,1813,5630,4015,2909
Household2,279,0.7041743253541881,999,6,2025,790
Household3,279,1.7162871649776381,1292,1303,6345,0
Household4,279,47.029260176861804,2640,6289,536,2886
Household5,279,-1.6957135779356758,2295,910,0,894
Household6,279,3.713718949091035,1858,0,6125,3484
Household7,279,2.70376494217483,1786,5559,0,0
Household8,279,1718.9130008132006,2431,4058,4753,0
Household9,279,0.07404575098184552,1202,1806,7094,650
Household10,279,1.6665959871177982,1270,2719,0,0
Household1,280,-3.157900166178475,1821,5620,4005,2899
Household2,280,1.1091481029781836,1003,0,2015,780
Household3,280,3.682422825514772,1297,1293,6335,0
Household4,280,53.80917638044465,2650,6279,526,2876
Household5,280,-0.7889509842452895,2300,900,0,884
Household6,280,-2.451063377714,1863,0,6115,3474
Household7,280,2.0531848505020296,1788,5549,0,0
Household8,280,1711.2249365347898,2438,4048,4743,0
Household9,280,-3.116982109576277,1208,1796,7084,640
Household10,280,-2.4071507651365422,1272,2709,0,0
Household1,281,4.148959274993199,1828,5610,3995,2889
Household2,281,1.33263110864762,1006,0,2005,770
Household3,281,-2.319408437063359,1303,1283,6325,0
Household4,281,60.58909258402743,2660,6269,516,2866
Household5,281,2.5465330081100284,2305,890,0,874
Household6,281,2.893839352066994,1869,0,6105,3464
Household7,281,1.402604758829229,1790,5539,0,0
Household8,281,1716.595687107104,2444,4038,4733,0
Household9,281,6.75080488059055,1213,1786,7074,630
Household10,281,3.3122393166568216,1275,2699,0,0
Household1,282,-1.047045272324013,1836,5600,3985,2879
Household2,282,1.5561141143170563,1009,0,1995,760
Household3,282,-0.35327277652623046,1308,1273,6315,0
Household4,282,67.36900878761023,2670,6259,506,2856
Household5,282,-1.6375523258092795,2310,880,0,864
Household6,282,-4.4946337707945325,1874,0,6095,3454
Household7,282,0.7520246671564355,1792,5529,0,0
Household8,282,1721.966437679418,2450,4028,4723,0
Household9,282,16.61859187075738,1218,1776,7064,620
Household10,282,-0.7615074355975153,1277,2689,0,0
Household1,283,-1.7081527542675836,1844,5590,3975,2869
Household2,283,1.7795971199864926,1012,0,1985,750
Household3,283,1.6128628840109034,1313,1263,6305,0
Household4,283,74.14892499119301,2680,6249,496,2846
Household5,283,-0.7307897321188932,2315,870,0,854
Household6,283,0.8502689589864509,1880,0,6085,3444
Household7,283,0.10144457548364194,1794,5519,0,0
Household8,283,1727.3371882517322,2456,4018,4713,0
Household9,283,-1.432891273584442,1223,1766,7054,610
Household10,283,-3.0100842769194145,1281,2679,0,0
Household1,284,-2.369260236211172,1852,5580,3965,2859
Household2,284,2.003080125655929,1015,0,1975,740
Household3,284,3.5789985445480372,1318,1253,6295,0
Household4,284,80.92884119477583,2690,6239,486,2836
Household5,284,2.6046942602364247,2320,860,0,844
Household6,284,-2.003307098501402,1885,0,6075,3434
Household7,284,-0.5491355161891516,1796,5509,0,0
Household8,284,1719.6491239733214,2463,4008,4703,0
Household9,284,8.434895716582389,1228,1756,7044,600
Household10,284,2.7093058048739493,1284,2669,0,0
Household1,285,-3.0303677181547606,1860,5570,3955,2849
Household2,285,2.2265631313253653,1018,0,1965,730
Household3,285,-2.4228327180300937,1324,1243,6285,0
Household4,285,87.70875739835861,2700,6229,476,2826
Household5,285,-1.5793910736828831,2325,850,0,834
Household6,285,3.341595631279592,1891,0,6065,3424
Household7,285,0.5799260504305437,1798,5499,0,0
Household8,285,1725.0198745456355,2469,3998,4693,0
Household9,285,2.886276560729499,1232,1746,7034,590
Household10,285,-1.3644409473803876,1286,2659,0,0
Household1,286,4.276491723016914,1867,5560,3945,2839
Household2,286,2.4500461369948017,1021,0,1955,720
Household3,286,-0.4566970574929652,1329,1233,6275,0
Household4,286,94.48867360194129,2710,6219,466,2816
Household5,286,-0.6726284799924969,2330,840,0,824
Household6,286,-4.0468774915819345,1896,0,6055,3414
Household7,286,-0.07065404124224806,1800,5489,0,0
Household8,286,1717.3318102672247,2476,3988,4683,0
Household9,286,12.75406355089633,1237,1736,7024,580
Household10,286,-3.6130177887022867,1290,2649,0,0
Household1,287,-0.9195128243002983,1875,5550,3935,2829
Household2,287,2.673529142664238,1024,0,1945,710
Household3,287,1.5094386030441687,1334,1223,6265,0
Household4,287,101.26858980552402,2720,6209,456,2806
Household5,287,2.662855512362821,2335,830,0,814
Household6,287,1.298025238199049,1902,0,6045,3404
Household7,287,-0.7212341329150416,1802,5479,0,0
Household8,287,1722.7025608395388,2482,3978,4673,0
Household9,287,-0.7625225280718197,1242,1726,7014,570
Household10,287,2.106372293091077,1293,2639,0,0
Household1,288,-1.580620306243869,1883,5540,3925,2819
Household2,288,2.8970121483336744,1027,0,1935,700
Household3,288,3.4755742635813025,1339,1213,6255,0
Household4,288,108.04850600910675,2730,6199,446,2796
Household5,288,-1.5212298215564868,2340,820,0,804
Household6,288,-1.5555508192888041,1907,0,6035,3394
Household7,288,-1.371814224587828,1804,5469,0,0
Household8,288,1728.073311411853,2488,3968,4663,0
Household9,288,9.105264462095008,1247,1716,7004,560
Household10,288,-1.9673744591632598,1295,2629,0,0
Household1,289,-2.2417277881874575,1891,5530,3915,2809
Household2,289,3.1204951540031107,1030,0,1925,690
Household3,289,-2.5262569989968284,1345,1203,6245,0
Household4,289,114.82842221268947,2740,6189,436,2786
Household5,289,-0.6144672278661005,2345,810,0,794
Household6,289,3.78935191049219,1913,0,6025,3384
Household7,289,-2.0223943162606144,1806,5459,0,0
Household8,289,1733.444061984167,2494,3958,4653,0
Household9,289,3.5566453062421175,1251,1706,6994,550
Household10,289,3.752015622630104,1298,2619,0,0
Household1,290,-2.902835270131046,1899,5520,3905,2799
Household2,290,3.343978159672547,1033,0,1915,680
Household3,290,-0.5601213384596999,1350,1193,6235,0
Household4,290,121.6083384162722,2750,6179,426,2776
Household5,290,2.7210167644892174,2350,800,0,784
Household6,290,-2.3754304163128452,1918,0,6015,3374
Household7,290,-0.893332749640912,1808,5449,0,0
Household8,290,1725.7559977057563,2501,3948,4643,0
Household9,290,0.365617445684002,1257,1696,6984,540
Household10,290,-0.3217311296242329,1300,2609,0,0
Household1,291,-3.5639427520746345,1907,5510,3895,2789
Household2,291,3.5674611653419834,1036,0,1905,670
Household3,291,1.406014322077434,1355,1183,6225,0
Household4,291,128.38825461985493,2760,6169,416,2766
Household5,291,-1.4630685694300904,2355,790,0,774
Household6,291,2.969472313468149,1924,0,6005,3364
Household7,291,0.2357288169787921,1810,5439,0,0
Household8,291,1731.1267482780704,2507,3938,4633,0
Household9,291,10.23340443585083,1262,1686,6974,530
Household10,291,-2.570307970946132,1304,2599,0,0
Household1,292,3.74291668909704,1914,5500,3885,2779
Household2,292,3.79094417101142,1039,0,1895,660
Household3,292,3.3721499826145678,1360,1173,6215,0
Household4,292,135.16817082343772,2770,6159,406,2756
Household5,292,-0.5563059757397042,2360,780,0,764
Household6,292,-4.419000809393378,1929,0,5995,3354
Household7,292,-0.4148512746939996,1812,5429,0,0
Household8,292,1723.4386839996596,2514,3928,4623,0
Household9,292,-3.2831816431173237,1267,1676,6964,520
Household10,292,3.1490821108472318,1307,2589,0,0
Household1,293,-1.4530878582201723,1922,5490,3875,2769
Household2,293,4.014427176680856,1042,0,1885,650
Household3,293,-2.629681279963563,1366,1163,6205,0
Household4,293,141.9480870270204,2780,6149,396,2746
Household5,293,2.7791780166156137,2365,770,0,754
Household6,293,0.9259019203876058,1935,0,5985,3344
Household7,293,-1.0654313663667931,1814,5419,0,0
Household8,293,1728.8094345719737,2520,3918,4613,0
Household9,293,6.584605347049504,1272,1666,6954,510
Household10,293,-0.9246646414071051,1309,2579,0,0
Household1,294,-2.114195340163743,1930,5480,3865,2759
Household2,294,4.2379101823502925,1045,0,1875,640
Household3,294,-0.6635456194264346,1371,1153,6195,0
Household4,294,148.72800323060306,2790,6139,386,2736
Household5,294,-1.4049073173036941,2370,760,0,744
Household6,294,-1.9276741371002473,1940,0,5975,3334
Household7,294,-1.7160114580395796,1816,5409,0,0
Household8,294,1734.1801851442879,2526,3908,4603,0
Household9,294,16.452392337216335,1277,1656,6944,500
Household10,294,-3.1732414827290043,1313,2569,0,0
Household1,295,-2.7753028221073315,1938,5470,3855,2749
Household2,295,-3.506573735095534,1049,0,1865,630
Household3,295,1.3025900411106992,1376,1143,6185,0
Household4,295,155.50791943418568,2800,6129,376,2726
Household5,295,-0.49814472361330786,2375,750,0,734
Household6,295,3.417228592680747,1946,0,5965,3324
Household7,295,-2.366591549712366,1818,5399,0,0
Household8,295,1739.550935716602,2532,3898,4593,0
Household9,295,-1.5990908071254886,1282,1646,6934,490
Household10,295,2.5461485990643595,1316,2559,0,0
Household1,296,-3.43641030405092,1946,5460,3845,2739
Household2,296,-1.503449071133609,1052,0,1855,620
Household3,296,3.268725701647833,1381,1133,6175,0
Household4,296,162.2878356377683,2810,6119,366,2716
Household5,296,2.83733926874201,2380,740,0,724
Household6,296,-3.9712445301807797,1951,0,5955,3314
Household7,296,-1.2375299830926636,1820,5389,0,0
Household8,296,1731.8628714381912,2539,3888,4583,0
Household9,296,3.1778482554316554,1287,1636,6924,480
Household10,296,-1.5275981531899774,1318,2549,0,0
Household1,297,3.8704491371207546,1953,5450,3835,2729
Household2,297,-1.279966065464171,1055,0,1845,610
Household3,297,-2.733105560930298,1387,1123,6165,0
Household4,297,169.06775184135086,2820,6109,356,2706
Household5,297,-1.3467460651772978,2385,730,0,714
Household6,297,1.3736581996002037,1957,0,5945,3304
Household7,297,-1.8881100747654482,1822,5379,0,0
Household8,297,1737.2336220105053,2545,3878,4573,0
Household9,297,13.045635245598486,1292,1626,6914,470
Household10,297,4.1917919286033865,1321,2539,0,0
Household1,298,-1.3255554101964577,1961,5440,3825,2719
Household2,298,-1.0564830597947346,1058,0,1835,600
Household3,298,-0.7669699003931694,1392,1113,6155,0
Household4,298,175.8476680449334,2830,6099,346,2696
Household5,298,-0.43998347148692574,2390,720,0,704
Household6,298,-1.4799178578876493,1962,0,5935,3294
Household7,298,-2.5386901664382346,1824,5369,0,0
Household8,298,1729.5455577320945,2552,3868,4563,0
Household9,298,-0.47095083336966326,1297,1616,6904,460
Household10,298,-4.416851889024631,1323,2529,0,0
Household1,299,-1.9866628921400284,1969,5430,3815,2709
Household2,299,-0.8330000541252982,1061,0,1825,590
Household3,299,1.1991657601439645,1397,1103,6145,0
Household4,299,182.62758424851597,2840,6089,336,2686
Household5,299,2.895500520868392,2395,710,0,694
Household6,299,3.864984871893345,1968,0,5925,3284
Household7,299,-1.4096285998185323,1826,5359,0,0
Household8,299,1721.8574934536837,2559,3858,4553,0
Household9,299,9.396836156797164,1302,1606,6894,450
Household10,299,1.3025381927687292,1326,2519,0,0
Household1,300,-2.647770374083617,1977,5420,3805,2699
Household2,300,-0.6095170484558619,1064,0,1815,580
Household3,300,3.1653014206810983,1402,1093,6135,0
Household4,300,189.40750045209853,2850,6079,326,2676
Household5,300,-1.2885848130509157,2400,700,0,684
Household6,300,-2.2997974549116904,1973,0,5915,3274
Household7,300,-2.060208691491317,1828,5349,0,0
Household8,300,1727.2282440259978,2565,3848,4543,0
Household9,300,3.848217000944274,1306,1596,6884,440
Household10,300,-2.7712085594856006,1328,2509,0,0
Household1,301,-3.3088778560272054,1985,5410,3795,2689
Household2,301,-0.3860340427864255,1067,0,1805,570
Household3,301,-2.8365298418970326,1408,1083,6125,0
Household4,301,196.1874166556811,2860,6069,316,2666
Household5,301,-0.3818222193605436,2405,690,0,674
Household6,301,3.0451052748693037,1979,0,5905,3264
Household7,301,-0.9311471248716146,1830,5339,0,0
Household8,301,1719.540179747587,2572,3838,4533,0
Household9,301,13.716003991111105,1311,1586,6874,430
Household10,301,2.948181522307763,1331,2499,0,0
Household1,302,3.997981585144469,1992,5400,3785,2679
Household2,302,-0.16255103711698915,1070,0,1795,560
Household3,302,-0.8703941813599041,1413,1073,6115,0
Household4,302,202.96733285926365,2870,6059,306,2656
Household5,302,2.9536617729947743,2410,680,0,664
Household6,302,-4.343367847992223,1984,0,5895,3254
Household7,302,-1.5817272165443992,1832,5329,0,0
Household8,302,1711.8521154691762,2579,3828,4523,0
Household9,302,-4.335479153230718,1316,1576,6864,420
Household10,302,-1.1255652299465737,1333,2489,0,0
Household1,303,-1.1980229621727432,2000,5390,3775,2669
Household2,303,0.0609319685524472,1073,0,1785,550
Household3,303,1.0957414791772297,1418,1063,6105,0
Household4,303,209.74724906284627,2880,6049,296,2646
Household5,303,-1.2304235609245335,2415,670,0,654
Household6,303,1.0015348817887606,1990,0,5885,3244
Household7,303,-0.4526656499246968,1834,5319,0,0
Household8,303,1717.2228660414903,2585,3818,4513,0
Household9,303,5.532307836936113,1321,1566,6854,410
Household10,303,-3.374142071268473,1337,2479,0,0
Household1,304,-1.859130444116314,2008,5380,3765,2659
Household2,304,0.28441497422188355,1076,0,1775,540
Household3,304,3.0618771397143636,1423,1053,6095,0
Household4,304,216.52716526642888,2890,6039,286,2636
Household5,304,-0.3236609672341615,2420,660,0,644
Household6,304,-1.8520411756990924,1995,0,5875,3234
Household7,304,-1.1032457415974886,1836,5309,0,0
Household8,304,1709.5348017630795,2592,3808,4503,0
Household9,304,15.400094827102944,1326,1556,6844,400
Household10,304,2.345248010524891,1340,2469,0,0
Household1,305,-2.5202379260599024,2016,5370,3755,2649
Household2,305,0.5078979798913199,1079,0,1765,530
Household3,305,-2.9399541228637673,1429,1043,6085,0
Household4,305,223.3070814700115,2900,6029,276,2626
Household5,305,3.0118230251211564,2425,650,0,634
Household6,305,3.4928615540819017,2001,0,5865,3224
Household7,305,-1.753825833270275,1838,5299,0,0
Household8,305,1714.9055523353936,2598,3798,4493,0
Household9,305,-2.6513883172388795,1331,1546,6834,390
Household10,305,-1.728498741729446,1342,2459,0,0
Household1,306,-3.181345408003491,2024,5360,3745,2639
Household2,306,0.7313809855607563,1082,0,1755,520
Household3,306,-0.9738184623266388,1434,1033,6075,0
Household4,306,230.0869976735941,2910,6019,266,2616
Household5,306,-1.1722623087981514,2430,640,0,624
Household6,306,-3.895611568779625,2006,0,5855,3214
Household7,306,-2.4044059249430614,1840,5289,0,0
Household8,306,1720.2763029077078,2604,3788,4483,0
Household9,306,7.2163986729279515,1336,1536,6824,380
Household10,306,3.990891340063918,1345,2449,0,0
Household1,307,4.125514033168184,2031,5350,3735,2629
Household2,307,0.9548639912301926,1085,0,1745,510
Household3,307,0.992317198210495,1439,1023,6065,0
Household4,307,236.86691387717673,2920,6009,256,2606
Household5,307,-0.26549971510777937,2435,630,0,614
Household6,307,1.4492911610013586,2012,0,5845,3204
Household7,307,-1.275344358323359,1842,5279,0,0
Household8,307,1712.588238629297,2611,3778,4473,0
Household9,307,17.084185663094782,1341,1526,6814,370
Household10,307,-4.6177524775641,1347,2439,0,0
Household1,308,-1.0704905141490286,2039,5340,3725,2619
Household2,308,1.178346996899629,1088,0,1735,500
Household3,308,2.958452858747629,1444,1013,6055,0
Household4,308,243.64683008075934,2930,5999,246,2596
Household5,308,3.0699842772475385,2440,620,0,604
Household6,308,-1.4042848964864945,2017,0,5835,3194
Household7,308,-1.9259244499961437,1844,5269,0,0
Household8,308,1704.9001743508861,2618,3768,4463,0
Household9,308,-0.9672974812470407,1346,1516,6804,360
Household10,308,1.1016376042292606,1350,2429,0,0
Household1,309,-1.7315979960925993,2047,5330,3715,2609
Household2,309,1.4018300025690653,1091,0,1725,490
Household3,309,-3.043378403830502,1450,1003,6045,0
Household4,309,250.42674628434193,2940,5989,236,2586
Household5,309,-1.1141010566717693,2445,610,0,594
Household6,309,3.9406178332944997,2023,0,5825,3184
Household7,309,-0.7968628833764413,1846,5259,0,0
Household8,309,1710.2709249232003,2624,3758,4453,0
Household9,309,8.90048950891979,1351,1506,6794,350
Household10,309,-2.972109148025069,1352,2419,0,0
Household1,310,-2.392705478036188,2055,5320,3705,2599
Household2,310,1.6253130082385017,1094,0,1715,480
Household3,310,-1.0772427432933736,1455,993,6035,0
Household4,310,257.2066624879245,2950,5979,226,2576
Household5,310,-0.20733846298139724,2450,600,0,584
Household6,310,-2.2241644935105356,2028,0,5815,3174
Household7,310,-1.447442975049226,1848,5249,0,0
Household8,310,1702.5828606447894,2631,3748,4443,0
Household9,310,3.3518703530669,1355,1496,6784,340
Household10,310,2.7472809337682946,1355,2409,0,0
Household1,311,-3.0538129599797763,2063,5310,3695,2589
Household2,311,1.848796013907938,1097,0,1705,470
Household3,311,0.8888929172437603,1460,983,6025,0
Household4,311,263.9865786915071,2960,5969,216,2566
Household5,311,3.1281455293739207,2455,590,0,574
Household6,311,3.1207382362704585,2034,0,5805,3164
Household7,311,-2.0980230667220123,1850,5239,0,0
Household8,311,1707.9536112171036,2637,3738,4433,0
Household9,311,13.219657343233731,1360,1486,6774,330
Household10,311,-1.3264658184860423,1357,2399,0,0
Household1,312,4.253046481191898,2070,5300,3685,2579
Household2,312,2.0722790195773744,1100,0,1695,460
Household3,312,2.855028577780894,1465,973,6015,0
Household4,312,270.76649489508964,2970,5959,206,2556
Household5,312,-1.0559398045453872,2460,580,0,564
Household6,312,-4.267734886591068,2039,0,5795,3154
Household7,312,-0.96896150010231,1852,5229,0,0
Household8,312,1700.2655469386928,2644,3728,4423,0
Household9,312,-0.2969287357344186,1365,1476,6764,320
Household10,312,-3.5750426598079414,1361,2389,0,0
Household1,313,-0.9429580661253141,2078,5290,3675,2569
Household2,313,2.2957620252468107,1103,0,1685,450
Household3,313,-3.146802684797237,1471,963,6005,0
Household4,313,277.5464110986722,2980,5949,196,2546
Household5,313,2.279544187809929,2465,570,0,554
Household6,313,1.0771678431899154,2045,0,5785,3144
Household7,313,-1.6195415917750946,1854,5219,0,0
Household8,313,1705.636297511007,2650,3718,4413,0
Household9,313,9.570858254432409,1370,1466,6754,310
Household10,313,2.1443474219854224,1364,2379,0,0
Household1,314,-1.6040655480688848,2086,5280,3665,2559
Household2,314,2.519245030916247,1106,0,1675,440
Household3,314,-1.1806670242601083,1476,953,5995,0
Household4,314,284.32632730225475,2990,5939,186,2536
Household5,314,-1.9045411461093789,2470,560,0,544
Household6,314,-1.7764082142979376,2050,0,5775,3134
Household7,314,-2.270121683447881,1856,5209,0,0
Household8,314,1711.007048083321,2656,3708,4403,0
Household9,314,4.022239098579519,1374,1456,6744,300
Household10,314,-1.9293993302689145,1366,2369,0,0
Household1,315,-2.2651730300124733,2094,5270,3655,2549
Household2,315,2.7427280365856834,1109,0,1665,430
Household3,315,0.7854686362770256,1481,943,5985,0
Household4,315,291.1062435058373,3000,5929,176,2526
Household5,315,-0.9977785524189926,2475,550,0,534
Household6,315,3.5684945154830565,2056,0,5765,3124
Household7,315,-1.1410601168281786,1858,5199,0,0
Household8,315,1703.3189838049102,2663,3698,4393,0
Household9,315,13.89002608874635,1379,1446,6734,290
Household10,315,3.7899907515244493,1369,2359,0,0
Household1,316,-2.9262805119560618,2102,5260,3645,2539
Household2,316,2.96621104225512,1112,0,1655,420
Household3,316,2.7516042968141594,1486,933,5975,0
Household4,316,297.88615970941987,3010,5919,166,2516
Household5,316,2.3377054399363253,2480,540,0,524
Household6,316,-3.81997860737847,2061,0,5755,3114
Household7,316,-1.7916402085009633,1860,5189,0,0
Household8,316,1695.6309195264994,2670,3688,4383,0
Household9,316,-4.1614570555954735,1384,1436,6724,280
Household10,316,-0.2837560007298876,1371,2349,0,0
Household1,317,-3.5873879938996502,2110,5250,3635,2529
Household2,317,3.189694047924556,1115,0,1645,410
Household3,317,-3.2502269657639697,1492,923,5965,0
Household4,317,304.66607591300243,3020,5909,156,2506
Household5,317,-1.8463798939829825,2485,530,0,514
Household6,317,1.5249241224025134,2067,0,5745,3104
Household7,317,-0.6625786418812609,1862,5179,0,0
Household8,317,1701.0016700988135,2676,3678,4373,0
Household9,317,5.706329934571357,1389,1426,6714,270
Household10,317,-2.5323328420517868,1375,2339,0,0
Household1,318,3.7194714472720243,2117,5240,3625,2519
Household2,318,3.4131770535939925,1118,0,1635,400
Household3,318,-1.284091305226843,1497,913,5955,0
Household4,318,311.445992116585,3030,5899,146,2496
Household5,318,-0.9396173002925963,2490,520,0,504
Household6,318,-1.3286519350853396,2072,0,5735,3094
Household7,318,-1.3131587335540456,1864,5169,0,0
Household8,318,1693.3136058204027,2683,3668,4363,0
Household9,318,15.574116924738188,1394,1416,6704,260
Household10,318,3.187057239741577,1378,2329,0,0
Household1,319,-1.476533100045188,2125,5230,3615,2509
Household2,319,3.636660059263429,1121,0,1625,390
Household3,319,0.6820443553102908,1502,903,5945,0
Household4,319,318.22590832016755,3040,5889,136,2486
Household5,319,2.3958666920627216,2495,510,0,494
Household6,319,4.0162507946956545,2078,0,5725,3084
Household7,319,-1.963738825226832,1866,5159,0,0
Household8,319,1698.6843563927168,2689,3658,4353,0
Household9,319,-2.477366219603635,1399,1406,6694,250
Household10,319,-0.8866895125127598,1380,2319,0,0
Household1,320,-2.1376405819887587,2133,5220,3605,2499
Household2,320,3.860143064932865,1124,0,1615,380
Household3,320,2.6481800158474247,1507,893,5935,0
Household4,320,325.0058245237501,3050,5879,126,2476
Household5,320,-1.7882186418565862,2500,500,0,484
Household6,320,-2.1485315321093807,2083,0,5715,3074
Household7,320,-0.8346772586071296,1868,5149,0,0
Household8,320,1690.996292114306,2696,3648,4343,0
Household9,320,7.390420770563196,1404,1396,6684,240
Household10,320,-3.135266353834659,1384,2309,0,0
Household1,321,-2.798748063932347,2141,5210,3595,2489
Household2,321,4.0836260706023015,1127,0,1605,370
Household3,321,-3.3536512467307045,1513,883,5925,0
Household4,321,331.78574072733267,3060,5869,116,2466
Household5,321,-0.8814560481661999,2505,490,0,474
Household6,321,3.1963711976716134,2089,0,5705,3064
Household7,321,-1.4852573502799142,1870,5139,0,0
Household8,321,1696.3670426866202,2702,3638,4333,0
Household9,321,17.258207760730027,1409,1386,6674,230
Household10,321,2.584123727958705,1387,2299,0,0
Household1,322,-3.4598555458759357,2149,5200,3585,2479
Household2,322,4.307109076271738,1130,0,1595,360
Household3,322,-1.3875155861935777,1518,873,5915,0
Household4,322,338.5656569309152,3070,5859,106,2456
Household5,322,2.454027944189118,2510,480,0,464
Household6,322,-4.192101925189913,2094,0,5695,3054
Household7,322,-2.1358374419527006,1872,5129,0,0
Household8,322,1688.6789784082093,2709,3628,4323,0
Household9,322,-0.7932753836117961,1414,1376,6664,220
Household10,322,-1.489623024295632,1389,2289,0,0
Household1,323,3.847003895295739,2156,5190,3575,2469
Household2,323,-3.4373748411740888,1134,0,1585,350
Household3,323,0.5786200743435561,1523,863,5905,0
Household4,323,345.34557313449784,3080,5849,96,2446
Household5,323,-1.7300573897301899,2515,470,0,454
Household6,323,1.1528008045910703,2100,0,5685,3044
Household7,323,-1.0067758753329983,1874,5119,0,0
Household8,323,1694.0497289805235,2715,3618,4313,0
Household9,323,9.074511606555035,1419,1366,6654,210
Household10,323,4.229767057497732,1392,2279,0,0
Household1,324,-1.3490006520214735,2164,5180,3565,2459
Household2,324,-1.4342501772121636,1137,0,1575,340
Household3,324,2.54475573488069,1528,853,5895,0
Household4,324,352.1254893380806,3090,5839,86,2436
Household5,324,-0.8232947960398036,2520,460,0,444
Household6,324,-1.7007752528967828,2105,0,5675,3034
Household7,324,-1.657355967005783,1876,5109,0,0
Household8,324,1686.3616647021126,2722,3608,4303,0
Household9,324,5.883483745996934,1425,1356,6644,200
Household10,324,-4.378876760130286,1394,2269,0,0
Household1,325,-2.010108133965044,2172,5170,3555,2449
Household2,325,-1.2107671715427326,1140,0,1565,330
Household3,325,-3.457075527697439,1534,843,5885,0
Household4,325,358.90540554166336,3100,5829,76,2426
Household5,325,2.5121891963155143,2525,450,0,434
Household6,325,3.6441274768842113,2111,0,5665,3024
Household7,325,-2.3079360586785693,1878,5099,0,0
Household8,325,1691.7324152744268,2728,3598,4293,0
Household9,325,15.751270736163757,1430,1346,6634,190
Household10,325,1.3405133216630745,1397,2259,0,0
Household1,326,-2.6712156159086327,2180,5160,3545,2439
Household2,326,-0.9872841658732963,1143,0,1555,320
Household3,326,-1.4909398671603125,1539,833,5875,0
Household4,326,365.6853217452461,3110,5819,66,2416
Household5,326,-1.6718961376037935,2530,440,0,424
Household6,326,-3.7443456459773152,2116,0,5655,3014
Household7,326,-1.178874492058867,1880,5089,0,0
Household8,326,1684.044350996016,2735,3588,4283,0
Household9,326,-2.3002124081780657,1435,1336,6624,180
Household10,326,-2.7332334305912553,1399,2249,0,0
Household1,327,-3.332323097852221,2188,5150,3535,2429
Household2,327,-0.7638011602038599,1146,0,1545,310
Household3,327,0.4751957933768214,1544,823,5865,0
Household4,327,372.4652379488289,3120,5809,56,2406
Household5,327,-0.7651335439134073,2535,430,0,414
Household6,327,1.6005570838036682,2122,0,5645,3004
Household7,327,-1.8294545837316516,1882,5079,0,0
Household8,327,1689.41510156833,2741,3578,4273,0
Household9,327,7.567574581988765,1440,1326,6614,170
Household10,327,2.9861566512021085,1402,2239,0,0
Household1,328,3.9745363433194534,2195,5140,3525,2419
Household2,328,-0.5403181545344236,1149,0,1535,300
Household3,328,2.4413314539139552,1549,813,5855,0
Household4,328,379.2451541524116,3130,5799,46,2396
Household5,328,2.5703504484419106,2540,420,0,404
Household6,328,-1.2530189736841848,2127,0,5635,2994
Household7,328,-2.480034675404438,1884,5069,0,0
Household8,328,1681.7270372899193,2748,3568,4263,0
Household9,328,17.435361572155596,1445,1316,6604,160
Household10,328,-1.0875901010522284,1404,2229,0,0
Household1,329,-1.221468203997759,2203,5130,3515,2409
Household2,329,-0.3168351488649872,1152,0,1525,290
Household3,329,-3.560499808664174,1555,803,5845,0
Household4,329,386.0250703559942,3140,5789,36,2386
Household5,329,-1.6137348854773972,2545,410,0,394
Household6,329,4.091883756096809,2133,0,5625,2984
Household7,329,-1.3509731087847356,1886,5059,0,0
Household8,329,1687.0977878622334,2754,3558,4253,0
Household9,329,-0.616121572186227,1450,1306,6594,150
Household10,329,-3.3361669423741276,1408,2219,0,0
Household1,330,-1.8825756859413296,2211,5120,3505,2399
Household2,330,-0.09335214319555085,1155,0,1515,280
Household3,330,-1.5943641481270472,1560,793,5835,0
Household4,330,392.80498655957683,3150,5779,26,2376
Household5,330,-0.7069722917870109,2550,400,0,384
Household6,330,-2.072898570708226,2138,0,5615,2974
Household7,330,-2.0015532004575203,1888,5049,0,0
Household8,330,1679.4097235838226,2761,3548,4243,0
Household9,330,9.251665417980604,1455,1296,6584,140
Household10,330,2.3832231394192362,1411,2209,0,0
Household1,331,-2.543683167884918,2219,5110,3495,2389
Household2,331,0.1301308624738855,1158,0,1505,270
Household3,331,0.37177151241008666,1565,783,5825,0
Household4,331,399.58490276315945,3160,5769,16,2366
Household5,331,2.628511700568307,2555,390,0,374
Household6,331,3.272004159072768,2144,0,5605,2964
Household7,331,-0.8724916338378179,1890,5039,0,0
Household8,331,1671.7216593054118,2768,3538,4233,0
Household9,331,3.703046262127714,1459,1286,6574,130
Household10,331,-1.6905236128351007,1413,2199,0,0
Household1,332,-3.2047906498285066,2227,5100,3485,2379
Household2,332,0.35361386814332185,1161,0,1495,260
Household3,332,2.3379071729472205,1570,773,5815,0
Household4,332,406.3648189667422,3170,5759,6,2356
Household5,332,-1.5555736333510009,2560,380,0,364
Household6,332,-4.116468963788758,2149,0,5595,2954
Household7,332,-1.5230717255106025,1892,5029,0,0
Household8,332,1677.092409877726,2774,3528,4223,0
Household9,332,13.570833252294545,1464,1276,6564,120
Household10,332,4.028866468958263,1416,2189,0,0
Household1,333,4.102068791343168,2234,5090,3475,2369
Household2,333,0.5770968738127582,1164,0,1485,250
Household3,333,4.304042833484354,1575,763,5805,0
Household4,333,390.9387020385658,3180,5749,0,2346
Household5,333,-0.6488110396606146,2565,370,0,354
Household6,333,1.228433765992225,2155,0,5585,2944
Household7,333,-2.173651817183389,1894,5019,0,0
Household8,333,1682.46316045004,2780,3518,4213,0
Household9,333,-4.480649892047278,1469,1266,6554,110
Household10,333,-4.579777348669754,1418,2179,0,0
Household1,334,-1.0939357559740444,2242,5080,3465,2359
Household2,334,0.8005798794821946,1167,0,1475,240
Household3,334,-1.6977884290937766,1581,753,5795,0
Household4,334,341.2677562221374,3190,5739,0,2336
Household5,334,2.6866729526947033,2570,360,0,344
Household6,334,-1.625142291495628,2160,0,5575,2934
Household7,334,-1.0445902505636866,1896,5009,0,0
Household8,334,1674.7750961716292,2787,3508,4203,0
Household9,334,0.2962891705098656,1474,1256,6544,100
Household10,334,1.139612733123606,1421,2169,0,0
Household1,335,-1.755043237917615,2250,5070,3455,2349
Household2,335,1.024062885151631,1170,0,1465,230
Household3,335,0.26834723144335193,1586,743,5785,0
Household4,335,291.596810405709,3200,5729,0,2326
Household5,335,-1.4974123812246045,2575,350,0,334
Household6,335,3.719760438285366,2166,0,5565,2924
Household7,335,0.08447131605601754,1898,4999,0,0
Household8,335,1680.1458467439434,2793,3498,4193,0
Household9,335,10.1640761606767,1479,1246,6534,90
Household10,335,-2.934134019130724,1423,2159,0,0
Household1,336,-2.4161507198612036,2258,5060,3445,2339
Household2,336,1.2475458908210673,1173,0,1455,220
Household3,336,2.2344828919804858,1591,733,5775,0
Household4,336,241.92586458928065,3210,5719,0,2316
Household5,336,-0.5906497875342183,2580,340,0,324
Household6,336,-2.445021888519669,2171,0,5555,2914
Household7,336,-0.5661087756167742,1900,4989,0,0
Household8,336,1672.4577824655325,2800,3488,4183,0
Household9,336,-3.352509918291453,1484,1236,6524,80
Household10,336,2.78525606266264,1426,2149,0,0
Household1,337,-3.077258201804792,2266,5050,3435,2329
Household2,337,1.4710288964905036,1176,0,1445,210
Household3,337,4.20061855251762,1596,723,5765,0
Household4,337,192.2549187728523,3220,5709,0,2306
Household5,337,2.7448342048210996,2585,330,0,314
Household6,337,2.899880841261325,2177,0,5545,2904
Household7,337,-1.2166888672895677,1902,4979,0,0
Household8,337,1677.8285330378467,2806,3478,4173,0
Household9,337,6.515277071875374,1489,1226,6514,70
Household10,337,-1.288490689591697,1428,2139,0,0
Household1,338,4.2296012393668825,2273,5040,3425,2319
Household2,338,1.69451190215994,1179,0,1435,200
Household3,338,-1.8012127100605113,1602,713,5755,0
Household4,338,142.58397295642396,3230,5699,0,2296
Household5,338,-1.4392511290982082,2590,320,0,304
Household6,338,-4.4885922816002015,2182,0,5535,2894
Household7,338,-1.8672689589623541,1904,4969,0,0
Household8,338,1683.1992836101608,2812,3468,4163,0
Household9,338,16.383064062042205,1494,1216,6504,60
Household10,338,-3.537067530913596,1432,2129,0,0
Household1,339,-0.9664033079503298,2281,5030,3415,2309
Household2,339,1.9179949078293763,1182,0,1425,190
Household3,339,0.1649229504766172,1607,703,5745,0
Household4,339,92.91302713999568,3240,5689,0,2286
Household5,339,-0.5324885354078219,2595,310,0,294
Household6,339,0.856310448180782,2188,0,5525,2884
Household7,339,-2.5178490506351405,1906,4959,0,0
Household8,339,1688.570034182475,2818,3458,4153,0
Household9,339,-1.6684190822996179,1499,1206,6494,50
Household10,339,2.1823225508797677,1435,2119,0,0
Household1,340,-1.6275107898939005,2289,5020,3405,2299
Household2,340,2.1414779134988127,1185,0,1415,180
Household3,340,2.131058611013751,1612,693,5735,0
Household4,340,43.24208132356747,3250,5679,0,2276
Household5,340,2.802995456947496,2600,300,0,284
Household6,340,-1.997265609307071,2193,0,5515,2874
Household7,340,-1.3887874840154382,1908,4949,0,0
Household8,340,1680.8819699040641,2825,3448,4143,0
Household9,340,3.108519980257526,1504,1196,6484,40
Household10,340,-1.8914242013745692,1437,2109,0,0
Household1,341,-2.288618271837489,2297,5010,3395,2289
Household2,341,2.364960919168249,1188,0,1405,170
Household3,341,4.097194271550885,1617,683,5725,0
Household4,341,-0.5084186964296009,3259,5669,0,2266
Household5,341,-1.3810898769718118,2605,290,0,274
Household6,341,3.347637120473923,2199,0,5505,2864
Household7,341,-0.25972591739573403,1910,4939,0,0
Household8,341,1686.2527204763783,2831,3438,4133,0
Household9,341,12.976306970424357,1509,1186,6474,30
Household10,341,3.8279658804187946,1440,2099,0,0
Household1,342,-2.9497257537810775,2305,5000,3385,2279
Household2,342,2.5884439248376854,1191,0,1395,160
Household3,342,-1.904636991027246,1623,673,5715,0
Household4,342,-0.3820287062932959,3266,5659,0,2256
Household5,342,-0.4743272832814256,2610,280,0,264
Household6,342,-4.0408360023876035,2204,0,5495,2854
Household7,342,-0.9103060090685258,1912,4929,0,0
Household8,342,1678.5646561979675,2838,3428,4123,0
Household9,342,-0.5402791085437926,1514,1176,6464,20
Household10,342,-0.2457808718355423,1442,2089,0,0
Household1,343,-3.610833235724666,2313,4990,3375,2269
Household2,343,2.8119269305071217,1194,0,1385,150
Household3,343,0.061498669509882475,1628,663,5705,0
Household4,343,-0.25563871615700684,3273,5649,0,2246
Household5,343,2.8611567090738923,2615,270,0,254
Household6,343,1.30406672739338,2210,0,5485,2844
Household7,343,-1.5608861007413122,1914,4919,0,0
Household8,343,1683.9354067702816,2844,3418,4113,0
Household9,343,9.327507881623035,1519,1166,6454,10
Household10,343,-2.4943577131574415,1446,2079,0,0
Household1,344,3.6960262054470086,2320,4980,3365,2259
Household2,344,3.035409936176558,1197,0,1375,140
Household3,344,2.0276343300470163,1633,653,5695,0
Household4,344,1.9182724006633887,3280,5639,0,2236
Household5,344,-1.3229286248454155,2620,260,0,244
Household6,344,-1.5495093300944731,2215,0,5475,2834
Household7,344,-2.2114661924140986,1916,4909,0,0
Household8,344,1689.3061573425957,2850,3408,4103,0
Household9,344,3.7788887257701447,1523,1156,6444,0
Household10,344,3.2250323686359224,1449,2069,0,0
Household1,345,-0.7903675591048973,2327,4970,3355,2249
Household2,345,-1.3944720961312314,1200,0,1365,130
Household3,345,-2.4392367056855644,1638,643,5685,0
Household4,345,-2.807840039791129,3286,5629,0,2226
Household5,345,-2.1521135710919808,2627,250,0,234
Household6,345,3.752834379433816,2218,0,5465,2824
Household7,345,-1.2968366124130881,1920,4899,0,0
Household8,345,1690.5788274346364,2856,3398,4093,0
Household9,345,1.3836458867190409,1526,1146,6434,0
Household10,345,-2.8977546237551337,1451,2059,0,0
Household1,346,-1.3351631165695679,2334,4960,3345,2239
Household2,346,2.143612794676244,1202,0,1355,120
Household3,346,1.061859181697118,1642,633,5675,0
Household4,346,0.43401444286960533,3291,5619,0,2216
Household5,346,-2.981298517338537,2634,240,0,224
Household6,346,-2.223995103470342,2222,0,5455,2814
Household7,346,-0.3822070324120759,1924,4889,0,0
Household8,346,1691.8514975266771,2862,3388,4083,0
Household9,346,-1.0115969523320594,1529,1136,6424,0
Household10,346,2.82163545803823,1454,2049,0,0
Household1,347,-1.879958674034249,2341,4950,3335,2229
Household2,347,-2.2862692376315508,1205,0,1345,110
Household3,347,-3.40501185403547,1647,623,5665,0
Household4,347,3.6758689255303327,3296,5609,0,2206
Household5,347,4.1574834595301695,2640,230,0,214
Household6,347,3.078348606057938,2225,0,5445,2804
Household7,347,-2.28738546303925,1926,4879,0,0
Household8,347,1693.1241676187178,2868,3378,4073,0
Household9,347,-4.000138649669548,1532,1126,6414,0
Household10,347,-3.301151534352826,1456,2039,0,0
Household1,348,-2.4247542314989303,2348,4940,3325,2219
Household2,348,1.2518156531759246,1207,0,1335,100
Household3,348,0.09608403334721238,1651,613,5655,0
Household4,348,-1.0502435149242029,3302,5599,0,2196
Household5,348,-2.210947011166713,2648,220,0,204
Household6,348,-4.122171672902697,2229,0,5435,2794
Household7,348,-1.3727558830382378,1930,4869,0,0
Household8,348,1694.3968377107585,2874,3368,4063,0
Household9,348,-2.4537832816333562,1535,1116,6404,0
Household10,348,2.418238547440538,1459,2029,0,0
Household1,349,-2.9695497889636115,2355,4930,3315,2209
Household2,349,-3.17806637913187,1210,0,1325,90
Household3,349,3.5971799207298876,1655,603,5645,0
Household4,349,2.1916109677365316,3307,5589,0,2186
Household5,349,-3.040131957413273,2655,210,0,194
Household6,349,1.1801720366255868,2232,0,5425,2784
Household7,349,-0.45812630303722557,1934,4859,0,0
Household8,349,1695.6695078027992,2880,3358,4053,0
Household9,349,-0.9074279135971679,1538,1106,6394,0
Household10,349,4.263418478164745,1460,2019,0,0
Household1,350,-3.514345346428291,2362,4920,3305,2199
Household2,350,0.36001851167560517,1212,0,1315,80
Household3,350,-0.8696911150027002,1660,593,5635,0
Household4,350,-2.534501472718004,3313,5579,0,2176
Household5,350,4.098650019455434,2661,200,0,184
Household6,350,-1.485451176961389,2236,0,5415,2774
Household7,350,-2.3633047336643997,1936,4849,0,0
Household8,350,1696.94217789484,2886,3348,4043,0
Household9,350,-3.89596961093466,1541,1096,6384,0
Household10,350,-1.8593685142263183,1462,2009,0,0
Household1,351,3.908826019222291,2368,4910,3295,2189
Household2,351,3.8981034024830734,1214,0,1305,70
Household3,351,2.631404772379982,1664,583,5625,0
Household4,351,0.7073530099427305,3318,5569,0,2166
Household5,351,-2.2697804512414486,2669,190,0,174
Household6,351,3.816892532566891,2239,0,5405,2764
Household7,351,-1.4486751536633875,1940,4839,0,0
Household8,351,1698.2148479868806,2892,3338,4033,0
Household9,351,-2.3496142428984683,1544,1086,6374,0
Household10,351,3.8600215675670455,1465,1999,0,0
Household1,352,-0.5775677453296346,2375,4900,3285,2179
Household2,352,-0.5317786298247213,1217,0,1295,60
Household3,352,-1.8354662633526058,1669,573,5615,0
Household4,352,3.949207492603458,3323,5559,0,2156
Household5,352,-3.0989653974880085,2676,180,0,164
Household6,352,-2.1599369503372667,2243,0,5395,2754
Household7,352,-0.5340455736623753,1944,4829,0,0
Household8,352,1699.4875180789213,2898,3328,4023,0
Household9,352,-0.80325887486228,1547,1076,6364,0
Household10,352,-2.2627654248240106,1467,1989,0,0
Household1,353,-1.1223633027943052,2382,4890,3275,2169
Household2,353,3.006306260982754,1219,0,1285,50
Household3,353,1.6656296240300765,1673,563,5605,0
Household4,353,-0.7769049478510777,3329,5549,0,2146
Household5,353,4.039816579380698,2682,170,0,154
Household6,353,3.1424067591910134,2246,0,5385,2744
Household7,353,-2.4392240042895494,1946,4819,0,0
Household8,353,1700.760188170962,2904,3318,4013,0
Household9,353,-3.791800572199765,1550,1066,6354,0
Household10,353,3.4566246569693533,1470,1979,0,0
Household1,354,-1.6671588602590148,2389,4880,3265,2159
Household2,354,-1.4235757713250408,1222,0,1275,40
Household3,354,-2.8012414117025113,1678,553,5595,0
Household4,354,2.464949534809657,3334,5539,0,2136
Household5,354,-2.3286138913161842,2690,160,0,144
Household6,354,-4.058113519769622,2250,0,5375,2734
Household7,354,-1.5245944242885372,1950,4809,0,0
Household8,354,1702.0328582630027,2910,3308,4003,0
Household9,354,-2.2454452041635733,1553,1056,6344,0
Household10,354,-2.666162335421703,1472,1969,0,0
Household1,355,-2.211954417723696,2396,4870,3255,2149
Household2,355,2.1145091194824346,1224,0,1265,30
Household3,355,0.699854475680171,1682,543,5585,0
Household4,355,-2.2611629056448788,3340,5529,0,2126
Household5,355,-3.157798837562744,2697,150,0,134
Household6,355,1.244230189758662,2253,0,5365,2724
Household7,355,-0.609964844287525,1954,4799,0,0
Household8,355,1703.3055283550434,2916,3298,3993,0
Household9,355,-0.699089836127385,1556,1046,6334,0
Household10,355,3.053227746371661,1475,1959,0,0
Household1,356,-2.7567499751883773,2403,4860,3245,2139
Household2,356,-2.31537291282536,1227,0,1255,20
Household3,356,4.200950363062846,1686,533,5575,0
Household4,356,0.9806915770158557,3345,5519,0,2116
Household5,356,3.9809831393059625,2703,140,0,124
Household6,356,-1.4213930238283137,2257,0,5355,2714
Household7,356,-2.515143274914699,1956,4789,0,0
Household8,356,1704.578198447084,2922,3288,3983,0
Household9,356,-3.6876315334648773,1559,1036,6324,0
Household10,356,-3.069559246019395,1477,1949,0,0
Household1,357,-3.3015455326530567,2410,4850,3235,2129
Household2,357,1.2227119779821152,1229,0,1245,10
Household3,357,-0.2659206726697416,1691,523,5565,0
Household4,357,4.222546059676583,3350,5509,0,2106
Household5,357,-2.38744733139092,2711,130,0,114
Household6,357,3.8809506856999665,2260,0,5345,2704
Household7,357,-1.600513694913687,1960,4779,0,0
Household8,357,1705.8508685391248,2928,3278,3973,0
Household9,357,-2.1412761654286854,1562,1026,6314,0
Household10,357,2.649830835773969,1480,1939,0,0
Household1,358,4.121625832997525,2416,4840,3225,2119
Household2,358,-3.2071700543256796,1232,0,1235,0
Household3,358,3.2351752147129407,1695,513,5555,0
Household4,358,-0.5035663807779525,3356,5499,0,2096
Household5,358,-3.21663227763748,2718,120,0,104
Household6,358,-2.0958787972041915,2264,0,5335,2694
Household7,358,-0.6858841149126746,1964,4769,0,0
Household8,358,1707.1235386311655,2934,3268,3963,0
Household9,358,-0.594920797392497,1565,1016,6304,0
Household10,358,-3.4729561566170872,1482,1929,0,0
Household1,359,-0.36476793155440035,2423,4830,3215,2109
Household2,359,4.257733621503361,1234,0,1225,0
Household3,359,-1.2316958210196471,1700,503,5545,0
Household4,359,2.738288101882782,3361,5489,0,2086
Household5,359,2.111192954208523,2724,110,0,94
Household6,359,4.771674583997886,2269,0,5325,2684
Household7,359,-2.5910625455398417,1966,4759,0,0
Household8,359,1708.3962087232062,2940,3258,3953,0
Household9,359,-3.5834624947299965,1568,1006,6294,0
Household10,359,2.2464339251762766,1485,1919,0,0
Household1,360,-0.9095634890190709,2430,4820,3205,2099
Household2,360,0.4434641048999435,1237,0,1215,0
Household3,360,2.269400066363035,1704,493,5535,0
Household4,360,-1.9878243385717536,3367,5479,0,2076
Household5,360,7.439018186054515,2730,100,0,84
Household6,360,11.63922796519999,2274,0,5315,2674
Household7,360,-1.6764329655388295,1970,4749,0,0
Household8,360,1709.668878815247,2946,3248,3943,0
Household9,360,-2.0371071266938046,1571,996,6284,0
Household10,360,4.0916138559004835,1486,1909,0,0
