DataSet,Day,Money,Goods,GoodsPrice,Land,Labour,Capital
Firm1,1,784.341349878874,0,4.68274498859949,0,0,0
Firm2,1,868.3471411472639,0,17.19781640425359,0,0,0
Firm3,1,488.5368019230419,0,22.73096862814154,0,0,0
Firm4,1,440.4939083745672,0,16.866725274905356,0,0,0
Firm5,1,803.4112595536972,2,38.37102412442414,0,0,0
Firm6,1,788.6384286446121,3,21.535559214117004,0,0,0
Firm7,1,850.854269080417,0,9.140838665544003,0,0,0
Firm8,1,144.61380324691987,6,22.567924241005322,0,0,0
Firm9,1,28.955060042048856,10,44.785720295994324,0,0,0
Firm10,1,80.4895145615703,3,2.3232031025675077,0,0,0
Firm1,2,724.1251067640871,0,4.68274498859949,0,0,0
Firm2,2,924.7907179492616,0,17.19781640425359,0,0,0
Firm3,2,633.0355326558172,0,22.73096862814154,0,0,0
Firm4,2,519.6267162095158,0,16.866725274905356,0,0,0
Firm5,2,813.5178634969723,4,38.37102412442414,0,0,0
Firm6,2,772.8567675054446,6,21.535559214117004,0,0,0
Firm7,2,952.8743465907858,2,9.140838665544003,0,0,0
Firm8,2,80.17015649772262,10,22.567924241005322,0,0,0
Firm9,2,-138.35654739915833,17,44.785720295994324,0,0,0
Firm10,2,13.424661467298712,4,2.3232031025675077,0,0,0
Firm1,3,663.9088636493003,0,4.68274498859949,0,0,0
Firm2,3,981.2342947512594,0,17.19781640425359,0,0,0
Firm3,3,777.5342633885926,0,22.73096862814154,0,0,0
Firm4,3,598.7595240444647,0,16.866725274905356,0,0,0
Firm5,3,823.6244674402474,6,38.37102412442414,0,0,0
Firm6,3,757.0751063662772,9,21.535559214117004,0,0,0
Firm7,3,1068.555404469497,3,9.140838665544003,0,0,0
Firm8,3,-8.309869229206694,15,22.567924241005322,0,0,0
Firm9,3,-307.9808980747848,24,44.785720295994324,0,0,0
Firm10,3,-60.74141765545101,6,2.3232031025675077,0,0,0
Firm1,4,603.6926205345135,0,4.68274498859949,0,0,0
Firm2,4,1037.6778715532573,0,17.19781640425359,0,0,0
Firm3,4,922.0329941213681,0,22.73096862814154,0,0,0
Firm4,4,677.8923318794145,0,16.866725274905356,0,0,0
Firm5,4,833.7310713835225,8,38.37102412442414,0,0,0
Firm6,4,741.2934452271097,12,21.535559214117004,0,0,0
Firm7,4,1170.5754819798692,5,9.140838665544003,0,0,0
Firm8,4,-72.75351597840395,19,22.567924241005322,0,0,0
Firm9,4,-433.87900616943324,30,44.785720295994324,0,0,0
Firm10,4,-134.90749677820068,8,2.3232031025675077,0,0,0
Firm1,5,543.4763774197268,0,4.68274498859949,0,0,0
Firm2,5,1094.1214483552556,0,17.19781640425359,0,0,0
Firm3,5,1066.5317248541435,0,22.73096862814154,0,0,0
Firm4,5,757.025139714365,0,16.866725274905356,0,0,0
Firm5,5,843.8376753267976,10,38.37102412442414,0,0,0
Firm6,5,725.5117840879423,15,21.535559214117004,0,0,0
Firm7,5,1272.5955594902414,7,9.140838665544003,0,0,0
Firm8,5,-137.19716272760115,23,22.567924241005322,0,0,0
Firm9,5,-601.1906136106406,37,44.785720295994324,0,0,0
Firm10,5,-202.92936444139357,11,2.3232031025675077,0,0,0
Firm1,6,483.2601343049402,0,4.68274498859949,0,0,0
Firm2,6,1150.5650251572533,0,17.19781640425359,0,0,0
Firm3,6,1211.0304555869197,0,22.73096862814154,0,0,0
Firm4,6,836.1579475493154,0,16.866725274905356,0,0,0
Firm5,6,853.9442792700727,12,38.37102412442414,0,0,0
Firm6,6,709.7301229487748,18,21.535559214117004,0,0,0
Firm7,6,1401.9375977372986,7,9.140838665544003,0,0,0
Firm8,6,-249.7135674322622,29,22.567924241005322,0,0,0
Firm9,6,-813.6965117337554,45,44.785720295994324,0,0,0
Firm10,6,-284.1966695926215,14,2.3232031025675077,0,0,0
Firm1,7,423.043891190154,0,4.68274498859949,0,0,0
Firm2,7,1207.0086019592516,0,17.19781640425359,0,0,0
Firm3,7,1355.5291863196962,0,22.73096862814154,0,0,0
Firm4,7,915.2907553842658,0,16.866725274905356,0,0,0
Firm5,7,864.0508832133478,14,38.37102412442414,0,0,0
Firm6,7,693.9484618096074,21,21.535559214117004,0,0,0
Firm7,7,1490.2966948793282,10,9.140838665544003,0,0,0
Firm8,7,-314.15721418145864,33,22.567924241005322,0,0,0
Firm9,7,-981.0081191749621,52,44.785720295994324,0,0,0
Firm10,7,-344.160296658415,14,2.3232031025675077,0,0,0
Firm1,8,362.8276480753678,0,4.68274498859949,0,0,0
Firm2,8,1263.4521787612498,0,17.19781640425359,0,0,0
Firm3,8,1500.0279170524727,0,22.73096862814154,0,0,0
Firm4,8,994.4235632192162,0,16.866725274905356,0,0,0
Firm5,8,874.1574871566229,16,38.37102412442414,0,0,0
Firm6,8,678.1668006704399,24,21.535559214117004,0,0,0
Firm7,8,1619.6387331263854,10,9.140838665544003,0,0,0
Firm8,8,-402.6372399083872,38,22.567924241005322,0,0,0
Firm9,8,-1150.6324698505873,59,44.785720295994324,0,0,0
Firm10,8,-425.4276018096428,17,2.3232031025675077,0,0,0
Firm1,9,302.6114049605816,0,4.68274498859949,0,0,0
Firm2,9,1319.895755563248,0,17.19781640425359,0,0,0
Firm3,9,1644.5266477852492,0,22.73096862814154,0,0,0
Firm4,9,1073.5563710541667,0,16.866725274905356,0,0,0
Firm5,9,884.264091099898,18,38.37102412442414,0,0,0
Firm6,9,662.3851395312726,27,21.535559214117004,0,0,0
Firm7,9,1721.6588106367576,12,9.140838665544003,0,0,0
Firm8,9,-467.0808866575836,42,22.567924241005322,0,0,0
Firm9,9,-1317.9440772917937,66,44.785720295994324,0,0,0
Firm10,9,-492.49245490391434,18,2.3232031025675077,0,0,0
Firm1,10,242.39516184579526,0,4.68274498859949,0,0,0
Firm2,10,1376.3393323652463,0,17.19781640425359,0,0,0
Firm3,10,1789.0253785180257,0,22.73096862814154,0,0,0
Firm4,10,1152.6891788891157,0,16.866725274905356,0,0,0
Firm5,10,894.3706950431731,20,38.37102412442414,0,0,0
Firm6,10,646.6034783921053,30,21.535559214117004,0,0,0
Firm7,10,1851.0008488838148,12,9.140838665544003,0,0,0
Firm8,10,-531.52453340678,46,22.567924241005322,0,0,0
Firm9,10,-1443.8421853864413,72,44.785720295994324,0,0,0
Firm10,10,-581.2183420302963,23,2.3232031025675077,0,0,0
Firm1,11,182.17891873100885,0,4.68274498859949,0,0,0
Firm2,11,1432.7829091672445,0,17.19781640425359,0,0,0
Firm3,11,1933.5241092508022,0,22.73096862814154,0,0,0
Firm4,11,1231.8219867240634,0,16.866725274905356,0,0,0
Firm5,11,904.4772989864482,22,38.37102412442414,0,0,0
Firm6,11,630.8218172529383,33,21.535559214117004,0,0,0
Firm7,11,1939.3599460258445,15,9.140838665544003,0,0,0
Firm8,11,-644.0409381114406,52,22.567924241005322,0,0,0
Firm9,11,-1697.7615828561143,81,44.785720295994324,0,0,0
Firm10,11,-641.1819690960899,23,2.3232031025675077,0,0,0
Firm1,12,121.96267561622244,0,4.68274498859949,0,0,0
Firm2,12,1489.2264859692427,0,17.19781640425359,0,0,0
Firm3,12,2078.0228399835787,0,22.73096862814154,0,0,0
Firm4,12,1310.9547945590111,0,16.866725274905356,0,0,0
Firm5,12,914.5839029297233,24,38.37102412442414,0,0,0
Firm6,12,615.0401561137714,36,21.535559214117004,0,0,0
Firm7,12,2055.041003904559,16,9.140838665544003,0,0,0
Firm8,12,-708.484584860637,56,22.567924241005322,0,0,0
Firm9,12,-1823.6596909507618,87,44.785720295994324,0,0,0
Firm10,12,-715.3480482188397,25,2.3232031025675077,0,0,0
Firm1,13,61.7464325014359,0,4.68274498859949,0,0,0
Firm2,13,1545.670062771241,0,17.19781640425359,0,0,0
Firm3,13,2222.521570716355,0,22.73096862814154,0,0,0
Firm4,13,1390.0876023939588,0,16.866725274905356,0,0,0
Firm5,13,924.6905068729984,26,38.37102412442414,0,0,0
Firm6,13,599.2584949746046,39,21.535559214117004,0,0,0
Firm7,13,2170.722061783272,17,9.140838665544003,0,0,0
Firm8,13,-772.9282316098335,60,22.567924241005322,0,0,0
Firm9,13,-2034.697540972948,95,44.785720295994324,0,0,0
Firm10,13,-790.1137859638347,28,2.3232031025675077,0,0,0
Firm1,14,1.5301893866493952,0,4.68274498859949,0,0,0
Firm2,14,1602.1136395732392,0,17.19781640425359,0,0,0
Firm3,14,2367.0203014491317,0,22.73096862814154,0,0,0
Firm4,14,1469.2204102289065,0,16.866725274905356,0,0,0
Firm5,14,934.7971108162735,28,38.37102412442414,0,0,0
Firm6,14,583.4768338354376,42,21.535559214117004,0,0,0
Firm7,14,2286.4031196619844,18,9.140838665544003,0,0,0
Firm8,14,-861.408257336762,65,22.567924241005322,0,0,0
Firm9,14,-2203.892061120093,102,44.785720295994324,0,0,0
Firm10,14,-864.2798650865846,30,2.3232031025675077,0,0,0
Firm1,15,-58.68605372813709,0,4.68274498859949,0,0,0
Firm2,15,1658.5572163752374,0,17.19781640425359,0,0,0
Firm3,15,2511.519032181908,0,22.73096862814154,0,0,0
Firm4,15,1548.3532180638542,0,16.866725274905356,0,0,0
Firm5,15,944.9037147595486,30,38.37102412442414,0,0,0
Firm6,15,567.6951726962706,45,21.535559214117004,0,0,0
Firm7,15,2388.423197172355,20,9.140838665544003,0,0,0
Firm8,15,-925.8519040859585,69,22.567924241005322,0,0,0
Firm9,15,-2371.2036685613016,109,44.785720295994324,0,0,0
Firm10,15,-938.8033001560104,33,2.3232031025675077,0,0,0
Firm1,16,-118.90229684292365,0,4.68274498859949,0,0,0
Firm2,16,1715.0007931772357,0,17.19781640425359,0,0,0
Firm3,16,2656.0177629146847,0,22.73096862814154,0,0,0
Firm4,16,1627.486025898802,0,16.866725274905356,0,0,0
Firm5,16,955.0103187028237,32,38.37102412442414,0,0,0
Firm6,16,551.9135115571037,48,21.535559214117004,0,0,0
Firm7,16,2490.443274682725,22,9.140838665544003,0,0,0
Firm8,16,-1038.368308790619,75,22.567924241005322,0,0,0
Firm9,16,-2540.8280192369293,116,44.785720295994324,0,0,0
Firm10,16,-1006.2871835043437,35,2.3232031025675077,0,0,0
Firm1,17,-179.11853995771006,0,4.68274498859949,0,0,0
Firm2,17,1771.444369979234,0,17.19781640425359,0,0,0
Firm3,17,2800.516493647461,0,22.73096862814154,0,0,0
Firm4,17,1706.6188337337496,0,16.866725274905356,0,0,0
Firm5,17,965.1169226460988,34,38.37102412442414,0,0,0
Firm6,17,536.1318504179369,51,21.535559214117004,0,0,0
Firm7,17,2619.78531292978,22,9.140838665544003,0,0,0
Firm8,17,-1102.8119555398155,79,22.567924241005322,0,0,0
Firm9,17,-2751.021174125626,124,44.785720295994324,0,0,0
Firm10,17,-1087.554488655572,38,2.3232031025675077,0,0,0
Firm1,18,-239.33478307249635,0,4.68274498859949,0,0,0
Firm2,18,1827.8879467812321,0,17.19781640425359,0,0,0
Firm3,18,2945.0152243802377,0,22.73096862814154,0,0,0
Firm4,18,1785.7516415686973,0,16.866725274905356,0,0,0
Firm5,18,975.2235265893739,36,38.37102412442414,0,0,0
Firm6,18,520.3501892787704,54,21.535559214117004,0,0,0
Firm7,18,2721.8053904401504,24,9.140838665544003,0,0,0
Firm8,18,-1167.255602289012,83,22.567924241005322,0,0,0
Firm9,18,-2876.919282220276,130,44.785720295994324,0,0,0
Firm10,18,-1155.2190003720889,40,2.3232031025675077,0,0,0
Firm1,19,-299.55102618728256,0,4.68274498859949,0,0,0
Firm2,19,1884.3315235832304,0,17.19781640425359,0,0,0
Firm3,19,3089.513955113014,0,22.73096862814154,0,0,0
Firm4,19,1864.884449403645,0,16.866725274905356,0,0,0
Firm5,19,985.330130532649,38,38.37102412442414,0,0,0
Firm6,19,504.568528139604,57,21.535559214117004,0,0,0
Firm7,19,2837.486448318863,25,9.140838665544003,0,0,0
Firm8,19,-1255.7356280159404,88,22.567924241005322,0,0,0
Firm9,19,-3087.9571322424626,138,44.785720295994324,0,0,0
Firm10,19,-1229.3850794948387,42,2.3232031025675077,0,0,0
Firm1,20,-359.76726930206877,0,4.68274498859949,0,0,0
Firm2,20,1940.7751003852286,0,17.19781640425359,0,0,0
Firm3,20,3234.0126858457907,0,22.73096862814154,0,0,0
Firm4,20,1944.0172572385927,0,16.866725274905356,0,0,0
Firm5,20,995.4367344759241,40,38.37102412442414,0,0,0
Firm6,20,488.78686700043767,60,21.535559214117004,0,0,0
Firm7,20,2939.5065258292334,27,9.140838665544003,0,0,0
Firm8,20,-1320.1792747651368,92,22.567924241005322,0,0,0
Firm9,20,-3213.8552403371123,144,44.785720295994324,0,0,0
Firm10,20,-1296.8072885357865,44,2.3232031025675077,0,0,0
Firm1,21,-419.983512416855,0,4.68274498859949,0,0,0
Firm2,21,1997.2186771872268,0,17.19781640425359,0,0,0
Firm3,21,3378.511416578567,0,22.73096862814154,0,0,0
Firm4,21,2023.1500650735404,0,16.866725274905356,0,0,0
Firm5,21,1005.5433384191992,42,38.37102412442414,0,0,0
Firm6,21,473.00520586127135,63,21.535559214117004,0,0,0
Firm7,21,3055.187583707946,28,9.140838665544003,0,0,0
Firm8,21,-1432.6956794697974,98,22.567924241005322,0,0,0
Firm9,21,-3383.47959101274,151,44.785720295994324,0,0,0
Firm10,21,-1378.0745936870144,47,2.3232031025675077,0,0,0
Firm1,22,-480.19975553164136,0,4.68274498859949,0,0,0
Firm2,22,2053.662253989225,0,17.19781640425359,0,0,0
Firm3,22,3523.0101473113436,0,22.73096862814154,0,0,0
Firm4,22,2102.2828729084877,0,16.866725274905356,0,0,0
Firm5,22,1015.6499423624743,44,38.37102412442414,0,0,0
Firm6,22,457.22354472210503,66,21.535559214117004,0,0,0
Firm7,22,3170.8686415866587,29,9.140838665544003,0,0,0
Firm8,22,-1497.1393262189938,102,22.567924241005322,0,0,0
Firm9,22,-3593.672745901437,159,44.785720295994324,0,0,0
Firm10,22,-1452.2406728097642,49,2.3232031025675077,0,0,0
Firm1,23,-540.4159986464279,0,4.68274498859949,0,0,0
Firm2,23,2110.105830791223,0,17.19781640425359,0,0,0
Firm3,23,3667.50887804412,0,22.73096862814154,0,0,0
Firm4,23,2181.415680743437,0,16.866725274905356,0,0,0
Firm5,23,1025.7565463057495,46,38.37102412442414,0,0,0
Firm6,23,441.4418835829387,69,21.535559214117004,0,0,0
Firm7,23,3272.888719097029,31,9.140838665544003,0,0,0
Firm8,23,-1561.5829729681902,106,22.567924241005322,0,0,0
Firm9,23,-3719.5708539960865,165,44.785720295994324,0,0,0
Firm10,23,-1519.305525904036,50,2.3232031025675077,0,0,0
Firm1,24,-600.6322417612147,0,4.68274498859949,0,0,0
Firm2,24,2166.549407593224,0,17.19781640425359,0,0,0
Firm3,24,3812.0076087768966,0,22.73096862814154,0,0,0
Firm4,24,2260.5484885783885,0,16.866725274905356,0,0,0
Firm5,24,1035.8631502490246,48,38.37102412442414,0,0,0
Firm6,24,425.6602224437724,72,21.535559214117004,0,0,0
Firm7,24,3388.5697769757417,32,9.140838665544003,0,0,0
Firm8,24,-1650.0629986951187,111,22.567924241005322,0,0,0
Firm9,24,-3930.6087040182733,173,44.785720295994324,0,0,0
Firm10,24,-1593.4716050267857,52,2.3232031025675077,0,0,0
Firm1,25,-660.8484848760015,0,4.68274498859949,0,0,0
Firm2,25,2222.992984395224,0,17.19781640425359,0,0,0
Firm3,25,3956.506339509673,0,22.73096862814154,0,0,0
Firm4,25,2339.68129641334,0,16.866725274905356,0,0,0
Firm5,25,1045.9697541923,50,38.37102412442414,0,0,0
Firm6,25,409.8785613046061,75,21.535559214117004,0,0,0
Firm7,25,3504.2508348544543,33,9.140838665544003,0,0,0
Firm8,25,-1714.5066454443152,115,22.567924241005322,0,0,0
Firm9,25,-4056.506812112921,179,44.785720295994324,0,0,0
Firm10,25,-1667.9950400962116,55,2.3232031025675077,0,0,0
Firm1,26,-721.0647279907884,0,4.68274498859949,0,0,0
Firm2,26,2279.436561197226,0,17.19781640425359,0,0,0
Firm3,26,4101.00507024245,0,22.73096862814154,0,0,0
Firm4,26,2418.8141042482916,0,16.866725274905356,0,0,0
Firm5,26,1056.0763581355752,52,38.37102412442414,0,0,0
Firm6,26,394.09690016543976,78,21.535559214117004,0,0,0
Firm7,26,3619.931892733167,34,9.140838665544003,0,0,0
Firm8,26,-1827.0230501489757,121,22.567924241005322,0,0,0
Firm9,26,-4267.544662135104,187,44.785720295994324,0,0,0
Firm10,26,-1749.2623452474395,58,2.3232031025675077,0,0,0
Firm1,27,-781.2809711055752,0,4.68274498859949,0,0,0
Firm2,27,2335.8801379992283,0,17.19781640425359,0,0,0
Firm3,27,4245.503800975226,0,22.73096862814154,0,0,0
Firm4,27,2497.946912083243,0,16.866725274905356,0,0,0
Firm5,27,1066.1829620788508,54,38.37102412442414,0,0,0
Firm6,27,378.3152390262735,81,21.535559214117004,0,0,0
Firm7,27,3708.290989875195,37,9.140838665544003,0,0,0
Firm8,27,-1891.4666968981721,125,22.567924241005322,0,0,0
Firm9,27,-4436.324317677238,194,44.785720295994324,0,0,0
Firm10,27,-1810.0598671723017,59,2.3232031025675077,0,0,0
Firm1,28,-841.497214220362,0,4.68274498859949,0,0,0
Firm2,28,2392.3237148012304,0,17.19781640425359,0,0,0
Firm3,28,4390.002531708003,0,22.73096862814154,0,0,0
Firm4,28,2577.0797199181948,0,16.866725274905356,0,0,0
Firm5,28,1076.2895660221263,56,38.37102412442414,0,0,0
Firm6,28,362.5335778871071,84,21.535559214117004,0,0,0
Firm7,28,3823.9720477539076,38,9.140838665544003,0,0,0
Firm8,28,-1955.9103436473702,129,22.567924241005322,0,0,0
Firm9,28,-4646.932337170936,202,44.785720295994324,0,0,0
Firm10,28,-1884.2259462950515,61,2.3232031025675077,0,0,0
Firm1,29,-901.7134573351489,0,4.68274498859949,0,0,0
Firm2,29,2448.7672916032325,0,17.19781640425359,0,0,0
Firm3,29,4534.501262440779,0,22.73096862814154,0,0,0
Firm4,29,2656.2125277531463,0,16.866725274905356,0,0,0
Firm5,29,1086.396169965402,58,38.37102412442414,0,0,0
Firm6,29,346.7519167479408,87,21.535559214117004,0,0,0
Firm7,29,3939.6531056326203,39,9.140838665544003,0,0,0
Firm8,29,-2044.3903693743023,134,22.567924241005322,0,0,0
Firm9,29,-4816.556687846559,209,44.785720295994324,0,0,0
Firm10,29,-1958.3920254178013,63,2.3232031025675077,0,0,0
Firm1,30,-961.9297004499357,0,4.68274498859949,0,0,0
Firm2,30,2505.2108684052346,0,17.19781640425359,0,0,0
Firm3,30,4678.999993173556,0,22.73096862814154,0,0,0
Firm4,30,2735.345335588098,0,16.866725274905356,0,0,0
Firm5,30,1096.5027739086775,60,38.37102412442414,0,0,0
Firm6,30,330.9702556087745,90,21.535559214117004,0,0,0
Firm7,30,4055.334163511333,40,9.140838665544003,0,0,0
Firm8,30,-2108.8340161235055,138,22.567924241005322,0,0,0
Firm9,30,-4983.8682952877625,216,44.785720295994324,0,0,0
Firm10,30,-2032.5581045405509,65,2.3232031025675077,0,0,0
Firm1,31,-1022.1459435647223,0,4.68274498859949,0,0,0
Firm2,31,2561.6544452072367,0,17.19781640425359,0,0,0
Firm3,31,4823.498723906332,0,22.73096862814154,0,0,0
Firm4,31,2814.4781434230495,0,16.866725274905356,0,0,0
Firm5,31,1106.609377851953,62,38.37102412442414,0,0,0
Firm6,31,315.18859446960823,93,21.535559214117004,0,0,0
Firm7,31,4157.354241021703,42,9.140838665544003,0,0,0
Firm8,31,-2197.314041850441,143,22.567924241005322,0,0,0
Firm9,31,-5109.766403382408,222,44.785720295994324,0,0,0
Firm10,31,-2101.4863416446174,68,2.3232031025675077,0,0,0
Firm1,32,-1082.362186679509,0,4.68274498859949,0,0,0
Firm2,32,2618.098022009239,0,17.19781640425359,0,0,0
Firm3,32,4967.997454639109,0,22.73096862814154,0,0,0
Firm4,32,2893.610951258001,0,16.866725274905356,0,0,0
Firm5,32,1116.7159817952286,64,38.37102412442414,0,0,0
Firm6,32,299.40693333044203,96,21.535559214117004,0,0,0
Firm7,32,4273.035298900402,43,9.140838665544003,0,0,0
Firm8,32,-2285.794067577376,148,22.567924241005322,0,0,0
Firm9,32,-5320.804253404589,230,44.785720295994324,0,0,0
Firm10,32,-2182.7536467958435,71,2.3232031025675077,0,0,0
Firm1,33,-1142.5784297942957,0,4.68274498859949,0,0,0
Firm2,33,2674.541598811241,0,17.19781640425359,0,0,0
Firm3,33,5112.496185371885,0,22.73096862814154,0,0,0
Firm4,33,2972.7437590929526,0,16.866725274905356,0,0,0
Firm5,33,1126.8225857385041,66,38.37102412442414,0,0,0
Firm6,33,283.6252721912758,99,21.535559214117004,0,0,0
Firm7,33,4388.716356779101,44,9.140838665544003,0,0,0
Firm8,33,-2350.2377143265794,152,22.567924241005322,0,0,0
Firm9,33,-5489.583908946723,237,44.785720295994324,0,0,0
Firm10,33,-2256.9197259185917,73,2.3232031025675077,0,0,0
Firm1,34,-1202.7946729090825,0,4.68274498859949,0,0,0
Firm2,34,2730.985175613243,0,17.19781640425359,0,0,0
Firm3,34,5256.994916104662,0,22.73096862814154,0,0,0
Firm4,34,3051.876566927904,0,16.866725274905356,0,0,0
Firm5,34,1136.9291896817797,68,38.37102412442414,0,0,0
Firm6,34,267.84361105210957,102,21.535559214117004,0,0,0
Firm7,34,4504.3974146578,45,9.140838665544003,0,0,0
Firm8,34,-2438.7177400535147,157,22.567924241005322,0,0,0
Firm9,34,-5700.621758968904,245,44.785720295994324,0,0,0
Firm10,34,-2331.0858050413394,75,2.3232031025675077,0,0,0
Firm1,35,-1263.0109160238692,0,4.68274498859949,0,0,0
Firm2,35,2787.428752415245,0,17.19781640425359,0,0,0
Firm3,35,5401.493646837438,0,22.73096862814154,0,0,0
Firm4,35,3131.0093747628557,0,16.866725274905356,0,0,0
Firm5,35,1147.0357936250552,70,38.37102412442414,0,0,0
Firm6,35,252.06194991294328,105,21.535559214117004,0,0,0
Firm7,35,4606.417492168157,47,9.140838665544003,0,0,0
Firm8,35,-2503.161386802718,161,22.567924241005322,0,0,0
Firm9,35,-5826.519867063549,251,44.785720295994324,0,0,0
Firm10,35,-2398.150658135609,76,2.3232031025675077,0,0,0
Firm1,36,-1323.227159138656,0,4.68274498859949,0,0,0
Firm2,36,2843.872329217247,0,17.19781640425359,0,0,0
Firm3,36,5545.992377570215,0,22.73096862814154,0,0,0
Firm4,36,3210.1421825978073,0,16.866725274905356,0,0,0
Firm5,36,1157.1423975683308,72,38.37102412442414,0,0,0
Firm6,36,236.28028877377693,108,21.535559214117004,0,0,0
Firm7,36,4722.098550046856,48,9.140838665544003,0,0,0
Firm8,36,-2591.6414125296533,166,22.567924241005322,0,0,0
Firm9,36,-5993.831474504753,258,44.785720295994324,0,0,0
Firm10,36,-2472.9163958806025,79,2.3232031025675077,0,0,0
Firm1,37,-1383.4434022534426,0,4.68274498859949,0,0,0
Firm2,37,2900.3159060192493,0,17.19781640425359,0,0,0
Firm3,37,5690.491108302991,0,22.73096862814154,0,0,0
Firm4,37,3289.274990432759,0,16.866725274905356,0,0,0
Firm5,37,1167.2490015116064,74,38.37102412442414,0,0,0
Firm6,37,220.4986276346106,111,21.535559214117004,0,0,0
Firm7,37,4824.118627557213,50,9.140838665544003,0,0,0
Firm8,37,-2680.1214382565886,171,22.567924241005322,0,0,0
Firm9,37,-6163.4558251803755,265,44.785720295994324,0,0,0
Firm10,37,-2547.0824750033503,81,2.3232031025675077,0,0,0
Firm1,38,-1443.6596453682293,0,4.68274498859949,0,0,0
Firm2,38,2956.7594828212514,0,17.19781640425359,0,0,0
Firm3,38,5834.989839035768,0,22.73096862814154,0,0,0
Firm4,38,3368.4077982677104,0,16.866725274905356,0,0,0
Firm5,38,1177.355605454882,76,38.37102412442414,0,0,0
Firm6,38,204.71696649544432,114,21.535559214117004,0,0,0
Firm7,38,4939.799685435912,51,9.140838665544003,0,0,0
Firm8,38,-2744.565085005792,175,22.567924241005322,0,0,0
Firm9,38,-6332.235480722509,272,44.785720295994324,0,0,0
Firm10,38,-2621.248554126098,83,2.3232031025675077,0,0,0
Firm1,39,-1503.875888483016,0,4.68274498859949,0,0,0
Firm2,39,3013.2030596232535,0,17.19781640425359,0,0,0
Firm3,39,5979.488569768544,0,22.73096862814154,0,0,0
Firm4,39,3447.540606102662,0,16.866725274905356,0,0,0
Firm5,39,1187.4622093981573,78,38.37102412442414,0,0,0
Firm6,39,188.935305356278,117,21.535559214117004,0,0,0
Firm7,39,5041.819762946268,53,9.140838665544003,0,0,0
Firm8,39,-2833.045110732727,180,22.567924241005322,0,0,0
Firm9,39,-6543.273330744691,280,44.785720295994324,0,0,0
Firm10,39,-2688.3134072203675,84,2.3232031025675077,0,0,0
Firm1,40,-1564.0921315978028,0,4.68274498859949,0,0,0
Firm2,40,3069.6466364252556,0,17.19781640425359,0,0,0
Firm3,40,6123.9873005013205,0,22.73096862814154,0,0,0
Firm4,40,3526.6734139376135,0,16.866725274905356,0,0,0
Firm5,40,1197.5688133414326,80,38.37102412442414,0,0,0
Firm6,40,173.15364421711166,120,21.535559214117004,0,0,0
Firm7,40,5157.500820824967,54,9.140838665544003,0,0,0
Firm8,40,-2897.4887574819304,184,22.567924241005322,0,0,0
Firm9,40,-6669.171438839336,286,44.785720295994324,0,0,0
Firm10,40,-2762.4794863431157,86,2.3232031025675077,0,0,0
Firm1,41,-1624.3083747125895,0,4.68274498859949,0,0,0
Firm2,41,3126.0902132272577,0,17.19781640425359,0,0,0
Firm3,41,6268.486031234097,0,22.73096862814154,0,0,0
Firm4,41,3605.806221772565,0,16.866725274905356,0,0,0
Firm5,41,1207.6754172847075,82,38.37102412442414,0,0,0
Firm6,41,157.3719830779453,123,21.535559214117004,0,0,0
Firm7,41,5273.181878703666,55,9.140838665544003,0,0,0
Firm8,41,-2985.9687832088657,189,22.567924241005322,0,0,0
Firm9,41,-6836.483046280539,293,44.785720295994324,0,0,0
Firm10,41,-2837.479460324932,89,2.3232031025675077,0,0,0
Firm1,42,-1684.5246178273762,0,4.68274498859949,0,0,0
Firm2,42,3182.5337900292598,0,17.19781640425359,0,0,0
Firm3,42,6412.9847619668735,0,22.73096862814154,0,0,0
Firm4,42,3684.9390296075167,0,16.866725274905356,0,0,0
Firm5,42,1217.7820212279823,84,38.37102412442414,0,0,0
Firm6,42,141.59032193877886,126,21.535559214117004,0,0,0
Firm7,42,5388.862936582365,56,9.140838665544003,0,0,0
Firm8,42,-3074.448808935801,194,22.567924241005322,0,0,0
Firm9,42,-7049.403809008657,301,44.785720295994324,0,0,0
Firm10,42,-2911.64553944768,91,2.3232031025675077,0,0,0
Firm1,43,-1744.740860942163,0,4.68274498859949,0,0,0
Firm2,43,3238.977366831262,0,17.19781640425359,0,0,0
Firm3,43,6557.48349269965,0,22.73096862814154,0,0,0
Firm4,43,3764.071837442468,0,16.866725274905356,0,0,0
Firm5,43,1227.8886251712572,86,38.37102412442414,0,0,0
Firm6,43,125.80866079961238,129,21.535559214117004,0,0,0
Firm7,43,5490.883014092722,58,9.140838665544003,0,0,0
Firm8,43,-3138.8924556850043,198,22.567924241005322,0,0,0
Firm9,43,-7216.715416449861,308,44.785720295994324,0,0,0
Firm10,43,-2986.2306488244894,94,2.3232031025675077,0,0,0
Firm1,44,-1804.9571040569497,0,4.68274498859949,0,0,0
Firm2,44,3295.420943633264,0,17.19781640425359,0,0,0
Firm3,44,6701.9822234324265,0,22.73096862814154,0,0,0
Firm4,44,3843.20464527742,0,16.866725274905356,0,0,0
Firm5,44,1237.995229114532,88,38.37102412442414,0,0,0
Firm6,44,110.02699966044588,132,21.535559214117004,0,0,0
Firm7,44,5606.564071971421,59,9.140838665544003,0,0,0
Firm8,44,-3203.3361024342075,202,22.567924241005322,0,0,0
Firm9,44,-7385.495071991994,315,44.785720295994324,0,0,0
Firm10,44,-3062.2601119570345,98,2.3232031025675077,0,0,0
Firm1,45,-1865.1733471717364,0,4.68274498859949,0,0,0
Firm2,45,3351.864520435266,0,17.19781640425359,0,0,0
Firm3,45,6846.480954165203,0,22.73096862814154,0,0,0
Firm4,45,3922.3374531123713,0,16.866725274905356,0,0,0
Firm5,45,1248.101833057807,90,38.37102412442414,0,0,0
Firm6,45,94.24533852127936,135,21.535559214117004,0,0,0
Firm7,45,5722.24512985012,60,9.140838665544003,0,0,0
Firm8,45,-3291.816128161143,207,22.567924241005322,0,0,0
Firm9,45,-7596.532922014176,323,44.785720295994324,0,0,0
Firm10,45,-3136.4261910797827,100,2.3232031025675077,0,0,0
Firm1,46,-1925.3895902865231,0,4.68274498859949,0,0,0
Firm2,46,3408.308097237268,0,17.19781640425359,0,0,0
Firm3,46,6990.9796848979795,0,22.73096862814154,0,0,0
Firm4,46,4001.470260947323,0,16.866725274905356,0,0,0
Firm5,46,1258.2084370010818,92,38.37102412442414,0,0,0
Firm6,46,78.46367738211285,138,21.535559214117004,0,0,0
Firm7,46,5810.6042269921345,63,9.140838665544003,0,0,0
Firm8,46,-3380.296153888078,212,22.567924241005322,0,0,0
Firm9,46,-7722.431030108821,329,44.785720295994324,0,0,0
Firm10,46,-3196.389818145574,100,2.3232031025675077,0,0,0
Firm1,47,-1985.6058334013098,0,4.68274498859949,0,0,0
Firm2,47,3464.7516740392703,0,17.19781640425359,0,0,0
Firm3,47,7135.478415630756,0,22.73096862814154,0,0,0
Firm4,47,4080.6030687822745,0,16.866725274905356,0,0,0
Firm5,47,1268.3150409443567,94,38.37102412442414,0,0,0
Firm6,47,62.68201624294633,141,21.535559214117004,0,0,0
Firm7,47,5939.946265239176,63,9.140838665544003,0,0,0
Firm8,47,-3468.7761796150135,217,22.567924241005322,0,0,0
Firm9,47,-7933.468880131002,337,44.785720295994324,0,0,0
Firm10,47,-3277.6571232968,103,2.3232031025675077,0,0,0
Firm1,48,-2045.8220765160963,0,4.68274498859949,0,0,0
Firm2,48,3521.1952508412724,0,17.19781640425359,0,0,0
Firm3,48,7279.9771463635325,0,22.73096862814154,0,0,0
Firm4,48,4159.735876617227,0,16.866725274905356,0,0,0
Firm5,48,1278.4216448876316,96,38.37102412442414,0,0,0
Firm6,48,46.90035510377983,144,21.535559214117004,0,0,0
Firm7,48,6041.9663427495325,65,9.140838665544003,0,0,0
Firm8,48,-3533.2198263642167,221,22.567924241005322,0,0,0
Firm9,48,-8059.366988225648,343,44.785720295994324,0,0,0
Firm10,48,-3351.823202419548,105,2.3232031025675077,0,0,0
Firm1,49,-2106.0383196308826,0,4.68274498859949,0,0,0
Firm2,49,3577.6388276432745,0,17.19781640425359,0,0,0
Firm3,49,7424.475877096309,0,22.73096862814154,0,0,0
Firm4,49,4238.8686844521735,0,16.866725274905356,0,0,0
Firm5,49,1288.5282488309065,98,38.37102412442414,0,0,0
Firm6,49,31.118693964613325,147,21.535559214117004,0,0,0
Firm7,49,6157.6474006282315,66,9.140838665544003,0,0,0
Firm8,49,-3597.66347311342,225,22.567924241005322,0,0,0
Firm9,49,-8269.560143114342,351,44.785720295994324,0,0,0
Firm10,49,-3426.5889401645413,108,2.3232031025675077,0,0,0
Firm1,50,-2166.254562745669,0,4.68274498859949,0,0,0
Firm2,50,3634.0824044452766,0,17.19781640425359,0,0,0
Firm3,50,7568.9746078290855,0,22.73096862814154,0,0,0
Firm4,50,4318.001492287118,0,16.866725274905356,0,0,0
Firm5,50,1298.6348527741814,100,38.37102412442414,0,0,0
Firm6,50,15.337032825446865,150,21.535559214117004,0,0,0
Firm7,50,6259.667478138588,68,9.140838665544003,0,0,0
Firm8,50,-3686.1434988403553,230,22.567924241005322,0,0,0
Firm9,50,-8439.184493789966,358,44.785720295994324,0,0,0
Firm10,50,-3493.6537932588108,109,2.3232031025675077,0,0,0
Firm1,51,-2226.470805860455,0,4.68274498859949,0,0,0
Firm2,51,3690.5259812472787,0,17.19781640425359,0,0,0
Firm3,51,7713.473338561862,0,22.73096862814154,0,0,0
Firm4,51,4397.134300122062,0,16.866725274905356,0,0,0
Firm5,51,1308.7414567174562,102,38.37102412442414,0,0,0
Firm6,51,-0.444628313719555,153,21.535559214117004,0,0,0
Firm7,51,6375.348536017287,69,9.140838665544003,0,0,0
Firm8,51,-3774.6235245672906,235,22.567924241005322,0,0,0
Firm9,51,-8606.49610123117,365,44.785720295994324,0,0,0
Firm10,51,-3567.819872381559,111,2.3232031025675077,0,0,0
Firm1,52,-2286.6870489752414,0,4.68274498859949,0,0,0
Firm2,52,3746.9695580492807,0,17.19781640425359,0,0,0
Firm3,52,7857.9720692946385,0,22.73096862814154,0,0,0
Firm4,52,4476.267107957006,0,16.866725274905356,0,0,0
Firm5,52,1318.848060660731,104,38.37102412442414,0,0,0
Firm6,52,-16.226289452885933,156,21.535559214117004,0,0,0
Firm7,52,6491.029593895986,70,9.140838665544003,0,0,0
Firm8,52,-3863.103550294226,240,22.567924241005322,0,0,0
Firm9,52,-8776.120451906794,372,44.785720295994324,0,0,0
Firm10,52,-3641.9859515043067,113,2.3232031025675077,0,0,0
Firm1,53,-2346.9032920900277,0,4.68274498859949,0,0,0
Firm2,53,3803.413134851283,0,17.19781640425359,0,0,0
Firm3,53,8002.470800027415,0,22.73096862814154,0,0,0
Firm4,53,4555.399915791951,0,16.866725274905356,0,0,0
Firm5,53,1328.954664604006,106,38.37102412442414,0,0,0
Firm6,53,-32.00795059205231,159,21.535559214117004,0,0,0
Firm7,53,6593.049671406343,72,9.140838665544003,0,0,0
Firm8,53,-3927.547197043429,244,22.567924241005322,0,0,0
Firm9,53,-8943.432059347999,379,44.785720295994324,0,0,0
Firm10,53,-3709.050804598576,114,2.3232031025675077,0,0,0
Firm1,54,-2407.119535204814,0,4.68274498859949,0,0,0
Firm2,54,3859.856711653285,0,17.19781640425359,0,0,0
Firm3,54,8146.969530760191,0,22.73096862814154,0,0,0
Firm4,54,4634.532723626895,0,16.866725274905356,0,0,0
Firm5,54,1339.0612685472809,108,38.37102412442414,0,0,0
Firm6,54,-47.78961173121867,162,21.535559214117004,0,0,0
Firm7,54,6708.730729285042,73,9.140838665544003,0,0,0
Firm8,54,-3991.9908437926324,248,22.567924241005322,0,0,0
Firm9,54,-9112.211714890132,386,44.785720295994324,0,0,0
Firm10,54,-3790.917768372048,118,2.3232031025675077,0,0,0
Firm1,55,-2467.3357783196,0,4.68274498859949,0,0,0
Firm2,55,3916.300288455287,0,17.19781640425359,0,0,0
Firm3,55,8291.46826149297,0,22.73096862814154,0,0,0
Firm4,55,4713.665531461839,0,16.866725274905356,0,0,0
Firm5,55,1349.1678724905557,110,38.37102412442414,0,0,0
Firm6,55,-63.571272870385044,165,21.535559214117004,0,0,0
Firm7,55,6810.750806795399,75,9.140838665544003,0,0,0
Firm8,55,-4080.4708695195677,253,22.567924241005322,0,0,0
Firm9,55,-9281.836065565756,393,44.785720295994324,0,0,0
Firm10,55,-3858.8165163253866,120,2.3232031025675077,0,0,0
Firm1,56,-2527.5520214343865,0,4.68274498859949,0,0,0
Firm2,56,3972.743865257289,0,17.19781640425359,0,0,0
Firm3,56,8435.966992225756,0,22.73096862814154,0,0,0
Firm4,56,4792.7983392967835,0,16.866725274905356,0,0,0
Firm5,56,1359.2744764338306,112,38.37102412442414,0,0,0
Firm6,56,-79.35293400955142,168,21.535559214117004,0,0,0
Firm7,56,6940.09284504244,75,9.140838665544003,0,0,0
Firm8,56,-4168.950895246503,258,22.567924241005322,0,0,0
Firm9,56,-9492.444085059456,401,44.785720295994324,0,0,0
Firm10,56,-3940.0838214766127,123,2.3232031025675077,0,0,0
Firm1,57,-2587.7682645491727,0,4.68274498859949,0,0,0
Firm2,57,4029.1874420592912,0,17.19781640425359,0,0,0
Firm3,57,8580.465722958543,0,22.73096862814154,0,0,0
Firm4,57,4871.931147131728,0,16.866725274905356,0,0,0
Firm5,57,1369.3810803771055,114,38.37102412442414,0,0,0
Firm6,57,-95.13459514871778,171,21.535559214117004,0,0,0
Firm7,57,7042.112922552797,77,9.140838665544003,0,0,0
Firm8,57,-4257.430920973438,263,22.567924241005322,0,0,0
Firm9,57,-9618.342193154102,407,44.785720295994324,0,0,0
Firm10,57,-4008.412399958434,125,2.3232031025675077,0,0,0
Firm1,58,-2647.984507663959,0,4.68274498859949,0,0,0
Firm2,58,4085.6310188612933,0,17.19781640425359,0,0,0
Firm3,58,8724.96445369133,0,22.73096862814154,0,0,0
Firm4,58,4951.063954966672,0,16.866725274905356,0,0,0
Firm5,58,1379.4876843203804,116,38.37102412442414,0,0,0
Firm6,58,-110.91625628788408,174,21.535559214117004,0,0,0
Firm7,58,7144.133000063153,79,9.140838665544003,0,0,0
Firm8,58,-4321.874567722642,267,22.567924241005322,0,0,0
Firm9,58,-9829.380043176285,415,44.785720295994324,0,0,0
Firm10,58,-4075.4772530527025,126,2.3232031025675077,0,0,0
Firm1,59,-2708.2007507787453,0,4.68274498859949,0,0,0
Firm2,59,4142.074595663295,0,17.19781640425359,0,0,0
Firm3,59,8869.463184424116,0,22.73096862814154,0,0,0
Firm4,59,5030.196762801616,0,16.866725274905356,0,0,0
Firm5,59,1389.5942882636552,118,38.37102412442414,0,0,0
Firm6,59,-126.69791742705037,177,21.535559214117004,0,0,0
Firm7,59,7259.814057941852,80,9.140838665544003,0,0,0
Firm8,59,-4386.318214471845,271,22.567924241005322,0,0,0
Firm9,59,-9955.27815127093,421,44.785720295994324,0,0,0
Firm10,59,-4156.744558203927,129,2.3232031025675077,0,0,0
Firm1,60,-2768.4169938935315,0,4.68274498859949,0,0,0
Firm2,60,4198.5181724652975,0,17.19781640425359,0,0,0
Firm3,60,9013.961915156902,0,22.73096862814154,0,0,0
Firm4,60,5109.329570636561,0,16.866725274905356,0,0,0
Firm5,60,1399.7008922069301,120,38.37102412442414,0,0,0
Firm6,60,-142.47957856621662,180,21.535559214117004,0,0,0
Firm7,60,7375.495115820551,81,9.140838665544003,0,0,0
Firm8,60,-4474.79824019878,276,22.567924241005322,0,0,0
Firm9,60,-10209.197548740602,430,44.785720295994324,0,0,0
Firm10,60,-4230.910637326673,131,2.3232031025675077,0,0,0
Firm1,61,-2828.633237008318,0,4.68274498859949,0,0,0
Firm2,61,4254.9617492673,0,17.19781640425359,0,0,0
Firm3,61,9158.460645889689,0,22.73096862814154,0,0,0
Firm4,61,5188.462378471505,0,16.866725274905356,0,0,0
Firm5,61,1409.807496150205,122,38.37102412442414,0,0,0
Firm6,61,-158.26123970538282,183,21.535559214117004,0,0,0
Firm7,61,7491.17617369925,82,9.140838665544003,0,0,0
Firm8,61,-4563.2782659257155,281,22.567924241005322,0,0,0
Firm9,61,-10335.095656835247,436,44.785720295994324,0,0,0
Firm10,61,-4305.076716449419,133,2.3232031025675077,0,0,0
Firm1,62,-2888.849480123104,0,4.68274498859949,0,0,0
Firm2,62,4311.405326069301,0,17.19781640425359,0,0,0
Firm3,62,9302.959376622475,0,22.73096862814154,0,0,0
Firm4,62,5267.595186306449,0,16.866725274905356,0,0,0
Firm5,62,1419.9141000934799,124,38.37102412442414,0,0,0
Firm6,62,-174.04290084454902,186,21.535559214117004,0,0,0
Firm7,62,7579.535270841265,85,9.140838665544003,0,0,0
Firm8,62,-4627.721912674919,285,22.567924241005322,0,0,0
Firm9,62,-10502.407264276451,443,44.785720295994324,0,0,0
Firm10,62,-4365.640002137455,134,2.3232031025675077,0,0,0
Firm1,63,-2949.0657232378903,0,4.68274498859949,0,0,0
Firm2,63,4367.848902871302,0,17.19781640425359,0,0,0
Firm3,63,9447.458107355262,0,22.73096862814154,0,0,0
Firm4,63,5346.7279941413935,0,16.866725274905356,0,0,0
Firm5,63,1430.0207040367548,126,38.37102412442414,0,0,0
Firm6,63,-189.8245619837152,189,21.535559214117004,0,0,0
Firm7,63,7708.877309088306,85,9.140838665544003,0,0,0
Firm8,63,-4716.201938401854,290,22.567924241005322,0,0,0
Firm9,63,-10672.031614952075,450,44.785720295994324,0,0,0
Firm10,63,-4446.907307288679,137,2.3232031025675077,0,0,0
Firm1,64,-3009.2819663526766,0,4.68274498859949,0,0,0
Firm2,64,4424.292479673303,0,17.19781640425359,0,0,0
Firm3,64,9591.956838088048,0,22.73096862814154,0,0,0
Firm4,64,5425.860801976338,0,16.866725274905356,0,0,0
Firm5,64,1440.1273079800296,128,38.37102412442414,0,0,0
Firm6,64,-205.60622312288146,192,21.535559214117004,0,0,0
Firm7,64,7810.897386598663,87,9.140838665544003,0,0,0
Firm8,64,-4780.645585151057,294,22.567924241005322,0,0,0
Firm9,64,-10839.34322239328,457,44.785720295994324,0,0,0
Firm10,64,-4513.972160382947,138,2.3232031025675077,0,0,0
Firm1,65,-3069.498209467463,0,4.68274498859949,0,0,0
Firm2,65,4480.736056475304,0,17.19781640425359,0,0,0
Firm3,65,9736.455568820835,0,22.73096862814154,0,0,0
Firm4,65,5504.993609811282,0,16.866725274905356,0,0,0
Firm5,65,1450.2339119233045,130,38.37102412442414,0,0,0
Firm6,65,-221.3878842620478,195,21.535559214117004,0,0,0
Firm7,65,7940.239424845704,87,9.140838665544003,0,0,0
Firm8,65,-4869.125610877993,299,22.567924241005322,0,0,0
Firm9,65,-11051.849120516392,465,44.785720295994324,0,0,0
Firm10,65,-4602.340691562648,142,2.3232031025675077,0,0,0
Firm1,66,-3129.714452582249,0,4.68274498859949,0,0,0
Firm2,66,4537.179633277306,0,17.19781640425359,0,0,0
Firm3,66,9880.954299553621,0,22.73096862814154,0,0,0
Firm4,66,5584.126417646226,0,16.866725274905356,0,0,0
Firm5,66,1460.3405158665794,132,38.37102412442414,0,0,0
Firm6,66,-237.16954540121415,198,21.535559214117004,0,0,0
Firm7,66,8028.598521987718,90,9.140838665544003,0,0,0
Firm8,66,-4957.605636604928,304,22.567924241005322,0,0,0
Firm9,66,-11219.160727957596,472,44.785720295994324,0,0,0
Firm10,66,-4662.3043186284385,142,2.3232031025675077,0,0,0
Firm1,67,-3189.9306956970354,0,4.68274498859949,0,0,0
Firm2,67,4593.623210079307,0,17.19781640425359,0,0,0
Firm3,67,10025.453030286408,0,22.73096862814154,0,0,0
Firm4,67,5663.259225481171,0,16.866725274905356,0,0,0
Firm5,67,1470.4471198098543,134,38.37102412442414,0,0,0
Firm6,67,-252.95120654038047,201,21.535559214117004,0,0,0
Firm7,67,8157.94056023476,90,9.140838665544003,0,0,0
Firm8,67,-5022.049283354131,308,22.567924241005322,0,0,0
Firm9,67,-11345.058836052242,478,44.785720295994324,0,0,0
Firm10,67,-4744.171282401908,146,2.3232031025675077,0,0,0
Firm1,68,-3250.1469388118217,0,4.68274498859949,0,0,0
Firm2,68,4650.066786881308,0,17.19781640425359,0,0,0
Firm3,68,10169.951761019194,0,22.73096862814154,0,0,0
Firm4,68,5742.392033316115,0,16.866725274905356,0,0,0
Firm5,68,1480.5537237531291,136,38.37102412442414,0,0,0
Firm6,68,-268.7328676795468,204,21.535559214117004,0,0,0
Firm7,68,8259.960637745116,92,9.140838665544003,0,0,0
Firm8,68,-5110.5293090810665,313,22.567924241005322,0,0,0
Firm9,68,-11556.096686074425,486,44.785720295994324,0,0,0
Firm10,68,-4811.236135496176,147,2.3232031025675077,0,0,0
Firm1,69,-3310.363181926608,0,4.68274498859949,0,0,0
Firm2,69,4706.510363683309,0,17.19781640425359,0,0,0
Firm3,69,10314.45049175198,0,22.73096862814154,0,0,0
Firm4,69,5821.524841151059,0,16.866725274905356,0,0,0
Firm5,69,1490.660327696404,138,38.37102412442414,0,0,0
Firm6,69,-284.51452881871313,207,21.535559214117004,0,0,0
Firm7,69,8361.9807152555,94,9.140838665544003,0,0,0
Firm8,69,-5174.97295583027,317,22.567924241005322,0,0,0
Firm9,69,-11681.99479416907,492,44.785720295994324,0,0,0
Firm10,69,-4879.134883449512,149,2.3232031025675077,0,0,0
Firm1,70,-3370.579425041394,0,4.68274498859949,0,0,0
Firm2,70,4762.95394048531,0,17.19781640425359,0,0,0
Firm3,70,10458.949222484767,0,22.73096862814154,0,0,0
Firm4,70,5900.657648986004,0,16.866725274905356,0,0,0
Firm5,70,1500.766931639679,140,38.37102412442414,0,0,0
Firm6,70,-300.29618995787945,210,21.535559214117004,0,0,0
Firm7,70,8477.661773134227,95,9.140838665544003,0,0,0
Firm8,70,-5263.452981557205,322,22.567924241005322,0,0,0
Firm9,70,-11892.60281366277,500,44.785720295994324,0,0,0
Firm10,70,-4961.665913988287,153,2.3232031025675077,0,0,0
Firm1,71,-3430.7956681561805,0,4.68274498859949,0,0,0
Firm2,71,4819.3975172873115,0,17.19781640425359,0,0,0
Firm3,71,10603.447953217554,0,22.73096862814154,0,0,0
Firm4,71,5979.790456820948,0,16.866725274905356,0,0,0
Firm5,71,1510.8735355829538,142,38.37102412442414,0,0,0
Firm6,71,-316.07785109704577,213,21.535559214117004,0,0,0
Firm7,71,8579.68185064461,97,9.140838665544003,0,0,0
Firm8,71,-5351.93300728414,327,22.567924241005322,0,0,0
Firm9,71,-12105.108711785882,508,44.785720295994324,0,0,0
Firm10,71,-5028.730767082555,154,2.3232031025675077,0,0,0
Firm1,72,-3491.0119112709667,0,4.68274498859949,0,0,0
Firm2,72,4875.841094089313,0,17.19781640425359,0,0,0
Firm3,72,10747.94668395034,0,22.73096862814154,0,0,0
Firm4,72,6058.923264655892,0,16.866725274905356,0,0,0
Firm5,72,1520.9801395262286,144,38.37102412442414,0,0,0
Firm6,72,-331.8595122362121,216,21.535559214117004,0,0,0
Firm7,72,8709.02388889168,97,9.140838665544003,0,0,0
Firm8,72,-5416.376654033344,331,22.567924241005322,0,0,0
Firm9,72,-12231.006819880527,514,44.785720295994324,0,0,0
Firm10,72,-5109.998072233779,157,2.3232031025675077,0,0,0
Firm1,73,-3551.228154385753,0,4.68274498859949,0,0,0
Firm2,73,4932.284670891314,0,17.19781640425359,0,0,0
Firm3,73,10892.445414683127,0,22.73096862814154,0,0,0
Firm4,73,6138.056072490836,0,16.866725274905356,0,0,0
Firm5,73,1531.0867434695035,146,38.37102412442414,0,0,0
Firm6,73,-347.6411733753784,219,21.535559214117004,0,0,0
Firm7,73,8811.043966402063,99,9.140838665544003,0,0,0
Firm8,73,-5504.856679760279,336,22.567924241005322,0,0,0
Firm9,73,-12442.04466990271,522,44.785720295994324,0,0,0
Firm10,73,-5177.062925328047,158,2.3232031025675077,0,0,0
Firm1,74,-3611.4443975005393,0,4.68274498859949,0,0,0
Firm2,74,4988.728247693315,0,17.19781640425359,0,0,0
Firm3,74,11036.944145415913,0,22.73096862814154,0,0,0
Firm4,74,6217.188880325781,0,16.866725274905356,0,0,0
Firm5,74,1541.1933474127784,148,38.37102412442414,0,0,0
Firm6,74,-363.4228345145447,222,21.535559214117004,0,0,0
Firm7,74,8926.72502428079,100,9.140838665544003,0,0,0
Firm8,74,-5569.300326509482,340,22.567924241005322,0,0,0
Firm9,74,-12567.942777997356,528,44.785720295994324,0,0,0
Firm10,74,-5251.229004450793,160,2.3232031025675077,0,0,0
Firm1,75,-3671.6606406153255,0,4.68274498859949,0,0,0
Firm2,75,5045.171824495316,0,17.19781640425359,0,0,0
Firm3,75,11181.4428761487,0,22.73096862814154,0,0,0
Firm4,75,6296.321688160725,0,16.866725274905356,0,0,0
Firm5,75,1551.2999513560533,150,38.37102412442414,0,0,0
Firm6,75,-379.20449565371126,225,21.535559214117004,0,0,0
Firm7,75,9028.745101791174,102,9.140838665544003,0,0,0
Firm8,75,-5633.743973258685,344,22.567924241005322,0,0,0
Firm9,75,-12735.25438543856,535,44.785720295994324,0,0,0
Firm10,75,-5318.893516167306,162,2.3232031025675077,0,0,0
Firm1,76,-3731.876883730112,0,4.68274498859949,0,0,0
Firm2,76,5101.6154012973175,0,17.19781640425359,0,0,0
Firm3,76,11325.941606881486,0,22.73096862814154,0,0,0
Firm4,76,6375.454495995669,0,16.866725274905356,0,0,0
Firm5,76,1561.4065552993281,152,38.37102412442414,0,0,0
Firm6,76,-394.98615679287803,228,21.535559214117004,0,0,0
Firm7,76,9158.087140038242,102,9.140838665544003,0,0,0
Firm8,76,-5746.260377963353,350,22.567924241005322,0,0,0
Firm9,76,-12947.760283561673,543,44.785720295994324,0,0,0
Firm10,76,-5407.262047347008,166,2.3232031025675077,0,0,0
Firm1,77,-3792.093126844898,0,4.68274498859949,0,0,0
Firm2,77,5158.058978099319,0,17.19781640425359,0,0,0
Firm3,77,11470.440337614273,0,22.73096862814154,0,0,0
Firm4,77,6454.587303830614,0,16.866725274905356,0,0,0
Firm5,77,1571.513159242603,154,38.37102412442414,0,0,0
Firm6,77,-410.7678179320449,231,21.535559214117004,0,0,0
Firm7,77,9260.107217548626,104,9.140838665544003,0,0,0
Firm8,77,-5810.704024712556,354,22.567924241005322,0,0,0
Firm9,77,-13115.071891002877,550,44.785720295994324,0,0,0
Firm10,77,-5474.326900441276,167,2.3232031025675077,0,0,0
Firm1,78,-3852.3093699596843,0,4.68274498859949,0,0,0
Firm2,78,5214.50255490132,0,17.19781640425359,0,0,0
Firm3,78,11614.93906834706,0,22.73096862814154,0,0,0
Firm4,78,6533.720111665558,0,16.866725274905356,0,0,0
Firm5,78,1581.619763185878,156,38.37102412442414,0,0,0
Firm6,78,-426.54947907121175,234,21.535559214117004,0,0,0
Firm7,78,9362.12729505901,106,9.140838665544003,0,0,0
Firm8,78,-5899.184050439491,359,22.567924241005322,0,0,0
Firm9,78,-13284.6962416785,557,44.785720295994324,0,0,0
Firm10,78,-5541.391753535544,168,2.3232031025675077,0,0,0
Firm1,79,-3912.5256130744706,0,4.68274498859949,0,0,0
Firm2,79,5270.946131703321,0,17.19781640425359,0,0,0
Firm3,79,11759.437799079846,0,22.73096862814154,0,0,0
Firm4,79,6612.852919500502,0,16.866725274905356,0,0,0
Firm5,79,1591.7263671291528,158,38.37102412442414,0,0,0
Firm6,79,-442.3311402103785,237,21.535559214117004,0,0,0
Firm7,79,9477.808352937736,107,9.140838665544003,0,0,0
Firm8,79,-5963.627697188695,363,22.567924241005322,0,0,0
Firm9,79,-13452.007849119705,564,44.785720295994324,0,0,0
Firm10,79,-5615.55783265829,170,2.3232031025675077,0,0,0
Firm1,80,-3972.741856189257,0,4.68274498859949,0,0,0
Firm2,80,5327.389708505322,0,17.19781640425359,0,0,0
Firm3,80,11903.936529812632,0,22.73096862814154,0,0,0
Firm4,80,6691.985727335446,0,16.866725274905356,0,0,0
Firm5,80,1601.8329710724277,160,38.37102412442414,0,0,0
Firm6,80,-458.1128013495453,240,21.535559214117004,0,0,0
Firm7,80,9579.82843044812,109,9.140838665544003,0,0,0
Firm8,80,-6028.071343937898,367,22.567924241005322,0,0,0
Firm9,80,-13577.90595721435,570,44.785720295994324,0,0,0
Firm10,80,-5683.2223443748035,172,2.3232031025675077,0,0,0
Firm1,81,-4032.958099304043,0,4.68274498859949,0,0,0
Firm2,81,5383.833285307323,0,17.19781640425359,0,0,0
Firm3,81,12048.435260545419,0,22.73096862814154,0,0,0
Firm4,81,6771.118535170391,0,16.866725274905356,0,0,0
Firm5,81,1611.9395750157025,162,38.37102412442414,0,0,0
Firm6,81,-473.89446248871207,243,21.535559214117004,0,0,0
Firm7,81,9709.170468695189,109,9.140838665544003,0,0,0
Firm8,81,-6140.587748642565,373,22.567924241005322,0,0,0
Firm9,81,-13831.825354684022,579,44.785720295994324,0,0,0
Firm10,81,-5771.590875554505,176,2.3232031025675077,0,0,0
Firm1,82,-4093.1743424188285,0,4.68274498859949,0,0,0
Firm2,82,5440.276862109325,0,17.19781640425359,0,0,0
Firm3,82,12192.933991278205,0,22.73096862814154,0,0,0
Firm4,82,6850.251343005335,0,16.866725274905356,0,0,0
Firm5,82,1622.0461789589774,164,38.37102412442414,0,0,0
Firm6,82,-489.67612362787906,246,21.535559214117004,0,0,0
Firm7,82,9797.52956583723,112,9.140838665544003,0,0,0
Firm8,82,-6205.0313953917685,377,22.567924241005322,0,0,0
Firm9,82,-13957.723462778667,585,44.785720295994324,0,0,0
Firm10,82,-5831.554502620295,176,2.3232031025675077,0,0,0
Firm1,83,-4153.3905855336125,0,4.68274498859949,0,0,0
Firm2,83,5496.720438911326,0,17.19781640425359,0,0,0
Firm3,83,12337.432722010992,0,22.73096862814154,0,0,0
Firm4,83,6929.384150840279,0,16.866725274905356,0,0,0
Firm5,83,1632.1527829022523,166,38.37102412442414,0,0,0
Firm6,83,-505.4577847670463,249,21.535559214117004,0,0,0
Firm7,83,9926.8716040843,112,9.140838665544003,0,0,0
Firm8,83,-6293.511421118704,382,22.567924241005322,0,0,0
Firm9,83,-14125.035070219872,592,44.785720295994324,0,0,0
Firm10,83,-5914.919428018138,181,2.3232031025675077,0,0,0
Firm1,84,-4213.606828648396,0,4.68274498859949,0,0,0
Firm2,84,5553.164015713327,0,17.19781640425359,0,0,0
Firm3,84,12481.931452743778,0,22.73096862814154,0,0,0
Firm4,84,7008.516958675224,0,16.866725274905356,0,0,0
Firm5,84,1642.2593868455272,168,38.37102412442414,0,0,0
Firm6,84,-521.2394459062136,252,21.535559214117004,0,0,0
Firm7,84,10028.891681594683,114,9.140838665544003,0,0,0
Firm8,84,-6357.955067867907,386,22.567924241005322,0,0,0
Firm9,84,-14337.955832947991,600,44.785720295994324,0,0,0
Firm10,84,-5981.984281112406,182,2.3232031025675077,0,0,0
Firm1,85,-4273.8230717631795,0,4.68274498859949,0,0,0
Firm2,85,5609.607592515328,0,17.19781640425359,0,0,0
Firm3,85,12626.430183476565,0,22.73096862814154,0,0,0
Firm4,85,7087.649766510168,0,16.866725274905356,0,0,0
Firm5,85,1652.365990788802,170,38.37102412442414,0,0,0
Firm6,85,-537.0211070453811,255,21.535559214117004,0,0,0
Firm7,85,10158.233719841752,114,9.140838665544003,0,0,0
Firm8,85,-6422.39871461711,390,22.567924241005322,0,0,0
Firm9,85,-14505.267440389196,607,44.785720295994324,0,0,0
Firm10,85,-6063.8512448858755,186,2.3232031025675077,0,0,0
Firm1,86,-4334.039314877963,0,4.68274498859949,0,0,0
Firm2,86,5666.051169317329,0,17.19781640425359,0,0,0
Firm3,86,12770.928914209351,0,22.73096862814154,0,0,0
Firm4,86,7166.782574345112,0,16.866725274905356,0,0,0
Firm5,86,1662.472594732077,172,38.37102412442414,0,0,0
Firm6,86,-552.8027681845485,258,21.535559214117004,0,0,0
Firm7,86,10246.592816983793,117,9.140838665544003,0,0,0
Firm8,86,-6534.915119321778,396,22.567924241005322,0,0,0
Firm9,86,-14674.89179106482,614,44.785720295994324,0,0,0
Firm10,86,-6123.814871951666,186,2.3232031025675077,0,0,0
Firm1,87,-4394.255557992747,0,4.68274498859949,0,0,0
Firm2,87,5722.494746119331,0,17.19781640425359,0,0,0
Firm3,87,12915.427644942138,0,22.73096862814154,0,0,0
Firm4,87,7245.915382180056,0,16.866725274905356,0,0,0
Firm5,87,1672.5791986753518,174,38.37102412442414,0,0,0
Firm6,87,-568.584429323716,261,21.535559214117004,0,0,0
Firm7,87,10362.27387486252,118,9.140838665544003,0,0,0
Firm8,87,-6599.358766070981,400,22.567924241005322,0,0,0
Firm9,87,-14885.084945953513,622,44.785720295994324,0,0,0
Firm10,87,-6205.08217710289,189,2.3232031025675077,0,0,0
Firm1,88,-4454.47180110753,0,4.68274498859949,0,0,0
Firm2,88,5778.938322921332,0,17.19781640425359,0,0,0
Firm3,88,13059.926375674924,0,22.73096862814154,0,0,0
Firm4,88,7325.048190015001,0,16.866725274905356,0,0,0
Firm5,88,1682.6858026186267,176,38.37102412442414,0,0,0
Firm6,88,-584.3660904628834,264,21.535559214117004,0,0,0
Firm7,88,10477.954932741246,119,9.140838665544003,0,0,0
Firm8,88,-6687.838791797916,405,22.567924241005322,0,0,0
Firm9,88,-15010.983054048158,628,44.785720295994324,0,0,0
Firm10,88,-6279.2482562256355,191,2.3232031025675077,0,0,0
Firm1,89,-4514.688044222314,0,4.68274498859949,0,0,0
Firm2,89,5835.381899723333,0,17.19781640425359,0,0,0
Firm3,89,13204.42510640771,0,22.73096862814154,0,0,0
Firm4,89,7404.180997849945,0,16.866725274905356,0,0,0
Firm5,89,1692.7924065619015,178,38.37102412442414,0,0,0
Firm6,89,-600.1477516020509,267,21.535559214117004,0,0,0
Firm7,89,10593.635990619972,120,9.140838665544003,0,0,0
Firm8,89,-6752.282438547119,409,22.567924241005322,0,0,0
Firm9,89,-15180.607404723782,635,44.785720295994324,0,0,0
Firm10,89,-6353.414335348381,193,2.3232031025675077,0,0,0
Firm1,90,-4574.904287337097,0,4.68274498859949,0,0,0
Firm2,90,5891.825476525334,0,17.19781640425359,0,0,0
Firm3,90,13348.923837140497,0,22.73096862814154,0,0,0
Firm4,90,7483.313805684889,0,16.866725274905356,0,0,0
Firm5,90,1702.8990105051764,180,38.37102412442414,0,0,0
Firm6,90,-615.9294127412184,270,21.535559214117004,0,0,0
Firm7,90,10695.656068130356,122,9.140838665544003,0,0,0
Firm8,90,-6816.726085296323,413,22.567924241005322,0,0,0
Firm9,90,-15347.919012164986,642,44.785720295994324,0,0,0
Firm10,90,-6420.4791884426495,194,2.3232031025675077,0,0,0
Firm1,91,-4635.120530451881,0,4.68274498859949,0,0,0
Firm2,91,5948.269053327335,0,17.19781640425359,0,0,0
Firm3,91,13493.422567873284,0,22.73096862814154,0,0,0
Firm4,91,7562.446613519834,0,16.866725274905356,0,0,0
Firm5,91,1713.0056144484513,182,38.37102412442414,0,0,0
Firm6,91,-631.7110738803858,273,21.535559214117004,0,0,0
Firm7,91,10797.67614564074,124,9.140838665544003,0,0,0
Firm8,91,-6929.24249000099,419,22.567924241005322,0,0,0
Firm9,91,-15517.54336284061,649,44.785720295994324,0,0,0
Firm10,91,-6487.544041536918,195,2.3232031025675077,0,0,0
Firm1,92,-4695.336773566664,0,4.68274498859949,0,0,0
Firm2,92,6004.7126301293365,0,17.19781640425359,0,0,0
Firm3,92,13637.92129860607,0,22.73096862814154,0,0,0
Firm4,92,7641.579421354778,0,16.866725274905356,0,0,0
Firm5,92,1723.1122183917262,184,38.37102412442414,0,0,0
Firm6,92,-647.4927350195533,276,21.535559214117004,0,0,0
Firm7,92,10927.018183887809,124,9.140838665544003,0,0,0
Firm8,92,-6993.686136750193,423,22.567924241005322,0,0,0
Firm9,92,-15727.736517729303,657,44.785720295994324,0,0,0
Firm10,92,-6575.912572716619,199,2.3232031025675077,0,0,0
Firm1,93,-4755.553016681448,0,4.68274498859949,0,0,0
Firm2,93,6061.156206931338,0,17.19781640425359,0,0,0
Firm3,93,13782.420029338857,0,22.73096862814154,0,0,0
Firm4,93,7720.712229189722,0,16.866725274905356,0,0,0
Firm5,93,1733.218822335001,186,38.37102412442414,0,0,0
Firm6,93,-663.2743961587207,279,21.535559214117004,0,0,0
Firm7,93,11029.038261398193,126,9.140838665544003,0,0,0
Firm8,93,-7058.129783499397,427,22.567924241005322,0,0,0
Firm9,93,-15853.634625823948,663,44.785720295994324,0,0,0
Firm10,93,-6643.577084433133,201,2.3232031025675077,0,0,0
Firm1,94,-4815.769259796231,0,4.68274498859949,0,0,0
Firm2,94,6117.599783733339,0,17.19781640425359,0,0,0
Firm3,94,13926.918760071643,0,22.73096862814154,0,0,0
Firm4,94,7799.845037024666,0,16.866725274905356,0,0,0
Firm5,94,1743.325426278276,188,38.37102412442414,0,0,0
Firm6,94,-679.0560572978882,282,21.535559214117004,0,0,0
Firm7,94,11131.058338908577,128,9.140838665544003,0,0,0
Firm8,94,-7146.609809226332,432,22.567924241005322,0,0,0
Firm9,94,-16064.672475846131,671,44.785720295994324,0,0,0
Firm10,94,-6710.641937527401,202,2.3232031025675077,0,0,0
Firm1,95,-4875.985502911015,0,4.68274498859949,0,0,0
Firm2,95,6174.04336053534,0,17.19781640425359,0,0,0
Firm3,95,14071.41749080443,0,22.73096862814154,0,0,0
Firm4,95,7878.977844859611,0,16.866725274905356,0,0,0
Firm5,95,1753.4320302215508,190,38.37102412442414,0,0,0
Firm6,95,-694.8377184370556,285,21.535559214117004,0,0,0
Firm7,95,11246.739396787303,129,9.140838665544003,0,0,0
Firm8,95,-7211.053455975535,436,22.567924241005322,0,0,0
Firm9,95,-16190.570583940776,677,44.785720295994324,0,0,0
Firm10,95,-6784.808016650147,204,2.3232031025675077,0,0,0
Firm1,96,-4936.2017460257985,0,4.68274498859949,0,0,0
Firm2,96,6230.486937337341,0,17.19781640425359,0,0,0
Firm3,96,14215.916221537216,0,22.73096862814154,0,0,0
Firm4,96,7958.110652694555,0,16.866725274905356,0,0,0
Firm5,96,1763.5386341648257,192,38.37102412442414,0,0,0
Firm6,96,-710.6193795762231,288,21.535559214117004,0,0,0
Firm7,96,11362.42045466603,130,9.140838665544003,0,0,0
Firm8,96,-7323.5698606802025,442,22.567924241005322,0,0,0
Firm9,96,-16357.882191381977,684,44.785720295994324,0,0,0
Firm10,96,-6860.237821160444,207,2.3232031025675077,0,0,0
Firm1,97,-4996.417989140582,0,4.68274498859949,0,0,0
Firm2,97,6286.930514139342,0,17.19781640425359,0,0,0
Firm3,97,14360.414952270003,0,22.73096862814154,0,0,0
Firm4,97,8037.243460529499,0,16.866725274905356,0,0,0
Firm5,97,1773.6452381081006,194,38.37102412442414,0,0,0
Firm6,97,-726.4010407153905,291,21.535559214117004,0,0,0
Firm7,97,11478.101512544756,131,9.140838665544003,0,0,0
Firm8,97,-7388.013507429406,446,22.567924241005322,0,0,0
Firm9,97,-16527.506542057603,691,44.785720295994324,0,0,0
Firm10,97,-6935.65682539632,211,2.3232031025675077,0,0,0
Firm1,98,-5056.6342322553655,0,4.68274498859949,0,0,0
Firm2,98,6343.374090941344,0,17.19781640425359,0,0,0
Firm3,98,14504.91368300279,0,22.73096862814154,0,0,0
Firm4,98,8116.376268364444,0,16.866725274905356,0,0,0
Firm5,98,1783.7518420513754,196,38.37102412442414,0,0,0
Firm6,98,-742.182701854558,294,21.535559214117004,0,0,0
Firm7,98,11580.12159005514,133,9.140838665544003,0,0,0
Firm8,98,-7452.457154178609,450,22.567924241005322,0,0,0
Firm9,98,-16780.996108998792,700,44.785720295994324,0,0,0
Firm10,98,-7010.422563141311,214,2.3232031025675077,0,0,0
Firm1,99,-5116.850475370149,0,4.68274498859949,0,0,0
Firm2,99,6399.817667743345,0,17.19781640425359,0,0,0
Firm3,99,14649.412413735576,0,22.73096862814154,0,0,0
Firm4,99,8195.509076199387,0,16.866725274905356,0,0,0
Firm5,99,1793.8584459946503,198,38.37102412442414,0,0,0
Firm6,99,-757.9643629937254,297,21.535559214117004,0,0,0
Firm7,99,11695.802647933866,134,9.140838665544003,0,0,0
Firm8,99,-7540.937179905544,455,22.567924241005322,0,0,0
Firm9,99,-16950.620459674417,707,44.785720295994324,0,0,0
Firm10,99,-7084.588642264057,216,2.3232031025675077,0,0,0
Firm1,100,-5177.066718484933,0,4.68274498859949,0,0,0
Firm2,100,6456.261244545346,0,17.19781640425359,0,0,0
Firm3,100,14793.911144468362,0,22.73096862814154,0,0,0
Firm4,100,8274.641884034329,0,16.866725274905356,0,0,0
Firm5,100,1803.9650499379252,200,38.37102412442414,0,0,0
Firm6,100,-773.7460241328929,300,21.535559214117004,0,0,0
Firm7,100,11811.483705812592,135,9.140838665544003,0,0,0
Firm8,100,-7605.380826654748,459,22.567924241005322,0,0,0
Firm9,100,-17117.932067115624,714,44.785720295994324,0,0,0
Firm10,100,-7158.754721386803,218,2.3232031025675077,0,0,0
Firm1,101,-5237.282961599716,0,4.68274498859949,0,0,0
Firm2,101,6512.704821347347,0,17.19781640425359,0,0,0
Firm3,101,14938.409875201149,0,22.73096862814154,0,0,0
Firm4,101,8353.77469186927,0,16.866725274905356,0,0,0
Firm5,101,1814.0716538812,202,38.37102412442414,0,0,0
Firm6,101,-789.5276852720604,303,21.535559214117004,0,0,0
Firm7,101,11913.503783322976,137,9.140838665544003,0,0,0
Firm8,101,-7717.897231359415,465,22.567924241005322,0,0,0
Firm9,101,-17243.83017521027,720,44.785720295994324,0,0,0
Firm10,101,-7225.819574481071,219,2.3232031025675077,0,0,0
Firm1,102,-5297.4992047145,0,4.68274498859949,0,0,0
Firm2,102,6569.148398149348,0,17.19781640425359,0,0,0
Firm3,102,15082.908605933935,0,22.73096862814154,0,0,0
Firm4,102,8432.90749970421,0,16.866725274905356,0,0,0
Firm5,102,1824.178257824475,204,38.37102412442414,0,0,0
Firm6,102,-805.3093464112278,306,21.535559214117004,0,0,0
Firm7,102,12015.52386083336,139,9.140838665544003,0,0,0
Firm8,102,-7782.340878108618,469,22.567924241005322,0,0,0
Firm9,102,-17454.868025232456,728,44.785720295994324,0,0,0
Firm10,102,-7292.884427575339,220,2.3232031025675077,0,0,0
Firm1,103,-5357.715447829283,0,4.68274498859949,0,0,0
Firm2,103,6625.59197495135,0,17.19781640425359,0,0,0
Firm3,103,15227.407336666722,0,22.73096862814154,0,0,0
Firm4,103,8512.04030753915,0,16.866725274905356,0,0,0
Firm5,103,1834.2848617677498,206,38.37102412442414,0,0,0
Firm6,103,-821.0910075503953,309,21.535559214117004,0,0,0
Firm7,103,12131.204918712087,140,9.140838665544003,0,0,0
Firm8,103,-7846.784524857821,473,22.567924241005322,0,0,0
Firm9,103,-17623.64768077459,735,44.785720295994324,0,0,0
Firm10,103,-7374.151732726563,223,2.3232031025675077,0,0,0
Firm1,104,-5417.931690944067,0,4.68274498859949,0,0,0
Firm2,104,6682.035551753351,0,17.19781640425359,0,0,0
Firm3,104,15371.906067399508,0,22.73096862814154,0,0,0
Firm4,104,8591.17311537409,0,16.866725274905356,0,0,0
Firm5,104,1844.3914657110247,208,38.37102412442414,0,0,0
Firm6,104,-836.8726686895627,312,21.535559214117004,0,0,0
Firm7,104,12246.885976590813,141,9.140838665544003,0,0,0
Firm8,104,-7935.264550584757,478,22.567924241005322,0,0,0
Firm9,104,-17834.685530796774,743,44.785720295994324,0,0,0
Firm10,104,-7448.317811849309,225,2.3232031025675077,0,0,0
Firm1,105,-5478.14793405885,0,4.68274498859949,0,0,0
Firm2,105,6738.479128555352,0,17.19781640425359,0,0,0
Firm3,105,15516.404798132295,0,22.73096862814154,0,0,0
Firm4,105,8670.305923209029,0,16.866725274905356,0,0,0
Firm5,105,1854.4980696542996,210,38.37102412442414,0,0,0
Firm6,105,-852.6543298287302,315,21.535559214117004,0,0,0
Firm7,105,12348.906054101197,143,9.140838665544003,0,0,0
Firm8,105,-7999.70819733396,482,22.567924241005322,0,0,0
Firm9,105,-17960.58363889142,749,44.785720295994324,0,0,0
Firm10,105,-7515.382664943577,226,2.3232031025675077,0,0,0
Firm1,106,-5538.364177173634,0,4.68274498859949,0,0,0
Firm2,106,6794.922705357353,0,17.19781640425359,0,0,0
Firm3,106,15660.903528865081,0,22.73096862814154,0,0,0
Firm4,106,8749.438731043969,0,16.866725274905356,0,0,0
Firm5,106,1864.6046735975744,212,38.37102412442414,0,0,0
Firm6,106,-868.4359909678976,318,21.535559214117004,0,0,0
Firm7,106,12464.587111979923,144,9.140838665544003,0,0,0
Firm8,106,-8088.188223060894,487,22.567924241005322,0,0,0
Firm9,106,-18086.481746986068,755,44.785720295994324,0,0,0
Firm10,106,-7590.148402688568,229,2.3232031025675077,0,0,0
Firm1,107,-5598.580420288417,0,4.68274498859949,0,0,0
Firm2,107,6851.366282159354,0,17.19781640425359,0,0,0
Firm3,107,15805.402259597868,0,22.73096862814154,0,0,0
Firm4,107,8828.571538878909,0,16.866725274905356,0,0,0
Firm5,107,1874.7112775408493,214,38.37102412442414,0,0,0
Firm6,107,-884.217652107065,321,21.535559214117004,0,0,0
Firm7,107,12580.26816985865,145,9.140838665544003,0,0,0
Firm8,107,-8176.668248787825,492,22.567924241005322,0,0,0
Firm9,107,-18297.519597008253,763,44.785720295994324,0,0,0
Firm10,107,-7664.314481811314,231,2.3232031025675077,0,0,0
Firm1,108,-5658.796663403201,0,4.68274498859949,0,0,0
Firm2,108,6907.8098589613555,0,17.19781640425359,0,0,0
Firm3,108,15949.900990330654,0,22.73096862814154,0,0,0
Firm4,108,8907.704346713848,0,16.866725274905356,0,0,0
Firm5,108,1884.8178814841242,216,38.37102412442414,0,0,0
Firm6,108,-899.9993132462323,324,21.535559214117004,0,0,0
Firm7,108,12695.949227737376,146,9.140838665544003,0,0,0
Firm8,108,-8241.111895537022,496,22.567924241005322,0,0,0
Firm9,108,-18466.299252550387,770,44.785720295994324,0,0,0
Firm10,108,-7738.48056093406,233,2.3232031025675077,0,0,0
Firm1,109,-5719.012906517984,0,4.68274498859949,0,0,0
Firm2,109,6964.253435763357,0,17.19781640425359,0,0,0
Firm3,109,16094.39972106344,0,22.73096862814154,0,0,0
Firm4,109,8986.837154548788,0,16.866725274905356,0,0,0
Firm5,109,1894.924485427399,218,38.37102412442414,0,0,0
Firm6,109,-915.7809743853998,327,21.535559214117004,0,0,0
Firm7,109,12797.96930524776,148,9.140838665544003,0,0,0
Firm8,109,-8329.591921263953,501,22.567924241005322,0,0,0
Firm9,109,-18633.610859991593,777,44.785720295994324,0,0,0
Firm10,109,-7812.646640056806,235,2.3232031025675077,0,0,0
Firm1,110,-5779.229149632768,0,4.68274498859949,0,0,0
Firm2,110,7020.697012565358,0,17.19781640425359,0,0,0
Firm3,110,16238.898451796227,0,22.73096862814154,0,0,0
Firm4,110,9065.969962383728,0,16.866725274905356,0,0,0
Firm5,110,1905.031089370674,220,38.37102412442414,0,0,0
Firm6,110,-931.562635524567,330,21.535559214117004,0,0,0
Firm7,110,12899.989382758144,150,9.140838665544003,0,0,0
Firm8,110,-8394.03556801315,505,22.567924241005322,0,0,0
Firm9,110,-18803.23521066722,784,44.785720295994324,0,0,0
Firm10,110,-7879.711493151074,236,2.3232031025675077,0,0,0
Firm1,111,-5839.4453927475515,0,4.68274498859949,0,0,0
Firm2,111,7077.140589367359,0,17.19781640425359,0,0,0
Firm3,111,16383.397182529014,0,22.73096862814154,0,0,0
Firm4,111,9145.102770218668,0,16.866725274905356,0,0,0
Firm5,111,1915.1376933139488,222,38.37102412442414,0,0,0
Firm6,111,-947.3442966637344,333,21.535559214117004,0,0,0
Firm7,111,13029.331421005212,150,9.140838665544003,0,0,0
Firm8,111,-8458.479214762348,509,22.567924241005322,0,0,0
Firm9,111,-18970.546818108425,791,44.785720295994324,0,0,0
Firm10,111,-7962.769707730287,242,2.3232031025675077,0,0,0
Firm1,112,-5899.661635862335,0,4.68274498859949,0,0,0
Firm2,112,7133.58416616936,0,17.19781640425359,0,0,0
Firm3,112,16527.895913261797,0,22.73096862814154,0,0,0
Firm4,112,9224.235578053607,0,16.866725274905356,0,0,0
Firm5,112,1925.2442972572237,224,38.37102412442414,0,0,0
Firm6,112,-963.1259578029018,336,21.535559214117004,0,0,0
Firm7,112,13131.351498515596,152,9.140838665544003,0,0,0
Firm8,112,-8570.995619467012,515,22.567924241005322,0,0,0
Firm9,112,-19183.467580836546,799,44.785720295994324,0,0,0
Firm10,112,-8029.834560824555,243,2.3232031025675077,0,0,0
Firm1,113,-5959.877878977119,0,4.68274498859949,0,0,0
Firm2,113,7190.0277429713615,0,17.19781640425359,0,0,0
Firm3,113,16672.394643994558,0,22.73096862814154,0,0,0
Firm4,113,9303.368385888547,0,16.866725274905356,0,0,0
Firm5,113,1935.3509012004986,226,38.37102412442414,0,0,0
Firm6,113,-978.9076189420689,339,21.535559214117004,0,0,0
Firm7,113,13233.37157602598,154,9.140838665544003,0,0,0
Firm8,113,-8635.43926621621,519,22.567924241005322,0,0,0
Firm9,113,-19350.779188277753,806,44.785720295994324,0,0,0
Firm10,113,-8096.8994139188235,244,2.3232031025675077,0,0,0
Firm1,114,-6020.094122091902,0,4.68274498859949,0,0,0
Firm2,114,7246.471319773363,0,17.19781640425359,0,0,0
Firm3,114,16816.89337472732,0,22.73096862814154,0,0,0
Firm4,114,9382.501193723487,0,16.866725274905356,0,0,0
Firm5,114,1945.4575051437735,228,38.37102412442414,0,0,0
Firm6,114,-994.6892800812359,342,21.535559214117004,0,0,0
Firm7,114,13349.052633904706,155,9.140838665544003,0,0,0
Firm8,114,-8723.91929194314,524,22.567924241005322,0,0,0
Firm9,114,-19519.558843819887,813,44.785720295994324,0,0,0
Firm10,114,-8178.166719070047,247,2.3232031025675077,0,0,0
Firm1,115,-6080.310365206686,0,4.68274498859949,0,0,0
Firm2,115,7302.914896575364,0,17.19781640425359,0,0,0
Firm3,115,16961.39210546008,0,22.73096862814154,0,0,0
Firm4,115,9461.634001558426,0,16.866725274905356,0,0,0
Firm5,115,1955.5641090870483,230,38.37102412442414,0,0,0
Firm6,115,-1010.4709412204028,345,21.535559214117004,0,0,0
Firm7,115,13464.733691783433,156,9.140838665544003,0,0,0
Firm8,115,-8788.362938692339,528,22.567924241005322,0,0,0
Firm9,115,-19730.59669384207,821,44.785720295994324,0,0,0
Firm10,115,-8252.332798192794,249,2.3232031025675077,0,0,0
Firm1,116,-6140.526608321469,0,4.68274498859949,0,0,0
Firm2,116,7359.358473377365,0,17.19781640425359,0,0,0
Firm3,116,17105.89083619284,0,22.73096862814154,0,0,0
Firm4,116,9540.766809393366,0,16.866725274905356,0,0,0
Firm5,116,1965.6707130303232,232,38.37102412442414,0,0,0
Firm6,116,-1026.2526023595694,348,21.535559214117004,0,0,0
Firm7,116,13580.414749662159,157,9.140838665544003,0,0,0
Firm8,116,-8852.806585441536,532,22.567924241005322,0,0,0
Firm9,116,-19856.49480193672,827,44.785720295994324,0,0,0
Firm10,116,-8327.455891884463,253,2.3232031025675077,0,0,0
Firm1,117,-6200.742851436253,0,4.68274498859949,0,0,0
Firm2,117,7415.802050179366,0,17.19781640425359,0,0,0
Firm3,117,17250.3895669256,0,22.73096862814154,0,0,0
Firm4,117,9619.899617228306,0,16.866725274905356,0,0,0
Firm5,117,1975.777316973598,234,38.37102412442414,0,0,0
Firm6,117,-1042.0342634987362,351,21.535559214117004,0,0,0
Firm7,117,13682.434827172543,159,9.140838665544003,0,0,0
Firm8,117,-8965.3229901462,538,22.567924241005322,0,0,0
Firm9,117,-20067.532651958903,835,44.785720295994324,0,0,0
Firm10,117,-8394.520744978732,254,2.3232031025675077,0,0,0
Firm1,118,-6260.959094551036,0,4.68274498859949,0,0,0
Firm2,118,7472.245626981367,0,17.19781640425359,0,0,0
Firm3,118,17394.888297658363,0,22.73096862814154,0,0,0
Firm4,118,9699.032425063246,0,16.866725274905356,0,0,0
Firm5,118,1985.883920916873,236,38.37102412442414,0,0,0
Firm6,118,-1057.815924637903,354,21.535559214117004,0,0,0
Firm7,118,13798.11588505127,160,9.140838665544003,0,0,0
Firm8,118,-9029.766636895398,542,22.567924241005322,0,0,0
Firm9,118,-20193.43076005355,841,44.785720295994324,0,0,0
Firm10,118,-8468.68682410148,256,2.3232031025675077,0,0,0
Firm1,119,-6321.17533766582,0,4.68274498859949,0,0,0
Firm2,119,7528.689203783369,0,17.19781640425359,0,0,0
Firm3,119,17539.387028391124,0,22.73096862814154,0,0,0
Firm4,119,9778.165232898185,0,16.866725274905356,0,0,0
Firm5,119,1995.9905248601478,238,38.37102412442414,0,0,0
Firm6,119,-1073.5975857770698,357,21.535559214117004,0,0,0
Firm7,119,13900.135962561653,162,9.140838665544003,0,0,0
Firm8,119,-9118.246662622329,547,22.567924241005322,0,0,0
Firm9,119,-20403.623914942244,849,44.785720295994324,0,0,0
Firm10,119,-8535.751677195749,257,2.3232031025675077,0,0,0
Firm1,120,-6381.391580780603,0,4.68274498859949,0,0,0
Firm2,120,7585.13278058537,0,17.19781640425359,0,0,0
Firm3,120,17683.885759123885,0,22.73096862814154,0,0,0
Firm4,120,9857.298040733125,0,16.866725274905356,0,0,0
Firm5,120,2006.0971288034227,240,38.37102412442414,0,0,0
Firm6,120,-1089.3792469162365,360,21.535559214117004,0,0,0
Firm7,120,14029.478000808722,162,9.140838665544003,0,0,0
Firm8,120,-9182.690309371526,551,22.567924241005322,0,0,0
Firm9,120,-20573.24826561787,856,44.785720295994324,0,0,0
Firm10,120,-8624.120208375454,261,2.3232031025675077,0,0,0
Firm1,121,-6441.607823895387,0,4.68274498859949,0,0,0
Firm2,121,7641.576357387371,0,17.19781640425359,0,0,0
Firm3,121,17828.384489856646,0,22.73096862814154,0,0,0
Firm4,121,9936.430848568065,0,16.866725274905356,0,0,0
Firm5,121,2016.2037327466976,242,38.37102412442414,0,0,0
Firm6,121,-1105.1609080554033,363,21.535559214117004,0,0,0
Firm7,121,14117.837097950764,165,9.140838665544003,0,0,0
Firm8,121,-9247.133956120724,555,22.567924241005322,0,0,0
Firm9,121,-20740.559873059075,863,44.785720295994324,0,0,0
Firm10,121,-8684.441191387921,262,2.3232031025675077,0,0,0
Firm1,122,-6501.82406701017,0,4.68274498859949,0,0,0
Firm2,122,7698.019934189372,0,17.19781640425359,0,0,0
Firm3,122,17972.883220589407,0,22.73096862814154,0,0,0
Firm4,122,10015.563656403005,0,16.866725274905356,0,0,0
Firm5,122,2026.3103366899725,244,38.37102412442414,0,0,0
Firm6,122,-1120.94256919457,366,21.535559214117004,0,0,0
Firm7,122,14247.179136197832,165,9.140838665544003,0,0,0
Firm8,122,-9359.650360825388,561,22.567924241005322,0,0,0
Firm9,122,-20866.457981153722,869,44.785720295994324,0,0,0
Firm10,122,-8766.972221926699,266,2.3232031025675077,0,0,0
Firm1,123,-6562.040310124954,0,4.68274498859949,0,0,0
Firm2,123,7754.463510991373,0,17.19781640425359,0,0,0
Firm3,123,18117.381951322168,0,22.73096862814154,0,0,0
Firm4,123,10094.696464237944,0,16.866725274905356,0,0,0
Firm5,123,2036.4169406332473,246,38.37102412442414,0,0,0
Firm6,123,-1136.7242303337368,369,21.535559214117004,0,0,0
Firm7,123,14349.199213708216,167,9.140838665544003,0,0,0
Firm8,123,-9424.094007574586,565,22.567924241005322,0,0,0
Firm9,123,-21036.082331829348,876,44.785720295994324,0,0,0
Firm10,123,-8834.037075020968,267,2.3232031025675077,0,0,0
Firm1,124,-6622.2565532397375,0,4.68274498859949,0,0,0
Firm2,124,7810.907087793375,0,17.19781640425359,0,0,0
Firm3,124,18261.88068205493,0,22.73096862814154,0,0,0
Firm4,124,10173.829272072884,0,16.866725274905356,0,0,0
Firm5,124,2046.5235445765222,248,38.37102412442414,0,0,0
Firm6,124,-1152.5058914729036,372,21.535559214117004,0,0,0
Firm7,124,14464.880271586942,168,9.140838665544003,0,0,0
Firm8,124,-9488.537654323783,569,22.567924241005322,0,0,0
Firm9,124,-21203.393939270554,883,44.785720295994324,0,0,0
Firm10,124,-8908.80281276596,270,2.3232031025675077,0,0,0
Firm1,125,-6682.472796354521,0,4.68274498859949,0,0,0
Firm2,125,7867.350664595376,0,17.19781640425359,0,0,0
Firm3,125,18406.37941278769,0,22.73096862814154,0,0,0
Firm4,125,10252.962079907824,0,16.866725274905356,0,0,0
Firm5,125,2056.6301485197973,250,38.37102412442414,0,0,0
Firm6,125,-1168.2875526120704,375,21.535559214117004,0,0,0
Firm7,125,14566.900349097326,170,9.140838665544003,0,0,0
Firm8,125,-9577.017680050714,574,22.567924241005322,0,0,0
Firm9,125,-21415.899837393667,891,44.785720295994324,0,0,0
Firm10,125,-8983.802786747776,273,2.3232031025675077,0,0,0
Firm1,126,-6742.689039469305,0,4.68274498859949,0,0,0
Firm2,126,7923.794241397377,0,17.19781640425359,0,0,0
Firm3,126,18550.87814352045,0,22.73096862814154,0,0,0
Firm4,126,10332.094887742764,0,16.866725274905356,0,0,0
Firm5,126,2066.736752463072,252,38.37102412442414,0,0,0
Firm6,126,-1184.0692137512372,378,21.535559214117004,0,0,0
Firm7,126,14682.581406976053,171,9.140838665544003,0,0,0
Firm8,126,-9641.461326799912,578,22.567924241005322,0,0,0
Firm9,126,-21626.50785688737,899,44.785720295994324,0,0,0
Firm10,126,-9058.3262218172,276,2.3232031025675077,0,0,0
Firm1,127,-6802.905282584088,0,4.68274498859949,0,0,0
Firm2,127,7980.237818199378,0,17.19781640425359,0,0,0
Firm3,127,18695.376874253212,0,22.73096862814154,0,0,0
Firm4,127,10411.227695577703,0,16.866725274905356,0,0,0
Firm5,127,2076.843356406347,254,38.37102412442414,0,0,0
Firm6,127,-1199.850874890404,381,21.535559214117004,0,0,0
Firm7,127,14798.262464854779,172,9.140838665544003,0,0,0
Firm8,127,-9753.977731504576,584,22.567924241005322,0,0,0
Firm9,127,-21752.405964982016,905,44.785720295994324,0,0,0
Firm10,127,-9132.492300939948,278,2.3232031025675077,0,0,0
Firm1,128,-6863.121525698872,0,4.68274498859949,0,0,0
Firm2,128,8036.681395001379,0,17.19781640425359,0,0,0
Firm3,128,18839.875604985973,0,22.73096862814154,0,0,0
Firm4,128,10490.360503412643,0,16.866725274905356,0,0,0
Firm5,128,2086.949960349622,256,38.37102412442414,0,0,0
Firm6,128,-1215.6325360295707,384,21.535559214117004,0,0,0
Firm7,128,14900.282542365163,174,9.140838665544003,0,0,0
Firm8,128,-9818.421378253774,588,22.567924241005322,0,0,0
Firm9,128,-21963.4438150042,913,44.785720295994324,0,0,0
Firm10,128,-9199.557154034217,279,2.3232031025675077,0,0,0
Firm1,129,-6923.337768813655,0,4.68274498859949,0,0,0
Firm2,129,8093.1249718033805,0,17.19781640425359,0,0,0
Firm3,129,18984.374335718734,0,22.73096862814154,0,0,0
Firm4,129,10569.493311247583,0,16.866725274905356,0,0,0
Firm5,129,2097.056564292897,258,38.37102412442414,0,0,0
Firm6,129,-1231.4141971687375,387,21.535559214117004,0,0,0
Firm7,129,15015.96360024389,175,9.140838665544003,0,0,0
Firm8,129,-9882.865025002971,592,22.567924241005322,0,0,0
Firm9,129,-22089.341923098847,919,44.785720295994324,0,0,0
Firm10,129,-9274.32289177921,282,2.3232031025675077,0,0,0
Firm1,130,-6983.554011928439,0,4.68274498859949,0,0,0
Firm2,130,8149.568548605382,0,17.19781640425359,0,0,0
Firm3,130,19128.873066451495,0,22.73096862814154,0,0,0
Firm4,130,10648.626119082523,0,16.866725274905356,0,0,0
Firm5,130,2107.163168236172,260,38.37102412442414,0,0,0
Firm6,130,-1247.1958583079042,390,21.535559214117004,0,0,0
Firm7,130,15117.983677754273,177,9.140838665544003,0,0,0
Firm8,130,-9971.345050729902,597,22.567924241005322,0,0,0
Firm9,130,-22343.26132056852,928,44.785720295994324,0,0,0
Firm10,130,-9341.387744873478,283,2.3232031025675077,0,0,0
Firm1,131,-7043.770255043222,0,4.68274498859949,0,0,0
Firm2,131,8206.012125407384,0,17.19781640425359,0,0,0
Firm3,131,19273.371797184256,0,22.73096862814154,0,0,0
Firm4,131,10727.758926917462,0,16.866725274905356,0,0,0
Firm5,131,2082.463991121559,263,38.37102412442414,0,0,0
Firm6,131,-1235.1463094535425,391,21.535559214117004,1,1,0
Firm7,131,15233.906994480878,177,9.140838665544003,1,1,0
Firm8,131,-10028.833300125247,600,22.567924241005322,1,1,0
Firm9,131,-22464.249467654063,933,44.785720295994324,1,1,0
Firm10,131,-9424.004237586114,286,2.3232031025675077,1,1,0
Firm1,132,-7109.737858438714,0,4.68274498859949,1,1,0
Firm2,132,8243.383311986114,0,17.19781640425359,1,1,0
Firm3,132,19404.1913902921,0,22.73096862814154,1,1,0
Firm4,132,10790.230574227206,0,16.866725274905356,1,1,0
Firm5,132,2068.22490727168,265,38.37102412442414,1,1,0
Firm6,132,-1246.2383511321955,393,21.535559214117004,2,2,0
Firm7,132,15322.508350470798,179,9.140838665544003,2,2,0
Firm8,132,-10110.357928498324,604,22.567924241005322,2,2,0
Firm9,132,-22585.901060119002,938,44.785720295994324,2,2,0
Firm10,132,-9484.959696266636,285,2.3232031025675077,2,2,0
Firm1,133,-7175.705461834206,0,4.68274498859949,2,2,0
Firm2,133,8280.754498564838,0,17.19781640425359,2,2,0
Firm3,133,19535.010983399945,0,22.73096862814154,2,2,0
Firm4,133,10852.702221536949,0,16.866725274905356,2,2,0
Firm5,133,2053.985823421801,267,38.37102412442414,2,2,0
Firm6,133,-1257.3303928108485,395,21.535559214117004,3,3,0
Firm7,133,15438.431667197403,179,9.140838665544003,3,3,0
Firm8,133,-10143.809798915936,606,22.567924241005322,3,3,0
Firm9,133,-22709.86539581836,943,44.785720295994324,3,3,0
Firm10,133,-9560.117607004117,286,2.3232031025675077,3,3,0
Firm1,134,-7241.673065229698,0,4.68274498859949,3,3,0
Firm2,134,8318.125685143561,0,17.19781640425359,3,3,0
Firm3,134,19665.83057650779,0,22.73096862814154,3,3,0
Firm4,134,10915.173868846692,0,16.866725274905356,3,3,0
Firm5,134,2039.7467395719216,269,38.37102412442414,3,3,0
Firm6,134,-1268.4224344895015,397,21.535559214117004,4,4,0
Firm7,134,15540.694003555665,180,9.140838665544003,4,4,0
Firm8,134,-10177.261669333548,608,22.567924241005322,4,4,0
Firm9,134,-22831.5169882833,948,44.785720295994324,4,4,0
Firm10,134,-9628.174291713118,286,2.3232031025675077,4,4,0
Firm1,135,-7307.64066862519,0,4.68274498859949,4,4,0
Firm2,135,8355.49687172228,0,17.19781640425359,4,4,0
Firm3,135,19796.650169615634,0,22.73096862814154,4,4,0
Firm4,135,10977.645516156435,0,16.866725274905356,4,4,0
Firm5,135,2025.507655722042,271,38.37102412442414,4,4,0
Firm6,135,-1279.5144761681545,399,21.535559214117004,5,5,0
Firm7,135,15629.295359545586,182,9.140838665544003,5,5,0
Firm8,135,-10234.749918728892,611,22.567924241005322,5,5,0
Firm9,135,-22954.636628849166,953,44.785720295994324,5,5,0
Firm10,135,-9690.393475781191,286,2.3232031025675077,5,5,0
Firm1,136,-7373.608272020682,0,4.68274498859949,5,5,0
Firm2,136,8392.868058300994,0,17.19781640425359,5,5,0
Firm3,136,19927.46976272348,0,22.73096862814154,5,5,0
Firm4,136,11040.117163466179,0,16.866725274905356,5,5,0
Firm5,136,2011.2685718721625,273,38.37102412442414,5,5,0
Firm6,136,-1290.6065178468075,401,21.535559214117004,6,6,0
Firm7,136,15745.21867627219,182,9.140838665544003,6,6,0
Firm8,136,-10268.201789146504,613,22.567924241005322,6,6,0
Firm9,136,-23120.014463895084,959,44.785720295994324,6,6,0
Firm10,136,-9765.908742465348,288,2.3232031025675077,6,6,0
Firm1,137,-7439.575875416174,0,4.68274498859949,6,6,0
Firm2,137,8430.239244879707,0,17.19781640425359,6,6,0
Firm3,137,20058.289355831323,0,22.73096862814154,6,6,0
Firm4,137,11102.588810775922,0,16.866725274905356,6,6,0
Firm5,137,1997.029488022283,275,38.37102412442414,6,6,0
Firm6,137,-1301.6985595254605,403,21.535559214117004,7,7,0
Firm7,137,15833.82003226211,184,9.140838665544003,7,7,0
Firm8,137,-10318.734641187995,616,22.567924241005322,6,7,0
Firm9,137,-23195.34259600436,963,44.785720295994324,6,7,0
Firm10,137,-9835.556917411326,289,2.3232031025675077,6,7,0
Firm1,138,-7504.497460781199,0,4.68274498859949,6,7,0
Firm2,138,8470.547106595122,0,17.19781640425359,6,7,0
Firm3,138,20193.654690351268,0,22.73096862814154,6,7,0
Firm4,138,11151.218160831206,0,16.866725274905356,7,8,0
Firm5,138,1987.9961610246062,276,36.05890227591526,7,8,0
Firm6,138,-1303.411362283086,404,21.535559214117004,8,9,0
Firm7,138,15950.227866684472,183,9.140838665544003,8,9,0
Firm8,138,-10362.312095875634,618,22.567924241005322,7,9,0
Firm9,138,-23348.22032162725,968,42.47359844748545,7,9,0
Firm10,138,-9879.741295122483,291,8.824770508800402,7,9,0
Firm1,139,-7540.62680620084,0,8.520922791498354,7,9,0
Firm2,139,8491.782578087272,0,17.19781640425359,7,9,0
Firm3,139,20297.314335720526,0,20.418846779632663,7,9,0
Firm4,139,11199.84751088649,0,16.866725274905356,8,10,0
Firm5,139,1978.9628340269294,277,36.05890227591526,8,10,0
Firm6,139,-1305.1241650407114,405,21.535559214117004,9,11,0
Firm7,139,16039.31374037015,184,9.140838665544003,9,11,0
Firm8,139,-10381.853171585539,619,22.567924241005322,8,11,0
Firm9,139,-23498.78530401572,973,42.47359844748545,8,11,0
Firm10,139,-9946.270302327197,295,8.824770508800402,8,11,0
Firm1,140,-7576.756151620481,0,8.520922791498354,8,11,0
Firm2,140,8513.018049579421,0,17.19781640425359,8,11,0
Firm3,140,20400.973981089785,0,20.418846779632663,8,11,0
Firm4,140,11248.476860941773,0,16.866725274905356,9,12,0
Firm5,140,1969.9295070292526,278,36.05890227591526,9,12,0
Firm6,140,-1306.836967798337,406,21.535559214117004,10,13,0
Firm7,140,16155.721574792511,183,9.140838665544003,10,13,0
Firm8,140,-10401.394247295444,620,22.567924241005322,9,13,0
Firm9,140,-23651.482401270427,978,42.47359844748545,9,13,0
Firm10,140,-10025.353085119754,301,8.824770508800402,9,13,0
Firm1,141,-7612.885497040123,0,8.520922791498354,9,13,0
Firm2,141,8534.25352107157,0,17.19781640425359,9,13,0
Firm3,141,20504.633626459043,0,20.418846779632663,9,13,0
Firm4,141,11297.106210997057,0,16.866725274905356,10,14,0
Firm5,141,1960.8961800315758,279,36.05890227591526,10,14,0
Firm6,141,-1308.5497705559624,407,21.535559214117004,11,15,0
Firm7,141,16272.129409214873,182,9.140838665544003,11,15,0
Firm8,141,-10420.93532300535,621,22.567924241005322,10,15,0
Firm9,141,-23802.047383658897,983,42.47359844748545,10,15,0
Firm10,141,-10064.676505455045,303,8.824770508800402,10,15,0
Firm1,142,-7649.014842459764,0,8.520922791498354,10,15,0
Firm2,142,8555.48899256372,0,17.19781640425359,10,15,0
Firm3,142,20608.2932718283,0,20.418846779632663,10,15,0
Firm4,142,11345.735561052341,0,16.866725274905356,11,16,0
Firm5,142,1951.862853033899,280,36.05890227591526,11,16,0
Firm6,142,-1310.2625733135878,408,21.535559214117004,12,17,0
Firm7,142,16361.21528290055,183,9.140838665544003,12,17,0
Firm8,142,-10464.512777692988,623,22.567924241005322,11,17,0
Firm9,142,-23913.51098854932,987,42.47359844748545,11,17,0
Firm10,142,-10137.564431659997,308,8.824770508800402,11,17,0
Firm1,143,-7685.144187879405,0,8.520922791498354,11,17,0
Firm2,143,8576.72446405587,0,17.19781640425359,11,17,0
Firm3,143,20711.95291719756,0,20.418846779632663,11,17,0
Firm4,143,11394.364911107625,0,16.866725274905356,12,18,0
Firm5,143,1942.8295260362222,281,36.05890227591526,12,18,0
Firm6,143,-1311.9753760712133,409,21.535559214117004,13,19,0
Firm7,143,16477.623117322913,182,9.140838665544003,13,19,0
Firm8,143,-10484.053853402893,624,22.567924241005322,12,19,0
Firm9,143,-24064.740037703094,992,42.47359844748545,12,19,0
Firm10,143,-10204.155113172097,312,8.824770508800402,12,19,0
Firm1,144,-7721.273533299046,0,8.520922791498354,12,19,0
Firm2,144,8597.959935548019,0,17.19781640425359,12,19,0
Firm3,144,20815.612562566817,0,20.418846779632663,12,19,0
Firm4,144,11442.994261162909,0,16.866725274905356,13,20,0
Firm5,144,1933.7961990385454,282,36.05890227591526,13,20,0
Firm6,144,-1313.6881788288388,410,21.535559214117004,14,21,0
Firm7,144,16580.369971376884,182,9.140838665544003,14,21,0
Firm8,144,-10503.594929112798,625,22.567924241005322,13,21,0
Firm9,144,-24215.305020091564,997,42.47359844748545,13,21,0
Firm10,144,-10277.604718037106,317,8.824770508800402,13,21,0
Firm1,145,-7757.402878718687,0,8.520922791498354,13,21,0
Firm2,145,8619.195407040168,0,17.19781640425359,13,21,0
Firm3,145,20919.272207936076,0,20.418846779632663,13,21,0
Firm4,145,11491.623611218192,0,16.866725274905356,14,22,0
Firm5,145,1924.7628720408686,283,36.05890227591526,14,22,0
Firm6,145,-1315.4009815864642,411,21.535559214117004,15,23,0
Firm7,145,16696.777805799196,181,9.140838665544003,15,23,0
Firm8,145,-10547.172383800436,627,22.567924241005322,14,23,0
Firm9,145,-24408.752171313434,1003,42.47359844748545,14,23,0
Firm10,145,-10323.6720084542,319,8.824770508800402,14,23,0
Firm1,146,-7793.532224138328,0,8.520922791498354,14,23,0
Firm2,146,8640.430878532317,0,17.19781640425359,14,23,0
Firm3,146,21022.931853305334,0,20.418846779632663,14,23,0
Firm4,146,11540.252961273476,0,16.866725274905356,15,24,0
Firm5,146,1915.7295450431918,284,36.05890227591526,15,24,0
Firm6,146,-1317.1137843440897,412,21.535559214117004,16,25,0
Firm7,146,16826.84662058985,179,9.140838665544003,16,25,0
Firm8,146,-10590.749838488075,629,22.567924241005322,15,25,0
Firm9,146,-24518.56709973474,1007,42.47359844748545,15,25,0
Firm10,146,-10362.403836605992,320,8.824770508800402,15,25,0
Firm1,147,-7829.661569557969,0,8.520922791498354,15,25,0
Firm2,147,8661.666350024467,0,17.19781640425359,15,25,0
Firm3,147,21126.591498674592,0,20.418846779632663,15,25,0
Firm4,147,11588.88231132876,0,16.866725274905356,16,26,0
Firm5,147,1906.696218045515,285,36.05890227591526,16,26,0
Firm6,147,-1318.8265871017152,413,21.535559214117004,17,27,0
Firm7,147,16915.93249427548,180,9.140838665544003,17,27,0
Firm8,147,-10610.29091419798,630,22.567924241005322,16,27,0
Firm9,147,-24671.44482535763,1012,42.47359844748545,16,27,0
Firm10,147,-10415.330050375995,323,8.824770508800402,16,27,0
Firm1,148,-7865.790914977611,0,8.520922791498354,16,27,0
Firm2,148,8682.901821516616,0,17.19781640425359,16,27,0
Firm3,148,21230.25114404385,0,20.418846779632663,16,27,0
Firm4,148,11637.511661384044,0,16.866725274905356,17,28,0
Firm5,148,1897.6628910478382,286,36.05890227591526,17,28,0
Firm6,148,-1320.5393898593406,414,21.535559214117004,18,29,0
Firm7,148,17032.340328697792,179,9.140838665544003,18,29,0
Firm8,148,-10653.868368885618,632,22.567924241005322,17,29,0
Firm9,148,-24822.0098077461,1017,42.47359844748545,17,29,0
Firm10,148,-10481.920731888094,327,8.824770508800402,17,29,0
Firm1,149,-7901.920260397252,0,8.520922791498354,17,29,0
Firm2,149,8704.137293008765,0,17.19781640425359,17,29,0
Firm3,149,21333.91078941311,0,20.418846779632663,17,29,0
Firm4,149,11686.141011439327,0,16.866725274905356,18,30,0
Firm5,149,1888.6295640501614,287,36.05890227591526,18,30,0
Firm6,149,-1322.252192616966,415,21.535559214117004,19,31,0
Firm7,149,17148.748163120104,178,9.140838665544003,19,31,0
Firm8,149,-10673.409444595523,633,22.567924241005322,18,31,0
Firm9,149,-24974.706905000807,1022,42.47359844748545,18,31,0
Firm10,149,-10553.902288652173,332,8.824770508800402,18,31,0
Firm1,150,-7938.049605816893,0,8.520922791498354,18,31,0
Firm2,150,8725.372764500915,0,17.19781640425359,18,31,0
Firm3,150,21437.570434782367,0,20.418846779632663,18,31,0
Firm4,150,11734.770361494611,0,16.866725274905356,19,32,0
Firm5,150,1879.5962370524846,288,36.05890227591526,19,32,0
Firm6,150,-1323.9649953745916,416,21.535559214117004,20,33,0
Firm7,150,17251.495017174075,178,9.140838665544003,20,33,0
Firm8,150,-10692.950520305429,634,22.567924241005322,19,33,0
Firm9,150,-25125.271887389277,1027,42.47359844748545,19,33,0
Firm10,150,-10620.431295856886,336,8.824770508800402,19,33,0
Firm1,151,-7974.178951236534,0,8.520922791498354,19,33,0
Firm2,151,8746.608235993064,0,17.19781640425359,19,33,0
Firm3,151,21541.230080151625,0,20.418846779632663,19,33,0
Firm4,151,11783.399711549895,0,16.866725274905356,20,34,0
Firm5,151,1870.5629100548078,289,36.05890227591526,20,34,0
Firm6,151,-1325.677798132217,417,21.535559214117004,21,35,0
Firm7,151,17381.56383196473,176,9.140838665544003,21,35,0
Firm8,151,-10712.491596015334,635,22.567924241005322,20,35,0
Firm9,151,-25278.149613012167,1032,42.47359844748545,20,35,0
Firm10,151,-10678.810059186253,340,8.824770508800402,20,35,0
Firm1,152,-8010.308296656175,0,8.520922791498354,20,35,0
Firm2,152,8767.843707485214,0,17.19781640425359,20,35,0
Firm3,152,21644.889725520883,0,20.418846779632663,20,35,0
Firm4,152,11832.029061605179,0,16.866725274905356,21,36,0
Firm5,152,1861.529583057131,290,36.05890227591526,21,36,0
Firm6,152,-1327.3906008898425,418,21.535559214117004,22,37,0
Firm7,152,17470.649705650358,177,9.140838665544003,22,37,0
Firm8,152,-10756.069050702972,637,22.567924241005322,21,37,0
Firm9,152,-25387.964541433474,1036,42.47359844748545,21,37,0
Firm10,152,-10745.400740698353,344,8.824770508800402,21,37,0
Firm1,153,-8046.437642075816,0,8.520922791498354,21,37,0
Firm2,153,8789.079178977363,0,17.19781640425359,21,37,0
Firm3,153,21748.54937089014,0,20.418846779632663,21,37,0
Firm4,153,11880.658411660463,0,16.866725274905356,22,38,0
Firm5,153,1852.4962560594543,291,36.05890227591526,22,38,0
Firm6,153,-1329.103403647468,419,21.535559214117004,23,39,0
Firm7,153,17587.05754007267,176,9.140838665544003,23,39,0
Firm8,153,-10775.610126412877,638,22.567924241005322,22,39,0
Firm9,153,-25579.943644554412,1042,42.47359844748545,22,39,0
Firm10,153,-10811.991422210453,348,8.824770508800402,22,39,0
Firm1,154,-8082.566987495457,0,8.520922791498354,22,39,0
Firm2,154,8810.314650469512,0,17.19781640425359,22,39,0
Firm3,154,21852.2090162594,0,20.418846779632663,22,39,0
Firm4,154,11929.287761715746,0,16.866725274905356,23,40,0
Firm5,154,1843.4629290617775,292,36.05890227591526,23,40,0
Firm6,154,-1330.8162064050935,420,21.535559214117004,24,41,0
Firm7,154,17717.126354863325,174,9.140838665544003,24,41,0
Firm8,154,-10795.151202122783,639,22.567924241005322,23,41,0
Firm9,154,-25731.976675043814,1047,42.47359844748545,23,41,0
Firm10,154,-10878.520429415166,352,8.824770508800402,23,41,0
Firm1,155,-8118.6963329150985,0,8.520922791498354,23,41,0
Firm2,155,8831.550121961662,0,17.19781640425359,23,41,0
Firm3,155,21955.868661628658,0,20.418846779632663,23,41,0
Firm4,155,11977.91711177103,0,16.866725274905356,24,42,0
Firm5,155,1834.4296020641007,293,36.05890227591526,24,42,0
Firm6,155,-1332.529009162719,421,21.535559214117004,25,43,0
Firm7,155,17806.212228548953,175,9.140838665544003,25,43,0
Firm8,155,-10838.728656810421,641,22.567924241005322,24,43,0
Firm9,155,-25883.20572419759,1052,42.47359844748545,24,43,0
Firm10,155,-10924.58771983226,354,8.824770508800402,24,43,0
Firm1,156,-8154.825678334745,0,8.520922791498354,24,43,0
Firm2,156,8852.785593453811,0,17.19781640425359,24,43,0
Firm3,156,22059.528306997916,0,20.418846779632663,24,43,0
Firm4,156,12026.546461826314,0,16.866725274905356,25,44,0
Firm5,156,1825.3962750664239,294,36.05890227591526,25,44,0
Firm6,156,-1334.2418119203444,422,21.535559214117004,26,45,0
Firm7,156,17936.281043339608,173,9.140838665544003,26,45,0
Firm8,156,-10858.269732520326,642,22.567924241005322,25,45,0
Firm9,156,-25994.66932908801,1056,42.47359844748545,25,45,0
Firm10,156,-10976.922341418764,356,8.824770508800402,25,45,0
Firm1,157,-8190.955023754391,0,8.520922791498354,25,45,0
Firm2,157,8874.02106494596,0,17.19781640425359,25,45,0
Firm3,157,22163.187952367174,0,20.418846779632663,25,45,0
Firm4,157,12075.175811881598,0,16.866725274905356,26,46,0
Firm5,157,1816.362948068747,295,36.05890227591526,26,46,0
Firm6,157,-1335.9546146779699,423,21.535559214117004,27,47,0
Firm7,157,18039.02789739358,173,9.140838665544003,27,47,0
Firm8,157,-10877.810808230231,643,22.567924241005322,26,47,0
Firm9,157,-26186.64843220895,1062,42.47359844748545,26,47,0
Firm10,157,-11050.371946283773,361,8.824770508800402,26,47,0
Firm1,158,-8227.08436917404,0,8.520922791498354,26,47,0
Firm2,158,8895.25653643811,0,17.19781640425359,26,47,0
Firm3,158,22266.847597736432,0,20.418846779632663,26,47,0
Firm4,158,12123.805161936882,0,16.866725274905356,27,48,0
Firm5,158,1807.3296210710703,296,36.05890227591526,27,48,0
Firm6,158,-1337.6674174355953,424,21.535559214117004,28,49,0
Firm7,158,18141.77475144755,173,9.140838665544003,28,49,0
Firm8,158,-10921.38826291787,645,22.567924241005322,27,49,0
Firm9,158,-26297.931408731187,1066,42.47359844748545,27,49,0
Firm10,158,-11115.494579694941,365,8.824770508800402,27,49,0
Firm1,159,-8263.213714593687,0,8.520922791498354,27,49,0
Firm2,159,8916.49200793026,0,17.19781640425359,27,49,0
Firm3,159,22370.50724310569,0,20.418846779632663,27,49,0
Firm4,159,12172.434511992165,0,16.866725274905356,28,50,0
Firm5,159,1798.2962940733935,297,36.05890227591526,28,50,0
Firm6,159,-1339.3802201932208,425,21.535559214117004,29,51,0
Firm7,159,18271.843566238203,171,9.140838665544003,29,51,0
Firm8,159,-10940.929338627775,646,22.567924241005322,28,51,0
Firm9,159,-26489.910511852126,1072,42.47359844748545,28,51,0
Firm10,159,-11175.164663546746,368,8.824770508800402,28,51,0
Firm1,160,-8299.343060013334,0,8.520922791498354,28,51,0
Firm2,160,8937.727479422409,0,17.19781640425359,28,51,0
Firm3,160,22474.16688847495,0,20.418846779632663,28,51,0
Firm4,160,12221.06386204745,0,16.866725274905356,29,52,0
Firm5,160,1789.2629670757167,298,36.05890227591526,29,52,0
Firm6,160,-1341.0930229508463,426,21.535559214117004,30,53,0
Firm7,160,18360.92943992383,172,9.140838665544003,30,53,0
Firm8,160,-10960.47041433768,647,22.567924241005322,29,53,0
Firm9,160,-26601.374116742547,1076,42.47359844748545,29,53,0
Firm10,160,-11233.543426876113,372,8.824770508800402,29,53,0
Firm1,161,-8335.472405432982,0,8.520922791498354,29,53,0
Firm2,161,8958.962950914558,0,17.19781640425359,29,53,0
Firm3,161,22577.826533844207,0,20.418846779632663,29,53,0
Firm4,161,12269.693212102733,0,16.866725274905356,30,54,0
Firm5,161,1780.22964007804,299,36.05890227591526,30,54,0
Firm6,161,-1342.8058257084717,427,21.535559214117004,31,55,0
Firm7,161,18490.998254714486,170,9.140838665544003,31,55,0
Firm8,161,-11004.047869025319,649,22.567924241005322,30,55,0
Firm9,161,-26752.603165896322,1081,42.47359844748545,30,55,0
Firm10,161,-11300.134108388213,376,8.824770508800402,30,55,0
Firm1,162,-8371.60175085263,0,8.520922791498354,30,55,0
Firm2,162,8980.198422406707,0,17.19781640425359,30,55,0
Firm3,162,22681.486179213465,0,20.418846779632663,30,55,0
Firm4,162,12318.322562158017,0,16.866725274905356,31,56,0
Firm5,162,1771.196313080363,300,36.05890227591526,31,56,0
Firm6,162,-1344.5186284660972,428,21.535559214117004,32,57,0
Firm7,162,18593.745108768457,170,9.140838665544003,32,57,0
Firm8,162,-11023.588944735224,650,22.567924241005322,31,57,0
Firm9,162,-26903.168148284793,1086,42.47359844748545,31,57,0
Firm10,162,-11353.121996465601,379,8.824770508800402,31,57,0
Firm1,163,-8407.731096272277,0,8.520922791498354,31,57,0
Firm2,163,9001.433893898857,0,17.19781640425359,31,57,0
Firm3,163,22785.145824582723,0,20.418846779632663,31,57,0
Firm4,163,12366.9519122133,0,16.866725274905356,32,58,0
Firm5,163,1762.1629860826863,301,36.05890227591526,32,58,0
Firm6,163,-1346.2314312237227,429,21.535559214117004,33,59,0
Firm7,163,18682.830982454085,171,9.140838665544003,33,59,0
Firm8,163,-11043.130020445129,651,22.567924241005322,32,59,0
Firm9,163,-27096.615299506662,1092,42.47359844748545,32,59,0
Firm10,163,-11419.651003670315,383,8.824770508800402,32,59,0
Firm1,164,-8443.860441691924,0,8.520922791498354,32,59,0
Firm2,164,9022.669365391006,0,17.19781640425359,32,59,0
Firm3,164,22888.80546995198,0,20.418846779632663,32,59,0
Firm4,164,12415.581262268584,0,16.866725274905356,33,60,0
Firm5,164,1753.1296590850095,302,36.05890227591526,33,60,0
Firm6,164,-1347.9442339813481,430,21.535559214117004,34,61,0
Firm7,164,18812.89979724474,169,9.140838665544003,34,61,0
Firm8,164,-11086.707475132767,653,22.567924241005322,33,61,0
Firm9,164,-27206.43022792797,1096,42.47359844748545,33,61,0
Firm10,164,-11465.718294087408,385,8.824770508800402,33,61,0
Firm1,165,-8479.989787111572,0,8.520922791498354,33,61,0
Firm2,165,9043.904836883155,0,17.19781640425359,33,61,0
Firm3,165,22992.46511532124,0,20.418846779632663,33,61,0
Firm4,165,12464.210612323868,0,16.866725274905356,34,62,0
Firm5,165,1744.0963320873327,303,36.05890227591526,34,62,0
Firm6,165,-1349.6570367389736,431,21.535559214117004,35,63,0
Firm7,165,18915.64665129871,169,9.140838665544003,35,63,0
Firm8,165,-11106.248550842673,654,22.567924241005322,34,63,0
Firm9,165,-27359.30795355086,1101,42.47359844748545,34,63,0
Firm10,165,-11524.911839026821,388,8.824770508800402,34,63,0
Firm1,166,-8516.11913253122,0,8.520922791498354,34,63,0
Firm2,166,9065.140308375305,0,17.19781640425359,34,63,0
Firm3,166,23096.124760690498,0,20.418846779632663,34,63,0
Firm4,166,12512.839962379152,0,16.866725274905356,35,64,0
Firm5,166,1735.063005089656,304,36.05890227591526,35,64,0
Firm6,166,-1351.369839496599,432,21.535559214117004,36,65,0
Firm7,166,19032.054485721023,168,9.140838665544003,36,65,0
Firm8,166,-11125.789626552578,655,22.567924241005322,35,65,0
Firm9,166,-27509.87293593933,1106,42.47359844748545,35,65,0
Firm10,166,-11598.36144389183,393,8.824770508800402,35,65,0
Firm1,167,-8552.248477950867,0,8.520922791498354,35,65,0
Firm2,167,9086.375779867454,0,17.19781640425359,35,65,0
Firm3,167,23199.784406059756,0,20.418846779632663,35,65,0
Firm4,167,12561.469312434436,0,16.866725274905356,36,66,0
Firm5,167,1726.0296780919791,305,36.05890227591526,36,66,0
Firm6,167,-1353.0826422542245,433,21.535559214117004,37,67,0
Firm7,167,19148.462320143335,167,9.140838665544003,37,67,0
Firm8,167,-11145.330702262483,656,22.567924241005322,36,67,0
Firm9,167,-27662.570033194035,1111,42.47359844748545,36,67,0
Firm10,167,-11670.343000655908,398,8.824770508800402,36,67,0
Firm1,168,-8588.377823370514,0,8.520922791498354,36,67,0
Firm2,168,9107.611251359604,0,17.19781640425359,36,67,0
Firm3,168,23303.444051429015,0,20.418846779632663,36,67,0
Firm4,168,12610.09866248972,0,16.866725274905356,37,68,0
Firm5,168,1716.9963510943023,306,36.05890227591526,37,68,0
Firm6,168,-1354.79544501185,434,21.535559214117004,38,69,0
Firm7,168,19237.548193828963,168,9.140838665544003,38,69,0
Firm8,168,-11188.908156950121,658,22.567924241005322,37,69,0
Firm9,168,-27813.135015582506,1116,42.47359844748545,37,69,0
Firm10,168,-11730.013084507713,401,8.824770508800402,37,69,0
Firm1,169,-8624.507168790162,0,8.520922791498354,37,69,0
Firm2,169,9128.846722851753,0,17.19781640425359,37,69,0
Firm3,169,23407.103696798273,0,20.418846779632663,37,69,0
Firm4,169,12658.728012545003,0,16.866725274905356,38,70,0
Firm5,169,1707.9630240966255,307,36.05890227591526,38,70,0
Firm6,169,-1356.5082477694755,435,21.535559214117004,39,71,0
Firm7,169,19367.617008619618,166,9.140838665544003,39,71,0
Firm8,169,-11208.449232660027,659,22.567924241005322,38,71,0
Firm9,169,-27966.012741205395,1121,42.47359844748545,38,71,0
Firm10,169,-11781.53292448417,404,8.824770508800402,38,71,0
Firm1,170,-8660.63651420981,0,8.520922791498354,38,71,0
Firm2,170,9150.082194343902,0,17.19781640425359,38,71,0
Firm3,170,23510.76334216753,0,20.418846779632663,38,71,0
Firm4,170,12707.357362600287,0,16.866725274905356,39,72,0
Firm5,170,1698.9296970989487,308,36.05890227591526,39,72,0
Firm6,170,-1358.221050527101,436,21.535559214117004,40,73,0
Firm7,170,19470.36386267359,166,9.140838665544003,40,73,0
Firm8,170,-11227.990308369932,660,22.567924241005322,39,73,0
Firm9,170,-28075.827669626702,1125,42.47359844748545,39,73,0
Firm10,170,-11854.98252934918,409,8.824770508800402,39,73,0
Firm1,171,-8696.765859629457,0,8.520922791498354,39,73,0
Firm2,171,9171.317665836052,0,17.19781640425359,39,73,0
Firm3,171,23614.42298753679,0,20.418846779632663,39,73,0
Firm4,171,12755.986712655571,0,16.866725274905356,40,74,0
Firm5,171,1689.896370101272,309,36.05890227591526,40,74,0
Firm6,171,-1359.9338532847264,437,21.535559214117004,41,75,0
Firm7,171,19586.7716970959,165,9.140838665544003,41,75,0
Firm8,171,-11271.56776305757,662,22.567924241005322,40,75,0
Firm9,171,-28228.70539524959,1130,42.47359844748545,40,75,0
Firm10,171,-11927.025760420644,414,8.824770508800402,40,75,0
Firm1,172,-8732.895205049104,0,8.520922791498354,40,75,0
Firm2,172,9192.553137328201,0,17.19781640425359,40,75,0
Firm3,172,23718.082632906047,0,20.418846779632663,40,75,0
Firm4,172,12804.616062710855,0,16.866725274905356,41,76,0
Firm5,172,1680.8630431035951,310,36.05890227591526,41,76,0
Firm6,172,-1361.6466560423519,438,21.535559214117004,42,77,0
Firm7,172,19703.179531518213,164,9.140838665544003,42,77,0
Firm8,172,-11291.108838767475,663,22.567924241005322,41,77,0
Firm9,172,-28419.839803237042,1136,42.47359844748545,41,77,0
Firm10,172,-11986.695844272448,417,8.824770508800402,41,77,0
Firm1,173,-8769.024550468752,0,8.520922791498354,41,77,0
Firm2,173,9213.78860882035,0,17.19781640425359,41,77,0
Firm3,173,23821.742278275306,0,20.418846779632663,41,77,0
Firm4,173,12853.245412766139,0,16.866725274905356,42,78,0
Firm5,173,1671.8297161059184,311,36.05890227591526,42,78,0
Firm6,173,-1363.3594587999773,439,21.535559214117004,43,79,0
Firm7,173,19805.926385572184,164,9.140838665544003,43,79,0
Firm8,173,-11310.64991447738,664,22.567924241005322,42,79,0
Firm9,173,-28529.65473165835,1140,42.47359844748545,42,79,0
Firm10,173,-12047.387350836234,421,8.824770508800402,42,79,0
Firm1,174,-8805.1538958884,0,8.520922791498354,42,79,0
Firm2,174,9235.0240803125,0,17.19781640425359,42,79,0
Firm3,174,23925.401923644564,0,20.418846779632663,42,79,0
Firm4,174,12901.874762821422,0,16.866725274905356,43,80,0
Firm5,174,1662.7963891082416,312,36.05890227591526,43,80,0
Firm6,174,-1365.0722615576028,440,21.535559214117004,44,81,0
Firm7,174,19922.334219994496,163,9.140838665544003,44,81,0
Firm8,174,-11354.227369165019,666,22.567924241005322,43,81,0
Firm9,174,-28682.53245728124,1145,42.47359844748545,43,81,0
Firm10,174,-12107.057434688038,424,8.824770508800402,43,81,0
Firm1,175,-8841.283241308047,0,8.520922791498354,43,81,0
Firm2,175,9256.25955180465,0,17.19781640425359,43,81,0
Firm3,175,24029.061569013822,0,20.418846779632663,43,81,0
Firm4,175,12950.504112876706,0,16.866725274905356,44,82,0
Firm5,175,1653.7630621105648,313,36.05890227591526,44,82,0
Firm6,175,-1366.7850643152283,441,21.535559214117004,45,83,0
Firm7,175,20038.74205441681,162,9.140838665544003,45,83,0
Firm8,175,-11373.768444874924,667,22.567924241005322,44,83,0
Firm9,175,-28833.09743966971,1150,42.47359844748545,44,83,0
Firm10,175,-12166.312653934838,427,8.824770508800402,44,83,0
Firm1,176,-8877.412586727694,0,8.520922791498354,44,83,0
Firm2,176,9277.495023296799,0,17.19781640425359,44,83,0
Firm3,176,24132.72121438308,0,20.418846779632663,44,83,0
Firm4,176,12999.13346293199,0,16.866725274905356,45,84,0
Firm5,176,1644.729735112888,314,36.05890227591526,45,84,0
Firm6,176,-1368.4978670728538,442,21.535559214117004,46,85,0
Firm7,176,20141.48890847078,162,9.140838665544003,46,85,0
Firm8,176,-11393.30952058483,668,22.567924241005322,45,85,0
Firm9,176,-28985.794536924415,1155,42.47359844748545,45,85,0
Firm10,176,-12232.841661139551,431,8.824770508800402,45,85,0
Firm1,177,-8913.541932147342,0,8.520922791498354,45,85,0
Firm2,177,9298.730494788948,0,17.19781640425359,45,85,0
Firm3,177,24236.38085975234,0,20.418846779632663,45,85,0
Firm4,177,13047.762812987274,0,16.866725274905356,46,86,0
Firm5,177,1635.6964081152112,315,36.05890227591526,46,86,0
Firm6,177,-1370.2106698304792,443,21.535559214117004,47,87,0
Firm7,177,20257.896742893092,161,9.140838665544003,47,87,0
Firm8,177,-11436.886975272468,670,22.567924241005322,46,87,0
Firm9,177,-29136.359519312886,1160,42.47359844748545,46,87,0
Firm10,177,-12278.908951556645,433,8.824770508800402,46,87,0
Firm1,178,-8949.67127756699,0,8.520922791498354,46,87,0
Firm2,178,9319.965966281097,0,17.19781640425359,46,87,0
Firm3,178,24340.040505121597,0,20.418846779632663,46,87,0
Firm4,178,13096.392163042558,0,16.866725274905356,47,88,0
Firm5,178,1626.6630811175344,316,36.05890227591526,47,88,0
Firm6,178,-1371.9234725881047,444,21.535559214117004,48,89,0
Firm7,178,20360.643596947062,161,9.140838665544003,48,89,0
Firm8,178,-11456.428050982373,671,22.567924241005322,47,89,0
Firm9,178,-29289.237244935775,1165,42.47359844748545,47,89,0
Firm10,178,-12344.031584967814,437,8.824770508800402,47,89,0
Firm1,179,-8985.800622986637,0,8.520922791498354,47,89,0
Firm2,179,9341.201437773247,0,17.19781640425359,47,89,0
Firm3,179,24443.700150490855,0,20.418846779632663,47,89,0
Firm4,179,13145.021513097841,0,16.866725274905356,48,90,0
Firm5,179,1617.6297541198576,317,36.05890227591526,48,90,0
Firm6,179,-1373.6362753457302,445,21.535559214117004,49,91,0
Firm7,179,20477.051431369375,160,9.140838665544003,49,91,0
Firm8,179,-11475.969126692278,672,22.567924241005322,48,91,0
Firm9,179,-29399.052173357082,1169,42.47359844748545,48,91,0
Firm10,179,-12417.481189832823,442,8.824770508800402,48,91,0
Firm1,180,-9021.929968406284,0,8.520922791498354,48,91,0
Firm2,180,9362.436909265396,0,17.19781640425359,48,91,0
Firm3,180,24547.359795860113,0,20.418846779632663,48,91,0
Firm4,180,13193.650863153125,0,16.866725274905356,49,92,0
Firm5,180,1608.5964271221808,318,36.05890227591526,49,92,0
Firm6,180,-1375.3490781033556,446,21.535559214117004,50,93,0
Firm7,180,20593.459265791687,159,9.140838665544003,50,93,0
Firm8,180,-11519.546581379916,674,22.567924241005322,49,93,0
Firm9,180,-29551.92989897997,1174,42.47359844748545,49,93,0
Firm10,180,-12489.524420904287,447,8.824770508800402,49,93,0
Firm1,181,-9058.059313825932,0,8.520922791498354,49,93,0
Firm2,181,9383.672380757545,0,17.19781640425359,49,93,0
Firm3,181,24651.01944122937,0,20.418846779632663,49,93,0
Firm4,181,13242.280213208409,0,16.866725274905356,50,94,0
Firm5,181,1599.563100124504,319,36.05890227591526,50,94,0
Firm6,181,-1377.061880860981,447,21.535559214117004,51,95,0
Firm7,181,20709.867100214,158,9.140838665544003,51,95,0
Firm8,181,-11539.087657089822,675,22.567924241005322,50,95,0
Firm9,181,-29743.064306967422,1180,42.47359844748545,50,95,0
Firm10,181,-12556.053428109,451,8.824770508800402,50,95,0
Firm1,182,-9094.18865924558,0,8.520922791498354,50,95,0
Firm2,182,9404.907852249695,0,17.19781640425359,50,95,0
Firm3,182,24754.67908659863,0,20.418846779632663,50,95,0
Firm4,182,13290.909563263693,0,16.866725274905356,51,96,0
Firm5,182,1590.5297731268272,320,36.05890227591526,51,96,0
Firm6,182,-1378.7746836186066,448,21.535559214117004,52,97,0
Firm7,182,20812.61395426797,158,9.140838665544003,52,97,0
Firm8,182,-11558.628732799727,676,22.567924241005322,51,97,0
Firm9,182,-29894.293356121198,1185,42.47359844748545,51,97,0
Firm10,182,-12608.979641879003,454,8.824770508800402,51,97,0
Firm1,183,-9130.318004665227,0,8.520922791498354,51,97,0
Firm2,183,9426.143323741844,0,17.19781640425359,51,97,0
Firm3,183,24858.338731967888,0,20.418846779632663,51,97,0
Firm4,183,13339.538913318976,0,16.866725274905356,52,98,0
Firm5,183,1581.4964461291504,321,36.05890227591526,52,98,0
Firm6,183,-1380.487486376232,449,21.535559214117004,53,99,0
Firm7,183,20915.36080832194,158,9.140838665544003,53,99,0
Firm8,183,-11578.169808509632,677,22.567924241005322,52,99,0
Firm9,183,-30005.75696101162,1189,42.47359844748545,52,99,0
Firm10,183,-12661.905855649005,457,8.824770508800402,52,99,0
Firm1,184,-9166.447350084874,0,8.520922791498354,52,99,0
Firm2,184,9447.378795233994,0,17.19781640425359,52,99,0
Firm3,184,24961.998377337146,0,20.418846779632663,52,99,0
Firm4,184,13388.16826337426,0,16.866725274905356,53,100,0
Firm5,184,1572.4631191314736,322,36.05890227591526,53,100,0
Firm6,184,-1382.2002891338575,450,21.535559214117004,54,101,0
Firm7,184,21018.10766237591,158,9.140838665544003,54,101,0
Firm8,184,-11621.74726319727,679,22.567924241005322,53,101,0
Firm9,184,-30197.736064132558,1195,42.47359844748545,53,101,0
Firm10,184,-12721.161074895805,460,8.824770508800402,53,101,0
Firm1,185,-9202.576695504522,0,8.520922791498354,53,101,0
Firm2,185,9468.614266726143,0,17.19781640425359,53,101,0
Firm3,185,25065.658022706404,0,20.418846779632663,53,101,0
Firm4,185,13436.797613429544,0,16.866725274905356,54,102,0
Firm5,185,1563.4297921337968,323,36.05890227591526,54,102,0
Firm6,185,-1383.913091891483,451,21.535559214117004,55,103,0
Firm7,185,21134.515496798223,157,9.140838665544003,55,103,0
Firm8,185,-11641.288338907176,680,22.567924241005322,54,103,0
Firm9,185,-30309.019040654795,1199,42.47359844748545,54,103,0
Firm10,185,-12780.83115874761,463,8.824770508800402,54,103,0
Firm1,186,-9238.70604092417,0,8.520922791498354,54,103,0
Firm2,186,9489.849738218292,0,17.19781640425359,54,103,0
Firm3,186,25169.317668075662,0,20.418846779632663,54,103,0
Firm4,186,13485.426963484828,0,16.866725274905356,55,104,0
Firm5,186,1554.39646513612,324,36.05890227591526,55,104,0
Firm6,186,-1385.6258946491084,452,21.535559214117004,56,105,0
Firm7,186,21250.923331220536,156,9.140838665544003,56,105,0
Firm8,186,-11660.829414617081,681,22.567924241005322,55,105,0
Firm9,186,-30500.998143775734,1205,42.47359844748545,55,105,0
Firm10,186,-12833.757372517612,466,8.824770508800402,55,105,0
Firm1,187,-9274.835386343817,0,8.520922791498354,55,105,0
Firm2,187,9511.085209710442,0,17.19781640425359,55,105,0
Firm3,187,25272.97731344492,0,20.418846779632663,55,105,0
Firm4,187,13534.056313540112,0,16.866725274905356,56,106,0
Firm5,187,1545.3631381384432,325,36.05890227591526,56,106,0
Firm6,187,-1387.338697406734,453,21.535559214117004,57,107,0
Firm7,187,21353.670185274506,156,9.140838665544003,57,107,0
Firm8,187,-11704.40686930472,683,22.567924241005322,56,107,0
Firm9,187,-30612.461748666155,1209,42.47359844748545,56,107,0
Firm10,187,-12898.88000592878,470,8.824770508800402,56,107,0
Firm1,188,-9310.964731763464,0,8.520922791498354,56,107,0
Firm2,188,9532.320681202591,0,17.19781640425359,56,107,0
Firm3,188,25376.63695881418,0,20.418846779632663,56,107,0
Firm4,188,13582.685663595395,0,16.866725274905356,57,108,0
Firm5,188,1536.3298111407664,326,36.05890227591526,57,108,0
Firm6,188,-1389.0515001643594,454,21.535559214117004,58,109,0
Firm7,188,21470.07801969682,155,9.140838665544003,58,109,0
Firm8,188,-11723.947945014625,684,22.567924241005322,57,109,0
Firm9,188,-30763.69079781993,1214,42.47359844748545,57,109,0
Firm10,188,-12965.47068744088,474,8.824770508800402,57,109,0
Firm1,189,-9347.094077183112,0,8.520922791498354,57,109,0
Firm2,189,9553.55615269474,0,17.19781640425359,57,109,0
Firm3,189,25480.296604183437,0,20.418846779632663,57,109,0
Firm4,189,13631.31501365068,0,16.866725274905356,58,110,0
Firm5,189,1527.2964841430896,327,36.05890227591526,58,110,0
Firm6,189,-1390.7643029219848,455,21.535559214117004,59,111,0
Firm7,189,21586.48585411913,154,9.140838665544003,59,111,0
Firm8,189,-11743.48902072453,685,22.567924241005322,58,111,0
Firm9,189,-30875.154402710352,1218,42.47359844748545,58,111,0
Firm10,189,-13044.372841865254,480,8.824770508800402,58,111,0
Firm1,190,-9383.22342260276,0,8.520922791498354,58,111,0
Firm2,190,9574.79162418689,0,17.19781640425359,58,111,0
Firm3,190,25583.956249552695,0,20.418846779632663,58,111,0
Firm4,190,13679.944363705963,0,16.866725274905356,59,112,0
Firm5,190,1518.2631571454128,328,36.05890227591526,59,112,0
Firm6,190,-1392.4771056796103,456,21.535559214117004,60,113,0
Firm7,190,21689.232708173102,154,9.140838665544003,60,113,0
Firm8,190,-11787.066475412168,687,22.567924241005322,59,113,0
Firm9,190,-31066.952877463107,1224,42.47359844748545,59,113,0
Firm10,190,-13111.144151745537,484,8.824770508800402,59,113,0
Firm1,191,-9419.352768022407,0,8.520922791498354,59,113,0
Firm2,191,9596.02709567904,0,17.19781640425359,59,113,0
Firm3,191,25687.615894921953,0,20.418846779632663,59,113,0
Firm4,191,13728.573713761247,0,16.866725274905356,60,114,0
Firm5,191,1509.229830147736,329,36.05890227591526,60,114,0
Firm6,191,-1394.1899084372358,457,21.535559214117004,61,115,0
Firm7,191,21805.640542595414,153,9.140838665544003,61,115,0
Firm8,191,-11806.607551122073,688,22.567924241005322,60,115,0
Firm9,191,-31217.517859851578,1229,42.47359844748545,60,115,0
Firm10,191,-13157.21144216263,486,8.824770508800402,60,115,0
Firm1,192,-9455.482113442054,0,8.520922791498354,60,115,0
Firm2,192,9617.262567171188,0,17.19781640425359,60,115,0
Firm3,192,25791.27554029121,0,20.418846779632663,60,115,0
Firm4,192,13777.20306381653,0,16.866725274905356,61,116,0
Firm5,192,1500.1965031500592,330,36.05890227591526,61,116,0
Firm6,192,-1395.9027111948612,458,21.535559214117004,62,117,0
Firm7,192,21908.387396649385,153,9.140838665544003,62,117,0
Firm8,192,-11826.148626831979,689,22.567924241005322,61,117,0
Firm9,192,-31370.395585474467,1234,42.47359844748545,61,117,0
Firm10,192,-13223.740449367344,490,8.824770508800402,61,117,0
Firm1,193,-9491.611458861702,0,8.520922791498354,61,117,0
Firm2,193,9638.498038663338,0,17.19781640425359,61,117,0
Firm3,193,25894.93518566047,0,20.418846779632663,61,117,0
Firm4,193,13825.832413871814,0,16.866725274905356,62,118,0
Firm5,193,1491.1631761523824,331,36.05890227591526,62,118,0
Firm6,193,-1397.6155139524867,459,21.535559214117004,63,119,0
Firm7,193,22024.795231071697,152,9.140838665544003,63,119,0
Firm8,193,-11869.726081519617,691,22.567924241005322,62,119,0
Firm9,193,-31480.210513895774,1238,42.47359844748545,62,119,0
Firm10,193,-13290.331130879444,494,8.824770508800402,62,119,0
Firm1,194,-9527.74080428135,0,8.520922791498354,62,119,0
Firm2,194,9659.733510155487,0,17.19781640425359,62,119,0
Firm3,194,25998.594831029728,0,20.418846779632663,62,119,0
Firm4,194,13874.461763927098,0,16.866725274905356,63,120,0
Firm5,194,1482.1298491547057,332,36.05890227591526,63,120,0
Firm6,194,-1399.3283167101122,460,21.535559214117004,64,121,0
Firm7,194,22141.20306549401,151,9.140838665544003,64,121,0
Firm8,194,-11889.267157229522,692,22.567924241005322,63,121,0
Firm9,194,-31673.657665117644,1244,42.47359844748545,63,121,0
Firm10,194,-13342.665752465948,496,8.824770508800402,63,121,0
Firm1,195,-9563.870149700997,0,8.520922791498354,63,121,0
Firm2,195,9680.968981647637,0,17.19781640425359,63,121,0
Firm3,195,26102.254476398986,0,20.418846779632663,63,121,0
Firm4,195,13923.091113982382,0,16.866725274905356,64,122,0
Firm5,195,1473.0965221570289,333,36.05890227591526,64,122,0
Firm6,195,-1401.0411194677376,461,21.535559214117004,65,123,0
Firm7,195,22243.94991954798,151,9.140838665544003,65,123,0
Firm8,195,-11908.808232939427,693,22.567924241005322,64,123,0
Firm9,195,-31824.222647506114,1249,42.47359844748545,64,123,0
Firm10,195,-13395.59196623595,499,8.824770508800402,64,123,0
Firm1,196,-9599.999495120644,0,8.520922791498354,64,123,0
Firm2,196,9702.204453139786,0,17.19781640425359,64,123,0
Firm3,196,26205.914121768245,0,20.418846779632663,64,123,0
Firm4,196,13971.720464037666,0,16.866725274905356,65,124,0
Firm5,196,1464.063195159352,334,36.05890227591526,65,124,0
Firm6,196,-1402.753922225363,462,21.535559214117004,66,125,0
Firm7,196,22374.018734338635,149,9.140838665544003,66,125,0
Firm8,196,-11952.385687627066,695,22.567924241005322,65,125,0
Firm9,196,-31936.35031916184,1253,42.47359844748545,65,125,0
Firm10,196,-13460.714599647119,503,8.824770508800402,65,125,0
Firm1,197,-9636.128840540292,0,8.520922791498354,65,125,0
Firm2,197,9723.439924631935,0,17.19781640425359,65,125,0
Firm3,197,26309.573767137503,0,20.418846779632663,65,125,0
Firm4,197,14020.34981409295,0,16.866725274905356,66,126,0
Firm5,197,1455.0298681616753,335,36.05890227591526,66,126,0
Firm6,197,-1404.4667249829886,463,21.535559214117004,67,127,0
Firm7,197,22476.765588392605,149,9.140838665544003,67,127,0
Firm8,197,-11971.92676333697,696,22.567924241005322,66,127,0
Firm9,197,-32086.91530155031,1258,42.47359844748545,66,127,0
Firm10,197,-13534.164204512128,508,8.824770508800402,66,127,0
Firm1,198,-9671.212167929472,0,8.520922791498354,66,126,0
Firm2,198,9747.612071260786,0,17.19781640425359,66,126,0
Firm3,198,26410.03700713471,0,20.418846779632663,66,126,0
Firm4,198,14071.79802741897,0,16.866725274905356,67,127,0
Firm5,198,1455.1346786634165,336,36.05890227591526,67,127,0
Firm6,198,-1401.4899082801003,464,21.535559214117004,68,128,0
Firm7,198,22566.093720926114,150,9.140838665544003,68,128,0
Firm8,198,-12008.548820670756,698,22.567924241005322,67,128,0
Firm9,198,-32234.883066164097,1263,42.47359844748545,67,128,0
Firm10,198,-13600.455397116522,513,8.824770508800402,67,128,0
Firm1,199,-9706.295495318653,0,8.520922791498354,67,127,0
Firm2,199,9771.784217889637,0,17.19781640425359,67,127,0
Firm3,199,26501.817253823174,0,20.418846779632663,67,127,0
Firm4,199,14123.246240744991,0,16.866725274905356,68,128,0
Firm5,199,1463.193817078373,336,36.05890227591526,69,129,0
Firm6,199,-1386.4683436222706,464,21.535559214117004,69,130,0
Firm7,199,22683.228331892067,148,9.140838665544003,69,130,0
Firm8,199,-12031.260083296835,699,22.567924241005322,68,130,0
Firm9,199,-32405.974738932404,1268,42.47359844748545,68,130,0
Firm10,199,-13664.122398524505,516,8.824770508800402,68,130,0
Firm1,200,-9742.667751244911,0,8.520922791498354,68,129,0
Firm2,200,9785.691376102654,0,17.19781640425359,68,129,0
Firm3,200,26576.528314011663,0,20.418846779632663,68,129,0
Firm4,200,14164.524933052597,0,16.866725274905356,69,130,0
Firm5,200,1480.3910929927476,336,36.05890227591526,70,131,0
Firm6,200,-1371.446778964441,464,21.535559214117004,70,132,0
Firm7,200,22786.70196248968,147,9.140838665544003,70,132,0
Firm8,200,-12053.971345922913,700,22.567924241005322,69,132,0
Firm9,200,-32538.145662570845,1272,42.47359844748545,69,132,0
Firm10,200,-13741.007242285636,521,8.824770508800402,69,132,0
Firm1,201,-9779.04000717117,0,8.520922791498354,69,131,0
Firm2,201,9799.59853431567,0,17.19781640425359,69,131,0
Firm3,201,26651.23937420015,0,20.418846779632663,69,131,0
Firm4,201,14205.803625360202,0,16.866725274905356,70,132,0
Firm5,201,1497.5883689071222,336,36.05890227591526,71,133,0
Firm6,201,-1356.4252143066112,464,21.535559214117004,71,134,0
Firm7,201,22903.836573455632,145,9.140838665544003,71,134,0
Firm8,201,-12076.682608548992,701,22.567924241005322,70,134,0
Firm9,201,-32709.417963707343,1277,42.47359844748545,70,134,0
Firm10,201,-13805.580613134493,524,8.824770508800402,70,134,0
Firm1,202,-9815.412263097429,0,8.520922791498354,70,133,0
Firm2,202,9813.505692528686,0,17.19781640425359,70,133,0
Firm3,202,26725.95043438864,0,20.418846779632663,70,133,0
Firm4,202,14247.082317667808,0,16.866725274905356,71,134,0
Firm5,202,1514.7856448214968,336,36.05890227591526,72,135,0
Firm6,202,-1341.4036496487815,464,21.535559214117004,72,136,0
Firm7,202,22993.6492236849,145,9.140838665544003,72,136,0
Firm8,202,-12099.39387117507,702,22.567924241005322,71,136,0
Firm9,202,-32839.94021087668,1281,42.47359844748545,71,136,0
Firm10,202,-13863.471788208934,527,8.824770508800402,71,136,0
Firm1,203,-9851.784519023688,0,8.520922791498354,71,135,0
Firm2,203,9827.412850741703,0,17.19781640425359,71,135,0
Firm3,203,26800.66149457713,0,20.418846779632663,71,135,0
Firm4,203,14288.361009975413,0,16.866725274905356,72,136,0
Firm5,203,1531.9829207358714,336,36.05890227591526,73,137,0
Firm6,203,-1326.3820849909519,464,21.535559214117004,73,138,0
Firm7,203,23097.122854282512,144,9.140838665544003,73,138,0
Firm8,203,-12122.10513380115,703,22.567924241005322,72,138,0
Firm9,203,-32971.93050614694,1285,42.47359844748545,72,138,0
Firm10,203,-13927.810922820969,530,8.824770508800402,72,138,0
Firm1,204,-9888.156774949946,0,8.520922791498354,72,137,0
Firm2,204,9841.320008954719,0,17.19781640425359,72,137,0
Firm3,204,26875.372554765618,0,20.418846779632663,72,137,0
Firm4,204,14329.639702283019,0,16.866725274905356,73,138,0
Firm5,204,1549.180196650246,336,36.05890227591526,74,139,0
Firm6,204,-1311.3605203331222,464,21.535559214117004,74,140,0
Firm7,204,23200.596484880123,143,9.140838665544003,74,140,0
Firm8,204,-12144.816396427228,704,22.567924241005322,73,140,0
Firm9,204,-33143.20280728344,1290,42.47359844748545,73,140,0
Firm10,204,-13992.384293669826,533,8.824770508800402,73,140,0
Firm1,205,-9924.529030876205,0,8.520922791498354,73,139,0
Firm2,205,9855.227167167735,0,17.19781640425359,73,139,0
Firm3,205,26950.083614954106,0,20.418846779632663,73,139,0
Firm4,205,14370.918394590624,0,16.866725274905356,74,140,0
Firm5,205,1566.3774725646206,336,36.05890227591526,75,141,0
Firm6,205,-1296.3389556752925,464,21.535559214117004,75,142,0
Firm7,205,23317.731095846077,141,9.140838665544003,75,142,0
Firm8,205,-12167.527659053307,705,22.567924241005322,74,142,0
Firm9,205,-33275.37373092188,1294,42.47359844748545,74,142,0
Firm10,205,-14056.957664518683,536,8.824770508800402,74,142,0
Firm1,206,-9960.901286802464,0,8.520922791498354,74,141,0
Firm2,206,9869.134325380752,0,17.19781640425359,74,141,0
Firm3,206,27024.794675142595,0,20.418846779632663,74,141,0
Firm4,206,14412.19708689823,0,16.866725274905356,75,142,0
Firm5,206,1583.5747484789952,336,36.05890227591526,76,143,0
Firm6,206,-1281.3173910174628,464,21.535559214117004,76,144,0
Firm7,206,23407.543746075346,141,9.140838665544003,76,144,0
Firm8,206,-12190.238921679385,706,22.567924241005322,75,144,0
Firm9,206,-33365.388226799616,1297,42.47359844748545,75,144,0
Firm10,206,-14114.848839593124,539,8.824770508800402,75,144,0
Firm1,207,-9997.273542728723,0,8.520922791498354,75,143,0
Firm2,207,9883.041483593768,0,17.19781640425359,75,143,0
Firm3,207,27099.505735331084,0,20.418846779632663,75,143,0
Firm4,207,14453.475779205835,0,16.866725274905356,76,144,0
Firm5,207,1600.7720243933697,336,36.05890227591526,77,145,0
Firm6,207,-1266.295826359633,464,21.535559214117004,77,146,0
Firm7,207,23524.6783570413,139,9.140838665544003,77,146,0
Firm8,207,-12212.950184305464,707,22.567924241005322,76,146,0
Firm9,207,-33497.55915043806,1301,42.47359844748545,76,146,0
Firm10,207,-14198.65428101455,545,8.824770508800402,76,146,0
Firm1,208,-10033.645798654981,0,8.520922791498354,76,145,0
Firm2,208,9896.948641806785,0,17.19781640425359,76,145,0
Firm3,208,27174.216795519573,0,20.418846779632663,76,145,0
Firm4,208,14494.75447151344,0,16.866725274905356,77,146,0
Firm5,208,1617.9693003077443,336,36.05890227591526,78,147,0
Firm6,208,-1251.2742617018034,464,21.535559214117004,78,148,0
Firm7,208,23600.830026902226,140,9.140838665544003,78,148,0
Firm8,208,-12235.661446931543,708,22.567924241005322,77,148,0
Firm9,208,-33709.40087717353,1307,42.47359844748545,77,148,0
Firm10,208,-14263.227651863406,548,8.824770508800402,77,148,0
Firm1,209,-10070.01805458124,0,8.520922791498354,77,147,0
Firm2,209,9910.8558000198,0,17.19781640425359,77,147,0
Firm3,209,27248.92785570806,0,20.418846779632663,77,147,0
Firm4,209,14536.033163821046,0,16.866725274905356,78,148,0
Firm5,209,1635.166576222119,336,36.05890227591526,79,149,0
Firm6,209,-1236.2526970439737,464,21.535559214117004,79,150,0
Firm7,209,23731.62561823652,137,9.140838665544003,79,150,0
Firm8,209,-12258.372709557621,709,22.567924241005322,78,150,0
Firm9,209,-33800.82174684481,1310,42.47359844748545,78,150,0
Firm10,209,-14333.253572271627,552,8.824770508800402,78,150,0
Firm1,210,-10106.390310507499,0,8.520922791498354,78,149,0
Firm2,210,9924.762958232817,0,17.19781640425359,78,149,0
Firm3,210,27323.63891589655,0,20.418846779632663,78,149,0
Firm4,210,14577.311856128652,0,16.866725274905356,79,150,0
Firm5,210,1652.3638521364935,336,36.05890227591526,80,151,0
Firm6,210,-1221.231132386144,464,21.535559214117004,80,152,0
Firm7,210,23821.43826846579,137,9.140838665544003,80,152,0
Firm8,210,-12281.0839721837,710,22.567924241005322,79,152,0
Firm9,210,-33931.58629668971,1314,42.47359844748545,79,152,0
Firm10,210,-14391.083073038682,555,8.824770508800402,79,152,0
Firm1,211,-10142.762566433757,0,8.520922791498354,79,151,0
Firm2,211,9938.670116445834,0,17.19781640425359,79,151,0
Firm3,211,27398.34997608504,0,20.418846779632663,79,151,0
Firm4,211,14618.590548436257,0,16.866725274905356,80,152,0
Firm5,211,1678.7307442658473,335,36.05890227591526,82,154,0
Firm6,211,-1201.5199482678006,463,21.535559214117004,82,155,0
Firm7,211,23925.15415791128,135,9.140838665544003,82,155,0
Firm8,211,-12320.876216433659,711,22.567924241005322,81,155,0
Firm9,211,-34097.948636817106,1318,42.47359844748545,81,155,0
Firm10,211,-14463.568873162567,558,8.824770508800402,81,155,0
Firm1,212,-10185.120418877548,0,8.520922791498354,81,154,0
Firm2,212,9939.805441634797,0,17.19781640425359,81,154,0
Firm3,212,27451.169328602165,0,20.418846779632663,81,154,0
Firm4,212,14643.208080218667,0,16.866725274905356,82,155,0
Firm5,212,1705.097636395201,334,36.05890227591526,84,157,0
Firm6,212,-1181.8087641494571,462,21.535559214117004,84,158,0
Firm7,212,24015.20906698843,134,9.140838665544003,84,158,0
Firm8,212,-12336.632081705884,711,22.567924241005322,83,158,0
Firm9,212,-34225.02897107827,1321,42.47359844748545,83,158,0
Firm10,212,-14521.798613360856,559,8.824770508800402,83,158,0
Firm1,213,-10227.478271321339,0,8.520922791498354,83,157,0
Firm2,213,9934.640209624547,0,17.19781640425359,83,157,0
Firm3,213,27503.988681119292,0,20.418846779632663,83,157,0
Firm4,213,14667.825612001076,0,16.866725274905356,84,158,0
Firm5,213,1731.464528524555,333,36.05890227591526,86,160,0
Firm6,213,-1162.0975800311137,461,21.535559214117004,86,161,0
Firm7,213,24105.26397606558,133,9.140838665544003,86,161,0
Firm8,213,-12352.38794697811,711,22.567924241005322,85,161,0
Firm9,213,-34310.133505946906,1323,42.47359844748545,85,161,0
Firm10,213,-14573.284483477342,560,8.824770508800402,85,161,0
Firm1,214,-10269.83612376513,0,8.520922791498354,85,160,0
Firm2,214,9935.77553481351,0,17.19781640425359,85,160,0
Firm3,214,27556.80803363642,0,20.418846779632663,85,160,0
Firm4,214,14692.443143783485,0,16.866725274905356,86,161,0
Firm5,214,1757.8314206539087,332,36.05890227591526,88,163,0
Firm6,214,-1142.3863959127702,460,21.535559214117004,88,164,0
Firm7,214,24208.97986551107,131,9.140838665544003,88,164,0
Firm8,214,-12368.143812250335,711,22.567924241005322,87,164,0
Firm9,214,-34396.64441460909,1325,42.47359844748545,87,164,0
Firm10,214,-14631.514223675631,561,8.824770508800402,87,164,0
Firm1,215,-10312.19397620892,0,8.520922791498354,87,163,0
Firm2,215,9930.610302803261,0,17.19781640425359,87,163,0
Firm3,215,27609.627386153545,0,20.418846779632663,87,163,0
Firm4,215,14717.060675565894,0,16.866725274905356,88,164,0
Firm5,215,1784.1983127832625,331,36.05890227591526,90,166,0
Firm6,215,-1122.6752117944268,459,21.535559214117004,90,167,0
Firm7,215,24299.03477458822,130,9.140838665544003,90,167,0
Firm8,215,-12383.89967752256,711,22.567924241005322,89,167,0
Firm9,215,-34481.748949477726,1327,42.47359844748545,89,167,0
Firm10,215,-14710.624710915603,565,8.824770508800402,89,167,0
Firm1,216,-10354.551828652711,0,8.520922791498354,89,166,0
Firm2,216,9931.745627992224,0,17.19781640425359,89,166,0
Firm3,216,27662.44673867067,0,20.418846779632663,89,166,0
Firm4,216,14741.678207348303,0,16.866725274905356,90,167,0
Firm5,216,1810.5652049126163,330,36.05890227591526,92,169,0
Firm6,216,-1102.9640276760833,458,21.535559214117004,92,170,0
Firm7,216,24402.750664033712,128,9.140838665544003,92,170,0
Firm8,216,-12399.655542794786,711,22.567924241005322,91,170,0
Firm9,216,-34608.82928373889,1330,42.47359844748545,91,170,0
Firm10,216,-14781.408226701735,568,8.824770508800402,91,170,0
Firm1,217,-10396.909681096502,0,8.520922791498354,91,169,0
Firm2,217,9926.580395981975,0,17.19781640425359,91,169,0
Firm3,217,27715.266091187797,0,20.418846779632663,91,169,0
Firm4,217,14766.295739130712,0,16.866725274905356,92,170,0
Firm5,217,1836.93209704197,329,36.05890227591526,94,172,0
Firm6,217,-1083.2528435577399,457,21.535559214117004,94,173,0
Firm7,217,24492.80557311086,127,9.140838665544003,94,173,0
Firm8,217,-12415.411408067012,711,22.567924241005322,93,173,0
Firm9,217,-34693.933818607526,1332,42.47359844748545,93,173,0
Firm10,217,-14846.739192928502,570,8.824770508800402,93,173,0
Firm1,218,-10439.267533540293,0,8.520922791498354,93,172,0
Firm2,218,9927.715721170938,0,17.19781640425359,93,172,0
Firm3,218,27768.085443704924,0,20.418846779632663,93,172,0
Firm4,218,14790.91327091312,0,16.866725274905356,94,173,0
Firm5,218,1863.298989171324,328,36.05890227591526,96,175,0
Firm6,218,-1063.5416594393964,456,21.535559214117004,96,176,0
Firm7,218,24582.86048218801,126,9.140838665544003,96,176,0
Firm8,218,-12431.167273339237,711,22.567924241005322,95,176,0
Firm9,218,-34821.19478123687,1335,42.47359844748545,95,176,0
Firm10,218,-14896.818689251444,571,8.824770508800402,95,176,0
Firm1,219,-10481.625385984084,0,8.520922791498354,95,175,0
Firm2,219,9922.550489160689,0,17.19781640425359,95,175,0
Firm3,219,27820.90479622205,0,20.418846779632663,95,175,0
Firm4,219,14815.53080269553,0,16.866725274905356,96,176,0
Firm5,219,1889.6658813006777,327,36.05890227591526,98,178,0
Firm6,219,-1043.830475321053,455,21.535559214117004,98,179,0
Firm7,219,24686.576371633502,124,9.140838665544003,98,179,0
Firm8,219,-12446.923138611462,711,22.567924241005322,97,179,0
Firm9,219,-34906.299316105506,1337,42.47359844748545,97,179,0
Firm10,219,-14968.827950462937,574,8.824770508800402,97,179,0
Firm1,220,-10523.983238427874,0,8.520922791498354,97,178,0
Firm2,220,9923.685814349652,0,17.19781640425359,97,178,0
Firm3,220,27873.724148739177,0,20.418846779632663,97,178,0
Firm4,220,14840.148334477939,0,16.866725274905356,98,179,0
Firm5,220,1916.0327734300315,326,36.05890227591526,100,181,0
Firm6,220,-1024.1192912027095,454,21.535559214117004,100,182,0
Firm7,220,24776.63128071065,123,9.140838665544003,100,182,0
Firm8,220,-12462.679003883688,711,22.567924241005322,99,182,0
Firm9,220,-35031.91160226574,1340,42.47359844748545,99,182,0
Firm10,220,-15033.978288321521,576,8.824770508800402,99,182,0
Firm1,221,-10566.341090871665,0,8.520922791498354,99,181,0
Firm2,221,9918.520582339403,0,17.19781640425359,99,181,0
Firm3,221,27926.543501256303,0,20.418846779632663,99,181,0
Firm4,221,14864.765866260348,0,16.866725274905356,100,182,0
Firm5,221,1942.3996655593853,325,36.05890227591526,102,184,0
Firm6,221,-1004.4081070843662,453,21.535559214117004,102,185,0
Firm7,221,24880.347170156143,121,9.140838665544003,102,185,0
Firm8,221,-12478.434869155913,711,22.567924241005322,101,185,0
Firm9,221,-35118.484185235306,1342,42.47359844748545,101,185,0
Firm10,221,-15099.066951872719,578,8.824770508800402,101,185,0
Firm1,222,-10608.698943315456,0,8.520922791498354,101,184,0
Firm2,222,9919.655907528366,0,17.19781640425359,101,184,0
Firm3,222,27972.991982313197,0,20.418846779632663,101,184,0
Firm4,222,14889.383398042757,0,16.866725274905356,102,185,0
Firm5,222,1968.766557688739,324,36.05890227591526,104,187,0
Firm6,222,-984.6969229660228,452,21.535559214117004,104,188,0
Firm7,222,24970.402079233292,120,9.140838665544003,104,188,0
Firm8,222,-12494.190734428139,711,22.567924241005322,103,188,0
Firm9,222,-35244.09647139554,1345,42.47359844748545,103,188,0
Firm10,222,-15150.795124664775,579,8.824770508800402,103,188,0
Firm1,223,-10651.056795759247,0,8.520922791498354,103,187,0
Firm2,223,9914.490675518116,0,17.19781640425359,103,187,0
Firm3,223,28025.811334830323,0,20.418846779632663,103,187,0
Firm4,223,14914.000929825166,0,16.866725274905356,104,188,0
Firm5,223,1995.133449818093,323,36.05890227591526,106,190,0
Firm6,223,-964.9857388476797,451,21.535559214117004,106,191,0
Firm7,223,25046.7960079421,120,9.140838665544003,106,191,0
Firm8,223,-12509.946599700364,711,22.567924241005322,105,191,0
Firm9,223,-35290.099628766126,1346,42.47359844748545,105,191,0
Firm10,223,-15209.024864863064,580,8.824770508800402,105,191,0
Firm1,224,-10693.414648203037,0,8.520922791498354,105,190,0
Firm2,224,9909.325443507867,0,17.19781640425359,105,190,0
Firm3,224,28078.63068734745,0,20.418846779632663,105,190,0
Firm4,224,14938.618461607575,0,16.866725274905356,106,191,0
Firm5,224,2021.5003419474467,322,36.05890227591526,108,193,0
Firm6,224,-945.2745547293368,450,21.535559214117004,108,194,0
Firm7,224,25150.51189738759,118,9.140838665544003,108,194,0
Firm8,224,-12525.70246497259,711,22.567924241005322,107,194,0
Firm9,224,-35415.71191492636,1349,42.47359844748545,107,194,0
Firm10,224,-15274.175202721648,582,8.824770508800402,107,194,0
Firm1,225,-10735.772500646828,0,8.520922791498354,107,193,0
Firm2,225,9910.46076869683,0,17.19781640425359,107,193,0
Firm3,225,28131.450039864576,0,20.418846779632663,107,193,0
Firm4,225,14963.235993389984,0,16.866725274905356,108,194,0
Firm5,225,2047.8672340768005,321,36.05890227591526,110,196,0
Firm6,225,-925.5633706109938,449,21.535559214117004,110,197,0
Firm7,225,25240.56680646474,117,9.140838665544003,110,197,0
Firm8,225,-12541.458330244815,711,22.567924241005322,109,197,0
Firm9,225,-35502.284497895926,1351,42.47359844748545,109,197,0
Firm10,225,-15344.71641583221,585,8.824770508800402,109,197,0
Firm1,226,-10778.130353090619,0,8.520922791498354,109,196,0
Firm2,226,9905.29553668658,0,17.19781640425359,109,196,0
Firm3,226,28184.269392381702,0,20.418846779632663,109,196,0
Firm4,226,14987.853525172393,0,16.866725274905356,110,197,0
Firm5,226,2074.2341262061545,320,36.05890227591526,112,199,0
Firm6,226,-905.8521864926508,448,21.535559214117004,112,200,0
Firm7,226,25344.28269591023,115,9.140838665544003,112,200,0
Firm8,226,-12557.214195517041,711,22.567924241005322,111,200,0
Firm9,226,-35668.64683802332,1355,42.47359844748545,111,200,0
Firm10,226,-15402.946156030499,586,8.824770508800402,111,200,0
Firm1,227,-10820.48820553441,0,8.520922791498354,111,199,0
Firm2,227,9906.430861875544,0,17.19781640425359,111,199,0
Firm3,227,28237.08874489883,0,20.418846779632663,111,199,0
Firm4,227,15012.471056954802,0,16.866725274905356,112,200,0
Firm5,227,2100.601018335509,319,36.05890227591526,114,202,0
Firm6,227,-886.141002374308,447,21.535559214117004,114,203,0
Firm7,227,25434.33760498738,114,9.140838665544003,114,203,0
Firm8,227,-12572.970060789266,711,22.567924241005322,113,203,0
Firm9,227,-35714.649995393906,1356,42.47359844748545,113,203,0
Firm10,227,-15453.02565235344,587,8.824770508800402,113,203,0
Firm1,228,-10862.8460579782,0,8.520922791498354,113,202,0
Firm2,228,9901.265629865295,0,17.19781640425359,113,202,0
Firm3,228,28289.908097415955,0,20.418846779632663,113,202,0
Firm4,228,15037.088588737211,0,16.866725274905356,114,203,0
Firm5,228,2126.967910464864,318,36.05890227591526,116,205,0
Firm6,228,-866.4298182559651,446,21.535559214117004,116,206,0
Firm7,228,25524.39251406453,113,9.140838665544003,116,206,0
Firm8,228,-12588.725926061492,711,22.567924241005322,115,206,0
Firm9,228,-35840.26228155414,1359,42.47359844748545,115,206,0
Firm10,228,-15518.175990212025,589,8.824770508800402,115,206,0
Firm1,229,-10905.203910421991,0,8.520922791498354,115,205,0
Firm2,229,9902.400955054258,0,17.19781640425359,115,205,0
Firm3,229,28342.72744993308,0,20.418846779632663,115,205,0
Firm4,229,15061.70612051962,0,16.866725274905356,116,206,0
Firm5,229,2153.334802594219,317,36.05890227591526,118,208,0
Firm6,229,-846.7186341376222,445,21.535559214117004,118,209,0
Firm7,229,25628.10840351002,111,9.140838665544003,118,209,0
Firm8,229,-12604.481791333717,711,22.567924241005322,117,209,0
Firm9,229,-35925.36681642278,1361,42.47359844748545,117,209,0
Firm10,229,-15590.185251423518,592,8.824770508800402,117,209,0
Firm1,230,-10947.561762865782,0,8.520922791498354,117,208,0
Firm2,230,9897.235723044008,0,17.19781640425359,117,208,0
Firm3,230,28395.546802450208,0,20.418846779632663,117,208,0
Firm4,230,15086.32365230203,0,16.866725274905356,118,209,0
Firm5,230,2179.7016947235747,316,36.05890227591526,120,211,0
Firm6,230,-827.0074500192793,444,21.535559214117004,120,212,0
Firm7,230,25718.16331258717,110,9.140838665544003,120,212,0
Firm8,230,-12620.237656605943,711,22.567924241005322,119,212,0
Firm9,230,-36052.44715068394,1364,42.47359844748545,119,212,0
Firm10,230,-15648.414991621807,593,8.824770508800402,119,212,0
Firm1,231,-10989.919615309573,0,8.520922791498354,119,211,0
Firm2,231,9898.371048232972,0,17.19781640425359,119,211,0
Firm3,231,28448.366154967334,0,20.418846779632663,119,211,0
Firm4,231,15110.941184084439,0,16.866725274905356,120,212,0
Firm5,231,2206.0685868529304,315,36.05890227591526,122,214,0
Firm6,231,-807.2962659009364,443,21.535559214117004,122,215,0
Firm7,231,25821.879202032662,108,9.140838665544003,122,215,0
Firm8,231,-12635.993521878168,711,22.567924241005322,121,215,0
Firm9,231,-36178.30173951974,1367,42.47359844748545,121,215,0
Firm10,231,-15699.900861738293,594,8.824770508800402,121,215,0
Firm1,232,-11032.277467753363,0,8.520922791498354,121,214,0
Firm2,232,9893.205816222722,0,17.19781640425359,121,214,0
Firm3,232,28494.814636024228,0,20.418846779632663,121,214,0
Firm4,232,15135.558715866848,0,16.866725274905356,122,215,0
Firm5,232,2232.435478982286,314,36.05890227591526,124,217,0
Firm6,232,-787.5850817825935,442,21.535559214117004,124,218,0
Firm7,232,25911.93411110981,107,9.140838665544003,124,218,0
Firm8,232,-12651.749387150394,711,22.567924241005322,123,218,0
Firm9,232,-36264.81264818192,1369,42.47359844748545,123,218,0
Firm10,232,-15758.130601936582,595,8.824770508800402,123,218,0
Firm1,233,-11074.635320197154,0,8.520922791498354,123,217,0
Firm2,233,9894.341141411685,0,17.19781640425359,123,217,0
Firm3,233,28547.633988541354,0,20.418846779632663,123,217,0
Firm4,233,15160.176247649257,0,16.866725274905356,124,218,0
Firm5,233,2258.8023711116416,313,36.05890227591526,126,220,0
Firm6,233,-767.8738976642506,441,21.535559214117004,126,221,0
Firm7,233,26001.98902018696,106,9.140838665544003,126,221,0
Firm8,233,-12667.50525242262,711,22.567924241005322,125,221,0
Firm9,233,-36349.91718305056,1371,42.47359844748545,125,221,0
Firm10,233,-15823.280939795166,597,8.824770508800402,125,221,0
Firm1,234,-11116.993172640945,0,8.520922791498354,125,220,0
Firm2,234,9889.175909401436,0,17.19781640425359,125,220,0
Firm3,234,28600.45334105848,0,20.418846779632663,125,220,0
Firm4,234,15184.793779431666,0,16.866725274905356,126,221,0
Firm5,234,2285.169263240997,312,36.05890227591526,128,223,0
Firm6,234,-748.1627135459078,440,21.535559214117004,128,224,0
Firm7,234,26105.70490963245,104,9.140838665544003,128,224,0
Firm8,234,-12683.261117694845,711,22.567924241005322,127,224,0
Firm9,234,-36476.99751731172,1374,42.47359844748545,127,224,0
Firm10,234,-15886.963229552819,599,8.824770508800402,127,224,0
Firm1,235,-11159.351025084736,0,8.520922791498354,127,223,0
Firm2,235,9890.3112345904,0,17.19781640425359,127,223,0
Firm3,235,28653.272693575607,0,20.418846779632663,127,223,0
Firm4,235,15209.411311214075,0,16.866725274905356,128,224,0
Firm5,235,2311.536155370353,311,36.05890227591526,130,226,0
Firm6,235,-728.4515294275649,439,21.535559214117004,130,227,0
Firm7,235,26182.09883834126,104,9.140838665544003,130,227,0
Firm8,235,-12699.01698296707,711,22.567924241005322,129,227,0
Firm9,235,-36562.10205218036,1376,42.47359844748545,129,227,0
Firm10,235,-15937.785032904001,600,8.824770508800402,129,227,0
Firm1,236,-11201.708877528527,0,8.520922791498354,129,226,0
Firm2,236,9885.14600258015,0,17.19781640425359,129,226,0
Firm3,236,28706.092046092734,0,20.418846779632663,129,226,0
Firm4,236,15234.028842996484,0,16.866725274905356,130,227,0
Firm5,236,2337.9030474997085,310,36.05890227591526,132,229,0
Firm6,236,-708.740345309222,438,21.535559214117004,132,230,0
Firm7,236,26272.153747418408,103,9.140838665544003,132,230,0
Firm8,236,-12714.772848239296,711,22.567924241005322,131,230,0
Firm9,236,-36648.61296084254,1378,42.47359844748545,131,230,0
Firm10,236,-15994.965755255422,602,8.824770508800402,131,230,0
Firm1,237,-11244.066729972317,0,8.520922791498354,131,229,0
Firm2,237,9886.281327769113,0,17.19781640425359,131,229,0
Firm3,237,28758.91139860986,0,20.418846779632663,131,229,0
Firm4,237,15258.646374778893,0,16.866725274905356,132,230,0
Firm5,237,2364.269939629064,309,36.05890227591526,134,232,0
Firm6,237,-689.0291611908791,437,21.535559214117004,134,233,0
Firm7,237,26362.208656495557,102,9.140838665544003,134,233,0
Firm8,237,-12730.528713511521,711,22.567924241005322,133,233,0
Firm9,237,-36733.71749571118,1380,42.47359844748545,133,233,0
Firm10,237,-16074.076242495394,606,8.824770508800402,133,233,0
Firm1,238,-11286.424582416108,0,8.520922791498354,133,232,0
Firm2,238,9881.116095758864,0,17.19781640425359,133,232,0
Firm3,238,28811.730751126986,0,20.418846779632663,133,232,0
Firm4,238,15283.263906561302,0,16.866725274905356,134,233,0
Firm5,238,2390.6368317584197,308,36.05890227591526,136,235,0
Firm6,238,-669.3179770725362,436,21.535559214117004,136,236,0
Firm7,238,26452.263565572706,101,9.140838665544003,136,236,0
Firm8,238,-12746.284578783747,711,22.567924241005322,135,236,0
Firm9,238,-36820.22840437336,1382,42.47359844748545,135,236,0
Firm10,238,-16151.78035594182,610,8.824770508800402,135,236,0
Firm1,239,-11328.782434859899,0,8.520922791498354,135,235,0
Firm2,239,9882.251420947827,0,17.19781640425359,135,235,0
Firm3,239,28864.550103644113,0,20.418846779632663,135,235,0
Firm4,239,15307.881438343711,0,16.866725274905356,136,236,0
Firm5,239,2417.0037238877753,307,36.05890227591526,138,238,0
Firm6,239,-649.6067929541933,435,21.535559214117004,138,239,0
Firm7,239,26555.979455018198,99,9.140838665544003,138,239,0
Firm8,239,-12762.040444055972,711,22.567924241005322,137,239,0
Firm9,239,-36945.90236484098,1385,42.47359844748545,137,239,0
Firm10,239,-16217.111322168588,612,8.824770508800402,137,239,0
Firm1,240,-11371.14028730369,0,8.520922791498354,137,238,0
Firm2,240,9877.086188937577,0,17.19781640425359,137,238,0
Firm3,240,28917.36945616124,0,20.418846779632663,137,238,0
Firm4,240,15332.49897012612,0,16.866725274905356,138,239,0
Firm5,240,2443.370616017131,306,36.05890227591526,140,241,0
Firm6,240,-629.8956088358505,434,21.535559214117004,140,242,0
Firm7,240,26646.034364095347,98,9.140838665544003,140,242,0
Firm8,240,-12777.796309328198,711,22.567924241005322,139,242,0
Firm9,240,-37071.51465100121,1388,42.47359844748545,139,242,0
Firm10,240,-16268.839494960645,613,8.824770508800402,139,242,0
Firm1,241,-11413.49813974748,0,8.520922791498354,139,241,0
Firm2,241,9878.22151412654,0,17.19781640425359,139,241,0
Firm3,241,28970.188808678366,0,20.418846779632663,139,241,0
Firm4,241,15357.11650190853,0,16.866725274905356,140,242,0
Firm5,241,2469.7375081464866,305,36.05890227591526,142,244,0
Firm6,241,-610.1844247175076,433,21.535559214117004,142,245,0
Firm7,241,26736.089273172496,97,9.140838665544003,142,245,0
Firm8,241,-12793.552174600423,711,22.567924241005322,141,245,0
Firm9,241,-37158.26786233896,1390,42.47359844748545,141,245,0
Firm10,241,-16320.325365077131,614,8.824770508800402,141,245,0
Firm1,242,-11455.855992191271,0,8.520922791498354,141,244,0
Firm2,242,9873.056282116291,0,17.19781640425359,141,244,0
Firm3,242,29016.63728973526,0,20.418846779632663,141,244,0
Firm4,242,15381.734033690938,0,16.866725274905356,142,245,0
Firm5,242,2496.104400275842,304,36.05890227591526,144,247,0
Firm6,242,-590.4732405991647,432,21.535559214117004,144,248,0
Firm7,242,26826.144182249645,96,9.140838665544003,144,248,0
Firm8,242,-12809.308039872649,711,22.567924241005322,143,248,0
Firm9,242,-37283.88014849919,1393,42.47359844748545,143,248,0
Firm10,242,-16385.47570293572,616,8.824770508800402,143,248,0
Firm1,243,-11498.213844635062,0,8.520922791498354,143,247,0
Firm2,243,9874.191607305254,0,17.19781640425359,143,247,0
Firm3,243,29069.456642252386,0,20.418846779632663,143,247,0
Firm4,243,15406.351565473347,0,16.866725274905356,144,248,0
Firm5,243,2522.471292405198,303,36.05890227591526,146,250,0
Firm6,243,-570.7620564808218,431,21.535559214117004,146,251,0
Firm7,243,26916.199091326795,95,9.140838665544003,146,251,0
Firm8,243,-12825.063905144874,711,22.567924241005322,145,251,0
Firm9,243,-37370.45273146876,1395,42.47359844748545,145,251,0
Firm10,243,-16450.564366486935,618,8.824770508800402,145,251,0
Firm1,244,-11540.571697078853,0,8.520922791498354,145,250,0
Firm2,244,9869.026375295005,0,17.19781640425359,145,250,0
Firm3,244,29122.275994769512,0,20.418846779632663,145,250,0
Firm4,244,15430.969097255756,0,16.866725274905356,146,251,0
Firm5,244,2548.8381845345534,302,36.05890227591526,148,253,0
Firm6,244,-551.0508723624789,430,21.535559214117004,148,254,0
Firm7,244,27006.254000403944,94,9.140838665544003,148,254,0
Firm8,244,-12840.8197704171,711,22.567924241005322,147,254,0
Firm9,244,-37496.06501762899,1398,42.47359844748545,147,254,0
Firm10,244,-16495.19131325053,618,8.824770508800402,147,254,0
Firm1,245,-11582.929549522643,0,8.520922791498354,147,253,0
Firm2,245,9863.861143284756,0,17.19781640425359,147,253,0
Firm3,245,29175.09534728664,0,20.418846779632663,147,253,0
Firm4,245,15455.586629038165,0,16.866725274905356,148,254,0
Firm5,245,2575.205076663909,301,36.05890227591526,150,256,0
Firm6,245,-531.339688244136,429,21.535559214117004,150,257,0
Firm7,245,27109.969889849435,92,9.140838665544003,150,257,0
Firm8,245,-12856.575635689325,711,22.567924241005322,149,257,0
Firm9,245,-37542.06817499958,1399,42.47359844748545,149,257,0
Firm10,245,-16558.8736030082,620,8.824770508800402,149,257,0
Firm1,246,-11625.287401966434,0,8.520922791498354,149,256,0
Firm2,246,9864.996468473719,0,17.19781640425359,149,256,0
Firm3,246,29227.914699803765,0,20.418846779632663,149,256,0
Firm4,246,15480.204160820575,0,16.866725274905356,150,257,0
Firm5,246,2601.5719687932647,300,36.05890227591526,152,259,0
Firm6,246,-511.62850412579314,428,21.535559214117004,152,260,0
Firm7,246,27186.363818558242,92,9.140838665544003,152,260,0
Firm8,246,-12872.33150096155,711,22.567924241005322,151,260,0
Firm9,246,-37667.68046115981,1402,42.47359844748545,151,260,0
Firm10,246,-16610.421147432087,621,8.824770508800402,151,260,0
Firm1,247,-11667.645254410225,0,8.520922791498354,151,259,0
Firm2,247,9859.83123646347,0,17.19781640425359,151,259,0
Firm3,247,29280.73405232089,0,20.418846779632663,151,259,0
Firm4,247,15504.821692602984,0,16.866725274905356,152,260,0
Firm5,247,2627.9388609226203,299,36.05890227591526,154,262,0
Firm6,247,-491.91732000745026,427,21.535559214117004,154,263,0
Firm7,247,27276.41872763539,91,9.140838665544003,154,263,0
Firm8,247,-12888.087366233776,711,22.567924241005322,153,263,0
Firm9,247,-37713.6836185304,1403,42.47359844748545,153,263,0
Firm10,247,-16687.88295820296,625,8.824770508800402,153,263,0
Firm1,248,-11710.003106854016,0,8.520922791498354,153,262,0
Firm2,248,9860.966561652433,0,17.19781640425359,153,262,0
Firm3,248,29333.553404838018,0,20.418846779632663,153,262,0
Firm4,248,15529.439224385393,0,16.866725274905356,154,263,0
Firm5,248,2654.305753051976,298,36.05890227591526,156,265,0
Firm6,248,-472.20613588910714,426,21.535559214117004,156,266,0
Firm7,248,27366.47363671254,90,9.140838665544003,156,266,0
Firm8,248,-12903.843231506002,711,22.567924241005322,155,266,0
Firm9,248,-37879.86533028961,1407,42.47359844748545,155,266,0
Firm10,248,-16753.213924429743,627,8.824770508800402,155,266,0
Firm1,249,-11752.360959297806,0,8.520922791498354,155,265,0
Firm2,249,9855.801329642183,0,17.19781640425359,155,265,0
Firm3,249,29386.372757355144,0,20.418846779632663,155,265,0
Firm4,249,15554.056756167802,0,16.866725274905356,156,266,0
Firm5,249,2680.6726451813315,297,36.05890227591526,158,268,0
Firm6,249,-452.4949517707638,425,21.535559214117004,158,269,0
Firm7,249,27470.189526158032,88,9.140838665544003,158,269,0
Firm8,249,-12919.599096778227,711,22.567924241005322,157,269,0
Firm9,249,-37964.96986515825,1409,42.47359844748545,157,269,0
Firm10,249,-16804.942097221814,628,8.824770508800402,157,269,0
Firm1,250,-11794.718811741597,0,8.520922791498354,157,268,0
Firm2,250,9856.936654831146,0,17.19781640425359,157,268,0
Firm3,250,29439.19210987227,0,20.418846779632663,157,268,0
Firm4,250,15578.67428795021,0,16.866725274905356,158,269,0
Firm5,250,2707.039537310687,296,36.05890227591526,160,271,0
Firm6,250,-432.7837676524206,424,21.535559214117004,160,272,0
Firm7,250,27560.24443523518,87,9.140838665544003,160,272,0
Firm8,250,-12935.354962050453,711,22.567924241005322,159,272,0
Firm9,250,-38092.23082778759,1412,42.47359844748545,159,272,0
Firm10,250,-16863.17183742012,629,8.824770508800402,159,272,0
Firm1,251,-11837.076664185388,0,8.520922791498354,159,271,0
Firm2,251,9851.771422820897,0,17.19781640425359,159,271,0
Firm3,251,29492.011462389397,0,20.418846779632663,159,271,0
Firm4,251,15603.29181973262,0,16.866725274905356,160,272,0
Firm5,251,2733.4064294400428,295,36.05890227591526,162,274,0
Firm6,251,-413.0725835340773,423,21.535559214117004,162,275,0
Firm7,251,27650.29934431233,86,9.140838665544003,162,275,0
Firm8,251,-12951.110827322678,711,22.567924241005322,161,275,0
Firm9,251,-38177.33536265623,1414,42.47359844748545,161,275,0
Firm10,251,-16921.578305196916,631,8.824770508800402,161,275,0
Firm1,252,-11879.434516629179,0,8.520922791498354,161,274,0
Firm2,252,9852.90674800986,0,17.19781640425359,161,274,0
Firm3,252,29538.45994344629,0,20.418846779632663,161,274,0
Firm4,252,15627.909351515029,0,16.866725274905356,162,275,0
Firm5,252,2759.7733215693984,294,36.05890227591526,164,277,0
Firm6,252,-393.36139941573407,422,21.535559214117004,164,278,0
Firm7,252,27740.35425338948,85,9.140838665544003,164,278,0
Firm8,252,-12966.866692594904,711,22.567924241005322,163,278,0
Firm9,252,-38304.41569691739,1417,42.47359844748545,163,278,0
Firm10,252,-16979.80804539522,632,8.824770508800402,163,278,0
Firm1,253,-11921.79236907297,0,8.520922791498354,163,277,0
Firm2,253,9847.74151599961,0,17.19781640425359,163,277,0
Firm3,253,29591.279295963417,0,20.418846779632663,163,277,0
Firm4,253,15652.526883297438,0,16.866725274905356,164,278,0
Firm5,253,2786.140213698754,293,36.05890227591526,166,280,0
Firm6,253,-373.6502152973906,421,21.535559214117004,166,281,0
Firm7,253,27830.40916246663,84,9.140838665544003,166,281,0
Firm8,253,-12982.62255786713,711,22.567924241005322,165,281,0
Firm9,253,-38389.52023178603,1419,42.47359844748545,165,281,0
Firm10,253,-17031.293915511724,633,8.824770508800402,165,281,0
Firm1,254,-11964.15022151676,0,8.520922791498354,165,280,0
Firm2,254,9848.876841188574,0,17.19781640425359,165,280,0
Firm3,254,29644.098648480543,0,20.418846779632663,165,280,0
Firm4,254,15677.144415079847,0,16.866725274905356,166,281,0
Firm5,254,2812.5071058281096,292,36.05890227591526,168,283,0
Firm6,254,-353.939031179047,420,21.535559214117004,168,284,0
Firm7,254,27934.12505191212,82,9.140838665544003,168,284,0
Firm8,254,-12998.378423139355,711,22.567924241005322,167,284,0
Firm9,254,-38476.03114044821,1421,42.47359844748545,167,284,0
Firm10,254,-17094.976205269395,635,8.824770508800402,167,284,0
Firm1,255,-12006.508073960551,0,8.520922791498354,167,283,0
Firm2,255,9843.711609178325,0,17.19781640425359,167,283,0
Firm3,255,29696.91800099767,0,20.418846779632663,167,283,0
Firm4,255,15701.761946862256,0,16.866725274905356,168,284,0
Firm5,255,2838.8739979574652,291,36.05890227591526,170,286,0
Firm6,255,-334.2278470607033,419,21.535559214117004,170,287,0
Firm7,255,28024.17996098927,81,9.140838665544003,170,287,0
Firm8,255,-13014.13428841158,711,22.567924241005322,169,287,0
Firm9,255,-38601.88572928401,1424,42.47359844748545,169,287,0
Firm10,255,-17160.126543127994,637,8.824770508800402,169,287,0
Firm1,256,-12048.865926404342,0,8.520922791498354,169,286,0
Firm2,256,9844.846934367288,0,17.19781640425359,169,286,0
Firm3,256,29749.737353514796,0,20.418846779632663,169,286,0
Firm4,256,15726.379478644665,0,16.866725274905356,170,287,0
Firm5,256,2865.240890086821,290,36.05890227591526,172,289,0
Firm6,256,-314.51666294235963,418,21.535559214117004,172,290,0
Firm7,256,28114.23487006642,80,9.140838665544003,172,290,0
Firm8,256,-13029.890153683806,711,22.567924241005322,171,290,0
Firm9,256,-38688.39663794619,1426,42.47359844748545,171,290,0
Firm10,256,-17230.729430545958,640,8.824770508800402,171,290,0
Firm1,257,-12091.223778848132,0,8.520922791498354,171,289,0
Firm2,257,9839.681702357038,0,17.19781640425359,171,289,0
Firm3,257,29802.556706031923,0,20.418846779632663,171,289,0
Firm4,257,15750.997010427074,0,16.866725274905356,172,290,0
Firm5,257,2891.6077822161765,289,36.05890227591526,174,292,0
Firm6,257,-294.80547882401595,417,21.535559214117004,174,293,0
Firm7,257,28217.95075951191,78,9.140838665544003,174,293,0
Firm8,257,-13045.646018956031,711,22.567924241005322,173,293,0
Firm9,257,-38814.07059841381,1429,42.47359844748545,173,293,0
Firm10,257,-17282.21530066246,641,8.824770508800402,173,293,0
Firm1,258,-12133.581631291923,0,8.520922791498354,173,292,0
Firm2,258,9840.817027546002,0,17.19781640425359,173,292,0
Firm3,258,29855.37605854905,0,20.418846779632663,173,292,0
Firm4,258,15778.43340548022,0,16.866725274905356,174,292,0
Firm5,258,2912.7203379330003,288,33.74678042740638,176,294,0
Firm6,258,-270.40467524515856,416,21.535559214117004,176,295,0
Firm7,258,28294.586947068598,78,9.140838665544003,176,295,0
Firm8,258,-13078.482865852136,712,22.567924241005322,175,295,0
Firm9,258,-38895.96692588997,1431,40.16147659897657,175,295,0
Firm10,258,-17320.88315240993,643,15.326337915033296,175,295,0
Firm1,259,-12151.864398887856,0,12.359100594397217,175,294,0
Firm2,259,9838.588470672454,0,17.19781640425359,175,294,0
Firm3,259,29899.80926791182,0,18.106724931123786,175,294,0
Firm4,259,15805.869800533366,0,16.866725274905356,176,294,0
Firm5,259,2933.832893649824,287,33.74678042740638,178,296,0
Firm6,259,-269.1454621993159,416,21.535559214117004,178,297,0
Firm7,259,28384.884114993627,77,9.140838665544003,178,297,0
Firm8,259,-13111.319712748242,713,22.567924241005322,177,297,0
Firm9,259,-38976.45687957258,1433,40.16147659897657,177,297,0
Firm10,259,-17374.560171385656,646,15.326337915033296,177,297,0
Firm1,260,-12170.147166483788,0,12.359100594397217,177,296,0
Firm2,260,9836.359913798906,0,17.19781640425359,177,296,0
Firm3,260,29937.87160581436,0,18.106724931123786,177,296,0
Firm4,260,15833.306195586512,0,16.866725274905356,178,296,0
Firm5,260,2954.945449366648,286,33.74678042740638,180,298,0
Firm6,260,-244.74465862045852,415,21.535559214117004,180,299,0
Firm7,260,28502.50324365534,74,9.140838665544003,180,299,0
Firm8,260,-13144.156559644347,714,22.567924241005322,179,299,0
Firm9,260,-39096.79113916739,1436,40.16147659897657,179,299,0
Firm10,260,-17426.650188199652,649,15.326337915033296,179,299,0
Firm1,261,-12188.42993407972,0,12.359100594397217,179,298,0
Firm2,261,9834.131356925358,0,17.19781640425359,179,298,0
Firm3,261,29982.30481517713,0,18.106724931123786,179,298,0
Firm4,261,15860.742590639658,0,16.866725274905356,180,298,0
Firm5,261,2976.058005083472,285,33.74678042740638,182,300,0
Firm6,261,-243.48544557461585,415,21.535559214117004,182,301,0
Firm7,261,28592.80041158037,73,9.140838665544003,182,301,0
Firm8,261,-13176.993406540452,715,22.567924241005322,181,301,0
Firm9,261,-39215.538396600474,1439,40.16147659897657,181,301,0
Firm10,261,-17453.363922981524,650,15.326337915033296,181,301,0
Firm1,262,-12206.712701675653,0,12.359100594397217,181,300,0
Firm2,262,9831.90280005181,0,17.19781640425359,181,300,0
Firm3,262,30026.7380245399,0,18.106724931123786,181,300,0
Firm4,262,15888.178985692804,0,16.866725274905356,182,300,0
Firm5,262,2997.170560800296,284,33.74678042740638,184,302,0
Firm6,262,-219.0846419957585,414,21.535559214117004,184,303,0
Firm7,262,28683.0975795054,72,9.140838665544003,184,303,0
Firm8,262,-13209.830253436558,716,22.567924241005322,183,303,0
Firm9,262,-39334.22397972617,1442,40.16147659897657,183,303,0
Firm10,262,-17480.077657763395,651,15.326337915033296,183,303,0
Firm1,263,-12224.995469271586,0,12.359100594397217,183,302,0
Firm2,263,9829.674243178262,0,17.19781640425359,183,302,0
Firm3,263,30071.17123390267,0,18.106724931123786,183,302,0
Firm4,263,15915.61538074595,0,16.866725274905356,184,302,0
Firm5,263,3018.2831165171197,283,33.74678042740638,186,304,0
Firm6,263,-217.8254289499157,414,21.535559214117004,186,305,0
Firm7,263,28773.39474743043,71,9.140838665544003,186,305,0
Firm8,263,-13242.667100332663,717,22.567924241005322,185,305,0
Firm9,263,-39377.92467775924,1443,40.16147659897657,185,305,0
Firm10,263,-17559.130958771246,656,15.326337915033296,185,305,0
Firm1,264,-12243.278236867518,0,12.359100594397217,185,304,0
Firm2,264,9827.445686304714,0,17.19781640425359,185,304,0
Firm3,264,30109.23357180521,0,18.106724931123786,185,304,0
Firm4,264,15943.051775799097,0,16.866725274905356,186,304,0
Firm5,264,3039.3956722339435,282,33.74678042740638,188,306,0
Firm6,264,-193.42462537105823,413,21.535559214117004,188,307,0
Firm7,264,28863.69191535546,70,9.140838665544003,188,307,0
Firm8,264,-13275.503947228768,718,22.567924241005322,187,307,0
Firm9,264,-39458.414631441854,1445,40.16147659897657,187,307,0
Firm10,264,-17626.2301428135,660,15.326337915033296,187,307,0
Firm1,265,-12261.56100446345,0,12.359100594397217,187,306,0
Firm2,265,9825.217129431167,0,17.19781640425359,187,306,0
Firm3,265,30153.66678116798,0,18.106724931123786,187,306,0
Firm4,265,15970.488170852243,0,16.866725274905356,188,306,0
Firm5,265,3060.5082279507674,281,33.74678042740638,190,308,0
Firm6,265,-192.16541232521544,413,21.535559214117004,190,309,0
Firm7,265,28953.98908328049,69,9.140838665544003,190,309,0
Firm8,265,-13308.340794124873,719,22.567924241005322,189,309,0
Firm9,265,-39540.31095891801,1447,40.16147659897657,189,309,0
Firm10,265,-17691.922953062207,664,15.326337915033296,189,309,0
Firm1,266,-12279.843772059383,0,12.359100594397217,189,308,0
Firm2,266,9822.988572557619,0,17.19781640425359,189,308,0
Firm3,266,30191.72911907052,0,18.106724931123786,189,308,0
Firm4,266,15997.924565905389,0,16.866725274905356,190,308,0
Firm5,266,3081.6207836675912,280,33.74678042740638,192,310,0
Firm6,266,-167.76460874635796,412,21.535559214117004,192,311,0
Firm7,266,29057.94723157386,67,9.140838665544003,192,311,0
Firm8,266,-13341.177641020979,720,22.567924241005322,191,311,0
Firm9,266,-39620.80091260062,1449,40.16147659897657,191,311,0
Firm10,266,-17759.02213710446,668,15.326337915033296,191,311,0
Firm1,267,-12298.126539655315,0,12.359100594397217,191,310,0
Firm2,267,9820.76001568407,0,17.19781640425359,191,310,0
Firm3,267,30236.16232843329,0,18.106724931123786,191,310,0
Firm4,267,16025.360960958535,0,16.866725274905356,192,310,0
Firm5,267,3102.733339384415,279,33.74678042740638,194,312,0
Firm6,267,-166.5053957005152,412,21.535559214117004,194,313,0
Firm7,267,29148.24439949889,66,9.140838665544003,194,313,0
Firm8,267,-13374.014487917084,721,22.567924241005322,193,313,0
Firm9,267,-39701.290866283234,1451,40.16147659897657,193,313,0
Firm10,267,-17826.121321146715,672,15.326337915033296,193,313,0
Firm1,268,-12316.409307251248,0,12.359100594397217,193,312,0
Firm2,268,9818.531458810523,0,17.19781640425359,193,312,0
Firm3,268,30280.59553779606,0,18.106724931123786,193,312,0
Firm4,268,16052.79735601168,0,16.866725274905356,194,312,0
Firm5,268,3123.845895101239,278,33.74678042740638,196,314,0
Firm6,268,-142.10459212165773,411,21.535559214117004,196,315,0
Firm7,268,29238.54156742392,65,9.140838665544003,196,315,0
Firm8,268,-13406.85133481319,722,22.567924241005322,195,315,0
Firm9,268,-39783.18719375939,1453,40.16147659897657,195,315,0
Firm10,268,-17891.814131395422,676,15.326337915033296,195,315,0
Firm1,269,-12334.69207484718,0,12.359100594397217,195,314,0
Firm2,269,9816.302901936975,0,17.19781640425359,195,314,0
Firm3,269,30325.02874715883,0,18.106724931123786,195,314,0
Firm4,269,16080.233751064827,0,16.866725274905356,196,314,0
Firm5,269,3144.958450818063,277,33.74678042740638,198,316,0
Firm6,269,-140.84537907581495,411,21.535559214117004,198,317,0
Firm7,269,29342.49971571729,63,9.140838665544003,198,317,0
Firm8,269,-13439.688181709294,723,22.567924241005322,197,317,0
Firm9,269,-39863.677147442,1455,40.16147659897657,197,317,0
Firm10,269,-17958.913315437676,680,15.326337915033296,197,317,0
Firm1,270,-12352.974842443113,0,12.359100594397217,197,316,0
Firm2,270,9820.37490226264,0,17.19781640425359,197,316,0
Firm3,270,30363.09108506137,0,18.106724931123786,197,316,0
Firm4,270,16107.670146117973,0,16.866725274905356,198,316,0
Firm5,270,3166.0710065348867,276,33.74678042740638,200,318,0
Firm6,270,-116.44457549695748,410,21.535559214117004,200,319,0
Firm7,270,29419.13590327398,63,9.140838665544003,200,319,0
Firm8,270,-13472.5250286054,724,22.567924241005322,199,319,0
Firm9,270,-39983.83077866863,1458,40.16147659897657,199,319,0
Firm10,270,-17997.581167185144,682,15.326337915033296,199,319,0
Firm1,271,-12371.257610039045,0,12.359100594397217,199,318,0
Firm2,271,9818.146345389092,0,17.19781640425359,199,318,0
Firm3,271,30401.153422963907,0,18.106724931123786,199,318,0
Firm4,271,16135.106541171119,0,16.866725274905356,200,318,0
Firm5,271,3187.1835622517106,275,33.74678042740638,202,320,0
Firm6,271,-115.18536245111473,410,21.535559214117004,202,321,0
Firm7,271,29509.433071199008,62,9.140838665544003,202,321,0
Firm8,271,-13505.361875501505,725,22.567924241005322,201,321,0
Firm9,271,-40064.32073235124,1460,40.16147659897657,201,321,0
Firm10,271,-18037.897695401727,684,15.326337915033296,201,321,0
Firm1,272,-12389.540377634978,0,12.359100594397217,201,320,0
Firm2,272,9815.917788515544,0,17.19781640425359,201,320,0
Firm3,272,30445.58663232668,0,18.106724931123786,201,320,0
Firm4,272,16162.542936224265,0,16.866725274905356,202,320,0
Firm5,272,3208.2961179685344,274,33.74678042740638,204,322,0
Firm6,272,-113.926149405272,410,21.535559214117004,204,323,0
Firm7,272,29613.39121949238,60,9.140838665544003,204,323,0
Firm8,272,-13538.19872239761,726,22.567924241005322,203,323,0
Firm9,272,-40146.217059827395,1462,40.16147659897657,203,323,0
Firm10,272,-18103.590505650434,688,15.326337915033296,203,323,0
Firm1,273,-12407.82314523091,0,12.359100594397217,203,322,0
Firm2,273,9813.689231641996,0,17.19781640425359,203,322,0
Firm3,273,30483.648970229217,0,18.106724931123786,203,322,0
Firm4,273,16189.97933127741,0,16.866725274905356,204,322,0
Firm5,273,3229.4086736853583,273,33.74678042740638,206,324,0
Firm6,273,-89.5253458264146,409,21.535559214117004,206,325,0
Firm7,273,29690.027407049067,60,9.140838665544003,206,325,0
Firm8,273,-13571.035569293716,727,22.567924241005322,205,325,0
Firm9,273,-40226.70701351001,1464,40.16147659897657,205,325,0
Firm10,273,-18157.086896257977,691,15.326337915033296,205,325,0
Firm1,274,-12426.105912826843,0,12.359100594397217,205,324,0
Firm2,274,9811.460674768448,0,17.19781640425359,205,324,0
Firm3,274,30528.082179591987,0,18.106724931123786,205,324,0
Firm4,274,16217.415726330557,0,16.866725274905356,206,324,0
Firm5,274,3250.521229402182,272,33.74678042740638,208,326,0
Firm6,274,-88.2661327805719,409,21.535559214117004,208,327,0
Firm7,274,29793.98555534244,58,9.140838665544003,208,327,0
Firm8,274,-13603.87241618982,728,22.567924241005322,207,327,0
Firm9,274,-40307.19696719262,1466,40.16147659897657,207,327,0
Firm10,274,-18224.18608030023,695,15.326337915033296,207,327,0
Firm1,275,-12444.388680422775,0,12.359100594397217,207,326,0
Firm2,275,9809.2321178949,0,17.19781640425359,207,326,0
Firm3,275,30566.144517494526,0,18.106724931123786,207,326,0
Firm4,275,16244.852121383703,0,16.866725274905356,208,326,0
Firm5,275,3271.633785119006,271,33.74678042740638,210,328,0
Firm6,275,-63.865329201714545,408,21.535559214117004,210,329,0
Firm7,275,29897.94370363581,56,9.140838665544003,210,329,0
Firm8,275,-13636.709263085926,729,22.567924241005322,209,329,0
Firm9,275,-40427.53122678743,1469,40.16147659897657,209,329,0
Firm10,275,-18276.276097114227,698,15.326337915033296,209,329,0
Firm1,276,-12462.671448018707,0,12.359100594397217,209,328,0
Firm2,276,9807.003561021353,0,17.19781640425359,209,328,0
Firm3,276,30610.577726857297,0,18.106724931123786,209,328,0
Firm4,276,16272.288516436849,0,16.866725274905356,210,328,0
Firm5,276,3292.74634083583,270,33.74678042740638,212,330,0
Firm6,276,-62.60611615587183,408,21.535559214117004,212,331,0
Firm7,276,29988.24087156084,55,9.140838665544003,212,331,0
Firm8,276,-13669.546109982031,730,22.567924241005322,211,331,0
Firm9,276,-40508.021180470045,1471,40.16147659897657,211,331,0
Firm10,276,-18329.77248772177,701,15.326337915033296,211,331,0
Firm1,277,-12480.95421561464,0,12.359100594397217,211,330,0
Firm2,277,9804.775004147805,0,17.19781640425359,211,330,0
Firm3,277,30655.010936220067,0,18.106724931123786,211,330,0
Firm4,277,16299.724911489995,0,16.866725274905356,212,330,0
Firm5,277,3313.8588965526537,269,33.74678042740638,214,332,0
Firm6,277,-38.20531257701447,407,21.535559214117004,214,333,0
Firm7,277,30078.53803948587,54,9.140838665544003,214,333,0
Firm8,277,-13702.382956878137,731,22.567924241005322,213,333,0
Firm9,277,-40589.9175079462,1473,40.16147659897657,213,333,0
Firm10,277,-18381.862504535766,704,15.326337915033296,213,333,0
Firm1,278,-12499.236983210572,0,12.359100594397217,213,332,0
Firm2,278,9802.546447274257,0,17.19781640425359,213,332,0
Firm3,278,30699.44414558284,0,18.106724931123786,213,332,0
Firm4,278,16327.161306543141,0,16.866725274905356,214,332,0
Firm5,278,3334.9714522694776,268,33.74678042740638,216,334,0
Firm6,278,-36.94609953117178,407,21.535559214117004,216,335,0
Firm7,278,30182.49618777924,52,9.140838665544003,216,335,0
Firm8,278,-13735.219803774242,732,22.567924241005322,215,335,0
Firm9,278,-40708.66476537928,1476,40.16147659897657,215,335,0
Firm10,278,-18422.17903275235,706,15.326337915033296,215,335,0
Firm1,279,-12517.519750806505,0,12.359100594397217,215,334,0
Firm2,279,9800.317890400709,0,17.19781640425359,215,334,0
Firm3,279,30737.506483485377,0,18.106724931123786,215,334,0
Firm4,279,16354.597701596287,0,16.866725274905356,216,334,0
Firm5,279,3356.0840079863015,267,33.74678042740638,218,336,0
Firm6,279,-12.54529595231443,406,21.535559214117004,218,337,0
Firm7,279,30272.79335570427,51,9.140838665544003,218,337,0
Firm8,279,-13768.056650670347,733,22.567924241005322,217,337,0
Firm9,279,-40790.56109285544,1478,40.16147659897657,217,337,0
Firm10,279,-18474.449677934528,709,15.326337915033296,217,337,0
Firm1,280,-12535.802518402437,0,12.359100594397217,217,336,0
Firm2,280,9798.089333527161,0,17.19781640425359,217,336,0
Firm3,280,30781.939692848147,0,18.106724931123786,217,336,0
Firm4,280,16382.034096649433,0,16.866725274905356,218,336,0
Firm5,280,3377.1965637031253,266,33.74678042740638,220,338,0
Firm6,280,-11.286082906471815,406,21.535559214117004,220,339,0
Firm7,280,30363.0905236293,50,9.140838665544003,220,339,0
Firm8,280,-13800.893497566452,734,22.567924241005322,219,339,0
Firm9,280,-40871.05104653805,1480,40.16147659897657,219,339,0
Firm10,280,-18527.94606854207,712,15.326337915033296,219,339,0
Firm1,281,-12554.08528599837,0,12.359100594397217,219,338,0
Firm2,281,9795.860776653613,0,17.19781640425359,219,338,0
Firm3,281,30820.002030750686,0,18.106724931123786,219,338,0
Firm4,281,16409.47049170258,0,16.866725274905356,220,338,0
Firm5,281,3398.309119419949,265,33.74678042740638,222,340,0
Firm6,281,13.11472067238548,405,21.535559214117004,222,341,0
Firm7,281,30467.048671922672,48,9.140838665544003,222,341,0
Firm8,281,-13833.730344462558,735,22.567924241005322,221,341,0
Firm9,281,-40989.97893233932,1483,40.16147659897657,221,341,0
Firm10,281,-18581.442459149614,715,15.326337915033296,221,341,0
Firm1,282,-12572.368053594302,0,12.359100594397217,221,340,0
Firm2,282,9793.632219780065,0,17.19781640425359,221,340,0
Firm3,282,30864.435240113457,0,18.106724931123786,221,340,0
Firm4,282,16436.906886755743,0,16.866725274905356,222,340,0
Firm5,282,3419.421675136773,264,33.74678042740638,224,342,0
Firm6,282,14.37393371822807,405,21.535559214117004,224,343,0
Firm7,282,30557.3458398477,47,9.140838665544003,224,343,0
Firm8,282,-13866.567191358663,736,22.567924241005322,223,343,0
Firm9,282,-41071.875259815475,1485,40.16147659897657,223,343,0
Firm10,282,-18633.53247596361,718,15.326337915033296,223,343,0
Firm1,283,-12590.650821190235,0,12.359100594397217,223,342,0
Firm2,283,9791.403662906518,0,17.19781640425359,223,342,0
Firm3,283,30908.868449476227,0,18.106724931123786,223,342,0
Firm4,283,16464.343281808913,0,16.866725274905356,224,342,0
Firm5,283,3440.534230853597,263,33.74678042740638,226,344,0
Firm6,283,38.77473729708534,404,21.535559214117004,226,345,0
Firm7,283,30647.64300777273,46,9.140838665544003,226,345,0
Firm8,283,-13899.404038254768,737,22.567924241005322,225,345,0
Firm9,283,-41152.36521349809,1487,40.16147659897657,225,345,0
Firm10,283,-18700.631660005864,722,15.326337915033296,225,345,0
Firm1,284,-12608.933588786167,0,12.359100594397217,225,344,0
Firm2,284,9789.17510603297,0,17.19781640425359,225,344,0
Firm3,284,30953.301658839,0,18.106724931123786,225,344,0
Firm4,284,16491.779676862094,0,16.866725274905356,226,344,0
Firm5,284,3461.6467865704208,262,33.74678042740638,228,346,0
Firm6,284,40.03395034292794,404,21.535559214117004,228,347,0
Firm7,284,30737.94017569776,45,9.140838665544003,228,347,0
Firm8,284,-13932.240885150874,738,22.567924241005322,227,347,0
Firm9,284,-41234.26154097424,1489,40.16147659897657,227,347,0
Firm10,284,-18766.32447025457,726,15.326337915033296,227,347,0
Firm1,285,-12627.2163563821,0,12.359100594397217,227,346,0
Firm2,285,9786.946549159422,0,17.19781640425359,227,346,0
Firm3,285,30991.363996741537,0,18.106724931123786,227,346,0
Firm4,285,16519.216071915278,0,16.866725274905356,228,346,0
Firm5,285,3482.7593422872446,261,33.74678042740638,230,348,0
Firm6,285,64.4347539217852,403,21.535559214117004,230,349,0
Firm7,285,30828.23734362279,44,9.140838665544003,230,349,0
Firm8,285,-13965.077732046979,739,22.567924241005322,229,349,0
Firm9,285,-41314.751494656855,1491,40.16147659897657,229,349,0
Firm10,285,-18806.46037010297,728,15.326337915033296,229,349,0
Firm1,286,-12645.499123978032,0,12.359100594397217,229,348,0
Firm2,286,9784.717992285874,0,17.19781640425359,229,348,0
Firm3,286,31035.797206104307,0,18.106724931123786,229,348,0
Firm4,286,16546.652466968462,0,16.866725274905356,230,348,0
Firm5,286,3503.8718980040685,260,33.74678042740638,232,350,0
Firm6,286,65.69396696762779,403,21.535559214117004,232,351,0
Firm7,286,30932.19549191616,42,9.140838665544003,232,351,0
Firm8,286,-13997.914578943084,740,22.567924241005322,231,351,0
Firm9,286,-41396.64782213301,1493,40.16147659897657,231,351,0
Firm10,286,-18872.153180351677,732,15.326337915033296,231,351,0
Firm1,287,-12663.781891573964,0,12.359100594397217,231,350,0
Firm2,287,9782.489435412326,0,17.19781640425359,231,350,0
Firm3,287,31073.859544006846,0,18.106724931123786,231,350,0
Firm4,287,16574.088862021646,0,16.866725274905356,232,350,0
Firm5,287,3524.9844537208924,259,33.74678042740638,234,352,0
Firm6,287,69.61868904738435,403,21.535559214117004,234,353,0
Firm7,287,31036.153640209533,40,9.140838665544003,234,353,0
Firm8,287,-14023.796028485336,741,22.567924241005322,233,352,0
Firm9,287,-41542.946131718505,1497,40.16147659897657,233,352,0
Firm10,287,-18907.381736866497,734,15.326337915033296,233,352,0
Firm1,288,-12677.844530101836,0,12.359100594397217,233,351,0
Firm2,288,9789.06828034621,0,17.19781640425359,233,351,0
Firm3,288,31120.803152692493,0,18.106724931123786,233,351,0
Firm4,288,16611.689672817658,0,16.866725274905356,234,351,0
Firm5,288,3491.652920539966,260,33.74678042740638,236,353,0
Firm6,288,80.89853962156862,403,21.535559214117004,236,354,0
Firm7,288,31126.693066982443,39,9.140838665544003,236,354,0
Firm8,288,-14049.677478027588,742,22.567924241005322,235,353,0
Firm9,288,-41612.54920543487,1499,40.16147659897657,235,353,0
Firm10,288,-18942.610293381316,736,15.326337915033296,235,353,0
Firm1,289,-12691.907168629708,0,12.359100594397217,235,352,0
Firm2,289,9795.647125280093,0,17.19781640425359,235,352,0
Firm3,289,31167.74676137814,0,18.106724931123786,235,352,0
Firm4,289,16649.29048361367,0,16.866725274905356,236,352,0
Firm5,289,3488.032501457615,260,33.74678042740638,238,354,0
Firm6,289,69.03679966273822,404,21.535559214117004,238,355,0
Firm7,289,31217.232493755353,38,9.140838665544003,238,355,0
Firm8,289,-14075.55892756984,743,22.567924241005322,237,354,0
Firm9,289,-41683.55865294478,1501,40.16147659897657,237,354,0
Firm10,289,-19003.457434603828,740,15.326337915033296,237,354,0
Firm1,290,-12705.96980715758,0,12.359100594397217,237,353,0
Firm2,290,9802.225970213976,0,17.19781640425359,237,353,0
Firm3,290,31214.69037006379,0,18.106724931123786,237,353,0
Firm4,290,16686.89129440968,0,16.866725274905356,238,353,0
Firm5,290,3484.412082375264,260,33.74678042740638,240,355,0
Firm6,290,80.31665023692248,404,21.535559214117004,240,356,0
Firm7,290,31294.11094015992,38,9.140838665544003,240,356,0
Firm8,290,-14101.440377112092,744,22.567924241005322,239,355,0
Firm9,290,-41753.16172666115,1503,40.16147659897657,239,355,0
Firm10,290,-19065.710949619886,744,15.326337915033296,239,355,0
Firm1,291,-12720.032445685452,0,12.359100594397217,239,354,0
Firm2,291,9808.80481514786,0,17.19781640425359,239,354,0
Firm3,291,31255.263107289204,0,18.106724931123786,239,354,0
Firm4,291,16720.819328969646,0,16.866725274905356,240,354,0
Firm5,291,3480.791663292913,260,33.74678042740638,242,356,0
Firm6,291,68.45491027809209,405,21.535559214117004,242,357,0
Firm7,291,31384.65036693283,37,9.140838665544003,242,357,0
Firm8,291,-14127.321826654344,745,22.567924241005322,241,356,0
Firm9,291,-41785.975544727975,1504,40.16147659897657,241,356,0
Firm10,291,-19126.31578816683,748,15.326337915033296,241,356,0
Firm1,292,-12734.095084213324,0,12.359100594397217,241,355,0
Firm2,292,9815.383660081743,0,17.19781640425359,241,355,0
Firm3,292,31302.20671597485,0,18.106724931123786,241,355,0
Firm4,292,16754.747363529612,0,16.866725274905356,242,355,0
Firm5,292,3477.1712442105622,260,33.74678042740638,244,357,0
Firm6,292,79.73476085227635,405,21.535559214117004,244,358,0
Firm7,292,31461.528813337398,37,9.140838665544003,244,358,0
Firm8,292,-14153.203276196597,746,22.567924241005322,243,357,0
Firm9,292,-41893.77424788743,1507,40.16147659897657,243,357,0
Firm10,292,-19175.208812423745,751,15.326337915033296,243,357,0
Firm1,293,-12748.157722741196,0,12.359100594397217,243,356,0
Firm2,293,9821.962505015626,0,17.19781640425359,243,356,0
Firm3,293,31342.779453200266,0,18.106724931123786,243,356,0
Firm4,293,16788.675398089577,0,16.866725274905356,244,356,0
Firm5,293,3473.5508251282113,260,33.74678042740638,246,358,0
Firm6,293,67.87302089344595,406,21.535559214117004,246,359,0
Firm7,293,31565.72922047865,35,9.140838665544003,246,359,0
Firm8,293,-14179.084725738849,747,22.567924241005322,245,358,0
Firm9,293,-42001.81525372245,1510,40.16147659897657,245,358,0
Firm10,293,-19223.859534005092,754,15.326337915033296,245,358,0
Firm1,294,-12762.220361269068,0,12.359100594397217,245,357,0
Firm2,294,9828.54134994951,0,17.19781640425359,245,357,0
Firm3,294,31389.723061885914,0,18.106724931123786,245,357,0
Firm4,294,16822.603432649543,0,16.866725274905356,246,357,0
Firm5,294,3469.9304060458603,260,33.74678042740638,248,359,0
Firm6,294,79.15287146763022,406,21.535559214117004,248,360,0
Firm7,294,31642.607666883217,35,9.140838665544003,248,360,0
Firm8,294,-14204.9661752811,748,22.567924241005322,247,359,0
Firm9,294,-42072.82470123236,1512,40.16147659897657,247,359,0
Firm10,294,-19271.103881792893,757,15.326337915033296,247,359,0
Firm1,295,-12776.28299979694,0,12.359100594397217,247,358,0
Firm2,295,9835.120194883393,0,17.19781640425359,247,358,0
Firm3,295,31436.66667057156,0,18.106724931123786,247,358,0
Firm4,295,16856.53146720951,0,16.866725274905356,248,358,0
Firm5,295,3466.3099869635093,260,33.74678042740638,250,360,0
Firm6,295,67.29113150879982,407,21.535559214117004,250,361,0
Firm7,295,31746.80807402447,33,9.140838665544003,250,361,0
Firm8,295,-14230.847624823353,749,22.567924241005322,249,360,0
Firm9,295,-42180.6850786992,1515,40.16147659897657,249,360,0
Firm10,295,-19292.97194754857,758,15.326337915033296,249,360,0
Firm1,296,-12790.345638324812,0,12.359100594397217,249,359,0
Firm2,296,9841.699039817277,0,17.19781640425359,249,359,0
Firm3,296,31483.61027925721,0,18.106724931123786,249,359,0
Firm4,296,16890.459501769474,0,16.866725274905356,250,359,0
Firm5,296,3462.6895678811584,260,33.74678042740638,252,361,0
Firm6,296,78.57098208298409,407,21.535559214117004,252,362,0
Firm7,296,31823.686520429037,33,9.140838665544003,252,362,0
Firm8,296,-14256.729074365605,750,22.567924241005322,251,361,0
Firm9,296,-42251.69452620911,1517,40.16147659897657,251,361,0
Firm10,296,-19340.396923704553,761,15.326337915033296,251,361,0
Firm1,297,-12804.408276852684,0,12.359100594397217,251,360,0
Firm2,297,9848.27788475116,0,17.19781640425359,251,360,0
Firm3,297,31524.183016482624,0,18.106724931123786,251,360,0
Firm4,297,16924.38753632944,0,16.866725274905356,252,360,0
Firm5,297,3459.0691487988074,260,33.74678042740638,254,362,0
Firm6,297,66.70924212415369,408,21.535559214117004,254,363,0
Firm7,297,31927.88692757029,31,9.140838665544003,254,363,0
Firm8,297,-14282.610523907857,751,22.567924241005322,253,362,0
Firm9,297,-42359.735532044135,1520,40.16147659897657,253,362,0
Firm10,297,-19389.0476452859,764,15.326337915033296,253,362,0
Firm1,298,-12818.470915380556,0,12.359100594397217,253,361,0
Firm2,298,9854.856729685043,0,17.19781640425359,253,361,0
Firm3,298,31571.126625168272,0,18.106724931123786,253,361,0
Firm4,298,16958.315570889405,0,16.866725274905356,254,361,0
Firm5,298,3455.4487297164565,260,33.74678042740638,256,363,0
Firm6,298,77.98909269833796,408,21.535559214117004,256,364,0
Firm7,298,32004.765373974857,31,9.140838665544003,256,364,0
Firm8,298,-14308.491973450109,752,22.567924241005322,255,363,0
Firm9,298,-42392.54935011096,1521,40.16147659897657,255,363,0
Firm10,298,-19449.652483832844,768,15.326337915033296,255,363,0
Firm1,299,-12832.533553908428,0,12.359100594397217,255,362,0
Firm2,299,9861.435574618927,0,17.19781640425359,255,362,0
Firm3,299,31618.07023385392,0,18.106724931123786,255,362,0
Firm4,299,16992.24360544937,0,16.866725274905356,256,362,0
Firm5,299,3451.8283106341055,260,33.74678042740638,258,364,0
Firm6,299,66.12735273950756,409,21.535559214117004,258,365,0
Firm7,299,32095.304800747766,30,9.140838665544003,258,365,0
Firm8,299,-14334.373422992361,753,22.567924241005322,257,364,0
Firm9,299,-42500.34805327041,1524,40.16147659897657,257,364,0
Firm10,299,-19498.54550808976,771,15.326337915033296,257,364,0
Firm1,300,-12846.5961924363,0,12.359100594397217,257,363,0
Firm2,300,9868.01441955281,0,17.19781640425359,257,363,0
Firm3,300,31665.013842539567,0,18.106724931123786,257,363,0
Firm4,300,17026.171640009336,0,16.866725274905356,258,363,0
Firm5,300,3448.2078915517545,260,33.74678042740638,260,365,0
Firm6,300,77.40720331369182,409,21.535559214117004,260,366,0
Firm7,300,32172.183247152334,30,9.140838665544003,260,366,0
Firm8,300,-14360.254872534613,754,22.567924241005322,259,365,0
Firm9,300,-42569.95112698678,1526,40.16147659897657,259,365,0
Firm10,300,-19560.799023105817,775,15.326337915033296,259,365,0
Firm1,301,-12860.658830964172,0,12.359100594397217,259,364,0
Firm2,301,9874.593264486693,0,17.19781640425359,259,364,0
Firm3,301,31705.586579764982,0,18.106724931123786,259,364,0
Firm4,301,17060.0996745693,0,16.866725274905356,260,364,0
Firm5,301,3444.5874724694036,260,33.74678042740638,262,366,0
Firm6,301,65.54546335486143,410,21.535559214117004,262,367,0
Firm7,301,32262.722673925244,29,9.140838665544003,262,367,0
Firm8,301,-14386.136322076865,755,22.567924241005322,261,366,0
Firm9,301,-42640.96057449669,1528,40.16147659897657,261,366,0
Firm10,301,-19608.043370893618,778,15.326337915033296,261,366,0
Firm1,302,-12874.721469492044,0,12.359100594397217,261,365,0
Firm2,302,9881.172109420577,0,17.19781640425359,261,365,0
Firm3,302,31752.53018845063,0,18.106724931123786,261,365,0
Firm4,302,17094.027709129266,0,16.866725274905356,262,365,0
Firm5,302,3440.9670533870526,260,33.74678042740638,264,367,0
Firm6,302,76.82531392904569,410,21.535559214117004,264,368,0
Firm7,302,32339.60112032981,29,9.140838665544003,264,368,0
Firm8,302,-14412.017771619117,756,22.567924241005322,263,367,0
Firm9,302,-42710.56364821306,1530,40.16147659897657,263,367,0
Firm10,302,-19656.936395150533,781,15.326337915033296,263,367,0
Firm1,303,-12888.784108019916,0,12.359100594397217,263,366,0
Firm2,303,9887.75095435446,0,17.19781640425359,263,366,0
Firm3,303,31793.102925676045,0,18.106724931123786,263,366,0
Firm4,303,17127.955743689232,0,16.866725274905356,264,366,0
Firm5,303,3437.3466343047016,260,33.74678042740638,266,368,0
Firm6,303,64.96357397021528,411,21.535559214117004,266,369,0
Firm7,303,32457.462507839406,26,9.140838665544003,266,369,0
Firm8,303,-14437.89922116137,757,22.567924241005322,265,368,0
Firm9,303,-42820.011027841625,1533,40.16147659897657,265,368,0
Firm10,303,-19704.180742938333,784,15.326337915033296,265,368,0
Firm1,304,-12902.846746547788,0,12.359100594397217,265,367,0
Firm2,304,9894.329799288344,0,17.19781640425359,265,367,0
Firm3,304,31840.046534361692,0,18.106724931123786,265,367,0
Firm4,304,17161.883778249197,0,16.866725274905356,266,367,0
Firm5,304,3433.7262152223507,260,33.74678042740638,268,369,0
Firm6,304,76.24342454439955,411,21.535559214117004,268,370,0
Firm7,304,32520.67997387563,27,9.140838665544003,268,370,0
Firm8,304,-14463.780670703622,758,22.567924241005322,267,369,0
Firm9,304,-42927.87140530846,1536,40.16147659897657,267,369,0
Firm10,304,-19739.409299453153,786,15.326337915033296,267,369,0
Firm1,305,-12916.90938507566,0,12.359100594397217,267,368,0
Firm2,305,9900.908644222227,0,17.19781640425359,267,368,0
Firm3,305,31886.99014304734,0,18.106724931123786,267,368,0
Firm4,305,17195.811812809163,0,16.866725274905356,268,368,0
Firm5,305,3430.1057961399997,260,33.74678042740638,270,370,0
Firm6,305,64.38168458556913,412,21.535559214117004,270,371,0
Firm7,305,32611.21940064854,26,9.140838665544003,270,371,0
Firm8,305,-14489.662120245874,759,22.567924241005322,269,370,0
Firm9,305,-42960.68522337529,1537,40.16147659897657,269,370,0
Firm10,305,-19786.59197293357,789,15.326337915033296,269,370,0
Firm1,306,-12930.972023603532,0,12.359100594397217,269,369,0
Firm2,306,9907.48748915611,0,17.19781640425359,269,369,0
Firm3,306,31933.933751732988,0,18.106724931123786,269,369,0
Firm4,306,17229.73984736913,0,16.866725274905356,270,369,0
Firm5,306,3426.4853770576487,260,33.74678042740638,272,371,0
Firm6,306,52.51994462673872,413,21.535559214117004,272,372,0
Firm7,306,32701.75882742145,25,9.140838665544003,272,372,0
Firm8,306,-14515.543569788126,760,22.567924241005322,271,371,0
Firm9,306,-43068.48392653474,1540,40.16147659897657,271,371,0
Firm10,306,-19821.882203755773,791,15.326337915033296,271,371,0
Firm1,307,-12945.034662131404,0,12.359100594397217,271,370,0
Firm2,307,9914.066334089994,0,17.19781640425359,271,370,0
Firm3,307,31974.506488958403,0,18.106724931123786,271,370,0
Firm4,307,17263.667881929094,0,16.866725274905356,272,370,0
Firm5,307,3422.864957975298,260,33.74678042740638,274,372,0
Firm6,307,63.799795200922986,413,21.535559214117004,274,373,0
Firm7,307,32778.63727382602,25,9.140838665544003,274,373,0
Firm8,307,-14541.425019330378,761,22.567924241005322,273,372,0
Firm9,307,-43138.08700025111,1542,40.16147659897657,273,372,0
Firm10,307,-19870.53292533712,794,15.326337915033296,273,372,0
Firm1,308,-12959.097300659276,0,12.359100594397217,273,371,0
Firm2,308,9920.645179023877,0,17.19781640425359,273,371,0
Firm3,308,32021.45009764405,0,18.106724931123786,273,371,0
Firm4,308,17297.59591648906,0,16.866725274905356,274,371,0
Firm5,308,3419.244538892947,260,33.74678042740638,276,373,0
Firm6,308,51.938055242092574,414,21.535559214117004,276,374,0
Firm7,308,32869.17670059895,24,9.140838665544003,276,374,0
Firm8,308,-14567.30646887263,762,22.567924241005322,275,373,0
Firm9,308,-43170.90081831793,1543,40.16147659897657,275,373,0
Firm10,308,-19944.740557318775,799,15.326337915033296,275,373,0
Firm1,309,-12973.159939187148,0,12.359100594397217,275,372,0
Firm2,309,9927.22402395776,0,17.19781640425359,275,372,0
Firm3,309,32062.022834869465,0,18.106724931123786,275,372,0
Firm4,309,17331.523951049025,0,16.866725274905356,276,372,0
Firm5,309,3415.624119810596,260,33.74678042740638,278,374,0
Firm6,309,63.21790581627684,414,21.535559214117004,278,375,0
Firm7,309,32959.71612737189,23,9.140838665544003,278,375,0
Firm8,309,-14593.187918414882,763,22.567924241005322,277,374,0
Firm9,309,-43317.13745359604,1547,40.16147659897657,277,374,0
Firm10,309,-19980.03078814098,801,15.326337915033296,277,374,0
Firm1,310,-12987.22257771502,0,12.359100594397217,277,373,0
Firm2,310,9933.802868891644,0,17.19781640425359,277,373,0
Firm3,310,32108.966443555113,0,18.106724931123786,277,373,0
Firm4,310,17365.45198560899,0,16.866725274905356,278,373,0
Firm5,310,3412.003700728245,260,33.74678042740638,280,375,0
Firm6,310,51.35616585744643,415,21.535559214117004,280,376,0
Firm7,310,33050.255554144824,22,9.140838665544003,280,376,0
Firm8,310,-14619.069367957134,764,22.567924241005322,279,375,0
Firm9,310,-43349.95127166287,1548,40.16147659897657,279,375,0
Firm10,310,-20040.635626687923,805,15.326337915033296,279,375,0
Firm1,311,-13001.285216242892,0,12.359100594397217,279,374,0
Firm2,311,9940.381713825527,0,17.19781640425359,279,374,0
Firm3,311,32155.91005224076,0,18.106724931123786,279,374,0
Firm4,311,17399.380020168956,0,16.866725274905356,280,374,0
Firm5,311,3408.383281645894,260,33.74678042740638,282,376,0
Firm6,311,62.63601643163069,415,21.535559214117004,282,377,0
Firm7,311,33127.13400054941,22,9.140838665544003,282,377,0
Firm8,311,-14644.950817499386,765,22.567924241005322,281,376,0
Firm9,311,-43457.74997482232,1551,40.16147659897657,281,376,0
Firm10,311,-20089.528650944838,808,15.326337915033296,281,376,0
Firm1,312,-13015.347854770764,0,12.359100594397217,281,375,0
Firm2,312,9946.96055875941,0,17.19781640425359,281,375,0
Firm3,312,32202.85366092641,0,18.106724931123786,281,375,0
Firm4,312,17433.30805472892,0,16.866725274905356,282,375,0
Firm5,312,3404.762862563543,260,33.74678042740638,284,377,0
Firm6,312,50.77427647280028,416,21.535559214117004,284,378,0
Firm7,312,33231.334407690694,20,9.140838665544003,284,378,0
Firm8,312,-14670.832267041638,766,22.567924241005322,283,377,0
Firm9,312,-43527.35304853869,1553,40.16147659897657,283,377,0
Firm10,312,-20124.81888176704,810,15.326337915033296,283,377,0
Firm1,313,-13029.410493298636,0,12.359100594397217,283,376,0
Firm2,313,9953.539403693294,0,17.19781640425359,283,376,0
Firm3,313,32243.426398151823,0,18.106724931123786,283,376,0
Firm4,313,17467.236089288886,0,16.866725274905356,284,376,0
Firm5,313,3401.142443481192,260,33.74678042740638,286,378,0
Firm6,313,62.05412704698455,416,21.535559214117004,286,379,0
Firm7,313,33308.21285409528,20,9.140838665544003,286,379,0
Firm8,313,-14696.71371658389,767,22.567924241005322,285,378,0
Firm9,313,-43636.61979979907,1556,40.16147659897657,285,378,0
Firm10,313,-20172.243857923026,813,15.326337915033296,285,378,0
Firm1,314,-13043.473131826508,0,12.359100594397217,285,377,0
Firm2,314,9960.118248627177,0,17.19781640425359,285,377,0
Firm3,314,32290.37000683747,0,18.106724931123786,285,377,0
Firm4,314,17501.164123848852,0,16.866725274905356,286,377,0
Firm5,314,3397.522024398841,260,33.74678042740638,288,379,0
Firm6,314,50.192387088154135,417,21.535559214117004,288,380,0
Firm7,314,33398.75228086822,19,9.140838665544003,288,380,0
Firm8,314,-14722.595166126142,768,22.567924241005322,287,379,0
Firm9,314,-43706.222873515435,1558,40.16147659897657,287,379,0
Firm10,314,-20221.075207872556,816,15.326337915033296,287,379,0
Firm1,315,-13057.53577035438,0,12.359100594397217,287,378,0
Firm2,315,9966.69709356106,0,17.19781640425359,287,378,0
Firm3,315,32330.942744062886,0,18.106724931123786,287,378,0
Firm4,315,17535.092158408817,0,16.866725274905356,288,378,0
Firm5,315,3393.90160531649,260,33.74678042740638,290,380,0
Firm6,315,61.4722376623384,417,21.535559214117004,290,381,0
Firm7,315,33489.291707641154,18,9.140838665544003,290,381,0
Firm8,315,-14748.476615668395,769,22.567924241005322,289,380,0
Firm9,315,-43777.47462370092,1560,40.16147659897657,289,380,0
Firm10,315,-20281.6800464195,820,15.326337915033296,289,380,0
Firm1,316,-13071.598408882252,0,12.359100594397217,289,379,0
Firm2,316,9973.275938494944,0,17.19781640425359,289,379,0
Firm3,316,32377.886352748534,0,18.106724931123786,289,379,0
Firm4,316,17569.020192968783,0,16.866725274905356,290,379,0
Firm5,316,3390.281186234139,260,33.74678042740638,292,381,0
Firm6,316,49.61049770350799,418,21.535559214117004,292,382,0
Firm7,316,33579.83113441409,17,9.140838665544003,292,382,0
Firm8,316,-14774.358065210647,770,22.567924241005322,291,381,0
Firm9,316,-43885.27332686037,1563,40.16147659897657,291,381,0
Firm10,316,-20316.970277241704,822,15.326337915033296,291,381,0
Firm1,317,-13085.661047410124,0,12.359100594397217,291,380,0
Firm2,317,9979.854783428827,0,17.19781640425359,291,380,0
Firm3,317,32424.82996143418,0,18.106724931123786,291,380,0
Firm4,317,17602.94822752875,0,16.866725274905356,292,380,0
Firm5,317,3386.660767151788,260,33.74678042740638,294,382,0
Firm6,317,60.890348277692254,418,21.535559214117004,294,383,0
Firm7,317,33656.70958081868,17,9.140838665544003,294,383,0
Firm8,317,-14800.239514752899,771,22.567924241005322,293,382,0
Firm9,317,-43918.087144927194,1564,40.16147659897657,293,382,0
Firm10,317,-20377.575115788648,826,15.326337915033296,293,382,0
Firm1,318,-13099.723685937995,0,12.359100594397217,293,381,0
Firm2,318,9986.43362836271,0,17.19781640425359,293,381,0
Firm3,318,32471.77357011983,0,18.106724931123786,293,381,0
Firm4,318,17636.876262088714,0,16.866725274905356,294,381,0
Firm5,318,3383.040348069437,260,33.74678042740638,296,383,0
Firm6,318,49.02860831886184,419,21.535559214117004,296,384,0
Firm7,318,33733.58802722327,17,9.140838665544003,296,384,0
Firm8,318,-14826.12096429515,772,22.567924241005322,295,383,0
Firm9,318,-44025.88584808665,1567,40.16147659897657,295,383,0
Firm10,318,-20412.86534661085,828,15.326337915033296,295,383,0
Firm1,319,-13113.786324465867,0,12.359100594397217,295,382,0
Firm2,319,9993.012473296594,0,17.19781640425359,295,382,0
Firm3,319,32512.346307345244,0,18.106724931123786,295,382,0
Firm4,319,17670.80429664868,0,16.866725274905356,296,382,0
Firm5,319,3379.419928987086,260,33.74678042740638,298,384,0
Firm6,319,60.30845889304611,419,21.535559214117004,298,385,0
Firm7,319,33810.46647362786,17,9.140838665544003,298,385,0
Firm8,319,-14852.002413837403,773,22.567924241005322,297,384,0
Firm9,319,-44095.488921803015,1569,40.16147659897657,297,384,0
Firm10,319,-20448.155577433055,830,15.326337915033296,297,384,0
Firm1,320,-13127.84896299374,0,12.359100594397217,297,383,0
Firm2,320,9999.591318230478,0,17.19781640425359,297,383,0
Firm3,320,32559.28991603089,0,18.106724931123786,297,383,0
Firm4,320,17704.732331208645,0,16.866725274905356,298,383,0
Firm5,320,3375.7995099047353,260,33.74678042740638,300,385,0
Firm6,320,48.446718934215696,420,21.535559214117004,300,386,0
Firm7,320,33914.66688076914,15,9.140838665544003,300,386,0
Firm8,320,-14877.883863379655,774,22.567924241005322,299,385,0
Firm9,320,-44166.498369312925,1571,40.16147659897657,299,385,0
Firm10,320,-20509.002718655567,834,15.326337915033296,299,385,0
Firm1,321,-13141.911601521611,0,12.359100594397217,299,384,0
Firm2,321,10006.170163164361,0,17.19781640425359,299,384,0
Firm3,321,32599.862653256307,0,18.106724931123786,299,384,0
Firm4,321,17738.66036576861,0,16.866725274905356,300,384,0
Firm5,321,3372.1790908223843,260,33.74678042740638,302,386,0
Firm6,321,59.72656950839996,420,21.535559214117004,302,387,0
Firm7,321,34005.206307542074,14,9.140838665544003,302,387,0
Firm8,321,-14903.765312921907,775,22.567924241005322,301,386,0
Firm9,321,-44312.79667889842,1575,40.16147659897657,301,386,0
Firm10,321,-20544.231275170387,836,15.326337915033296,301,386,0
Firm1,322,-13155.974240049483,0,12.359100594397217,301,385,0
Firm2,322,10012.749008098244,0,17.19781640425359,301,385,0
Firm3,322,32646.806261941954,0,18.106724931123786,301,385,0
Firm4,322,17772.588400328576,0,16.866725274905356,302,385,0
Firm5,322,3368.5586717400333,260,33.74678042740638,304,387,0
Firm6,322,47.86482954956955,421,21.535559214117004,304,388,0
Firm7,322,34095.74573431501,13,9.140838665544003,304,388,0
Firm8,322,-14929.64676246416,776,22.567924241005322,303,387,0
Firm9,322,-44345.610496965244,1576,40.16147659897657,303,387,0
Firm10,322,-20591.413948650803,839,15.326337915033296,303,387,0
Firm1,323,-13170.036878577355,0,12.359100594397217,303,386,0
Firm2,323,10019.327853032128,0,17.19781640425359,303,386,0
Firm3,323,32693.749870627602,0,18.106724931123786,303,386,0
Firm4,323,17806.51643488854,0,16.866725274905356,304,386,0
Firm5,323,3364.9382526576824,260,33.74678042740638,306,388,0
Firm6,323,59.144680123753815,421,21.535559214117004,306,389,0
Firm7,323,34172.6241807196,13,9.140838665544003,306,389,0
Firm8,323,-14955.528212006411,777,22.567924241005322,305,388,0
Firm9,323,-44453.4092001247,1579,40.16147659897657,305,388,0
Firm10,323,-20640.306972907718,842,15.326337915033296,305,388,0
Firm1,324,-13184.099517105227,0,12.359100594397217,305,387,0
Firm2,324,10025.906697966011,0,17.19781640425359,305,387,0
Firm3,324,32740.69347931325,0,18.106724931123786,305,387,0
Firm4,324,17840.444469448506,0,16.866725274905356,306,387,0
Firm5,324,3361.3178335753314,260,33.74678042740638,308,389,0
Firm6,324,47.2829401649234,422,21.535559214117004,308,390,0
Firm7,324,34263.16360749253,12,9.140838665544003,308,390,0
Firm8,324,-14981.409661548663,778,22.567924241005322,307,389,0
Firm9,324,-44486.22301819152,1580,40.16147659897657,307,389,0
Firm10,324,-20700.91181145466,846,15.326337915033296,307,389,0
Firm1,325,-13198.1621556331,0,12.359100594397217,307,388,0
Firm2,325,10032.485542899894,0,17.19781640425359,307,388,0
Firm3,325,32781.266216538665,0,18.106724931123786,307,388,0
Firm4,325,17874.372504008472,0,16.866725274905356,308,388,0
Firm5,325,3357.6974144929804,260,33.74678042740638,310,390,0
Firm6,325,58.56279073910767,422,21.535559214117004,310,391,0
Firm7,325,34340.04205389712,12,9.140838665544003,310,391,0
Firm8,325,-15007.291111090915,779,22.567924241005322,309,390,0
Firm9,325,-44555.82609190789,1582,40.16147659897657,309,390,0
Firm10,325,-20763.16532647072,850,15.326337915033296,309,390,0
Firm1,326,-13212.224794160971,0,12.359100594397217,309,389,0
Firm2,326,10039.064387833778,0,17.19781640425359,309,389,0
Firm3,326,32828.20982522431,0,18.106724931123786,309,389,0
Firm4,326,17908.300538568437,0,16.866725274905356,310,389,0
Firm5,326,3354.0769954106295,260,33.74678042740638,312,391,0
Firm6,326,46.70105078027726,423,21.535559214117004,312,392,0
Firm7,326,34430.58148067006,11,9.140838665544003,312,392,0
Firm8,326,-15033.172560633167,780,22.567924241005322,311,391,0
Firm9,326,-44663.62479506734,1585,40.16147659897657,311,391,0
Firm10,326,-20812.058350727635,853,15.326337915033296,311,391,0
Firm1,327,-13226.287432688843,0,12.359100594397217,311,390,0
Firm2,327,10045.643232767661,0,17.19781640425359,311,390,0
Firm3,327,32868.78256244969,0,18.106724931123786,311,390,0
Firm4,327,17942.228573128403,0,16.866725274905356,312,390,0
Firm5,327,3350.4565763282785,260,33.74678042740638,314,392,0
Firm6,327,57.98090135446152,423,21.535559214117004,314,393,0
Firm7,327,34521.12090744299,10,9.140838665544003,314,393,0
Firm8,327,-15059.05401017542,781,22.567924241005322,313,392,0
Firm9,327,-44734.876545252824,1587,40.16147659897657,313,392,0
Firm10,327,-20872.66318927458,857,15.326337915033296,313,392,0
Firm1,328,-13240.350071216715,0,12.359100594397217,313,391,0
Firm2,328,10052.222077701545,0,17.19781640425359,313,391,0
Firm3,328,32915.726171135306,0,18.106724931123786,313,391,0
Firm4,328,17976.15660768837,0,16.866725274905356,314,391,0
Firm5,328,3346.8361572459276,260,33.74678042740638,316,393,0
Firm6,328,46.11916139563111,424,21.535559214117004,316,394,0
Firm7,328,34611.66033421593,9,9.140838665544003,316,394,0
Firm8,328,-15084.935459717672,782,22.567924241005322,315,393,0
Firm9,328,-44842.67524841228,1590,40.16147659897657,315,393,0
Firm10,328,-20907.953420096783,859,15.326337915033296,315,393,0
Firm1,329,-13254.412709744587,0,12.359100594397217,315,392,0
Firm2,329,10058.800922635428,0,17.19781640425359,315,392,0
Firm3,329,32962.66977982092,0,18.106724931123786,315,392,0
Firm4,329,18010.084642248334,0,16.866725274905356,316,392,0
Firm5,329,3343.2157381635766,260,33.74678042740638,318,394,0
Firm6,329,57.399011969815376,424,21.535559214117004,318,395,0
Firm7,329,34702.199760988864,8,9.140838665544003,318,395,0
Firm8,329,-15110.816909259924,783,22.567924241005322,317,394,0
Firm9,329,-44875.4890664791,1591,40.16147659897657,317,394,0
Firm10,329,-20955.197767884583,862,15.326337915033296,317,394,0
Firm1,330,-13268.475348272459,0,12.359100594397217,317,393,0
Firm2,330,10065.379767569311,0,17.19781640425359,317,393,0
Firm3,330,33009.613388506536,0,18.106724931123786,317,393,0
Firm4,330,18044.0126768083,0,16.866725274905356,318,393,0
Firm5,330,3339.5953190812256,260,33.74678042740638,320,395,0
Firm6,330,45.537272010984964,425,21.535559214117004,320,396,0
Firm7,330,34792.7391877618,7,9.140838665544003,320,396,0
Firm8,330,-15136.698358802176,784,22.567924241005322,319,395,0
Firm9,330,-45021.545073389025,1595,40.16147659897657,319,395,0
Firm10,330,-20990.66862707497,864,15.326337915033296,319,395,0
Firm1,331,-13282.537986800331,0,12.359100594397217,319,394,0
Firm2,331,10071.958612503195,0,17.19781640425359,319,394,0
Firm3,331,33050.18612573192,0,18.106724931123786,319,394,0
Firm4,331,18077.940711368265,0,16.866725274905356,320,394,0
Firm5,331,3335.9748999988747,260,33.74678042740638,322,396,0
Firm6,331,56.81712258516923,425,21.535559214117004,322,397,0
Firm7,331,34869.61763416639,7,9.140838665544003,322,397,0
Firm8,331,-15162.579808344428,785,22.567924241005322,321,396,0
Firm9,331,-45043.04218096112,1596,40.16147659897657,320,396,0
Firm10,331,-21046.17859443542,868,15.326337915033296,320,396,0
Firm1,332,-13291.95066573166,0,12.359100594397217,320,395,0
Firm2,332,10087.774689772992,0,17.19781640425359,320,395,0
Firm3,332,33100.06996426889,0,18.106724931123786,320,395,0
Firm4,332,18118.790215963494,0,16.866725274905356,321,395,0
Firm5,332,3340.738639358222,260,33.74678042740638,323,397,0
Firm6,332,52.74034164924929,426,21.535559214117004,323,398,0
Firm7,332,34946.73833941886,7,9.140838665544003,323,398,0
Firm8,332,-15181.505860532827,786,22.567924241005322,322,397,0
Firm9,332,-45101.32854418276,1598,40.16147659897657,321,397,0
Firm10,332,-21089.55381646209,871,15.326337915033296,321,397,0
Firm1,333,-13301.363344662988,0,12.359100594397217,321,396,0
Firm2,333,10103.59076704279,0,17.19781640425359,321,396,0
Firm3,333,33143.582931345634,0,18.106724931123786,321,396,0
Firm4,333,18159.639720558724,0,16.866725274905356,322,396,0
Firm5,333,3345.502378717569,260,33.74678042740638,324,398,0
Firm6,333,71.80515124634402,426,21.535559214117004,324,399,0
Firm7,333,35037.520025039674,6,9.140838665544003,324,399,0
Firm8,333,-15200.431912721226,787,22.567924241005322,323,398,0
Firm9,333,-45197.810536847486,1601,40.16147659897657,322,398,0
Firm10,333,-21133.171341164325,874,15.326337915033296,322,398,0
Firm1,334,-13310.776023594317,0,12.359100594397217,322,397,0
Firm2,334,10119.406844312587,0,17.19781640425359,322,397,0
Firm3,334,33193.46676988261,0,18.106724931123786,322,397,0
Firm4,334,18200.489225153953,0,16.866725274905356,323,397,0
Firm5,334,3350.2661180769164,260,33.74678042740638,325,399,0
Firm6,334,67.7283703104241,427,21.535559214117004,325,400,0
Firm7,334,35128.30171066049,5,9.140838665544003,325,400,0
Firm8,334,-15219.357964909625,788,22.567924241005322,324,399,0
Firm9,334,-45219.30764441958,1602,40.16147659897657,323,399,0
Firm10,334,-21202.1034735913,879,15.326337915033296,323,399,0
Firm1,335,-13320.188702525646,0,12.359100594397217,323,398,0
Firm2,335,10135.222921582385,0,17.19781640425359,323,398,0
Firm3,335,33243.35060841958,0,18.106724931123786,323,398,0
Firm4,335,18241.338729749183,0,16.866725274905356,324,398,0
Firm5,335,3355.0298574362637,260,33.74678042740638,326,400,0
Firm6,335,86.79317990751883,427,21.535559214117004,326,401,0
Firm7,335,35205.42241591296,5,9.140838665544003,326,401,0
Firm8,335,-15238.284017098023,789,22.567924241005322,325,400,0
Firm9,335,-45315.78963708431,1605,40.16147659897657,324,400,0
Firm10,335,-21232.118204858827,881,15.326337915033296,324,400,0
Firm1,336,-13329.601381456974,0,12.359100594397217,324,399,0
Firm2,336,10151.038998852182,0,17.19781640425359,324,399,0
Firm3,336,33293.23444695656,0,18.106724931123786,324,399,0
Firm4,336,18282.188234344412,0,16.866725274905356,325,399,0
Firm5,336,3359.793596795611,260,33.74678042740638,327,401,0
Firm6,336,82.71639897159889,428,21.535559214117004,327,402,0
Firm7,336,35296.204101533775,4,9.140838665544003,327,402,0
Firm8,336,-15257.210069286422,790,22.567924241005322,326,401,0
Firm9,336,-45337.286744656405,1606,40.16147659897657,325,401,0
Firm10,336,-21287.68984652666,885,15.326337915033296,325,401,0
Firm1,337,-13339.014060388303,0,12.359100594397217,325,400,0
Firm2,337,10166.85507612198,0,17.19781640425359,325,400,0
Firm3,337,33336.7474140333,0,18.106724931123786,325,400,0
Firm4,337,18323.03773893964,0,16.866725274905356,326,400,0
Firm5,337,3364.557336154958,260,33.74678042740638,328,402,0
Firm6,337,101.78120856869363,428,21.535559214117004,328,403,0
Firm7,337,35386.98578715459,3,9.140838665544003,328,403,0
Firm8,337,-15276.136121474821,791,22.567924241005322,327,402,0
Firm9,337,-45433.76873732113,1609,40.16147659897657,326,402,0
Firm10,337,-21331.307371228897,888,15.326337915033296,326,402,0
Firm1,338,-13348.426739319631,0,12.359100594397217,326,401,0
Firm2,338,10182.671153391777,0,17.19781640425359,326,401,0
Firm3,338,33386.631252570274,0,18.106724931123786,326,401,0
Firm4,338,18363.88724353487,0,16.866725274905356,327,401,0
Firm5,338,3369.3210755143054,260,33.74678042740638,329,403,0
Firm6,338,97.7044276327737,429,21.535559214117004,329,404,0
Firm7,338,35477.767472775406,2,9.140838665544003,329,404,0
Firm8,338,-15295.06217366322,792,22.567924241005322,328,403,0
Firm9,338,-45530.31240429324,1612,40.16147659897657,327,403,0
Firm10,338,-21361.260428189038,890,15.326337915033296,327,403,0
Firm1,339,-13357.83941825096,0,12.359100594397217,327,402,0
Firm2,339,10198.487230661574,0,17.19781640425359,327,402,0
Firm3,339,33430.144219647016,0,18.106724931123786,327,402,0
Firm4,339,18404.7367481301,0,16.866725274905356,328,402,0
Firm5,339,3374.0848148736527,260,33.74678042740638,330,404,0
Firm6,339,116.76923722986845,429,21.535559214117004,330,405,0
Firm7,339,35568.54915839622,1,9.140838665544003,330,405,0
Firm8,339,-15313.988225851619,793,22.567924241005322,329,404,0
Firm9,339,-45628.91961233947,1615,40.16147659897657,328,404,0
Firm10,339,-21417.00463178631,894,15.326337915033296,328,404,0
Firm1,340,-13367.252097182289,0,12.359100594397217,328,403,0
Firm2,340,10214.303307931372,0,17.19781640425359,328,403,0
Firm3,340,33480.02805818399,0,18.106724931123786,328,403,0
Firm4,340,18445.58625272533,0,16.866725274905356,329,403,0
Firm5,340,3378.848554233,260,33.74678042740638,331,405,0
Firm6,340,112.69245629394851,430,21.535559214117004,331,406,0
Firm7,340,35659.33084401704,0,9.140838665544003,331,406,0
Firm8,340,-15356.950657017751,795,22.567924241005322,330,405,0
Firm9,340,-45764.073773359676,1619,40.16147659897657,329,405,0
Firm10,340,-21447.019363053834,896,15.326337915033296,329,405,0
Firm1,341,-13376.664776113617,0,12.359100594397217,329,404,0
Firm2,341,10230.11938520117,0,17.19781640425359,329,404,0
Firm3,341,33529.911896720965,0,18.106724931123786,329,404,0
Firm4,341,18486.43575732056,0,16.866725274905356,330,404,0
Firm5,341,3383.612293592347,260,33.74678042740638,332,406,0
Firm6,341,108.61567535802857,431,21.535559214117004,332,407,0
Firm7,341,35736.451549269506,0,9.140838665544003,332,407,0
Firm8,341,-15399.913088183883,797,22.567924241005322,331,406,0
Firm9,341,-45824.24304928725,1621,40.16147659897657,330,406,0
Firm10,341,-21495.847134639866,900,15.326337915033296,330,406,0
Firm1,342,-13386.077455044946,0,12.359100594397217,330,405,0
Firm2,342,10245.935462470967,0,17.19781640425359,330,405,0
Firm3,342,33579.79573525794,0,18.106724931123786,330,405,0
Firm4,342,18527.28526191579,0,16.866725274905356,331,405,0
Firm5,342,3388.3760329516945,260,33.74678042740638,333,407,0
Firm6,342,104.53889442210863,432,21.535559214117004,333,408,0
Firm7,342,35813.572254521976,0,9.140838665544003,333,408,0
Firm8,342,-15442.875519350015,799,22.567924241005322,332,407,0
Firm9,342,-45921.20158086437,1624,40.16147659897657,331,407,0
Firm10,342,-21532.7207892603,903,15.326337915033296,331,407,0
Firm1,343,-13395.490133976275,0,12.359100594397217,331,406,0
Firm2,343,10261.751539740764,0,17.19781640425359,331,406,0
Firm3,343,33623.30870233468,0,18.106724931123786,331,406,0
Firm4,343,18568.13476651102,0,16.866725274905356,332,406,0
Firm5,343,3393.1397723110417,260,33.74678042740638,334,408,0
Firm6,343,100.46211348618868,433,21.535559214117004,334,409,0
Firm7,343,35890.692959774446,0,9.140838665544003,334,409,0
Firm8,343,-15485.837950516147,801,22.567924241005322,333,408,0
Firm9,343,-46019.56648623503,1627,40.16147659897657,332,408,0
Firm10,343,-21554.585276652477,905,15.326337915033296,332,408,0
Firm1,344,-13404.902812907603,0,12.359100594397217,332,407,0
Firm2,344,10277.567617010562,0,17.19781640425359,332,407,0
Firm3,344,33673.192540871656,0,18.106724931123786,332,407,0
Firm4,344,18608.98427110625,0,16.866725274905356,333,407,0
Firm5,344,3397.903511670389,260,33.74678042740638,335,409,0
Firm6,344,96.38533255026876,434,21.535559214117004,335,410,0
Firm7,344,35967.813665026915,0,9.140838665544003,335,410,0
Firm8,344,-15528.800381682278,803,22.567924241005322,334,409,0
Firm9,344,-46116.52501781215,1630,40.16147659897657,333,409,0
Firm10,344,-21591.45893127291,908,15.326337915033296,333,409,0
Firm1,345,-13414.315491838932,0,12.359100594397217,333,408,0
Firm2,345,10293.38369428036,0,17.19781640425359,333,408,0
Firm3,345,33716.7055079484,0,18.106724931123786,333,408,0
Firm4,345,18649.833775701478,0,16.866725274905356,334,408,0
Firm5,345,3402.6672510297362,260,33.74678042740638,336,410,0
Firm6,345,92.30855161434883,435,21.535559214117004,336,411,0
Firm7,345,36044.934370279385,0,9.140838665544003,336,411,0
Firm8,345,-15571.76281284841,805,22.567924241005322,335,410,0
Firm9,345,-46251.67917883235,1634,40.16147659897657,334,410,0
Firm10,345,-21635.076455975148,911,15.326337915033296,334,410,0
Firm1,346,-13423.72817077026,0,12.359100594397217,334,409,0
Firm2,346,10309.199771550157,0,17.19781640425359,334,409,0
Firm3,346,33766.58934648537,0,18.106724931123786,334,409,0
Firm4,346,18690.683280296707,0,16.866725274905356,335,409,0
Firm5,346,3407.4309903890835,260,33.74678042740638,337,411,0
Firm6,346,111.37336121144358,435,21.535559214117004,337,412,0
Firm7,346,36122.055075531855,0,9.140838665544003,337,412,0
Firm8,346,-15614.725244014542,807,22.567924241005322,336,411,0
Firm9,346,-46311.84845475993,1636,40.16147659897657,335,411,0
Firm10,346,-21677.04530420827,914,15.326337915033296,335,411,0
Firm1,347,-13433.14084970159,0,12.359100594397217,335,410,0
Firm2,347,10325.015848819954,0,17.19781640425359,335,410,0
Firm3,347,33816.47318502235,0,18.106724931123786,335,410,0
Firm4,347,18731.532784891937,0,16.866725274905356,336,410,0
Firm5,347,3412.1947297484307,260,33.74678042740638,338,412,0
Firm6,347,130.43817080853833,435,21.535559214117004,338,413,0
Firm7,347,36199.175780784324,0,9.140838665544003,338,413,0
Firm8,347,-15657.687675180674,809,22.567924241005322,337,412,0
Firm9,347,-46485.2599195306,1641,40.16147659897657,336,412,0
Firm10,347,-21693.637870409268,915,15.326337915033296,336,412,0
Firm1,348,-13442.553528632918,0,12.359100594397217,336,411,0
Firm2,348,10340.831926089752,0,17.19781640425359,336,411,0
Firm3,348,33866.35702355932,0,18.106724931123786,336,411,0
Firm4,348,18772.382289487166,0,16.866725274905356,337,411,0
Firm5,348,3416.958469107778,260,33.74678042740638,339,413,0
Firm6,348,149.50298040563305,435,21.535559214117004,339,414,0
Firm7,348,36276.296486036794,0,9.140838665544003,339,414,0
Firm8,348,-15700.650106346806,811,22.567924241005322,338,413,0
Firm9,348,-46545.42919545818,1643,40.16147659897657,337,413,0
Firm10,348,-21749.147837769717,919,15.326337915033296,337,413,0
Firm1,349,-13451.966207564246,0,12.359100594397217,337,412,0
Firm2,349,10356.648003359549,0,17.19781640425359,337,412,0
Firm3,349,33909.86999063606,0,18.106724931123786,337,412,0
Firm4,349,18813.231794082396,0,16.866725274905356,338,412,0
Firm5,349,3421.7222084671253,260,33.74678042740638,340,414,0
Firm6,349,145.42619946971317,436,21.535559214117004,340,415,0
Firm7,349,36353.41719128926,0,9.140838665544003,340,415,0
Firm8,349,-15743.612537512938,813,22.567924241005322,339,414,0
Firm9,349,-46642.3877270353,1646,40.16147659897657,338,414,0
Firm10,349,-21772.41869895544,921,15.326337915033296,338,414,0
Firm1,350,-13461.378886495575,0,12.359100594397217,338,413,0
Firm2,350,10372.464080629346,0,17.19781640425359,338,413,0
Firm3,350,33953.382957712805,0,18.106724931123786,338,413,0
Firm4,350,18854.081298677625,0,16.866725274905356,339,413,0
Firm5,350,3426.4859478264725,260,33.74678042740638,341,415,0
Firm6,350,146.039037994307,437,21.535559214117004,340,416,0
Firm7,350,36430.78015538961,0,9.140838665544003,340,416,0
Firm8,350,-15779.619571325216,815,22.567924241005322,339,415,0
Firm9,350,-46767.639617793066,1650,40.16147659897657,338,415,0
Firm10,350,-21788.773450556117,923,15.326337915033296,338,415,0
Firm1,351,-13465.907369593537,0,12.359100594397217,338,414,0
Firm2,351,10391.216833035845,0,17.19781640425359,338,414,0
Firm3,351,34006.44126233796,0,18.106724931123786,338,414,0
Firm4,351,18897.74966654359,0,16.866725274905356,339,414,0
Firm5,351,3439.868081864341,260,33.74678042740638,341,416,0
Firm6,351,146.65187651890082,438,21.535559214117004,340,417,0
Firm7,351,36508.14311948996,0,9.140838665544003,340,417,0
Firm8,351,-15839.662984115228,818,22.567924241005322,339,416,0
Firm9,351,-46891.48513475729,1654,40.16147659897657,338,416,0
Firm10,351,-21826.638936791285,926,15.326337915033296,338,416,0
Firm1,352,-13470.435852691498,0,12.359100594397217,338,415,0
Firm2,352,10409.969585442344,0,17.19781640425359,338,415,0
Firm3,352,34053.128695502885,0,18.106724931123786,338,415,0
Firm4,352,18941.418034409555,0,16.866725274905356,339,415,0
Firm5,352,3453.2502159022097,260,33.74678042740638,341,417,0
Firm6,352,170.40630557650934,438,21.535559214117004,340,418,0
Firm7,352,36585.50608359031,0,9.140838665544003,340,418,0
Firm8,352,-15875.670017927507,820,22.567924241005322,339,417,0
Firm9,352,-47053.5262811646,1659,40.16147659897657,338,417,0
Firm10,352,-21864.74672570202,929,15.326337915033296,338,417,0
Firm1,353,-13474.96433578946,0,12.359100594397217,338,416,0
Firm2,353,10428.722337848843,0,17.19781640425359,338,416,0
Firm3,353,34106.18700012804,0,18.106724931123786,338,416,0
Firm4,353,18985.08640227552,0,16.866725274905356,339,416,0
Firm5,353,3466.6323499400783,260,33.74678042740638,341,418,0
Firm6,353,194.16073463411792,438,21.535559214117004,340,419,0
Firm7,353,36662.86904769066,0,9.140838665544003,340,419,0
Firm8,353,-15935.713430717518,823,22.567924241005322,339,418,0
Firm9,353,-47140.582542479286,1662,40.16147659897657,338,418,0
Firm10,353,-21914.808631578355,933,15.326337915033296,338,418,0
Firm1,354,-13479.492818887422,0,12.359100594397217,338,417,0
Firm2,354,10447.475090255342,0,17.19781640425359,338,417,0
Firm3,354,34152.874433292964,0,18.106724931123786,338,417,0
Firm4,354,19028.754770141484,0,16.866725274905356,339,417,0
Firm5,354,3480.014483977947,260,33.74678042740638,341,419,0
Firm6,354,217.91516369172646,438,21.535559214117004,340,420,0
Firm7,354,36740.23201179101,0,9.140838665544003,340,420,0
Firm8,354,-15971.720464529797,825,22.567924241005322,339,419,0
Firm9,354,-47264.42805944351,1666,40.16147659897657,338,419,0
Firm10,354,-21966.276911248235,937,15.326337915033296,338,419,0
Firm1,355,-13484.021301985384,0,12.359100594397217,338,418,0
Firm2,355,10466.227842661841,0,17.19781640425359,338,418,0
Firm3,355,34205.93273791812,0,18.106724931123786,338,418,0
Firm4,355,19072.42313800745,0,16.866725274905356,339,418,0
Firm5,355,3493.3966180158154,260,33.74678042740638,341,420,0
Firm6,355,218.52800221632037,439,21.535559214117004,340,421,0
Firm7,355,36817.59497589136,0,9.140838665544003,340,421,0
Firm8,355,-16031.763877319809,828,22.567924241005322,339,420,0
Firm9,355,-47427.93725395175,1671,40.16147659897657,338,420,0
Firm10,355,-21969.209497782384,938,15.326337915033296,338,420,0
Firm1,356,-13488.549785083345,0,12.359100594397217,338,419,0
Firm2,356,10484.98059506834,0,17.19781640425359,338,419,0
Firm3,356,34258.991042543275,0,18.106724931123786,338,419,0
Firm4,356,19116.091505873414,0,16.866725274905356,339,419,0
Firm5,356,3506.778752053684,260,33.74678042740638,341,421,0
Firm6,356,219.1408407409143,440,21.535559214117004,340,422,0
Firm7,356,36894.95793999171,0,9.140838665544003,340,422,0
Firm8,356,-16091.80729010982,831,22.567924241005322,339,421,0
Firm9,356,-47551.782770915976,1675,40.16147659897657,338,421,0
Firm10,356,-21960.187967350936,938,15.326337915033296,338,421,0
Firm1,357,-13493.078268181307,0,12.359100594397217,338,420,0
Firm2,357,10503.73334747484,0,17.19781640425359,338,420,0
Firm3,357,34312.04934716843,0,18.106724931123786,338,420,0
Firm4,357,19159.75987373938,0,16.866725274905356,339,420,0
Firm5,357,3520.1608860915526,260,33.74678042740638,341,422,0
Firm6,357,219.75367926550825,441,21.535559214117004,340,423,0
Firm7,357,36972.32090409206,0,9.140838665544003,340,423,0
Firm8,357,-16151.850702899832,834,22.567924241005322,339,422,0
Firm9,357,-47677.034661673744,1679,40.16147659897657,338,422,0
Firm10,357,-21996.647079792558,941,15.326337915033296,338,422,0
Firm1,358,-13497.606751279269,0,12.359100594397217,338,421,0
Firm2,358,10522.486099881338,0,17.19781640425359,338,421,0
Firm3,358,34358.736780333355,0,18.106724931123786,338,421,0
Firm4,358,19203.428241605343,0,16.866725274905356,339,421,0
Firm5,358,3533.543020129421,260,33.74678042740638,341,423,0
Firm6,358,243.5081083231169,441,21.535559214117004,340,424,0
Firm7,358,37049.68386819241,0,9.140838665544003,340,424,0
Firm8,358,-16211.894115689844,837,22.567924241005322,339,423,0
Firm9,358,-47800.88017863797,1683,40.16147659897657,338,423,0
Firm10,358,-22034.512566027726,944,15.326337915033296,338,423,0
Firm1,359,-13502.13523437723,0,12.359100594397217,338,422,0
Firm2,359,10541.238852287837,0,17.19781640425359,338,422,0
Firm3,359,34411.79508495851,0,18.106724931123786,338,422,0
Firm4,359,19247.096609471308,0,16.866725274905356,339,422,0
Firm5,359,3546.9251541672897,260,33.74678042740638,341,424,0
Firm6,359,267.2625373807255,441,21.535559214117004,340,425,0
Firm7,359,37127.04683229276,0,9.140838665544003,340,425,0
Firm8,359,-16247.901149502122,839,22.567924241005322,339,424,0
Firm9,359,-47924.725695602196,1687,40.16147659897657,338,424,0
Firm10,359,-22085.980845697606,948,15.326337915033296,338,424,0
Firm1,360,-13506.663717475192,0,12.359100594397217,338,423,0
Firm2,360,10559.991604694336,0,17.19781640425359,338,423,0
Firm3,360,34458.482518123434,0,18.106724931123786,338,423,0
Firm4,360,19290.764977337272,0,16.866725274905356,339,423,0
Firm5,360,3560.3072882051583,260,33.74678042740638,341,425,0
Firm6,360,291.0169664383342,441,21.535559214117004,340,426,0
Firm7,360,37204.40979639311,0,9.140838665544003,340,426,0
Firm8,360,-16307.944562292134,842,22.567924241005322,339,425,0
Firm9,360,-48049.977586359964,1691,40.16147659897657,338,425,0
Firm10,360,-22122.439958139228,951,15.326337915033296,338,425,0
