DataSet,Day,Income,Goods,Land,Labour,Capital
Household1,1,-4.842565574662043,0,2699,5303,5752
Household2,1,7.339705265781625,1,7760,7419,6502
Household3,1,34.461608932364456,0,9338,3139,3199
Household4,1,-1.4753473608941228,1,4246,8683,1648
Household5,1,18.51065738817922,0,6279,9780,4069
Household6,1,5.7157880124329825,1,4248,4288,1790
Household7,1,3.346870197181693,1,3468,3113,7611
Household8,1,21.06656629180401,0,9932,6777,9404
Household9,1,14.833206309634958,0,1508,8462,2685
Household10,1,5.268732743644815,1,8513,9428,7412
Household1,2,-7.977749445835793,0,2698,5302,5751
Household2,2,7.350614814780577,2,7759,7418,6501
Household3,2,52.84657424848969,1,9337,3138,3198
Household4,2,25.07403898720053,1,4245,8682,1647
Household5,2,37.021314776358444,0,6278,9779,4068
Household6,2,4.371729887933894,2,4247,4287,1789
Household7,2,33.41865536088932,1,3467,3112,7610
Household8,2,46.96909328428768,1,9931,6776,9403
Household9,2,26.610105568365015,0,1507,8461,2684
Household10,2,23.162707350585727,1,8512,9427,7411
Household1,3,-4.618104770221396,0,2697,5301,5750
Household2,3,22.215489018411166,3,7758,7417,6500
Household3,3,69.33889138548099,2,9336,3137,3197
Household4,3,20.661379586047104,2,4244,8681,1646
Household5,3,37.30075914620575,1,6277,9778,4067
Household6,3,14.093593270951121,2,4246,4286,1788
Household7,3,22.30756596392235,2,3466,3111,7609
Household8,3,51.595354221598306,2,9930,6775,9402
Household9,3,45.19337118648366,0,1506,8460,2683
Household10,3,21.748493309335124,2,8511,9426,7410
Household1,4,9.318737467520094,0,2696,5300,5749
Household2,4,36.87025053883071,4,7757,7416,6499
Household3,4,81.60765449063064,3,9335,3136,3196
Household4,4,36.97854592798539,2,4243,8680,1645
Household5,4,27.606685132865056,2,6276,9777,4066
Household6,4,15.525042350235125,3,4245,4285,1787
Household7,4,25.667210639536748,2,3465,3110,7608
Household8,4,72.66300491515288,3,9929,6774,9401
Household9,4,37.968847070637,1,1505,8459,2682
Household10,4,7.5568847081582255,3,8510,9425,7409
Household1,5,16.102672983174273,0,2695,5299,5748
Household2,5,11.502142825873847,5,7756,7415,6498
Household3,5,96.77051218002026,4,9334,3135,3195
Household4,5,55.55202675028682,3,4242,8679,1644
Household5,5,33.63052495836622,3,6275,9776,4065
Household6,5,11.208406317819387,4,4244,4284,1786
Household7,5,29.026855315151145,2,3464,3109,7607
Household8,5,100.87194662741496,4,9928,6773,9400
Household9,5,17.54694269890932,2,1504,8458,2681
Household10,5,-2.25466461640983,4,8509,9424,7408
Household1,6,19.46231765878867,0,2694,5298,5747
Household2,6,29.395244295579495,5,7755,7414,6497
Household3,6,111.40114710296439,5,9333,3134,3194
Household4,6,41.36041814910991,4,4241,8678,1643
Household5,6,26.01014741912104,4,6274,9775,4064
Household6,6,31.511785594431476,4,4243,4283,1785
Household7,6,25.918969577940512,3,3463,3108,7606
Household8,6,118.12134833999303,5,9927,6772,9399
Household9,6,8.531449621266844,3,1503,8457,2680
Household10,6,11.095968789557602,5,8508,9423,7407
Household1,7,15.899244051677478,1,2693,5297,5746
Household2,7,34.99111589078304,6,7754,7413,6496
Household3,7,126.24189470911955,6,9332,3133,3193
Household4,7,2.199196470360249,5,4240,8677,1642
Household5,7,20.59302580855568,5,6273,9774,4063
Household6,7,32.634406951247996,5,4242,4282,1784
Household7,7,4.639260243187984,4,3462,3107,7605
Household8,7,116.2285287408926,6,9926,6771,9398
Household9,7,3.987414090142181,4,1502,8456,2679
Household10,7,7.403025853291847,6,8507,9422,7406
Household1,8,19.258888727291875,1,2692,5296,5745
Household2,8,35.93030608314125,7,7753,7412,6495
Household3,8,127.94132892985667,7,9331,3132,3192
Household4,8,3.197334033981295,5,4239,8676,1641
Household5,8,46.603766555721805,6,6272,9773,4062
Household6,8,24.025916634848343,6,4241,4281,1783
Household7,8,13.59208865132573,5,3461,3106,7604
Household8,8,98.72756950149348,7,9925,6770,9397
Household9,8,4.702396482700873,5,1501,8455,2678
Household10,8,25.91368324147107,6,8506,9421,7405
Household1,9,1.855238024813925,2,2691,5295,5744
Household2,9,25.38398904895037,8,7752,7411,6494
Household3,9,140.1014906643392,8,9330,3131,3191
Household4,9,0.06215016280754426,5,4238,8675,1640
Household5,9,47.73752448066227,7,6271,9772,4061
Household6,9,32.708579370599494,7,4240,4280,1782
Household7,9,3.8659199661284305,6,3460,3105,7603
Household8,9,99.10917856185196,8,9924,6769,9396
Household9,9,3.3685377507145695,6,1500,8454,2677
Household10,9,40.056651761417825,7,8505,9420,7404
Household1,10,19.78779348754499,2,2690,5294,5743
Household2,10,20.387024623178192,9,7751,7410,6493
Household3,10,154.6277953013136,9,9329,3130,3190
Household4,10,18.572807550986767,5,4237,8674,1639
Household5,10,36.12705623481596,8,6270,9771,4060
Household6,10,4.13885301712039,8,4239,4279,1781
Household7,10,20.183086308066713,6,3459,3104,7602
Household8,10,99.90405397156741,9,9923,6768,9395
Household9,10,11.370287475238365,6,1499,8453,2676
Household10,10,36.914542808006075,8,8504,9419,7403
Household1,11,14.94522791288295,2,2689,5293,5742
Household2,11,20.124078425527493,10,7750,7409,6492
Household3,11,179.83994611785258,10,9328,3129,3189
Household4,11,21.932452226601164,5,4236,8673,1638
Household5,11,24.295664338759845,9,6269,9770,4059
Household6,11,36.8194858542877,9,4238,4278,1780
Household7,11,24.241538273354266,7,3458,3103,7601
Household8,11,81.4270654508623,10,9922,6767,9394
Household9,11,3.1681422676643685,7,1498,8452,2675
Household10,11,38.09956233415546,9,8503,9418,7402
Household1,12,31.262394254821235,2,2688,5292,5741
Household2,12,35.44712385409172,11,7749,7408,6491
Household3,12,206.35394018469736,11,9327,3128,3188
Household4,12,8.425769815738004,6,4235,8672,1637
Household5,12,16.675286799514666,10,6268,9769,4058
Household6,12,30.09747765463647,10,4237,4277,1779
Household7,12,25.23967583697531,7,3457,3102,7600
Household8,12,88.44146934799429,11,9921,6766,9393
Household9,12,14.624281461824525,7,1497,8451,2674
Household10,12,38.38290961362587,10,8502,9417,7401
Household1,13,-0.6879695389942171,3,2687,5291,5740
Household2,13,61.10036359451482,12,7748,7407,6490
Household3,13,225.58562796552667,12,9326,3127,3187
Household4,13,4.676108197692457,7,4234,8671,1636
Household5,13,35.18594418769389,10,6267,9768,4057
Household6,13,17.357360739942564,11,4236,4276,1778
Household7,13,0.8757463231834244,8,3456,3101,7599
Household8,13,98.35085670373412,12,9920,6765,9392
Household9,13,29.457487771459483,7,1496,8450,2673
Household10,13,50.33238708733168,11,8501,9416,7400
Household1,14,-5.530535113656259,3,2686,5290,5739
Household2,14,32.675948830653034,13,7747,7406,6489
Household3,14,244.52450832635782,13,9325,3126,3186
Household4,14,8.035752873306855,7,4233,8670,1635
Household5,14,60.2938589406675,11,6266,9767,4056
Household6,14,36.01833233025496,12,4235,4275,1777
Household7,14,4.853882043783145,9,3455,3100,7598
Household8,14,130.37995588339479,13,9919,6764,9391
Household9,14,28.18043218768872,8,1495,8449,2672
Household10,14,17.70336880617827,12,8500,9415,7399
Household1,15,-2.1708904380418614,3,2685,5289,5738
Household2,15,27.678984404880858,14,7746,7405,6488
Household3,15,239.68489576756667,14,9324,3125,3185
Household4,15,3.193187298644813,7,4232,8669,1634
Household5,15,90.40229115795294,12,6265,9766,4055
Household6,15,71.1455283912621,13,4234,4274,1776
Household7,15,21.78261597771411,9,3454,3099,7597
Household8,15,139.77398653705916,14,9918,6763,9390
Household9,15,17.467910222656243,9,1494,8448,2671
Household10,15,14.56818493500452,12,8499,9414,7398
Household1,16,16.33976695013736,3,2684,5288,5737
Household2,16,25.50660730903769,15,7745,7404,6487
Household3,16,241.22876230055272,15,9323,3124,3184
Household4,16,30.261201363206617,7,4231,8668,1633
Household5,16,90.8956753226673,13,6264,9765,4054
Household6,16,53.37627039504989,14,4233,4273,1775
Household7,16,20.590844855649287,10,3453,3098,7596
Household8,16,150.14317333479426,15,9917,6762,9389
Household9,16,17.264868237471116,10,1493,8447,2670
Household10,16,-4.172833803087258,13,8498,9413,7397
Household1,17,-0.2905927834708564,4,2683,5287,5736
Household2,17,26.19171194829265,16,7744,7403,6486
Household3,17,231.0980175905385,16,9322,3123,3183
Household4,17,23.14928743594838,8,4230,8667,1632
Household5,17,122.26078684847623,14,6263,9764,4053
Household6,17,54.49889175186641,15,4232,4272,1774
Household7,17,21.58898241927033,10,3452,3097,7595
Household8,17,148.57111380026373,16,9916,6761,9388
Household9,17,13.323390555689606,11,1492,8446,2669
Household10,17,13.721140803853656,13,8497,9412,7396
Household1,18,0.7075447801501893,4,2682,5286,5735
Household2,18,38.56630216984483,17,7743,7402,6485
Household3,18,230.02541089159777,17,9321,3122,3182
Household4,18,18.30672186128634,8,4229,8666,1631
Household5,18,143.99163448597503,15,6262,9763,4052
Household6,18,51.01957387520182,16,4231,4271,1773
Household7,18,37.246594455293184,11,3451,3096,7594
Household8,18,158.85819234649503,17,9915,6760,9387
Household9,18,38.24334104419631,11,1491,8445,2668
Household10,18,19.695027891467237,14,8496,9411,7395
Household1,19,4.067189455764587,4,2681,5285,5734
Household2,19,21.902909787443107,18,7742,7401,6484
Household3,19,225.7889241013496,18,9320,3121,3181
Household4,19,-0.4149926130623811,9,4228,8665,1630
Household5,19,138.20030278711224,16,6261,9762,4051
Household6,19,77.79167828426415,17,4230,4270,1772
Household7,19,34.75276151419179,12,3450,3095,7593
Household8,19,155.09919955479404,18,9914,6759,9386
Household9,19,31.207642548098935,12,1490,8444,2667
Household10,19,23.68952757978372,15,8495,9410,7394
Household1,20,4.456052456119044,4,2680,5284,5733
Household2,20,39.47525119257885,18,7741,7400,6483
Household3,20,243.1250630587553,19,9319,3120,3180
Household4,20,14.673284486535564,10,4227,8664,1629
Household5,20,151.98028625842355,17,6260,9761,4050
Household6,20,75.36285579786414,18,4229,4269,1771
Household7,20,45.04892816019113,13,3449,3094,7592
Household8,20,149.99361002491136,19,9913,6758,9385
Household9,20,8.113553144910561,13,1489,8443,2666
Household10,20,-1.1611965434436158,16,8494,9409,7393
Household1,21,5.45419001974009,4,2679,5283,5732
Household2,21,54.722645453331026,19,7740,7399,6482
Household3,21,253.69716354480062,20,9318,3119,3179
Household4,21,4.60485976719341,11,4226,8663,1628
Household5,21,137.26928470177484,18,6259,9760,4049
Household6,21,94.54245510464368,19,4228,4268,1770
Household7,21,50.921237364118944,14,3448,3093,7591
Household8,21,136.68702058440806,20,9912,6757,9384
Household9,21,16.11530286943436,13,1488,8442,2665
Household10,21,-4.296380414617366,16,8493,9408,7392
Household1,22,8.813834695354487,4,2678,5282,5731
Household2,22,58.85217391997428,20,7739,7398,6481
Household3,22,258.97169640041864,21,9317,3118,3178
Household4,22,23.11551715537263,11,4225,8662,1627
Household5,22,126.83711389896476,19,6258,9759,4048
Household6,22,88.87523637926964,20,4227,4267,1769
Household7,22,56.09891623805043,15,3447,3092,7590
Household8,22,150.29181334739894,21,9911,6756,9383
Household9,22,15.603204376774059,14,1487,8441,2664
Household10,22,17.372743726529805,16,8492,9407,7391
Household1,23,9.202697695708945,4,2677,5281,5730
Household2,23,78.03486443515757,21,7738,7397,6480
Household3,23,270.26070714198147,22,9316,3117,3177
Household4,23,12.65254547049696,12,4224,8661,1626
Household5,23,111.72925486538693,20,6257,9758,4047
Household6,23,112.89057874822484,21,4226,4266,1768
Household7,23,46.46261601630179,16,3446,3091,7589
Household8,23,182.53102521027066,22,9910,6755,9382
Household9,23,7.6140421541083185,15,1486,8440,2663
Household10,23,14.237559855356057,16,8491,9406,7390
Household1,24,23.485269133871743,5,2676,5280,5729
Household2,24,78.35977145486231,22,7737,7396,6479
Household3,24,277.9350631203352,23,9315,3116,3176
Household4,24,7.809979895834917,12,4223,8660,1625
Household5,24,137.73999561255303,21,6256,9757,4046
Household6,24,106.239425851876,22,4225,4265,1767
Household7,24,27.879091746198235,17,3445,3090,7588
Household8,24,164.69603209388907,23,9909,6754,9381
Household9,24,13.196590297187786,16,1485,8439,2662
Household10,24,15.2356974189771,16,8490,9405,7389
Household1,25,-2.260416272031698,6,2675,5279,5728
Household2,25,89.44949612428663,23,7736,7395,6478
Household3,25,266.709290449807,24,9314,3115,3175
Household4,25,0.8223056673004905,13,4222,8659,1624
Household5,25,126.98455112634177,22,6255,9756,4045
Household6,25,107.98728189660616,23,4224,4264,1766
Household7,25,17.484573072375973,18,3444,3089,7587
Household8,25,154.5186258739107,24,9908,6753,9380
Household9,25,10.133937951423661,17,1484,8438,2661
Household10,25,28.58633082494454,17,8489,9404,7388
Household1,26,-1.2622787084106522,6,2674,5278,5727
Household2,26,106.58687887702925,24,7735,7394,6477
Household3,26,257.7463703117159,25,9313,3114,3174
Household4,26,18.754861130031557,13,4221,8658,1623
Household5,26,123.88017658779758,23,6254,9755,4044
Household6,26,114.02382997360905,24,4223,4263,1765
Household7,26,3.5657108836003744,19,3443,3088,7586
Household8,26,147.80261132816176,25,9907,6752,9379
Household9,26,18.16304931834298,18,1483,8437,2660
Household10,26,11.877993443040268,18,8488,9403,7387
Household1,27,5.521656807243529,6,2673,5277,5726
Household2,27,108.87534588702692,25,7734,7393,6476
Household3,27,264.93002216535626,26,9312,3113,3173
Household4,27,2.968843412997167,14,4220,8657,1622
Household5,27,125.69340136104648,24,6253,9754,4043
Household6,27,110.4999921846213,25,4222,4262,1764
Household7,27,34.24968507764201,19,3442,3087,7585
Household8,27,163.61113717336877,26,9906,6751,9378
Household9,27,11.552928407936001,19,1482,8436,2659
Household10,27,12.87613100666131,18,8487,9402,7386
Household1,28,24.03231419542275,6,2672,5276,5725
Household2,28,120.65835786112675,26,7733,7392,6475
Household3,28,279.56065708830045,27,9311,3112,3172
Household4,28,20.901398875728233,14,4219,8656,1621
Household5,28,120.27627975048117,25,6252,9753,4042
Household6,28,103.42804601712673,26,4221,4261,1763
Household7,28,0.8154532403280577,20,3441,3086,7584
Household8,28,181.57990802721352,27,9905,6750,9377
Household9,28,30.136194026054657,19,1481,8435,2658
Household10,28,5.179350952272557,19,8486,9401,7385
Household1,29,17.054546233250576,7,2671,5275,5724
Household2,29,131.86598465309447,27,7732,7391,6474
Household3,29,279.84980447974414,28,9310,3111,3171
Household4,29,24.26104355134263,14,4218,8655,1620
Household5,29,108.4878891725202,26,6251,9752,4041
Household6,29,79.85253832751661,27,4220,4260,1762
Household7,29,3.659158325938421,21,3440,3085,7583
Household8,29,177.21241528680022,28,9904,6749,9376
Household9,29,46.503680738375806,20,1480,8434,2657
Household10,29,8.643355463792656,20,8485,9400,7384
Household1,30,23.838481748904755,7,2670,5274,5723
Household2,30,118.86145717094081,28,7731,7390,6473
Household3,30,282.1632914965906,29,9309,3110,3170
Household4,30,24.505809848941936,15,4217,8654,1619
Household5,30,103.62246851921438,27,6250,9751,4040
Household6,30,79.58695851941063,28,4219,4259,1761
Household7,30,22.16981571411764,21,3439,3084,7582
Household8,30,188.2647792655792,29,9903,6748,9375
Household9,30,43.34794929760518,21,1479,8433,2656
Household10,30,5.700173813059841,21,8484,9399,7383
Household1,31,16.726871853341315,8,2669,5273,5722
Household2,31,118.89623405923675,29,7730,7389,6472
Household3,31,259.982406807438,30,9308,3109,3169
Household4,31,-0.10719660856630853,16,4216,8653,1618
Household5,31,113.60237511621163,28,6249,9750,4039
Household6,31,74.50903670572885,29,4218,4258,1760
Household7,31,19.03463184294389,21,3438,3083,7581
Household8,31,210.96139411020096,30,9902,6747,9374
Household9,31,54.26821818151513,22,1478,8432,2655
Household10,31,-4.358113353322264,22,8483,9398,7382
Household1,32,10.970307199989179,9,2668,5272,5721
Household2,32,153.97635309544847,30,7729,7388,6471
Household3,32,258.29845563659575,31,9307,3108,3168
Household4,32,0.8909409550547371,16,4215,8652,1617
Household5,32,93.96013191300014,29,6248,9749,4038
Household6,32,93.17000829604123,30,4217,4257,1759
Household7,32,11.152132682315923,22,3437,3082,7580
Household8,32,203.3367732384625,31,9901,6746,9373
Household9,32,50.05710701534676,23,1477,8431,2654
Household10,32,-0.9984686777078666,22,8482,9397,7381
Household1,33,-2.297650332227633,10,2667,5271,5720
Household2,33,161.3160583612301,31,7728,7387,6470
Household3,33,268.0483395641719,32,9306,3107,3167
Household4,33,1.8890785186757828,16,4214,8651,1616
Household5,33,104.96935720267571,30,6247,9748,4037
Household6,33,80.80200732732527,31,4216,4256,1758
Household7,33,13.573753613036587,23,3436,3081,7579
Household8,33,209.5849132176789,32,9900,6745,9372
Household9,33,30.95486975883253,24,1476,8430,2653
Household10,33,34.425895723549985,22,8481,9396,7380
Household1,34,-1.2995127686065873,10,2666,5270,5719
Household2,34,157.11420248668344,32,7727,7386,6469
Household3,34,278.6204400502172,33,9305,3106,3166
Household4,34,2.27794151903024,16,4213,8650,1615
Household5,34,121.41198148743725,31,6246,9747,4036
Household6,34,100.35034553145172,32,4215,4255,1757
Household7,34,11.696603453173502,24,3435,3080,7578
Household8,34,202.39452598815117,33,9899,6744,9371
Household9,34,38.04732773828391,25,1475,8429,2652
Household10,34,21.149279358353194,23,8480,9395,7379
Household1,35,-0.9106497682521302,10,2665,5269,5718
Household2,35,189.43755948278806,33,7726,7385,6468
Household3,35,277.3858186885568,34,9304,3105,3165
Household4,35,20.210496981761306,16,4212,8649,1614
Household5,35,140.88150381413845,32,6245,9746,4035
Household6,35,74.11964346968608,33,4214,4254,1756
Household7,35,6.746922079490003,25,3434,3079,7577
Household8,35,212.01973308284235,34,9898,6743,9370
Household9,35,30.12363196004054,26,1474,8428,2651
Household10,35,14.060850954415063,24,8479,9394,7378
Household1,36,15.406516573686154,10,2664,5268,5717
Household2,36,190.02899760539574,34,7725,7384,6467
Household3,36,286.5307622905144,35,9303,3104,3164
Household4,36,23.570141657375704,16,4211,8648,1613
Household5,36,139.08120615668133,33,6244,9745,4034
Household6,36,100.58154906248114,34,4213,4253,1755
Household7,36,37.430896273531644,25,3433,3078,7576
Household8,36,230.2727728613672,35,9897,6742,9369
Household9,36,9.081325967779556,27,1473,8427,2650
Household10,36,7.083082992242888,25,8478,9393,7377
Household1,37,18.766161249300552,10,2663,5267,5716
Household2,37,217.51829532233586,35,7724,7383,6466
Household3,37,284.26712433371813,36,9302,3103,3163
Household4,37,20.434957786201956,16,4210,8647,1612
Household5,37,134.2157855033755,34,6243,9744,4033
Household6,37,93.2039466007859,35,4212,4252,1754
Household7,37,10.174337794017397,26,3432,3077,7575
Household8,37,262.9140610713619,36,9896,6741,9368
Household9,37,23.91888717640872,28,1472,8426,2649
Household10,37,12.373461406314721,26,8477,9392,7376
Household1,38,4.574552648123653,11,2662,5266,5715
Household2,38,245.66262748746675,36,7723,7382,6465
Household3,38,292.1476757370922,37,9301,3102,3162
Household4,38,23.794602461816353,16,4209,8646,1611
Household5,38,146.2756553161934,35,6242,9743,4032
Household6,38,82.22585938167944,36,4211,4251,1753
Household7,38,39.72749524125787,26,3431,3076,7574
Household8,38,295.55534928135654,37,9895,6740,9367
Household9,38,31.920636900932514,28,1471,8425,2648
Household10,38,34.0425855474619,26,8476,9391,7375
Household1,39,4.963415648478112,11,2661,5265,5714
Household2,39,267.33386805048593,37,7722,7381,6464
Household3,39,308.0741470017803,38,9300,3101,3161
Household4,39,39.40150727788144,17,4208,8645,1610
Household5,39,129.02470989172377,36,6241,9742,4031
Household6,39,64.24031712863922,37,4210,4250,1752
Household7,39,13.79642501187886,27,3430,3075,7573
Household8,39,292.41131501417595,38,9894,6739,9366
Household9,39,36.87665825614618,29,1470,8424,2647
Household10,39,13.114887973455737,27,8475,9390,7374
Household1,40,22.895971111209178,11,2660,5264,5713
Household2,40,261.5446670015345,38,7721,7380,6463
Household3,40,302.3628918301198,39,9299,3100,3160
Household4,40,17.337383216218008,18,4207,8644,1609
Household5,40,116.9059423137711,37,6240,9741,4030
Household6,40,66.02170351397015,38,4209,4249,1751
Household7,40,24.33117687426487,28,3429,3074,7572
Household8,40,288.23163652985016,39,9893,6738,9365
Household9,40,22.707061081318244,30,1469,8423,2646
Household10,40,17.10938766177221,28,8474,9389,7373
Household1,41,18.05340553654714,11,2659,5263,5712
Household2,41,286.58571771162354,39,7720,7379,6462
Household3,41,333.39309980057965,40,9298,3099,3159
Household4,41,14.685536755270782,19,4206,8643,1608
Household5,41,94.98094179705657,38,6239,9740,4029
Household6,41,57.00848544585724,39,4208,4248,1750
Household7,41,4.027538945667885,29,3428,3073,7571
Household8,41,295.8822067161134,40,9892,6737,9364
Household9,41,19.27684540230129,31,1468,8422,2645
Household10,41,20.469032337386608,28,8473,9388,7372
Household1,42,16.15615889623788,12,2658,5262,5711
Household2,42,296.8389388132831,40,7719,7378,6461
Household3,42,323.93599296178047,41,9297,3098,3158
Household4,42,15.07439975562524,19,4205,8642,1607
Household5,42,83.57739414366412,39,6238,9739,4028
Household6,42,59.63862288600077,40,4207,4247,1749
Household7,42,5.025676509288931,29,3427,3072,7570
Household8,42,315.0677996767953,41,9891,6736,9363
Household9,42,2.1688744309416066,32,1467,8421,2644
Household10,42,26.805886538736903,29,8472,9387,7371
Household1,43,17.154296459858923,12,2657,5261,5710
Household2,43,278.5502940057597,41,7718,7377,6460
Household3,43,322.86338626283987,42,9296,3097,3157
Household4,43,5.40458424956643,20,4204,8641,1606
Household5,43,83.62817597732383,40,6237,9738,4027
Household6,43,68.73147801390854,41,4206,4246,1748
Household7,43,12.908859417681992,30,3426,3071,7569
Household8,43,317.99132481595313,42,9890,6735,9362
Household9,43,26.570197202981166,32,1466,8420,2643
Household10,43,8.949936554437592,30,8471,9386,7370
Household1,44,18.152434023479966,12,2656,5260,5709
Household2,44,278.67159873208794,42,7717,7376,6459
Household3,44,334.73725914567694,43,9295,3096,3156
Household4,44,32.472598314128234,20,4203,8640,1605
Household5,44,79.7983995411632,41,6236,9737,4026
Household6,44,66.63199174398946,42,4205,4245,1747
Household7,44,7.349903480731907,31,3425,3070,7568
Household8,44,337.09788956019185,43,9889,6734,9361
Household9,44,20.261073208400237,33,1465,8419,2642
Household10,44,-1.5584410282141903,31,8470,9385,7369
Household1,45,5.2550261758833905,13,2655,5259,5708
Household2,45,280.6884522818398,43,7716,7375,6458
Household3,45,359.35570438909815,44,9294,3095,3155
Household4,45,32.190740794611756,21,4202,8639,1604
Household5,45,48.94392961092497,42,6235,9736,4025
Household6,45,52.75408093890159,43,4204,4244,1746
Household7,45,23.66706982267019,31,3424,3069,7567
Household8,45,355.3509293387167,44,9888,6733,9360
Household9,45,32.037972467130295,33,1464,8418,2641
Household10,45,-3.522148810703108,32,8469,9384,7368
Household1,46,-1.0383090169080198,14,2654,5258,5707
Household2,46,257.83996829781796,44,7715,7374,6457
Household3,46,363.3379678288864,45,9293,3094,3154
Household4,46,31.257774677100336,22,4201,8638,1603
Household5,46,48.48685071107148,43,6234,9735,4024
Household6,46,46.29175366230203,44,4203,4243,1745
Household7,46,10.29675579046095,32,3423,3068,7566
Household8,46,369.19678982095996,45,9887,6732,9359
Household9,46,25.899889735581397,34,1463,8417,2640
Household10,46,14.988508577476113,32,8468,9383,7367
Household1,47,5.433137197326335,15,2653,5257,5706
Household2,47,242.1984071441826,45,7714,7373,6456
Household3,47,351.2130455377942,46,9292,3093,3153
Household4,47,17.751092266237176,23,4200,8637,1602
Household5,47,48.980234875785825,44,6233,9734,4023
Household6,47,42.65401371563148,45,4202,4242,1744
Household7,47,26.61392213239923,32,3422,3067,7565
Household8,47,389.61212389864454,46,9886,6731,9358
Household9,47,23.59820946760549,35,1462,8416,2639
Household10,47,15.986646141097157,32,8467,9382,7366
Household1,48,6.431274760947381,15,2652,5256,5705
Household2,48,241.49320370321908,46,7713,7372,6455
Household3,48,351.8878550743262,47,9291,3092,3152
Household4,48,16.81812614872576,24,4199,8636,1601
Household5,48,20.939032148095713,45,6232,9733,4022
Household6,48,41.95032935135852,46,4201,4241,1743
Household7,48,27.47025602199122,33,3421,3066,7564
Household8,48,392.63453694441205,47,9885,6730,9357
Household9,48,27.02051260204723,36,1461,8415,2638
Household10,48,-2.3766346889075223,33,8466,9381,7365
Household1,49,-1.7056139966015458,16,2651,5255,5704
Household2,49,248.78610418581263,47,7712,7371,6454
Household3,49,343.24569500080503,48,9290,3091,3151
Household4,49,-4.461583186026772,25,4198,8635,1600
Household5,49,36.17322239875324,45,6231,9732,4021
Household6,49,36.283110625984484,47,4200,4240,1742
Household7,49,15.681865444030244,34,3420,3065,7563
Household8,49,406.4803974266553,48,9884,6729,9356
Household9,49,22.238129290489997,37,1460,8414,2637
Household10,49,7.750346141884513,34,8465,9380,7364
Household1,50,-4.840797867775296,16,2650,5254,5703
Household2,50,264.87895806024505,48,7711,7370,6453
Household3,50,353.55498493940974,49,9289,3090,3150
Household4,50,22.087803162067885,25,4197,8634,1599
Household5,50,26.51081037702869,46,6230,9731,4020
Household6,50,29.63195772963565,48,4199,4239,1741
Household7,50,28.835449843754944,34,3419,3064,7562
Household8,50,438.719609289527,49,9883,6728,9355
Household9,50,16.329572918757083,38,1459,8413,2636
Household10,50,24.067512483822796,34,8464,9379,7363
Household1,51,-3.8426603041542506,16,2649,5253,5702
Household2,51,250.00289493161642,49,7710,7369,6452
Household3,51,372.6640205746144,50,9288,3089,3149
Household4,51,25.447447837682283,25,4196,8633,1598
Household5,51,5.89341102974646,47,6229,9730,4019
Household6,51,23.425500504912826,49,4198,4238,1740
Household7,51,11.804720561363578,35,3418,3063,7561
Household8,51,449.7402085419181,50,9882,6727,9354
Household9,51,40.80819244982817,39,1458,8412,2635
Household10,51,47.30463540827633,35,8463,9378,7362
Household1,52,14.089895158576816,16,2648,5252,5701
Household2,52,237.81678048361994,50,7709,7368,6451
Household3,52,390.1525279357255,51,9287,3088,3148
Household4,52,41.45903717224093,26,4195,8632,1597
Household5,52,24.40406841792568,47,6228,9729,4018
Household6,52,2.2791753932258203,50,4197,4237,1739
Household7,52,8.66953669018983,35,3417,3062,7560
Household8,52,455.57426740974563,51,9881,6726,9353
Household9,52,50.11583302521723,40,1457,8411,2634
Household10,52,34.40722756067976,36,8462,9377,7361
Household1,53,32.02245062130788,16,2647,5251,5700
Household2,53,253.00834397106723,51,7708,7367,6450
Household3,53,399.0662950966562,52,9286,3087,3147
Household4,53,11.617894723646671,27,4194,8631,1596
Household5,53,43.60345474279431,48,6227,9728,4017
Household6,53,22.58255466983791,50,4196,4236,1738
Household7,53,21.823121089914537,35,3416,3061,7559
Household8,53,469.89495485169044,52,9880,6725,9352
Household9,53,46.0904252105597,41,1456,8410,2633
Household10,53,26.554554744974933,37,8461,9376,7360
Household1,54,10.025135019360341,17,2646,5250,5699
Household2,54,241.18242714262092,52,7707,7366,6449
Household3,54,398.57600816581504,53,9285,3086,3146
Household4,54,-1.9302232793374898,28,4193,8630,1595
Household5,54,45.45679779129454,49,6226,9727,4016
Household6,54,9.297036185951683,51,4195,4235,1737
Household7,54,18.260047482803344,36,3415,3060,7558
Household8,54,478.78532077042297,53,9879,6724,9351
Household9,54,36.250574130169454,42,1455,8409,2632
Household10,54,21.93829389479611,38,8460,9375,7359
Household1,55,23.961977257101832,17,2645,5249,5698
Household2,55,255.92065608422791,53,7706,7365,6448
Household3,55,414.2730094156354,54,9284,3085,3145
Household4,55,-1.5413602789830327,28,4192,8629,1594
Household5,55,63.03796941927119,50,6225,9726,4015
Household6,55,19.01889956896891,51,4194,4234,1736
Household7,55,22.361517500623002,37,3414,3059,7557
Household8,55,460.46176668947874,54,9878,6723,9350
Household9,55,38.595317242570715,43,1454,8408,2631
Household10,55,31.74859980785724,39,8459,9374,7358
Household1,56,37.89881949484332,17,2644,5248,5697
Household2,56,283.7184688344241,54,7705,7364,6447
Household3,56,425.97592664848196,55,9283,3084,3144
Household4,56,16.969297109196187,28,4191,8628,1593
Household5,56,52.40040125347592,51,6224,9725,4014
Household6,56,16.850761199972823,52,4193,4233,1735
Household7,56,19.226333629449254,37,3413,3058,7556
Household8,56,461.9014840736901,55,9877,6722,9349
Household9,56,34.38420607640235,44,1453,8407,2630
Household10,56,24.051819753468486,40,8458,9373,7357
Household1,57,32.10897904876808,18,2643,5247,5696
Household2,57,302.86038105504593,55,7704,7363,6446
Household3,57,443.09158294647517,56,9282,3083,3143
Household4,57,8.195512478954441,29,4190,8627,1592
Household5,57,48.53406114413479,52,6223,9724,4013
Household6,57,26.57262458299005,52,4192,4232,1734
Household7,57,15.663260022338058,38,3412,3057,7555
Household8,57,460.3294245391595,56,9876,6721,9348
Household9,57,6.976257451803612,45,1452,8406,2629
Household10,57,4.111730658461177,41,8457,9372,7356
Household1,58,19.290507948312822,19,2642,5246,5695
Household2,58,297.0711800060945,56,7703,7362,6445
Household3,58,459.7564346041071,57,9281,3082,3142
Household4,58,26.70616986713366,29,4189,8626,1591
Household5,58,88.56446313815582,53,6222,9723,4012
Household6,58,4.650338646621954,53,4191,4231,1733
Household7,58,16.6613975859591,38,3411,3056,7554
Household8,58,474.0816185047554,57,9875,6720,9347
Household9,58,21.809463761438572,45,1451,8405,2628
Household10,58,7.471375334075574,41,8456,9371,7355
Household1,59,7.502117370351847,20,2641,5245,5694
Household2,59,312.02548653731174,57,7702,7361,6444
Household3,59,477.2449419652182,58,9280,3081,3141
Household4,59,28.56632528552575,30,4188,8625,1590
Household5,59,93.4574862168558,54,6221,9722,4011
Household6,59,18.147351563845444,53,4190,4230,1732
Household7,59,29.8149819856838,38,3410,3055,7553
Household8,59,477.4523481378782,58,9874,6719,9346
Household9,59,15.900907389705655,46,1450,8404,2627
Household10,59,8.469512897696621,41,8455,9370,7354
Household1,60,4.366933499178097,20,2640,5244,5693
Household2,60,347.3157182567345,58,7701,7360,6443
Household3,60,476.7014176669153,59,9279,3080,3140
Household4,60,26.98066620956821,31,4187,8624,1589
Household5,60,93.47225721246772,55,6220,9721,4010
Household6,60,27.86921494686267,53,4189,4229,1731
Household7,60,33.2708761016282,39,3409,3054,7552
Household8,60,487.3617354936179,59,9873,6718,9345
Household9,60,22.993365369157033,47,1449,8403,2626
Household10,60,30.138637038843793,41,8454,9369,7353
Household1,61,7.726578174792494,20,2639,5243,5692
Household2,61,362.5072817441818,59,7700,7359,6442
Household3,61,510.3292343759109,60,9278,3079,3139
Household4,61,15.869576812601244,32,4186,8623,1588
Household5,61,88.6068365591619,56,6219,9720,4009
Household6,61,50.6278780072944,54,4188,4228,1730
Household7,61,46.4244605013529,39,3408,3053,7551
Household8,61,499.1310097279144,60,9872,6717,9344
Household9,61,7.9510973096868724,48,1448,8402,2625
Household10,61,31.136774602464836,41,8453,9368,7352
Household1,62,11.763588226305941,21,2638,5242,5691
Household2,62,389.4909062618478,60,7699,7358,6441
Household3,62,494.24427324537703,61,9277,3078,3138
Household4,62,16.86771437622229,32,4185,8622,1587
Household5,62,88.91015149603894,57,6218,9719,4008
Household6,62,61.53472613175214,55,4187,4227,1729
Household7,62,22.43036217015041,40,3407,3052,7550
Household8,62,503.1656924177726,61,9871,6716,9343
Household9,62,19.40723650384703,48,1447,8401,2624
Household10,62,15.842100409929863,42,8452,9367,7351
Household1,63,6.921022651643898,21,2637,5241,5690
Household2,63,389.5256831501437,61,7698,7357,6440
Household3,63,500.52852998557927,62,9276,3077,3137
Household4,63,13.73253050504854,32,4184,8621,1586
Household5,63,123.58618271141714,58,6217,9718,4007
Household6,63,70.21738886750327,56,4186,4226,1728
Household7,63,7.1409307629991545,41,3406,3051,7549
Household8,63,510.7591751514804,62,9870,6715,9342
Household9,63,44.327186992353745,48,1446,8400,2623
Household10,63,21.81598749754345,43,8451,9366,7350
Household1,64,3.785838780470147,21,2636,5240,5689
Household2,64,410.999898059593,62,7697,7356,6439
Household3,64,496.4693212939899,63,9275,3076,3136
Household4,64,14.121393505402999,32,4183,8620,1585
Household5,64,108.09034801798967,59,6216,9717,4006
Household6,64,84.10712145572597,57,4185,4225,1727
Household7,64,31.264896989402235,42,3405,3050,7548
Household8,64,511.75419686406565,63,9869,6714,9341
Household9,64,14.440005042189362,49,1445,8399,2622
Household10,64,21.507223163154954,44,8450,9365,7349
Household1,65,20.10300512240843,21,2635,5239,5688
Household2,65,405.85550835935146,63,7696,7355,6438
Household3,65,497.3121921084297,64,9274,3075,3135
Household4,65,14.510256505757457,32,4182,8619,1584
Household5,65,85.03315290012212,60,6215,9716,4005
Household6,65,93.19997658363374,58,4184,4224,1726
Household7,65,10.189303557732863,43,3404,3049,7547
Household8,65,523.5947907415699,64,9868,6713,9340
Household9,65,31.69485836832456,50,1444,8398,2621
Household10,65,33.61216856229707,45,8449,9364,7348
Household1,66,2.8945434633520577,22,2634,5238,5687
Household2,66,409.3983495334612,64,7695,7354,6437
Household3,66,514.5663406777538,65,9273,3074,3134
Household4,66,15.5083940693785,32,4181,8618,1583
Household5,66,46.98702876522247,61,6214,9715,4004
Household6,66,84.78093949659252,59,4183,4223,1725
Household7,66,12.610924488453527,44,3403,3048,7546
Household8,66,533.7152709605807,65,9867,6712,9339
Household9,66,38.19468360744332,51,1443,8397,2620
Household10,66,14.89808224262105,46,8448,9363,7347
Household1,67,-0.24064040782169283,22,2633,5237,5686
Household2,67,407.5646051559787,65,7694,7353,6436
Household3,67,553.6075953339074,66,9272,3073,3133
Household4,67,18.868038744992898,32,4180,8617,1582
Household5,67,32.859303060878645,62,6213,9714,4003
Household6,67,92.03044572979744,60,4182,4222,1724
Household7,67,28.92809083039181,44,3402,3047,7545
Household8,67,559.4076852698533,66,9866,6711,9338
Household9,67,34.78146482311982,52,1442,8396,2619
Household10,67,11.44149797939837,47,8447,9362,7346
Household1,68,0.7574971557993528,22,2632,5236,5685
Household2,68,398.23032232827535,66,7693,7352,6435
Household3,68,532.4529077796764,67,9271,3072,3132
Household4,68,15.73285487381915,32,4179,8616,1581
Household5,68,36.186552032060064,63,6212,9713,4002
Household6,68,110.69141732010982,61,4181,4221,1723
Household7,68,23.056654917015532,45,3401,3046,7544
Household8,68,576.1837171952434,67,9865,6710,9337
Household9,68,33.96623380760066,53,1441,8395,2618
Household10,68,7.98491371617569,48,8446,9361,7345
Household1,69,1.14636015615381,22,2631,5235,5684
Household2,69,390.07257504385643,67,7692,7351,6434
Household3,69,538.4503106259751,68,9270,3071,3131
Household4,69,-1.3972800931186384,33,4178,8615,1580
Household5,69,38.3599744248592,64,6211,9712,4001
Household6,69,109.98773295583688,62,4180,4220,1722
Household7,69,-0.04701612020535606,46,3400,3045,7543
Household8,69,573.5444817876794,68,9864,6709,9336
Household9,69,30.17582050903348,54,1440,8394,2617
Household10,69,5.81240244074273,49,8445,9360,7344
Household1,70,2.584616295130772,23,2630,5234,5683
Household2,70,397.41228030963805,68,7691,7350,6433
Household3,70,555.9388179870864,69,9269,3070,3130
Household4,70,-4.532463964292389,33,4177,8614,1579
Household5,70,33.494553771553385,65,6210,9711,4000
Household6,70,125.79752211554653,63,4179,4219,1721
Household7,70,18.463641267973863,46,3399,3044,7542
Household8,70,570.0477659198955,69,9863,6708,9335
Household9,70,38.17757023355727,54,1439,8393,2616
Household10,70,6.808130466905872,50,8444,9359,7343
Household1,71,16.521458532872263,23,2629,5233,5682
Household2,71,414.54966306238066,69,7690,7349,6432
Household3,71,549.2790914778079,70,9268,3069,3129
Household4,71,-1.1728192886779913,33,4176,8613,1578
Household5,71,19.366828067209564,66,6209,9710,3999
Household6,71,101.9681859692836,64,4178,4218,1720
Household7,71,34.014182151031065,47,3398,3043,7541
Household8,71,609.3591713855717,70,9862,6707,9334
Household9,71,44.26440833557211,55,1438,8392,2615
Household10,71,3.672946595732122,50,8443,9358,7342
Household1,72,13.386274661698515,23,2628,5232,5681
Household2,72,409.51513549808755,70,7689,7348,6431
Household3,72,550.338151938319,71,9267,3068,3128
Household4,72,14.838770045880665,34,4175,8612,1577
Household5,72,8.55313263890842,67,6208,9709,3998
Household6,72,77.36747138796025,65,4177,4217,1719
Household7,72,36.33925952017429,48,3397,3042,7540
Household8,72,637.5681130978336,71,9861,6706,9333
Household9,72,29.474131686885734,56,1437,8391,2614
Household10,72,25.342070736879293,50,8442,9357,7341
Household1,73,20.170210177352693,23,2627,5231,5680
Household2,73,407.3427584022443,71,7688,7347,6430
Household3,73,560.1449669918168,72,9266,3067,3127
Household4,73,4.780482879498557,35,4174,8611,1576
Household5,73,14.86273290086811,68,6207,9708,3997
Household6,73,76.85029533097116,66,4176,4216,1718
Household7,73,34.11685207027571,49,3396,3041,7539
Household8,73,648.3576665291718,72,9860,6705,9332
Household9,73,15.195089377020022,57,1436,8390,2613
Household10,73,8.311341454487927,51,8441,9356,7340
Household1,74,28.51147099349776,24,2626,5230,5679
Household2,74,413.6907564296763,72,7687,7346,6429
Household3,74,548.9952008447952,73,9265,3066,3126
Household4,74,1.0308212614530134,36,4173,8610,1575
Household5,74,9.997312247562292,69,6206,9707,3996
Household6,74,76.22451790331496,67,4175,4215,1717
Household7,74,14.673225134119349,50,3395,3040,7538
Household8,74,639.8945723483904,73,9859,6704,9331
Household9,74,22.520817939817682,58,1435,8389,2612
Household10,74,11.670986130102325,51,8440,9355,7339
Household1,75,16.144978490088626,25,2625,5229,5678
Household2,75,411.5183793338331,73,7686,7345,6428
Household3,75,582.623017553791,74,9264,3065,3125
Household4,75,4.275367039074961,37,4172,8609,1574
Household5,75,12.043572055820302,70,6205,9706,3995
Household6,75,68.59574391523876,68,4174,4214,1716
Household7,75,15.671362697740392,50,3394,3039,7537
Household8,75,648.3496789315918,74,9858,6703,9330
Household9,75,34.29771719854774,58,1434,8388,2611
Household10,75,30.181643518281547,51,8439,9354,7338
Household1,76,11.302412915426581,25,2624,5228,5677
Household2,76,406.28087924214117,74,7685,7344,6427
Household3,76,574.2123865022702,75,9263,3064,3124
Household4,76,31.343381103636766,37,4171,8608,1573
Household5,76,3.7671696073536545,71,6204,9705,3994
Household6,76,51.92847442046955,69,4173,4213,1715
Household7,76,47.5732527785415,51,3393,3038,7536
Household8,76,670.6351204651986,75,9857,6702,9329
Household9,76,51.796020657670056,59,1433,8387,2610
Household10,76,31.17978108190259,51,8438,9353,7337
Household1,77,6.459847340764537,25,2623,5227,5676
Household2,77,419.9865409781763,75,7684,7343,6426
Household3,77,574.2485489899213,76,9262,3063,3123
Household4,77,-3.2512585450844256,38,4170,8607,1572
Household5,77,22.277826995532877,71,6203,9704,3993
Household6,77,46.26125569509551,70,4172,4212,1714
Household7,77,34.20293874633227,52,3392,3037,7535
Household8,77,702.6642196448593,76,9856,6701,9328
Household9,77,76.82879783820329,60,1432,8386,2609
Household10,77,18.282373234306014,52,8437,9352,7336
Household1,78,-1.236932713624217,26,2622,5226,5675
Household2,78,415.7846851036296,76,7683,7342,6425
Household3,78,561.4083723246936,77,9261,3062,3122
Household4,78,-2.25312098146338,38,4169,8606,1571
Household5,78,56.39970056144894,72,6202,9703,3992
Household6,78,44.76432727451958,71,4171,4211,1713
Household7,78,5.420911669286589,53,3391,3036,7534
Household8,78,715.2467970317161,77,9855,6700,9327
Household9,78,93.71491226699158,61,1431,8385,2608
Household10,78,15.147189363132266,52,8436,9351,7335
Household1,79,-0.2387951500031713,26,2621,5225,5674
Household2,79,420.94742932782947,77,7682,7341,6424
Household3,79,566.9916333463494,78,9260,3061,3121
Household4,79,-1.5349772961165655,39,4168,8605,1570
Household5,79,36.89575297538897,73,6201,9702,3991
Household6,79,30.17115089284991,72,4170,4210,1712
Household7,79,23.91764438652391,54,3390,3035,7533
Household8,79,719.9646175843856,78,9854,6699,9326
Household9,79,92.89968125147242,62,1430,8384,2607
Household10,79,12.012005491958519,52,8435,9350,7334
Household1,80,4.37631682695843,27,2620,5224,5673
Household2,80,432.0371539972537,78,7681,7340,6423
Household3,80,562.3921794423644,79,9259,3060,3120
Household4,80,-1.1461142957621084,39,4167,8604,1569
Household5,80,31.29214316437864,74,6200,9701,3990
Household6,80,54.55523215915202,73,4169,4209,1711
Household7,80,8.303997073544178,55,3389,3034,7532
Household8,80,716.5685919064213,79,9853,6698,9325
Household9,80,91.5658225194861,63,1429,8383,2606
Household10,80,8.87682162078477,52,8434,9349,7333
Household1,81,22.88697421513765,27,2619,5223,5672
Household2,81,443.9697104628453,79,7680,7339,6422
Household3,81,543.435800566161,80,9258,3059,3119
Household4,81,15.171052046176175,39,4166,8603,1568
Household5,81,33.011701420980245,75,6199,9700,3989
Household6,81,44.09988813535539,74,4168,4208,1710
Household7,81,7.440217304642733,56,3388,3033,7531
Household8,81,709.8525773606724,80,9852,6697,9324
Household9,81,99.50374011261778,64,1428,8382,2605
Household10,81,-4.020586226811805,53,8433,9348,7332
Household1,82,18.04440864047561,27,2618,5222,5671
Household2,82,471.76752321304144,80,7679,7338,6421
Household3,82,544.2786713806007,81,9257,3058,3118
Household4,82,0.48092231014673814,40,4165,8602,1567
Household5,82,14.109438547028176,76,6198,9699,3988
Household6,82,41.94128711425633,75,4167,4207,1709
Household7,82,10.79986198025713,56,3387,3032,7530
Household8,82,725.708919675239,81,9851,6696,9323
Household9,82,114.96840083074643,65,1427,8381,2604
Household10,82,-0.026086538495327716,54,8432,9347,7331
Household1,83,21.404053316090007,27,2617,5221,5670
Household2,83,480.1188141704338,81,7678,7337,6420
Household3,83,575.8275070675277,82,9256,3057,3117
Household4,83,18.413477772877805,40,4164,8601,1566
Household5,83,5.386811612867646,77,6197,9698,3987
Household6,83,68.40319270705139,76,4166,4206,1708
Household7,83,27.728595914188094,56,3386,3031,7529
Household8,83,724.594364186762,82,9850,6695,9322
Household9,83,91.53641747979452,66,1426,8380,2603
Household10,83,0.972051025125718,54,8431,9346,7330
Household1,84,18.26886944491626,27,2616,5220,5669
Household2,84,451.69439940657196,82,7677,7336,6419
Household3,84,602.5710274941885,83,9255,3056,3116
Household4,84,3.339215292159871,41,4163,8600,1565
Household5,84,31.91618007650092,78,6196,9697,3986
Household6,84,95.38540979932476,77,4165,4205,1707
Household7,84,40.8821803139128,56,3385,3030,7528
Household8,84,719.7169553234372,83,9849,6694,9321
Household9,84,66.9998866008653,67,1425,8379,2602
Household10,84,-0.8359564361443788,55,8430,9345,7329
Household1,85,25.052804960570437,27,2615,5219,5668
Household2,85,439.77391085021765,83,7676,7335,6418
Household3,85,624.7873788460768,84,9254,3055,3115
Household4,85,15.992752197342117,42,4162,8599,1564
Household5,85,20.71011721979913,79,6195,9696,3985
Household6,85,124.60407743222694,78,4164,4204,1706
Household7,85,13.369186630285526,57,3384,3029,7527
Household8,85,721.5348899241367,84,9848,6693,9320
Household9,85,60.75929665599344,68,1424,8378,2601
Household10,85,2.523688239470019,55,8429,9344,7328
Household1,86,9.648138220910056,28,2614,5218,5667
Household2,86,431.04218587185744,84,7675,7334,6417
Household3,86,646.4827902012172,85,9253,3054,3114
Household4,86,7.218967567100378,43,4161,8598,1563
Household5,86,35.94430747045666,79,6194,9695,3984
Household6,86,116.11180450563715,79,4163,4203,1705
Household7,86,14.15182082670583,58,3383,3028,7526
Household8,86,728.1037899679229,85,9847,6692,9319
Household9,86,54.58709709840969,69,1423,8377,2600
Household10,86,18.840854581408305,55,8428,9343,7327
Household1,87,-2.0323676090255383,29,2613,5217,5666
Household2,87,448.7532544431818,85,7674,7333,6416
Household3,87,642.076065853529,86,9252,3053,3113
Household4,87,4.205395598656132,44,4160,8597,1562
Household5,87,22.816027236291937,80,6193,9694,3983
Household6,87,89.48247496923871,80,4162,4202,1704
Household7,87,0.03386978363900539,59,3382,3027,7525
Household8,87,741.0941525011858,86,9846,6691,9318
Household9,87,53.25323836642339,70,1422,8376,2599
Household10,87,11.564933001976147,56,8427,9342,7326
Household1,88,14.284798732912748,29,2612,5216,5665
Household2,88,447.07289485814755,86,7673,7332,6415
Household3,88,674.23709057079,87,9251,3052,3112
Household4,88,4.59425859901059,44,4159,8596,1561
Household5,88,38.050217486949464,80,6192,9693,3982
Household6,88,87.163864740039,81,4161,4201,1703
Household7,88,7.513296235589056,60,3381,3026,7524
Household8,88,752.7813615862417,87,9845,6690,9317
Household9,88,64.17140682217052,71,1421,8375,2598
Household10,88,14.924577677590545,56,8426,9341,7325
Household1,89,-2.716802082942543,30,2611,5215,5664
Household2,89,466.2148070787694,87,7672,7331,6414
Household3,89,677.6929679205114,88,9250,3051,3111
Household4,89,11.470389331738506,45,4158,8595,1560
Household5,89,43.613501568682075,81,6191,9692,3981
Household6,89,58.595011523795165,82,4160,4200,1702
Household7,89,24.44203016952002,60,3380,3025,7523
Household8,89,752.4505780835643,88,9844,6689,9316
Household9,89,58.29462791931371,72,1420,8374,2597
Household10,89,11.789393806416797,56,8425,9340,7324
Household1,90,15.215753379788524,30,2610,5214,5663
Household2,90,485.3567192993913,88,7671,7330,6413
Household3,90,698.7658323958563,89,9249,3050,3110
Household4,90,-0.21342450839643234,46,4157,8594,1559
Household5,90,40.53974939008428,82,6190,9691,3980
Household6,90,20.53399582241761,83,4159,4199,1701
Household7,90,27.47521869223337,61,3379,3024,7522
Household8,90,768.6321145020784,89,9843,6688,9315
Household9,90,34.26374641018978,73,1419,8373,2596
Household10,90,12.78753137003784,56,8424,9339,7323
Household1,91,16.213890943409567,30,2609,5213,5662
Household2,91,463.9053982780656,89,7670,7329,6412
Household3,91,728.9410738392245,90,9248,3049,3109
Household4,91,0.17543849195802474,46,4156,8593,1558
Household5,91,32.2683241267809,83,6189,9690,3979
Household6,91,30.255859205434835,83,4158,4198,1700
Household7,91,21.60378277885709,62,3378,3023,7521
Household8,91,769.9552488092518,90,9842,6687,9314
Household9,91,51.14986083897807,74,1418,8372,2595
Household10,91,10.823823587548922,57,8423,9338,7322
Household1,92,4.425500365448592,31,2608,5212,5661
Household2,92,459.5370931924925,90,7669,7328,6411
Household3,92,743.2636488352292,91,9247,3048,3108
Household4,92,0.5643014923124818,46,4155,8592,1557
Household5,92,9.951109338172785,84,6188,9689,3978
Household6,92,18.313404450553698,84,4157,4197,1699
Household7,92,46.339938035594194,63,3377,3022,7520
Household8,92,765.2238693676665,91,9841,6686,9313
Household9,92,46.53776573178714,75,1417,8371,2594
Household10,92,6.207562737370102,58,8422,9337,7321
Household1,93,20.742666707386874,31,2607,5211,5660
Household2,93,434.63138270153047,91,7668,7327,6410
Household3,93,758.9606500850496,92,9246,3047,3107
Household4,93,0.9531644926669389,46,4154,8591,1556
Household5,93,35.76681548242517,84,6187,9688,3977
Household6,93,47.74218476666693,85,4156,4196,1698
Household7,93,54.3379922040114,64,3376,3021,7519
Household8,93,780.8391936455916,92,9840,6685,9312
Household9,93,52.61002540215895,76,1416,8370,2593
Household10,93,3.0723788661963516,58,8421,9336,7320
Household1,94,17.607482836213126,31,2606,5210,5659
Household2,94,405.8467703181184,92,7667,7326,6409
Household3,94,760.0197105455607,93,9245,3046,3106
Household4,94,17.270330834605222,46,4153,8590,1555
Household5,94,21.55698152657757,85,6186,9687,3976
Household6,94,35.87104965499352,86,4155,4195,1697
Household7,94,72.83472492124872,65,3375,3020,7518
Household8,94,783.7627187847495,93,9839,6684,9311
Household9,94,58.08467447383976,77,1415,8369,2592
Household10,94,16.42301227216379,59,8420,9335,7319
Household1,95,35.5400382989442,31,2605,5209,5658
Household2,95,389.7859357850598,93,7666,7325,6408
Household3,95,782.0228407650052,94,9244,3045,3105
Household4,95,13.593416329861732,47,4152,8589,1554
Household5,95,47.37268767082995,85,6185,9686,3975
Household6,95,20.14633620226998,87,4154,4194,1696
Household7,95,73.07949121884805,66,3374,3019,7517
Household8,95,796.3771188599515,94,9838,6683,9310
Household9,95,51.94659174229088,78,1414,8368,2591
Household10,95,12.44505954152104,60,8419,9334,7318
Household1,96,31.976964691833004,32,2604,5208,5657
Household2,96,377.5195050923754,94,7665,7324,6407
Household3,96,779.8166479895076,95,9243,3044,3104
Household4,96,31.5259717925928,47,4151,8588,1553
Household5,96,42.88934584894212,86,6184,9685,3974
Household6,96,14.876322921568104,88,4153,4193,1695
Household7,96,72.78487268418557,67,3373,3018,7516
Household8,96,787.4715951570937,95,9837,6682,9309
Household9,96,52.69339682319466,79,1413,8367,2590
Household10,96,8.752116605255285,61,8418,9333,7317
Household1,97,-3.146430511847065,33,2603,5207,5656
Household2,97,361.61759650159445,95,7664,7323,6406
Household3,97,767.9891906068715,96,9242,3043,3103
Household4,97,23.424507219710485,48,4150,8587,1552
Household5,97,40.00935851691315,87,6183,9684,3973
Household6,97,28.229734269865702,89,4152,4192,1694
Household7,97,71.250681537145,68,3372,3017,7515
Household8,97,773.5441296286317,96,9836,6681,9308
Household9,97,77.17201635426576,80,1412,8366,2589
Household10,97,5.24981003229329,62,8417,9332,7316
Household1,98,0.21321416376733282,33,2602,5206,5655
Household2,98,353.601137099816,96,7663,7322,6405
Household3,98,776.3919836149009,97,9241,3042,3102
Household4,98,5.09980724549596,49,4149,8586,1551
Household5,98,31.775957386541634,88,6182,9683,3972
Household6,98,36.59547881822876,90,4151,4191,1693
Household7,98,75.8657935141066,69,3371,3016,7514
Household8,98,774.0086908687722,97,9835,6680,9307
Household9,98,69.8957821922487,81,1411,8365,2588
Household10,98,6.247947595914336,62,8416,9331,7315
Household1,99,1.2113517273883785,33,2601,5205,5654
Household2,99,336.6084085009333,97,7662,7321,6404
Household3,99,777.066793151433,98,9240,3041,3101
Household4,99,0.25724167083391736,49,4148,8585,1550
Household5,99,56.88387213951524,89,6181,9682,3971
Household6,99,60.61082118718398,91,4150,4190,1692
Household7,99,83.09771030149253,70,3370,3015,7513
Household8,99,813.3200963344484,98,9834,6679,9306
Household9,99,62.062869887808816,82,1410,8364,2587
Household10,99,9.607592271528734,62,8415,9330,7314
Household1,100,4.570996403002776,33,2600,5204,5653
Household2,100,337.6114288963269,98,7661,7320,6403
Household3,100,781.6389088163126,99,9239,3040,3100
Household4,100,7.711474329009988,50,4147,8584,1549
Household5,100,56.42679323966176,90,6180,9681,3970
Household6,100,69.40413130429398,92,4149,4189,1691
Household7,100,60.90655757614522,71,3369,3014,7512
Household8,100,811.621099543874,99,9833,6678,9305
Household9,100,69.71347766538192,83,1409,8363,2586
Household10,100,27.501566878469646,62,8414,9329,7313
Household1,101,11.354931918656956,33,2599,5203,5652
Household2,101,337.93633591603157,99,7660,7319,6402
Household3,101,799.631706136359,100,9238,3039,3099
Household4,101,8.100337329364447,50,4146,8583,1548
Household5,101,25.950222479342635,91,6179,9680,3969
Household6,101,96.23477579443596,93,4148,4188,1690
Household7,101,60.3221555332363,72,3368,3013,7511
Household8,101,820.8515908138688,100,9832,6677,9304
Household9,101,91.43533515634589,84,1408,8362,2585
Household10,101,28.49970444209069,62,8413,9328,7312
Household1,102,8.219748047483208,33,2598,5202,5651
Household2,102,323.06027278740294,100,7659,7318,6401
Household3,102,794.4296943830308,101,9237,3038,3098
Household4,102,11.459982004978844,50,4145,8582,1547
Household5,102,12.46174462562768,92,6178,9679,3968
Household6,102,96.64400949758593,94,4147,4187,1689
Household7,102,67.77638819141237,73,3367,3012,7510
Household8,102,811.1188802655165,101,9831,6676,9303
Household9,102,115.91395468741698,85,1407,8361,2584
Household10,102,38.186171408644675,63,8412,9327,7311
Household1,103,9.21788561110425,33,2597,5201,5650
Household2,103,332.98829978511526,101,7658,7317,6400
Household3,103,777.0501563630058,102,9236,3037,3097
Household4,103,8.324798133805096,50,4144,8581,1546
Household5,103,6.680212482502693,93,6177,9678,3967
Household6,103,88.28854779662802,95,4146,4186,1688
Household7,103,56.2197129401099,74,3366,3011,7509
Household8,103,843.9702811587222,102,9830,6675,9302
Household9,103,102.4155571764723,86,1406,8360,2583
Household10,103,25.781098049445383,64,8411,9326,7310
Household1,104,25.535051953042533,33,2596,5200,5649
Household2,104,326.8248886478664,102,7657,7316,6399
Household3,104,748.2414173821185,103,9235,3036,3096
Household4,104,9.450415744621914,51,4143,8580,1545
Household5,104,33.82176997646998,94,6176,9677,3966
Household6,104,82.9850384480323,96,4145,4185,1687
Household7,104,50.10905604590028,75,3365,3010,7508
Household8,104,859.7076940279392,103,9829,6674,9301
Household9,104,96.59823450949331,87,1405,8359,2582
Household10,104,8.986721910234017,65,8410,9325,7309
Household1,105,3.214638753838436,34,2595,5199,5648
Household2,105,330.5182016821798,103,7656,7315,6398
Household3,105,748.2381158047029,104,9234,3035,3095
Household4,105,12.810060420236312,51,4142,8579,1544
Household5,105,44.36525577176431,95,6175,9676,3965
Household6,105,68.11093741882465,97,4144,4184,1686
Household7,105,37.58910605136316,76,3364,3009,7507
Household8,105,850.7149638088463,104,9828,6673,9300
Household9,105,95.78300349397415,88,1404,8358,2581
Household10,105,36.435180785698655,66,8409,9324,7308
Household1,106,0.07945488266468548,34,2594,5198,5647
Household2,106,330.7416838116375,104,7655,7314,6397
Household3,106,729.2817369284995,105,9233,3034,3094
Household4,106,13.528204105583129,52,4141,8578,1543
Household5,106,36.59910535163853,96,6174,9675,3964
Household6,106,76.79360015457578,98,4143,4183,1685
Household7,106,32.7608220413703,77,3363,3008,7506
Household8,106,866.3601789874352,105,9827,6672,9299
Household9,106,88.61413290574302,89,1403,8357,2580
Household10,106,27.805256960705627,67,8408,9323,7307
Household1,107,-3.055728988509065,34,2593,5197,5646
Household2,107,338.69357810775307,105,7654,7313,6396
Household3,107,728.3032792070132,106,9232,3033,3093
Household4,107,14.246347790929946,53,4140,8577,1542
Household5,107,58.43082126783089,97,6173,9674,3963
Household6,107,50.5810056787503,99,4142,4182,1684
Household7,107,13.517902525680057,78,3362,3007,7505
Household8,107,863.39422375017,106,9826,6671,9298
Household9,107,61.70725148297683,90,1402,8356,2579
Household10,107,41.70987252982048,68,8407,9322,7306
Household1,108,-2.666865988154608,34,2592,5196,5645
Household2,108,345.5146556570676,106,7653,7312,6395
Household3,108,730.9597619858811,107,9231,3032,3092
Household4,108,32.75700517910917,53,4139,8576,1541
Household5,108,72.10368689775048,98,6172,9673,3962
Household6,108,56.296793691183275,100,4141,4181,1683
Household7,108,14.5160400893011,78,3361,3006,7504
Household8,108,850.9629909344682,107,9825,6670,9297
Household9,108,78.96210480911202,91,1401,8355,2578
Household10,108,27.51826392864357,69,8406,9321,7305
Household1,109,-2.278002987800151,34,2591,5195,5644
Household2,109,321.348925495365,107,7652,7311,6394
Household3,109,735.9927972964051,108,9230,3031,3091
Household4,109,25.645091251850936,54,4138,8575,1540
Household5,109,99.61398328906466,99,6171,9672,3961
Household6,109,68.48949739201598,101,4140,4180,1682
Household7,109,30.173652125323947,79,3360,3005,7503
Household8,109,861.2500694806993,108,9824,6669,9296
Household9,109,52.64841656988468,92,1400,8354,2577
Household10,109,-0.5084134185472458,70,8405,9320,7304
Household1,110,-1.2798654241791052,34,2590,5194,5643
Household2,110,323.2668852542588,108,7651,7310,6393
Household3,110,768.1538220136661,109,9229,3030,3090
Household4,110,0.920355077423963,55,4137,8574,1539
Household5,110,93.82265159020193,100,6170,9671,3960
Household6,110,76.64979933776682,102,4139,4179,1681
Household7,110,27.67981918422255,80,3359,3004,7502
Household8,110,890.0037789037857,109,9823,6668,9295
Household9,110,38.69013432458888,93,1399,8353,2576
Household10,110,2.851231257067152,70,8404,9319,7303
Household1,111,16.65269003855196,34,2589,5193,5642
Household2,111,337.28863860331916,109,7650,7309,6392
Household3,111,770.4673090305125,110,9228,3029,3089
Household4,111,-2.2148287937497875,55,4136,8573,1538
Household5,111,122.8002670606862,101,6169,9670,3959
Household6,111,90.00321068606442,103,4138,4178,1680
Household7,111,-1.7137754848158124,81,3358,3003,7501
Household8,111,889.6729954011083,110,9822,6667,9294
Household9,111,27.80379801208793,94,1398,8352,2575
Household10,111,3.8493688206881975,70,8403,9318,7302
Household1,112,17.041553038906418,34,2588,5192,5641
Household2,112,345.7802274467722,110,7649,7308,6391
Household3,112,776.0505700521684,111,9227,3028,3088
Household4,112,16.29582859442943,55,4135,8572,1537
Household5,112,106.57452852792979,102,6168,9669,3958
Household6,112,80.61216913883163,104,4137,4177,1679
Household7,112,27.839381962424657,81,3357,3002,7500
Household8,112,901.2439870963544,111,9821,6666,9293
Household9,112,25.886368668091027,95,1397,8351,2574
Household10,112,-1.9071958326639376,71,8402,9317,7301
Household1,113,12.198987464244373,34,2587,5191,5640
Household2,113,343.8684872338358,111,7648,7307,6390
Household3,113,771.8025357408296,112,9226,3027,3087
Household4,113,11.379238550288186,56,4134,8571,1536
Household5,113,128.3053761654286,103,6167,9668,3957
Household6,113,83.65245909772668,105,4136,4176,1678
Household7,113,24.70419809125091,81,3356,3001,7499
Household8,113,927.1465140888381,112,9820,6665,9292
Household9,113,17.057258862530297,96,1396,8350,2573
Household10,113,14.409970509274348,71,8401,9316,7300
Household1,114,7.582726614065553,35,2586,5190,5639
Household2,114,338.0792861848844,112,7647,7306,6389
Household3,114,772.4773452773617,113,9225,3026,3086
Household4,114,5.320636773101668,57,4133,8570,1535
Household5,114,122.51404446656582,104,6166,9667,3956
Household6,114,56.05788888831829,106,4135,4175,1677
Household7,114,37.85778249097561,81,3355,3000,7498
Household8,114,951.9237347843925,113,9819,6664,9291
Household9,114,9.905342976623086,97,1395,8349,2572
Household10,114,18.35366144481698,72,8400,9315,7299
Household1,115,1.8261619607134172,36,2585,5189,5638
Household2,115,333.72835100311056,113,7646,7305,6388
Household3,115,767.6258999625929,114,9224,3025,3085
Household4,115,3.734977697144135,58,4132,8569,1534
Household5,115,124.5603042748238,105,6165,9666,3955
Household6,115,47.78308565624365,107,4134,4174,1676
Household7,115,48.756506986318115,82,3354,2999,7497
Household8,115,946.5765257156559,114,9818,6663,9290
Household9,115,1.076233171062352,98,1394,8348,2571
Household10,115,36.864318832996204,72,8399,9314,7298
Household1,116,8.6100974763676,36,2584,5188,5637
Household2,116,310.87986701908875,114,7645,7304,6387
Household3,116,792.6809825343997,115,9223,3024,3084
Household4,116,6.156294596170007,59,4131,8568,1533
Household5,116,123.7430277554201,106,6164,9665,3954
Household6,116,13.17645942450244,108,4133,4173,1675
Household7,116,29.00953823854358,83,3353,2998,7496
Household8,116,965.7698492727517,115,9817,6662,9289
Household9,116,4.819296370073996,99,1393,8347,2570
Household10,116,26.806031666614096,73,8398,9313,7297
Household1,117,2.316762283576189,37,2583,5187,5636
Household2,117,321.75947900530196,115,7644,7303,6386
Household3,117,793.3557920709318,116,9222,3023,3083
Household4,117,3.021110724996256,59,4130,8567,1532
Household5,117,140.71201035306274,107,6163,9664,3953
Household6,117,6.473596481983197,109,4132,4172,1674
Household7,117,17.221147660582602,84,3352,2997,7495
Household8,117,998.6212501659573,116,9816,6661,9288
Household9,117,23.40256198819265,99,1392,8346,2569
Household10,117,-1.3149971234867337,74,8397,9312,7296
Household1,118,20.827419671755408,37,2582,5186,5635
Household2,118,351.6362727775667,116,7643,7302,6385
Household3,118,800.5260987644614,117,9221,3022,3082
Household4,118,4.019248288617302,59,4129,8566,1531
Household5,118,128.03951935211393,108,6162,9663,3952
Household6,118,33.11366062898334,109,4131,4171,1673
Household7,118,30.374732060307302,84,3351,2996,7494
Household8,118,997.0491906314268,117,9815,6660,9287
Household9,118,21.485132644195748,100,1391,8345,2568
Household10,118,18.91126325921591,75,8396,9311,7295
Household1,119,13.75810567662377,38,2581,5185,5634
Household2,119,376.67732348765577,117,7642,7301,6384
Household3,119,811.6753362859611,118,9220,3021,3081
Household4,119,4.40811128897176,59,4128,8565,1530
Household5,119,113.65189187783494,109,6161,9662,3951
Household6,119,31.014174359064256,110,4130,4170,1672
Household7,119,8.917002441392395,85,3350,2995,7493
Household8,119,998.8686907253472,118,9814,6659,9286
Household9,119,29.48688236871954,100,1390,8344,2567
Household10,119,16.947555476726997,76,8395,9310,7294
Household1,120,31.690661139354837,38,2580,5184,5633
Household2,120,409.5209919832387,118,7641,7300,6383
Household3,120,836.3382508616891,119,9219,3020,3080
Household4,120,22.9815921112732,60,4127,8564,1529
Household5,120,112.24376221645659,110,6160,9661,3950
Household6,120,23.0398582391036,111,4129,4169,1671
Household7,120,12.276647117006792,85,3349,2994,7492
Household8,120,994.137311283762,119,9813,6658,9285
Household9,120,17.090636219846676,101,1389,8343,2566
Household10,120,13.812371605553249,76,8394,9309,7293
Household1,121,23.494978434561254,39,2579,5183,5632
Household2,121,424.4752985144559,119,7640,7299,6382
Household3,121,840.255047857055,120,9218,3019,3079
Household4,121,8.882283158239325,61,4126,8563,1528
Household5,121,97.13590318287876,111,6159,9660,3949
Household6,121,32.785998716096444,112,4128,4168,1670
Household7,121,29.205381050937756,85,3348,2993,7491
Household8,121,1006.7198886706187,120,9812,6657,9284
Household9,121,16.275405204327523,102,1388,8342,2565
Household10,121,14.810509169174292,76,8393,9308,7292
Household1,122,18.652412859899215,39,2578,5182,5631
Household2,122,451.964596231396,120,7639,7298,6381
Household3,122,844.2617523126023,121,9217,3018,3078
Household4,122,25.199449500177607,61,4125,8562,1527
Household5,122,97.62928734759312,112,6158,9659,3948
Household6,122,18.934268091621398,113,4127,4167,1669
Household7,122,25.64230744382656,86,3347,2992,7490
Household8,122,1005.264046525898,121,9811,6656,9283
Household9,122,6.515870368625116,103,1387,8341,2564
Household10,122,15.604188000633261,77,8392,9307,7291
Household1,123,3.058302325229249,40,2577,5181,5630
Household2,123,446.7270961397041,121,7638,7297,6380
Household3,123,829.2608301078678,122,9216,3017,3077
Household4,123,22.06426562900386,61,4124,8561,1526
Household5,123,100.05679529349553,113,6157,9658,3947
Household6,123,24.48674543743632,114,4126,4166,1668
Household7,123,6.928221124150539,87,3346,2991,7489
Household8,123,1030.9564608351707,122,9810,6655,9282
Household9,123,26.368859520731576,104,1386,8340,2563
Household10,123,3.815797422672283,78,8391,9306,7290
Household1,124,13.59305418761525,41,2576,5180,5629
Household2,124,432.19093241345814,122,7637,7296,6379
Household3,124,839.8329305939131,123,9215,3016,3076
Household4,124,9.416084253094247,62,4123,8560,1525
Household5,124,109.6132247329652,114,6156,9657,3946
Household6,124,34.33548523804121,115,4125,4165,1667
Household7,124,20.081805523875246,87,3345,2990,7488
Household8,124,1022.5434174020318,123,9809,6654,9281
Household9,124,27.35790321314117,105,1385,8339,2562
Household10,124,7.1754420982866804,78,8390,9305,7289
Household1,125,16.95269886322965,41,2575,5179,5628
Household2,125,434.40582792515323,123,7636,7295,6378
Household3,125,841.3010360962666,124,9214,3015,3075
Household4,125,25.73325059503253,62,4122,8559,1524
Household5,125,107.81292707550807,115,6155,9656,3945
Household6,125,7.343472877975977,116,4124,4164,1666
Household7,125,14.49394584932827,88,3344,2989,7487
Household8,125,1055.1847056120268,124,9808,6653,9280
Household9,125,20.322204717043792,106,1384,8338,2561
Household10,125,13.430188048133179,79,8389,9304,7288
Household1,126,12.110133288567605,41,2574,5178,5627
Household2,126,433.70062448418975,124,7635,7294,6377
Household3,126,872.8498717831935,125,9213,3014,3074
Household4,126,19.976685941680394,63,4121,8558,1523
Household5,126,129.86453477757678,116,6154,9655,3944
Household6,126,23.15326203768563,117,4123,4163,1665
Household7,126,11.358761978154522,88,3343,2988,7486
Household8,126,1051.425712820326,125,9807,6652,9279
Household9,126,17.384449716373897,107,1383,8337,2560
Household10,126,16.789832723747576,79,8388,9303,7287
Household1,127,7.267567713905561,41,2573,5177,5626
Household2,127,436.70262316888295,125,7634,7293,6376
Household3,127,909.7886081817584,126,9212,3013,3073
Household4,127,20.365548942034852,63,4120,8557,1522
Household5,127,117.41643098314319,117,6153,9654,3943
Household6,127,36.32951489033921,117,4122,4162,1664
Household7,127,42.042736172196165,88,3342,2987,7485
Household8,127,1074.730103986838,126,9806,6651,9278
Household9,127,12.4377551454674,108,1382,8336,2559
Household10,127,19.266943935271264,80,8387,9302,7286
Household1,128,2.425002139243519,41,2572,5176,5625
Household2,128,431.5168331233615,126,7633,7292,6375
Household3,128,911.4880424024957,127,9211,3012,3072
Household4,128,20.505590701933507,64,4119,8556,1521
Household5,128,112.79154599575705,118,6152,9653,3942
Household6,128,12.179418679506384,118,4121,4161,1663
Household7,128,45.488999107149695,89,3341,2986,7484
Household8,128,1062.297998033901,127,9805,6650,9277
Household9,128,27.90241586359603,109,1381,8335,2558
Household10,128,32.68475447626406,81,8386,9301,7285
Household1,129,-2.417563435418524,41,2571,5175,5624
Household2,129,427.3149772488148,127,7632,7291,6374
Household3,129,930.2011024668578,128,9210,3011,3071
Household4,129,20.894453702287965,64,4118,8555,1520
Household5,129,141.64952005721435,119,6151,9652,3941
Household6,129,16.357502528795386,119,4120,4160,1662
Household7,129,30.08446226685671,90,3340,2985,7483
Household8,129,1053.2889552984768,128,9804,6649,9276
Household9,129,20.07238660199998,110,1380,8334,2557
Household10,129,18.702872852062143,82,8385,9300,7284
Household1,130,16.093093952760697,41,2570,5174,5623
Household2,130,452.9682169892378,128,7631,7290,6373
Household3,130,923.8232374625325,129,9209,3010,3070
Household4,130,22.020071313104786,65,4117,8554,1519
Household5,130,121.03212070993212,120,6150,9651,3940
Household6,130,8.728728540719196,120,4119,4159,1661
Household7,130,23.106694304684538,91,3339,2984,7482
Household8,130,1061.7440618816781,129,9803,6648,9275
Household9,130,18.795331018229216,111,1379,8333,2556
Household10,130,22.06251752767654,82,8384,9299,7283
Household1,131,30.029936190502188,41,2569,5173,5622
Household2,131,437.6868534551527,129,7630,7289,6372
Household3,131,936.8987043206332,130,9208,3009,3069
Household4,131,18.88488744193104,65,4116,8553,1518
Household5,131,131.89394479700266,121,6149,9650,3939
Household6,131,3.7029482972014236,121,4118,4158,1660
Household7,131,36.26027870440924,91,3338,2983,7481
Household8,131,1080.5194624502035,130,9802,6647,9274
Household9,131,25.8877889976806,112,1378,8332,2555
Household10,131,30.790527457245364,83,8383,9298,7282
Household1,132,5.924976172382415,42,2568,5172,5621
Household2,132,466.0968552356828,130,7629,7288,6371
Household3,132,968.7940594224949,131,9207,3008,3068
Household4,132,45.43427379002569,65,4115,8552,1517
Household5,132,118.08291180910902,122,6148,9649,3938
Household6,132,17.199961214424913,121,4117,4157,1659
Household7,132,14.069125979061905,92,3337,2982,7480
Household8,132,1100.2314137237663,131,9801,6646,9273
Household9,132,28.822577385804145,113,1377,8331,2554
Household10,132,-4.562941858989198,84,8382,9297,7281
Household1,133,6.3138391727368735,42,2567,5171,5620
Household2,133,474.0487495317984,131,7628,7287,6370
Household3,133,997.4362442501946,132,9206,3007,3067
Household4,133,8.371792105582031,66,4114,8551,1516
Household5,133,130.97054664628106,123,6147,9648,3937
Household6,133,13.616667189559365,122,4116,4156,1658
Household7,133,15.067263542682948,92,3336,2981,7479
Household8,133,1132.470625586638,132,9800,6645,9272
Household9,133,24.611466219635776,114,1376,8330,2553
Household10,133,-7.698125730162949,84,8381,9296,7280
Household1,134,7.311976736357919,42,2566,5170,5619
Household2,134,477.46803328859716,132,7627,7286,6369
Household3,134,999.0140169538469,133,9205,3006,3066
Household4,134,21.544260758926214,67,4113,8550,1515
Household5,134,123.5921692755446,124,6146,9647,3936
Household6,134,17.68324278396215,123,4115,4155,1657
Household7,134,44.62042098992342,92,3335,2980,7478
Household8,134,1142.163155888087,133,9799,6644,9271
Household9,134,3.3147426208493442,115,1375,8329,2552
Household10,134,10.195848876777966,84,8380,9295,7279
Household1,135,19.979159053727933,43,2565,5169,5618
Household2,135,471.30462215134827,133,7626,7285,6368
Household3,135,1025.5280110206918,134,9204,3005,3065
Household4,135,2.806149773046556,68,4112,8549,1514
Household5,135,131.45237075888085,125,6145,9646,3935
Household6,135,44.93549596129632,123,4114,4154,1656
Household7,135,7.355510644694391,93,3334,2979,7477
Household8,135,1161.0492038379714,134,9798,6643,9270
Household9,135,27.716065392888904,115,1374,8328,2551
Household10,135,13.555493552392363,84,8379,9294,7278
Household1,136,8.868069656760968,44,2564,5168,5617
Household2,136,465.5012761873532,134,7625,7284,6367
Household3,136,1041.4635818337983,135,9203,3004,3064
Household4,136,21.316807161225775,68,4111,8548,1513
Household5,136,148.42135335652353,126,6144,9645,3934
Household6,136,60.74528512100596,124,4113,4153,1655
Household7,136,23.672676986632673,93,3333,2978,7476
Household8,136,1154.7341732332447,135,9797,6642,9269
Household9,136,26.94805253320576,116,1373,8327,2550
Household10,136,16.91513822800676,84,8378,9293,7277
Household1,137,4.025504082098926,44,2563,5167,5616
Household2,137,471.3904699768995,135,7624,7283,6366
Household3,137,1083.756689011006,136,9202,3003,3063
Household4,137,12.543022530984032,69,4110,8547,1512
Household5,137,143.5559327032177,127,6143,9644,3933
Household6,137,47.99650193952705,125,4112,4152,1654
Household7,137,21.74516096815792,94,3332,2977,7475
Household8,137,1146.7216974229539,136,9796,6641,9268
Household9,137,40.464356814924166,117,1372,8326,2549
Household10,137,13.779954356833013,84,8377,9292,7276
Household1,138,20.34267042403721,44,2562,5166,5615
Household2,138,459.20435552890297,136,7623,7282,6365
Household3,138,1099.0849513634796,137,9201,3002,3062
Household4,138,17.00053506081614,70,4109,8546,1511
Household5,138,144.10766638789622,128,6142,9643,3932
Household6,138,70.75516499995878,126,4111,4151,1653
Household7,138,18.60997709698417,94,3331,2976,7474
Household8,138,1136.9493758263002,137,9795,6640,9267
Household9,138,50.36357563776562,118,1371,8325,2548
Household10,138,14.778091920454056,84,8376,9291,7275
Household1,139,6.4686735478606785,45,2561,5165,5614
Household2,139,475.2972094033354,137,7622,7281,6364
Household3,139,1105.3042356813457,138,9200,3001,3061
Household4,139,20.341809275490103,71,4108,8545,1510
Household5,139,156.4755961276537,129,6141,9642,3931
Household6,139,36.46929883278749,127,4110,4150,1652
Household7,139,8.07407636138095,95,3330,2975,7473
Household8,139,1143.3955577674599,138,9794,6639,9266
Household9,139,42.43987985952225,119,1370,8324,2547
Household10,139,15.776229484075099,84,8375,9290,7274
Household1,140,3.333489676686928,45,2560,5164,5613
Household2,140,466.04274122966547,138,7621,7280,6363
Household3,140,1141.8989271136597,139,9199,3000,3060
Household4,140,22.35816733991522,72,4107,8544,1509
Household5,140,137.61277080868192,130,6140,9641,3930
Household6,140,37.94755269525958,128,4109,4149,1651
Household7,140,3.550764641576066,96,3329,2974,7472
Household8,140,1145.715103983988,139,9793,6638,9265
Household9,140,21.496271280881814,120,1369,8323,2546
Household10,140,14.140513054749558,85,8374,9289,7273
Household1,141,-1.2827711734918923,46,2559,5163,5612
Household2,141,494.66285569340664,139,7620,7279,6362
Household3,141,1128.986557667989,140,9198,2999,3059
Household4,141,19.22298346874147,72,4106,8543,1508
Household5,141,127.27517173377984,131,6139,9640,3929
Household6,141,39.54202394754152,129,4108,4148,1650
Household7,141,19.86793098351435,96,3328,2973,7471
Household8,141,1155.8355842029985,140,9792,6637,9264
Household9,141,22.485314973291423,121,1368,8322,2545
Household10,141,32.28616758651938,86,8373,9288,7272
Household1,142,-6.125336748153934,46,2558,5162,5611
Household2,142,482.501201705155,140,7619,7278,6361
Household3,142,1147.6024548083508,141,9197,2998,3058
Household4,142,13.46641881538934,73,4105,8542,1507
Household5,142,161.95120294915804,132,6138,9639,3928
Household6,142,47.26568856490684,130,4107,4147,1649
Household7,142,16.7327471123406,96,3327,2972,7470
Household8,142,1151.7076157648428,141,9791,6636,9263
Household9,142,13.549455225855418,122,1367,8321,2544
Household10,142,8.59911061000863,87,8372,9287,7271
Household1,143,-2.7656920725395366,46,2557,5161,5610
Household2,143,521.0432859456319,141,7618,7277,6360
Household3,143,1145.343794036718,142,9196,2997,3057
Household4,143,8.623853240727295,73,4104,8541,1506
Household5,143,164.4167350279923,133,6137,9638,3927
Household6,143,45.53737951642875,131,4106,4146,1648
Household7,143,13.597563241166853,96,3326,2971,7469
Household8,143,1170.8037763979382,142,9790,6635,9262
Household9,143,3.920972186622379,123,1366,8320,2543
Household10,143,19.133862472394632,88,8371,9286,7270
Household1,144,4.0182434431146445,46,2556,5160,5609
Household2,144,516.8414300710851,142,7617,7276,6359
Household3,144,1181.418173969554,143,9195,2996,3056
Household4,144,24.94101958266558,73,4103,8540,1505
Household5,144,130.50595804684914,134,6136,9637,3926
Household6,144,37.78447566481403,132,4105,4145,1647
Household7,144,10.462379369993105,96,3325,2970,7468
Household8,144,1173.597526907518,143,9789,6634,9261
Household9,144,2.0367210117810934,124,1365,8319,2542
Household10,144,8.81753769522394,89,8370,9285,7269
Household1,145,0.883059571940894,46,2555,5159,5608
Household2,145,511.60392997939323,143,7616,7275,6358
Household3,145,1169.5531534483964,144,9194,2995,3055
Household4,145,6.688480693651769,74,4102,8539,1504
Household5,145,118.71756746888818,135,6135,9636,3925
Household6,145,31.32214838821448,133,4104,4144,1646
Household7,145,13.822024045607503,96,3324,2969,7467
Household8,145,1173.0993326787654,144,9788,6633,9260
Household9,145,22.50189919422158,125,1364,8318,2541
Household10,145,35.653807540354556,90,8369,9284,7268
Household1,146,-2.2521242992328565,46,2554,5158,5607
Household2,146,513.4361680643183,144,7615,7274,6357
Household3,146,1190.9981338697196,145,9193,2994,3054
Household4,146,0.9319160402996332,75,4101,8538,1503
Household5,146,101.8945719619802,136,6134,9635,3924
Household6,146,20.646652080024268,134,4103,4143,1645
Household7,146,32.31875676284482,97,3323,2968,7466
Household8,146,1148.5854442797984,145,9787,6632,9259
Household9,146,12.139806509176012,126,1363,8317,2540
Household10,146,41.175038558814876,91,8368,9283,7267
Household1,147,-1.2539867356118108,46,2553,5157,5606
Household2,147,537.9585910579402,145,7614,7273,6356
Household3,147,1181.1881492242755,146,9192,2993,3053
Household4,147,-3.9106495343624097,75,4100,8537,1502
Household5,147,136.01644552789625,137,6133,9634,3923
Household6,147,49.103730885349925,135,4102,4142,1644
Household7,147,35.67840143845922,97,3322,2967,7465
Household8,147,1147.8222704659279,146,9786,6631,9258
Household9,147,12.017044733415332,127,1362,8316,2539
Household10,147,31.996566577255493,92,8367,9282,7266
Household1,148,17.256670652567408,46,2552,5156,5605
Household2,148,546.4501799013934,146,7613,7272,6355
Household3,148,1167.6256834975538,147,9191,2992,3052
Household4,148,-3.5217865340079526,75,4099,8536,1501
Household5,148,152.25058694958022,138,6132,9633,3922
Household6,148,53.49550058369996,136,4101,4141,1643
Household7,148,30.850117428466355,98,3321,2966,7464
Household8,148,1138.8114326608945,147,9785,6630,9257
Household9,148,36.70577694769747,128,1361,8315,2538
Household10,148,28.861382706081745,92,8366,9281,7265
Household1,149,18.25480821618845,46,2551,5155,5604
Household2,149,541.1067186717496,147,7612,7271,6354
Household3,149,1165.2526004057197,148,9190,2991,3051
Household4,149,14.410768928723114,75,4098,8535,1500
Household5,149,144.22669954330647,139,6131,9632,3921
Household6,149,41.487697234534224,137,4100,4140,1642
Household7,149,25.409644388139462,99,3320,2965,7463
Household8,149,1152.0978871321092,148,9784,6629,9256
Household9,149,42.28832509077695,129,1360,8314,2537
Household10,149,36.6349614360113,93,8365,9280,7264
Household1,150,36.18736367891952,46,2550,5154,5603
Household2,150,531.0228672348895,148,7611,7270,6353
Household3,150,1174.9685781626297,149,9189,2990,3050
Household4,150,30.727935270661398,75,4097,8534,1499
Household5,150,144.53001448018344,140,6130,9631,3920
Household6,150,42.18451283309848,138,4099,4139,1641
Household7,150,22.915811447038063,100,3319,2964,7462
Household8,150,1166.4185745740538,149,9783,6628,9255
Household9,150,36.15024235922805,130,1359,8313,2536
Household10,150,31.036993927696187,94,8364,9279,7263
Household1,151,-0.794014435688787,47,2549,5153,5602
Household2,151,521.78287609428,149,7610,7269,6352
Household3,151,1163.808023407312,150,9188,2989,3049
Household4,151,35.088719363441484,76,4096,8533,1498
Household5,151,131.9586422548679,141,6129,9630,3919
Household6,151,70.64159163842413,139,4098,4138,1640
Household7,151,17.475338406711167,101,3318,2963,7461
Household8,151,1158.6168756128168,150,9782,6627,9254
Household9,151,40.17075440588458,131,1358,8312,2535
Household10,151,18.139586080099612,95,8363,9278,7262
Household1,152,3.821097541272813,48,2548,5152,5601
Household2,152,532.0360971959396,150,7609,7268,6351
Household3,152,1145.1325691786467,151,9187,2988,3048
Household4,152,36.08685692706253,76,4095,8532,1497
Household5,152,134.31483055756254,142,6128,9629,3918
Household6,152,49.90407710648603,140,4097,4137,1639
Household7,152,22.188376016523506,102,3317,2962,7460
Household8,152,1170.1878673080628,151,9781,6626,9253
Household9,152,45.72147986061894,132,1357,8311,2534
Household10,152,3.947977478922713,96,8362,9277,7261
Household1,153,0.6856209304970164,49,2547,5151,5600
Household2,153,534.8431919224045,151,7608,7267,6350
Household3,153,1161.0590404433349,152,9186,2987,3047
Household4,153,36.475719927416975,76,4094,8531,1496
Household5,153,133.17232678782642,143,6127,9628,3917
Household6,153,44.23685838111199,141,4096,4136,1638
Household7,153,9.979893338835279,103,3316,2961,7459
Household8,153,1186.3651320506167,152,9780,6625,9252
Household9,153,24.342526930760712,133,1356,8310,2533
Household10,153,4.943705505085859,97,8361,9276,7260
Household1,154,7.469556446151198,49,2546,5150,5599
Household2,154,506.0980170939729,152,7607,7266,6349
Household3,154,1173.3124187206727,153,9185,2986,3046
Household4,154,40.51242594723563,77,4093,8530,1495
Household5,154,122.74015598501634,144,6126,9627,3916
Household6,154,46.01824476644293,142,4095,4135,1637
Household7,154,2.3006789235477996,104,3315,2960,7458
Household8,154,1193.1614749718974,153,9779,6624,9251
Household9,154,17.066292768743654,134,1355,8309,2532
Household10,154,22.837680112026774,97,8360,9275,7259
Household1,155,25.402111908882265,49,2545,5149,5598
Household2,155,503.9247668608944,153,7606,7265,6348
Household3,155,1180.0781223055485,154,9184,2985,3045
Household4,155,51.50803996745846,78,4092,8529,1494
Household5,155,148.75089673218244,145,6125,9626,3915
Household6,155,40.551767870979546,143,4094,4134,1636
Household7,155,3.2988164871688452,104,3314,2959,7457
Household8,155,1179.2340094434353,154,9778,6623,9250
Household9,155,28.52243196290381,134,1354,8308,2531
Household10,155,10.093619446957536,98,8359,9274,7258
Household1,156,-4.772679517423107,50,2544,5148,5597
Household2,156,522.5181604643855,154,7605,7264,6347
Household3,156,1168.928356158527,155,9183,2984,3044
Household4,156,51.33090698564264,79,4091,8528,1493
Household5,156,144.26755491029462,146,6124,9625,3914
Household6,156,21.44998730278118,144,4093,4133,1635
Household7,156,6.226451705655222,105,3313,2958,7456
Household8,156,1171.4323104821983,155,9777,6622,9249
Household9,156,18.92995976171855,135,1353,8307,2530
Household10,156,16.348365396804045,99,8358,9273,7257
Household1,157,-9.61524509208515,50,2543,5147,5596
Household2,157,519.7867604331852,155,7604,7263,6346
Household3,157,1165.8088572582294,156,9182,2983,3043
Household4,157,47.18973145308328,80,4090,8527,1492
Household5,157,179.46221384214002,147,6123,9624,3913
Household6,157,6.6942653453519085,145,4092,4132,1634
Household7,157,22.543618047593505,105,3312,2957,7455
Household8,157,1167.9355946144144,156,9776,6621,9248
Household9,157,25.962880904518094,136,1352,8306,2529
Household10,157,2.156756795627146,100,8357,9272,7256
Household1,158,4.321597145656341,50,2542,5146,5595
Household2,158,529.8262956857837,156,7603,7262,6345
Household3,158,1155.6781125482153,157,9181,2982,3042
Household4,158,2.7766692163292674,81,4089,8526,1491
Household5,158,190.32403792921056,148,6122,9623,3912
Household6,158,18.281367236466494,146,4091,4131,1633
Household7,158,10.695332989455501,106,3311,2956,7454
Household8,158,1171.2134230571035,157,9775,6620,9247
Household9,158,33.13099005178154,137,1351,8305,2528
Household10,158,20.667414183806365,100,8356,9271,7255
Household1,159,5.319734709277387,50,2541,5145,5594
Household2,159,525.4579906002106,157,7602,7261,6344
Household3,159,1192.2728039805293,158,9180,2981,3041
Household4,159,3.1655322166837245,81,4088,8525,1490
Household5,159,171.28329027812416,149,6121,9622,3911
Household6,159,37.46096654324604,147,4090,4130,1632
Household7,159,35.43148824619261,107,3310,2955,7453
Household8,159,1160.5877856957522,158,9774,6619,9246
Household9,159,15.397558272279465,138,1350,8304,2527
Household10,159,17.532230312632617,100,8355,9270,7254
Household1,160,12.103670224931566,50,2540,5144,5593
Household2,160,509.4365936221324,158,7601,7260,6343
Household3,160,1209.0903152214678,159,9179,2980,3040
Household4,160,-1.677033357978318,81,4087,8524,1489
Household5,160,149.3582897614096,150,6120,9621,3910
Household6,160,61.476308912201254,148,4089,4129,1631
Household7,160,30.908176526387727,108,3309,2954,7452
Household8,160,1185.3823620737414,159,9773,6618,9245
Household9,160,32.98794441187092,139,1349,8303,2526
Household10,160,18.53036787625366,100,8354,9269,7253
Household1,161,28.42083656686985,50,2539,5143,5592
Household2,161,514.8305142873592,159,7600,7259,6342
Household3,161,1205.6440964914693,160,9178,2979,3039
Household4,161,16.8336240302009,81,4086,8523,1488
Household5,161,155.06006611447305,151,6119,9620,3909
Household6,161,56.55404770124992,149,4088,4128,1630
Household7,161,36.08585540031921,109,3308,2953,7451
Household8,161,1174.9970505154972,160,9772,6617,9244
Household9,161,24.41505177817161,140,1348,8302,2525
Household10,161,7.822725280114028,101,8353,9268,7252
Household1,162,11.478032232636192,51,2538,5142,5591
Household2,162,494.1191735952931,160,7599,7258,6341
Household3,162,1221.521450692689,161,9177,2978,3038
Household4,162,7.637185911889599,82,4085,8522,1487
Household5,162,138.15663634610206,152,6118,9619,3908
Household6,162,46.32429121236724,150,4087,4127,1629
Household7,162,49.43397439868072,110,3307,2952,7450
Household8,162,1191.403785272919,161,9771,6616,9243
Household9,162,16.702180287769025,141,1347,8301,2524
Household10,162,4.687541408940278,101,8352,9267,7251
Household1,163,29.988689620815414,51,2537,5141,5590
Household2,163,505.20889826471733,161,7598,7257,6340
Household3,163,1230.6167489757406,162,9176,2977,3037
Household4,163,34.18657225998425,82,4084,8521,1486
Household5,163,133.63706546089114,153,6117,9618,3907
Household6,163,52.638288137015,151,4086,4126,1628
Household7,163,29.687005650906183,111,3306,2951,7449
Household8,163,1194.960898178124,162,9770,6615,9242
Household9,163,6.43437928981713,142,1346,8300,2523
Household10,163,2.2673449173361533,102,8351,9266,7250
Household1,164,24.198849174740165,52,2536,5140,5589
Household2,164,521.9771977924845,162,7597,7256,6339
Household3,164,1227.8612223470648,163,9175,2976,3036
Household4,164,13.984115656314522,83,4083,8520,1485
Household5,164,124.71463376842603,154,6116,9617,3906
Household6,164,33.960786665953,152,4085,4125,1627
Household7,164,25.1636939311013,112,3305,2950,7448
Household8,164,1193.0680785790234,163,9769,6614,9241
Household9,164,26.28736844192359,143,1345,8299,2522
Household10,164,-0.8678389538375972,102,8350,9265,7249
Household1,165,30.982784690394343,52,2535,5139,5588
Household2,165,515.8137866552358,163,7596,7255,6338
Household3,165,1254.3752164139098,164,9174,2975,3035
Household4,165,17.34376033192892,83,4082,8519,1484
Household5,165,120.88485733226541,155,6115,9616,3905
Household6,165,32.73245138895362,153,4084,4124,1626
Household7,165,33.504954747246366,113,3304,2949,7447
Household8,165,1215.2437534268975,164,9768,6613,9240
Household9,165,2.0715976275642376,144,1344,8298,2521
Household10,165,17.026135653103317,102,8349,9264,7248
Household1,166,5.761586357116421,53,2534,5138,5587
Household2,166,507.442259296426,164,7595,7254,6337
Household3,166,1264.1251003414861,165,9173,2974,3034
Household4,166,9.867435872111052,84,4081,8518,1483
Household5,166,123.7352323356682,156,6114,9615,3904
Household6,166,17.292504487442805,154,4083,4123,1625
Household7,166,41.50300891566357,114,3303,2948,7446
Household8,166,1222.9734116981651,165,9767,6612,9239
Household9,166,18.439084339885383,145,1343,8297,2520
Household10,166,18.02427321672436,102,8348,9263,7247
Household1,167,-4.296700809265684,54,2533,5137,5586
Household2,167,531.979320590252,165,7594,7253,6336
Household3,167,1261.5828729444418,166,9172,2973,3033
Household4,167,6.732252000937303,84,4080,8517,1482
Household5,167,121.14948551359119,157,6113,9614,3903
Household6,167,18.25213063344775,155,4082,4122,1624
Household7,167,40.22841660514365,115,3302,2947,7445
Household8,167,1235.3275480737357,166,9766,6611,9238
Household9,167,1.4721068355366427,146,1342,8296,2519
Household10,167,39.69339735787153,102,8347,9262,7246
Household1,168,-3.2985632456446385,54,2532,5136,5585
Household2,168,564.6128764026237,166,7593,7252,6335
Household3,168,1289.8563188747946,167,9171,2972,3032
Household4,168,10.0918966765517,84,4079,8516,1481
Household5,168,127.98207861345583,158,6112,9613,3902
Household6,168,10.997566733668968,156,4081,4121,1623
Household7,168,16.094109240088997,116,3301,2946,7444
Household8,168,1236.4553185260224,167,9765,6610,9237
Household9,168,16.305313145171603,146,1341,8295,2518
Household10,168,44.13676747429673,103,8346,9261,7245
Household1,169,0.06108142996975907,54,2531,5135,5584
Household2,169,539.622667859586,167,7592,7251,6334
Household3,169,1285.7971101832054,168,9170,2971,3031
Household4,169,28.024452139282765,84,4078,8515,1480
Household5,169,135.84228009679208,159,6111,9612,3901
Household6,169,13.168289835899536,157,4080,4120,1622
Household7,169,24.435370056234063,117,3300,2945,7443
Household8,169,1246.0805256207136,168,9764,6609,9236
Household9,169,16.53349050960824,147,1340,8294,2517
Household10,169,50.77423680791519,104,8345,9260,7244
Household1,170,18.57173881814898,54,2530,5134,5583
Household2,170,534.6257034338139,168,7591,7250,6333
Household3,170,1294.7108773441362,169,9169,2970,3030
Household4,170,1.3025107818911152,85,4077,8514,1479
Household5,170,139.89773782447404,160,6110,9611,3900
Household6,170,34.58602346631904,158,4079,4119,1621
Household7,170,37.58895445595876,117,3299,2944,7442
Household8,170,1240.974936090831,169,9763,6608,9235
Household9,170,13.03032429960605,148,1339,8293,2516
Household10,170,47.831055157182384,105,8344,9259,7243
Household1,171,13.729173243486937,54,2529,5133,5582
Household2,171,575.6143508981306,169,7590,7249,6332
Household3,171,1292.7529696736206,170,9168,2969,3029
Household4,171,28.370524846452923,85,4076,8513,1478
Household5,171,174.01961139039008,161,6109,9610,3899
Household6,171,27.883160523799802,159,4078,4118,1620
Household7,171,5.408421060808372,118,3298,2943,7441
Household8,171,1235.8693465609485,170,9762,6607,9234
Household9,171,38.56246381844679,148,1338,8292,2515
Household10,171,37.29515442157916,106,8343,9258,7242
Household1,172,9.456684029137964,55,2528,5132,5581
Household2,172,570.4285608526092,170,7589,7248,6331
Household3,172,1317.067282558876,171,9167,2968,3028
Household4,172,23.527959271790884,85,4075,8512,1477
Household5,172,160.2103734721052,162,6108,9609,3898
Household6,172,28.159609488760843,160,4077,4117,1619
Household7,172,2.2732371896346217,118,3297,2942,7440
Household8,172,1252.2269642549013,171,9761,6606,9233
Household9,172,27.49937541485494,149,1337,8291,2514
Household10,172,48.28386150556314,107,8342,9257,7241
Household1,173,12.816328704752362,55,2527,5131,5580
Household2,173,554.2683719825067,171,7588,7247,6330
Household3,173,1342.2794333754155,172,9166,2967,3027
Household4,173,16.416045344532648,86,4074,8511,1476
Household5,173,167.83659159391996,163,6107,9608,3897
Household6,173,23.18121490327777,161,4076,4116,1618
Household7,173,19.201971123565585,118,3296,2941,7439
Household8,173,1272.059978564486,172,9760,6605,9232
Household9,173,18.483081405955915,150,1336,8290,2513
Household10,173,36.65603915565205,108,8341,9256,7240
Household1,174,12.857625531276234,56,2526,5130,5579
Household2,174,550.06651610796,172,7587,7246,6329
Household3,174,1327.87170435422,173,9165,2966,3026
Household4,174,1.891681594454667,87,4073,8510,1475
Household5,174,180.20452133367743,164,6106,9607,3896
Household6,174,40.0827346300822,162,4075,4115,1617
Household7,174,22.561615799179982,118,3295,2940,7438
Household8,174,1263.4752149261983,173,9759,6604,9231
Household9,174,11.438210963729947,151,1335,8289,2512
Household10,174,36.82531237490348,109,8340,9255,7239
Household1,175,18.118367143211366,57,2525,5129,5578
Household2,175,556.414514135392,173,7586,7245,6328
Household3,175,1323.020259039451,174,9164,2965,3025
Household4,175,5.251326270069065,87,4072,8509,1474
Household5,175,169.50672463922513,165,6105,9606,3895
Household6,175,23.070553451503933,163,4074,4114,1616
Household7,175,19.426431928006235,118,3294,2939,7437
Household8,175,1248.211556005325,174,9758,6603,9230
Household9,175,24.195166321426292,152,1334,8288,2511
Household10,175,49.045129034069745,110,8339,9254,7238
Household1,176,13.275801568549323,57,2524,5128,5577
Household2,176,554.5027739224556,174,7585,7244,6327
Household3,176,1361.851401012394,175,9163,2964,3024
Household4,176,4.960986921115194,88,4071,8508,1473
Household5,176,142.40231401747056,166,6104,9605,3894
Household6,176,8.61903447187219,164,4073,4113,1615
Household7,176,18.407743074264378,119,3293,2938,7436
Household8,176,1243.1059664754425,175,9757,6602,9229
Household9,176,3.1206609398065908,153,1333,8287,2510
Household10,176,54.947696478475606,111,8338,9253,7237
Household1,177,13.317098395073195,58,2523,5127,5576
Household2,177,547.6154421442862,175,7584,7243,6326
Household3,177,1390.1394852429512,176,9162,2963,3023
Household4,177,7.949142995595395,89,4070,8507,1472
Household5,177,145.37624643818435,167,6103,9604,3893
Household6,177,6.176866825361479,165,4072,4112,1614
Household7,177,5.037429042055145,120,3292,2937,7435
Household8,177,1230.0010957885254,176,9756,6601,9228
Household9,177,14.576800133966747,153,1332,8286,2509
Household10,177,35.03827424028767,112,8337,9252,7236
Household1,178,31.82775578325242,58,2522,5126,5575
Household2,178,532.7393790156577,176,7583,7242,6325
Household3,178,1418.412931173304,177,9161,2962,3022
Household4,178,8.338005995949853,89,4069,8506,1471
Household5,178,125.41324317040292,168,6102,9603,3892
Household6,178,15.638460850616166,166,4071,4111,1613
Household7,178,18.497429329161992,121,3291,2936,7434
Household8,178,1230.0197377351474,177,9755,6600,9227
Household9,178,18.597312180623273,154,1331,8285,2508
Household10,178,12.731571233436004,113,8336,9251,7235
Household1,179,26.071191129900285,59,2521,5125,5574
Household2,179,526.8090957956189,177,7582,7241,6324
Household3,179,1429.1012490491592,178,9160,2961,3021
Household4,179,9.056149681296667,90,4068,8505,1470
Household5,179,121.72454890532973,169,6101,9602,3891
Household6,179,28.814713703269753,166,4070,4110,1612
Household7,179,15.362245457988244,121,3290,2935,7433
Household8,179,1245.340748834036,178,9754,6599,9226
Household9,179,11.445396294716065,155,1330,8284,2507
Household10,179,8.752745365557992,114,8335,9250,7234
Household1,180,26.460054130254743,59,2520,5124,5573
Household2,180,522.9594184265128,178,7581,7240,6323
Household3,180,1436.9272383140787,179,9159,2960,3020
Household4,180,4.213584106634625,90,4067,8504,1469
Household5,180,128.6067873241006,170,6100,9601,3890
Household6,180,55.645358193411724,167,4069,4109,1611
Household7,180,48.394952285590534,122,3289,2934,7432
Household8,180,1234.6346772112217,179,9753,6598,9225
Household9,180,9.143716026740169,156,1329,8283,2506
Household10,180,25.069911707496274,114,8334,9249,7233
Household1,181,-4.7102946784266635,60,2519,5123,5572
Household2,181,527.0343847547013,179,7580,7239,6322
Household3,181,1430.1735607195394,180,9158,2959,3019
Household4,181,22.724241494813846,90,4066,8503,1468
Household5,181,145.28666856509204,171,6099,9600,3889
Household6,181,51.735816265052094,168,4068,4108,1610
Household7,181,31.249488719175034,123,3288,2933,7431
Household8,181,1243.8651684812164,180,9752,6597,9224
Household9,181,1.8674818647231106,157,1328,8282,2505
Household10,181,19.31334705414414,115,8333,9248,7232
Household1,182,11.606871663511622,60,2518,5122,5571
Household2,182,517.5721066463099,180,7579,7238,6321
Household3,182,1455.952713610426,181,9157,2958,3018
Household4,182,19.589057623640098,90,4065,8502,1467
Household5,182,128.48634151111293,172,6098,9599,3888
Household6,182,30.074373611190296,169,4067,4107,1609
Household7,182,21.976155611163094,124,3287,2932,7430
Household8,182,1264.1893087851136,181,9751,6596,9223
Household9,182,20.450747482841766,157,1327,8281,2504
Household10,182,29.92604646528816,116,8332,9247,7231
Household1,183,3.469982905962695,61,2517,5121,5570
Household2,183,542.8356175054824,181,7578,7237,6320
Household3,183,1445.5926305096384,182,9156,2957,3017
Household4,183,19.977920623994557,90,4064,8501,1466
Household5,183,145.2977046932213,173,6097,9598,3887
Household6,183,18.20503356912566,170,4066,4106,1608
Household7,183,17.45284389135822,125,3286,2931,7429
Household8,183,1255.952498883041,182,9750,6595,9222
Household9,183,17.891682796744536,158,1326,8280,2503
Household10,183,33.30209859564809,117,8331,9246,7230
Household1,184,19.787149247900977,61,2516,5120,5569
Household2,184,523.786207455561,182,7577,7236,6319
Household3,184,1462.1488807966034,183,9155,2956,3016
Household4,184,4.182653863091311,91,4063,8500,1465
Household5,184,132.1694244590566,174,6096,9597,3886
Household6,184,2.7650866676148347,171,4065,4105,1607
Household7,184,22.437705616784818,126,3285,2930,7428
Household8,184,1264.1071183541285,183,9749,6594,9221
Household9,184,25.82960038987622,159,1325,8279,2502
Household10,184,28.68583774546927,118,8330,9245,7229
Household1,185,6.158994096133938,62,2515,5119,5568
Household2,185,526.8008881037056,183,7576,7235,6318
Household3,185,1476.7795157195474,184,9154,2955,3015
Household4,185,0.9516199615129182,92,4062,8499,1464
Household5,185,131.02692068932046,175,6095,9596,3885
Household6,185,28.88652309814783,171,4064,4104,1606
Household7,185,33.69662773167755,127,3284,2929,7427
Household8,185,1259.8471236251153,184,9748,6593,9220
Household9,185,7.4883018690813685,160,1324,8278,2501
Household10,185,-4.211773015861922,119,8329,9244,7228
Household1,186,24.669651484313157,62,2514,5118,5567
Household2,186,526.0199646375703,184,7575,7234,6317
Household3,186,1491.738165448246,185,9153,2954,3014
Household4,186,-3.8909456131491247,92,4061,8498,1463
Household5,186,126.54357886743264,176,6094,9595,3884
Household6,186,23.24855382429604,172,4063,4103,1605
Household7,186,37.05627240729195,127,3283,2928,7426
Household8,186,1278.7331715749997,185,9747,6592,9219
Household9,186,32.521079049614606,161,1323,8277,2500
Household10,186,-7.346956887035673,119,8328,9243,7227
Household1,187,19.827085909651117,62,2513,5117,5566
Household2,187,511.35079013381915,185,7574,7233,6316
Household3,187,1503.0935186478537,186,9152,2953,3013
Household4,187,-3.5020826127946676,92,4060,8497,1462
Household5,187,155.40155292888994,177,6093,9594,3883
Household6,187,47.63263509059815,173,4062,4102,1604
Household7,187,27.896315862683466,128,3282,2927,7425
Household8,187,1310.9723834378715,186,9746,6591,9218
Household9,187,1.9396656029175006,162,1322,8276,2499
Household10,187,-10.482140758209422,119,8327,9242,7226
Household1,188,14.984520334989076,62,2512,5116,5565
Household2,188,511.3855670221151,186,7573,7232,6315
Household3,188,1508.6767796695099,187,9151,2952,3012
Household4,188,-0.14243793718026998,92,4059,8496,1461
Household5,188,150.88018697407026,178,6092,9593,3882
Household6,188,65.39078068671803,174,4061,4101,1603
Household7,188,49.47356778413073,129,3281,2926,7424
Household8,188,1312.412100822083,187,9745,6590,9217
Household9,188,26.85961609142421,162,1321,8275,2498
Household10,188,11.18698338293775,119,8326,9241,7225
Household1,189,21.768455850643257,62,2511,5115,5564
Household2,189,516.1272845190923,187,7572,7231,6314
Household3,189,1519.8260171910094,188,9150,2951,3011
Household4,189,16.174728404758014,92,4058,8495,1460
Household5,189,139.4766393206778,179,6091,9592,3881
Household6,189,71.65566054789716,175,4060,4100,1602
Household7,189,48.8891657412218,130,3280,2925,7423
Household8,189,1312.2924520697738,188,9744,6589,9216
Household9,189,12.558327864267223,163,1320,8274,2497
Household10,189,10.7823765287945,120,8325,9240,7224
Household1,190,11.100894120994564,63,2510,5114,5563
Household2,190,515.8789167530846,188,7571,7230,6313
Household3,190,1535.1493989737817,189,9149,2950,3010
Household4,190,17.172865968379057,92,4057,8494,1459
Household5,190,140.76835333461574,180,6090,9591,3880
Household6,190,96.03974181419926,176,4059,4099,1601
Household7,190,44.272904891042984,131,3279,2924,7422
Household8,190,1291.0030694837556,189,9743,6588,9215
Household9,190,36.72674857907104,164,1319,8273,2496
Household10,190,7.647192657620752,120,8324,9239,7223
Household1,191,27.418060462932846,63,2509,5113,5562
Household2,191,511.6770608785379,189,7570,7229,6312
Household3,191,1530.4091407520348,190,9148,2949,3009
Household4,191,9.296999150387055,93,4056,8493,1458
Household5,191,145.9595214703704,181,6089,9590,3879
Household6,191,105.140327538521,177,4058,4098,1600
Household7,191,17.33350160051718,132,3278,2923,7421
Household8,191,1295.4578380426778,190,9742,6587,9214
Household9,191,23.57735205443516,165,1318,8272,2495
Household10,191,17.56526173876845,121,8323,9238,7222
Household1,192,-0.2736506186015042,64,2508,5112,5561
Household2,192,502.19576729102096,190,7569,7228,6311
Household3,192,1530.6305735448427,191,9147,2948,3008
Household4,192,27.807656538566278,93,4055,8492,1457
Household5,192,152.84175988914126,182,6088,9589,3878
Household6,192,100.14674668436194,178,4057,4097,1599
Household7,192,33.65066794245546,132,3277,2922,7420
Household8,192,1327.4869372223386,191,9741,6586,9213
Household9,192,35.985705721658896,166,1317,8271,2494
Household10,192,20.924906414382846,121,8322,9237,7221
Household1,193,0.7244869450195415,64,2507,5111,5560
Household2,193,513.0753792772342,191,7568,7227,6310
Household3,193,1559.2727583725423,192,9146,2947,3007
Household4,193,5.586018004191043,94,4054,8491,1456
Household5,193,145.83924661347413,183,6087,9588,3877
Household6,193,109.23960181226971,179,4056,4096,1598
Household7,193,37.01031261806986,132,3276,2921,7419
Household8,193,1322.7651889617446,192,9740,6585,9212
Household9,193,32.55549004264195,167,1316,8270,2493
Household10,193,24.99215321600139,122,8321,9236,7220
Household1,194,17.041653286957825,64,2506,5110,5559
Household2,194,519.4971287669081,192,7567,7226,6309
Household3,194,1567.8619346526536,193,9145,2946,3006
Household4,194,0.743452429529001,94,4053,8490,1455
Household5,194,141.98410313737443,184,6086,9587,3876
Household6,194,123.62068029291477,180,4055,4095,1597
Household7,194,40.816773172573626,133,3275,2920,7418
Household8,194,1304.4416348808004,193,9739,6584,9211
Household9,194,50.05379350176426,168,1315,8269,2492
Household10,194,25.990290779622434,122,8320,9235,7219
Household1,195,24.4958859451339,65,2505,5109,5558
Household2,195,529.06495814507,193,7566,7225,6308
Household3,195,1564.1888905088078,194,9144,2945,3005
Household4,195,-2.3917314416447493,94,4052,8489,1454
Household5,195,150.92834354651012,185,6085,9586,3875
Household6,195,111.63512286104032,181,4054,4094,1596
Household7,195,36.293461452768746,134,3274,2919,7417
Household8,195,1313.5110746536454,194,9738,6583,9210
Household9,195,33.00458666634373,169,1314,8268,2491
Household10,195,25.0765879075931,123,8319,9234,7218
Household1,196,21.36070207396015,65,2504,5108,5557
Household2,196,557.6850726088112,194,7565,7224,6307
Household3,196,1555.1188861926232,195,9143,2944,3004
Household4,196,24.157654906449906,94,4051,8488,1453
Household5,196,135.86348583102745,186,6084,9585,3874
Household6,196,110.93641568193064,182,4053,4093,1595
Household7,196,37.07609564918905,135,3273,2918,7416
Household8,196,1315.6294963664584,195,9737,6582,9209
Household9,196,52.64746313523913,170,1313,8267,2490
Household10,196,28.4362325832075,123,8318,9233,7217
Household1,197,39.29325753669122,65,2503,5107,5556
Household2,197,548.4306044351413,195,7564,7223,6306
Household3,197,1567.7398278032135,196,9142,2943,3003
Household4,197,27.517299582064304,94,4050,8487,1452
Household5,197,151.50788270830662,187,6083,9584,3873
Household6,197,97.03035773510368,183,4052,4092,1594
Household7,197,23.705781616979813,136,3272,2917,7415
Household8,197,1328.2438964416604,196,9736,6581,9208
Household9,197,60.298070912812236,171,1312,8266,2489
Household10,197,15.585278620843113,124,8317,9232,7216
Household1,198,36.15807366551746,65,2502,5106,5555
Household2,198,551.2137219028089,196,7563,7222,6305
Household3,198,1586.4528878675756,197,9141,2942,3002
Household4,198,15.728909004103329,95,4049,8486,1451
Household5,198,167.8610746654814,188,6082,9583,3872
Household6,198,88.61132064806246,184,4051,4091,1593
Household7,198,24.703919180600856,136,3271,2916,7414
Household8,198,1347.833195569599,197,9735,6580,9207
Household9,198,63.720374047254,172,1311,8265,2488
Household10,198,31.902444962781395,124,8316,9231,7215
Household1,199,10.173744287471393,66,2501,5105,5554
Household2,199,562.7909613185515,197,7562,7221,6304
Household3,199,1589.4229873381714,198,9140,2941,3001
Household4,199,16.727046567724372,95,4048,8485,1450
Household5,199,161.5832353048388,189,6081,9582,3871
Household6,199,96.33498526542778,185,4050,4090,1592
Household7,199,22.210086239499457,137,3270,2915,7413
Household8,199,1384.9081504946466,198,9734,6579,9206
Household9,199,34.79507442874774,173,1310,8264,2487
Household10,199,19.775067078950475,125,8315,9230,7214
Household1,200,26.490910629409676,66,2500,5104,5553
Household2,200,557.7939968927793,198,7561,7220,6303
Household3,200,1594.659624942072,199,9139,2940,3000
Household4,200,9.615132640466136,96,4047,8484,1449
Household5,200,190.35073809211204,190,6080,9581,3870
Household6,200,92.81114747644003,186,4049,4089,1591
Household7,200,17.686774519694573,138,3269,2914,7412
Household8,200,1365.8693420395666,199,9733,6578,9205
Household9,200,46.22408412402942,174,1309,8263,2486
Household10,200,23.134711754564872,125,8314,9229,7213
Household1,201,2.975798178923654,67,2499,5103,5552
Household2,201,553.1774358193635,199,7560,7219,6302
Household3,201,1627.0307623425444,200,9138,2939,2999
Household4,201,6.4799487692923865,96,4046,8483,1448
Household5,201,193.8559093954081,191,6079,9580,3869
Household6,201,92.26966097823056,187,4048,4088,1590
Household7,201,12.89259133740109,139,3268,2913,7411
Household8,201,1370.1358273284347,200,9732,6577,9204
Household9,201,52.296343794401224,175,1308,8262,2485
Household10,201,39.45187809650316,125,8313,9228,7212
Household1,202,6.3354428545380514,67,2498,5102,5551
Household2,202,551.5728372649619,200,7559,7218,6301
Household3,202,1628.7120889773416,201,9137,2938,2998
Household4,202,1.6373831946303443,96,4045,8482,1447
Household5,202,201.71611087874436,192,6078,9579,3868
Household6,202,83.66117066183088,188,4047,4087,1589
Household7,202,35.60066000564952,140,3267,2912,7410
Household8,202,1354.3367307499534,201,9731,6576,9203
Household9,202,77.32912097493445,176,1307,8261,2484
Household10,202,20.36565980799157,126,8312,9227,7211
Household1,203,24.267998317269118,67,2497,5101,5550
Household2,203,541.4889858281018,201,7558,7217,6300
Household3,203,1629.3595959368947,202,9136,2937,2997
Household4,203,2.63552075825139,96,4044,8481,1446
Household5,203,219.6125305405056,193,6077,9578,3867
Household6,203,82.31711253733178,189,4046,4086,1588
Household7,203,31.6554502112928,141,3266,2911,7409
Household8,203,1366.6908671255237,202,9730,6575,9202
Household9,203,66.42714578054357,177,1306,8260,2483
Household10,203,30.492640638783605,127,8311,9226,7210
Household1,204,21.13281444609537,67,2496,5100,5549
Household2,204,535.6856398641067,202,7557,7216,6299
Household3,204,1644.3182456655934,203,9135,2936,2996
Household4,204,10.08975341642746,97,4043,8480,1445
Household5,204,231.98046028026306,194,6076,9577,3866
Household6,204,78.02452740171898,190,4045,4085,1587
Household7,204,17.28707169514827,142,3265,2910,7408
Household8,204,1361.9594876839385,203,9729,6574,9201
Household9,204,63.48939077987366,178,1305,8259,2482
Household10,204,21.475277422483224,128,8310,9225,7209
Household1,205,-3.4913067200889216,68,2495,5099,5548
Household2,205,551.7784937385392,203,7556,7215,6298
Household3,205,1635.2805963049843,204,9134,2935,2995
Household4,205,11.733998743711432,98,4042,8479,1444
Household5,205,244.8680951174351,195,6075,9576,3865
Household6,205,59.15854851625577,191,4044,4084,1586
Household7,205,18.285209258769314,142,3264,2909,7407
Household8,205,1373.991567991041,204,9728,6573,9200
Household9,205,61.57196143587677,179,1304,8258,2481
Household10,205,12.845353597490195,129,8309,9224,7208
Household1,206,10.44553551765257,68,2494,5098,5547
Household2,206,546.9548641028675,204,7555,7214,6297
Household3,206,1640.6004855094122,205,9133,2934,2994
Household4,206,14.144052892743474,99,4041,8478,1443
Household5,206,255.25815423318383,196,6074,9575,3864
Household6,206,54.18015393077268,192,4043,4083,1585
Household7,206,-3.6142762322904076,143,3263,2908,7406
Household8,206,1372.0987483919405,205,9727,6572,9199
Household9,206,51.3473288526421,180,1303,8257,2480
Household10,206,5.377261127018176,130,8308,9223,7207
Household1,207,6.882461910541373,69,2493,5097,5546
Household2,207,566.7089653538234,205,7554,7213,6296
Household3,207,1635.3748301063463,206,9132,2933,2993
Household4,207,15.142190456364517,99,4040,8477,1442
Household5,207,265.61639066058746,197,6073,9574,3863
Household6,207,56.44155247356932,193,4042,4082,1584
Household7,207,13.314457701640556,143,3262,2907,7405
Household8,207,1373.277874725635,206,9726,6571,9198
Household9,207,50.013470120655796,181,1302,8256,2479
Household10,207,21.69442746895646,130,8307,9222,7206
Household1,208,7.880599474162419,69,2492,5096,5545
Household2,208,596.585759126088,206,7553,7212,6295
Household3,208,1633.9814633428357,207,9131,2932,2992
Household4,208,2.427271862560495,100,4039,8476,1441
Household5,208,267.4697337090876,198,6072,9573,3862
Household6,208,44.71717704512496,194,4041,4081,1583
Household7,208,10.820624760539157,144,3261,2906,7404
Household8,208,1369.0981962413096,207,9725,6570,9197
Household9,208,43.77288017578394,182,1301,8255,2478
Household10,208,-1.4233755578744152,131,8306,9221,7205
Household1,209,26.391256862341642,69,2491,5095,5544
Household2,209,616.3398603770438,207,7552,7211,6294
Household3,209,1646.8764662532772,208,9130,2931,2991
Household4,209,-1.3223897554850481,101,4038,8475,1440
Household5,209,279.36970266120824,199,6071,9572,3861
Household6,209,20.46397811990027,195,4040,4080,1582
Household7,209,-1.2754562163417376,145,3260,2905,7403
Household8,209,1368.735590050287,208,9724,6569,9196
Household9,209,20.71715481073072,183,1300,8254,2477
Household10,209,14.89379078406387,131,8305,9220,7204
Household1,210,23.256072991167894,69,2490,5094,5543
Household2,210,641.9931001174668,208,7551,7210,6293
Household3,210,1632.3496329907807,209,9129,2930,2990
Household4,210,-0.32425219186400245,101,4037,8474,1439
Household5,210,291.94774508417686,200,6070,9571,3860
Household6,210,19.33461303257716,196,4039,4079,1581
Household7,210,3.2758317730360282,146,3259,2904,7402
Household8,210,1373.4534106029569,209,9723,6568,9195
Household9,210,16.004849095136365,184,1299,8253,2476
Household10,210,4.847018751165766,132,8304,9219,7203
Household1,211,23.078940009352074,70,2489,5093,5542
Household2,211,629.5999171072147,209,7550,7209,6292
Household3,211,1628.1015986794423,210,9128,2929,2989
Household4,211,26.225134156230652,101,4036,8473,1438
Household5,211,287.87780268145934,201,6069,9570,3859
Household6,211,22.61714160297801,197,4038,4078,1580
Household7,211,6.826017576074086,147,3258,2903,7401
Household8,211,1373.3337618506478,210,9722,6567,9194
Household9,211,3.400589755369367,185,1298,8252,2475
Household10,211,6.032038277315138,133,8303,9218,7202
Household1,212,18.236374434690035,70,2488,5092,5541
Household2,212,642.6809838430653,210,7549,7208,6291
Household3,212,1665.5589627944742,211,9127,2928,2988
Household4,212,13.327726308634077,102,4035,8472,1437
Household5,212,276.26733443561307,202,6068,9569,3858
Household6,212,4.362507189416391,198,4037,4077,1579
Household7,212,25.336674964253305,147,3257,2902,7400
Household8,212,1379.7799437918075,211,9721,6566,9193
Household9,212,27.801912527408927,185,1297,8251,2474
Household10,212,22.34920461925342,133,8302,9217,7201
Household1,213,19.234511998311078,70,2487,5091,5540
Household2,213,657.6352903742827,211,7548,7207,6290
Household3,213,1672.7426146481148,212,9126,2927,2987
Household4,213,40.39574037319588,102,4034,8471,1436
Household5,213,269.2643710306793,203,6067,9568,3857
Household6,213,30.483943619949386,198,4036,4076,1578
Household7,213,20.879632036507516,148,3256,2901,7399
Household8,213,1409.708999162563,212,9720,6565,9192
Household9,213,30.526588232321423,186,1296,8250,2473
Household10,213,25.708849294867818,133,8301,9216,7200
Household1,214,14.391946423649037,70,2486,5090,5539
Household2,214,682.1577133679046,212,7547,7206,6289
Household3,214,1672.3667147759718,213,9125,2926,2986
Household4,214,30.33745320681377,103,4033,8470,1435
Household5,214,257.653902784833,204,6066,9567,3856
Household6,214,37.703558952490575,199,4035,4075,1577
Household7,214,17.74444816533377,148,3255,2900,7398
Household8,214,1447.6466267703286,213,9719,6564,9191
Household9,214,23.250354070304365,187,1295,8249,2472
Household10,214,14.024071854980068,134,8300,9215,7199
Household1,215,9.549380848986992,70,2485,5089,5538
Household2,215,679.4263133367044,213,7546,7205,6288
Household3,215,1673.0415243125037,214,9124,2925,2985
Household4,215,43.00463552418378,104,4032,8469,1434
Household5,215,253.02901779744687,205,6065,9566,3855
Household6,215,26.102402458953662,200,4034,4074,1576
Household7,215,24.36417592238567,149,3254,2899,7397
Household8,215,1453.894766749545,214,9718,6563,9190
Household9,215,17.552890561842375,188,1294,8248,2471
Household10,215,-0.16753674619683068,135,8299,9214,7198
Household1,216,12.90902552460139,70,2484,5088,5537
Household2,216,714.5064323729162,214,7545,7204,6287
Household3,216,1668.9823156209145,215,9123,2924,2984
Household4,216,31.93238927604152,105,4031,8468,1433
Household5,216,234.55593153216137,206,6064,9565,3854
Household6,216,42.655722427082054,200,4033,4073,1575
Household7,216,9.650734881607615,150,3253,2898,7396
Household8,216,1456.6885172591246,215,9717,6562,9189
Household9,216,8.5373974841999,189,1293,8247,2470
Household10,216,4.511899085755722,136,8298,9213,7197
Household1,217,16.268670200215787,70,2483,5087,5536
Household2,217,702.9461414361123,215,7544,7203,6286
Household3,217,1694.194466437454,216,9122,2923,2983
Household4,217,16.11296666451421,106,4030,8467,1432
Household5,217,209.57462396454193,207,6063,9564,3853
Household6,217,52.27493586787096,201,4032,4072,1574
Household7,217,3.5120340410099473,151,3252,2897,7395
Household8,217,1464.324509013745,216,9716,6561,9188
Household9,217,14.454080311841295,190,1292,8246,2469
Household10,217,22.405873692696638,136,8297,9212,7196
Household1,218,16.657533200570246,70,2482,5086,5535
Household2,218,703.8803544433072,216,7543,7202,6285
Household3,218,1708.3966626544159,217,9121,2922,2982
Household4,218,17.111104228135254,106,4029,8466,1431
Household5,218,211.38784873779082,208,6062,9563,3852
Household6,218,54.0563222532019,202,4031,4071,1573
Household7,218,22.022691429189166,151,3251,2896,7394
Household8,218,1480.1330348589522,217,9715,6560,9187
Household9,218,31.7089336379765,191,1291,8245,2468
Household10,218,10.000800333497345,137,8296,9211,7195
Household1,219,10.900968547218113,71,2481,5085,5534
Household2,219,686.5668657798547,217,7542,7201,6284
Household3,219,1691.7091436745384,218,9120,2921,2981
Household4,219,17.499967228489712,106,4028,8465,1430
Household5,219,211.04242211385255,209,6061,9562,3851
Household6,219,63.51791627845659,203,4030,4070,1572
Household7,219,14.44361771438075,152,3250,2895,7393
Household8,219,1491.6127524387032,218,9714,6559,9186
Household9,219,24.484409522129837,192,1290,8244,2467
Household10,219,13.549419418648732,138,8295,9210,7194
Household1,220,-3.7891611888113204,72,2480,5084,5533
Household2,220,687.3285442664089,218,7541,7200,6283
Household3,220,1704.942274315463,219,9119,2920,2980
Household4,220,12.657401653827668,106,4027,8464,1429
Household5,220,199.43195386800622,210,6060,9561,3850
Household6,220,43.692467897330175,204,4029,4069,1571
Household7,220,31.372351648311714,152,3249,2894,7392
Household8,220,1529.5503800464687,219,9713,6558,9185
Household9,220,2.7223879093322196,193,1289,8243,2466
Household10,220,18.818152162293554,139,8294,9209,7193
Household1,221,-3.4002981884568633,72,2479,5083,5532
Household2,221,693.064353263507,219,7540,7199,6282
Household3,221,1741.3853931456456,220,9118,2919,2979
Household4,221,7.814836079165624,106,4026,8463,1428
Household5,221,195.74325960293302,211,6059,9560,3849
Household6,221,59.50225705703983,205,4028,4068,1570
Household7,221,25.615786994959578,153,3248,2893,7391
Household8,221,1530.7295063801632,220,9712,6557,9184
Household9,221,27.755165089865457,194,1288,8242,2465
Household10,221,15.682968291119806,139,8293,9208,7192
Household1,222,3.383637327197318,72,2478,5082,5531
Household2,222,693.5508873867119,220,7539,7198,6281
Household3,222,1740.841868847343,221,9117,2918,2978
Household4,222,26.32549346734485,106,4025,8462,1427
Household5,222,198.77639272737102,212,6058,9559,3848
Household6,222,57.77394800856174,206,4027,4067,1569
Household7,222,26.00071322286103,154,3247,2892,7390
Household8,222,1523.4005018728237,221,9711,6556,9183
Household9,222,25.185840090264925,195,1287,8241,2464
Household10,222,19.042612966734204,139,8292,9207,7191
Household1,223,8.644378939132451,73,2477,5081,5530
Household2,223,696.1180273608496,221,7538,7197,6280
Household3,223,1749.428900968145,222,9116,2917,2977
Household4,223,30.80114882014908,107,4024,8461,1426
Household5,223,208.17026161900003,213,6057,9558,3847
Household6,223,66.65072554685919,207,4026,4066,1568
Household7,223,39.15429762258573,154,3246,2891,7389
Household8,223,1524.5796282065182,222,9710,6555,9182
Household9,223,2.622211159521264,196,1286,8240,2463
Household10,223,15.907429095560456,139,8291,9206,7190
Household1,224,2.1531668694489667,74,2476,5080,5529
Household2,224,690.7745661312058,222,7537,7196,6279
Household3,224,1749.755647863128,223,9115,2916,2976
Household4,224,3.884852250196623,108,4023,8460,1425
Household5,224,203.6869197971122,214,6056,9557,3846
Household6,224,61.657144692700136,208,4025,4065,1567
Household7,224,42.60056055753927,155,3245,2890,7388
Household8,224,1549.3742045845074,223,9709,6554,9181
Household9,224,17.455417469156224,196,1285,8239,2462
Household10,224,32.22459543749874,139,8290,9205,7189
Household1,225,20.663824257628185,74,2475,5079,5528
Household2,225,688.1437446079256,223,7536,7195,6278
Household3,225,1786.140226612231,224,9114,2915,2975
Household4,225,7.244496925811021,108,4022,8459,1424
Household5,225,184.40735941756748,215,6055,9556,3845
Household6,225,59.200398614546394,209,4024,4064,1566
Household7,225,46.056454673483664,156,3244,2889,7387
Household8,225,1544.6428251429222,224,9708,6553,9180
Household9,225,36.038683087274876,196,1284,8238,2461
Household10,225,37.74582645595906,140,8289,9204,7188
Household1,226,17.528640386454438,74,2474,5078,5527
Household2,226,690.7108845820633,224,7535,7194,6277
Household3,226,1781.8921923008925,225,9113,2914,2974
Household4,226,10.604141601425418,108,4021,8458,1423
Household5,226,218.73934566669456,216,6054,9555,3844
Household6,226,57.4720895660683,210,4023,4063,1565
Household7,226,51.23413354741515,157,3243,2888,7386
Household8,226,1544.2959977119417,225,9707,6552,9179
Household9,226,11.9818382151931,197,1283,8237,2460
Household10,226,34.7930136242354,141,8288,9203,7187
Household1,227,24.312575902108616,74,2473,5077,5526
Household2,227,698.6053449763486,225,7534,7193,6276
Household3,227,1773.8023213139418,226,9112,2913,2973
Household4,227,11.602279165046461,108,4020,8457,1422
Household5,227,250.10445719250347,217,6053,9554,3843
Household6,227,56.609843003288915,211,4022,4062,1564
Household7,227,29.246700825352406,158,3242,2887,7385
Household8,227,1571.5197816313357,226,9706,6551,9178
Household9,227,37.51397773403383,197,1282,8236,2459
Household10,227,44.40136673856029,142,8287,9202,7186
Household1,228,-1.2083406844332742,75,2472,5076,5525
Household2,228,674.7998124341965,226,7533,7192,6275
Household3,228,1799.2254515769384,227,9111,2912,2972
Household4,228,12.600416728667504,108,4019,8456,1421
Household5,228,246.2704629136915,218,6052,9553,3842
Household6,228,31.698981550057866,212,4021,4061,1563
Household7,228,29.631627053253858,159,3241,2886,7384
Household8,228,1590.49689172894,227,9705,6550,9177
Household9,228,44.013802973152586,198,1281,8235,2458
Household10,228,33.86546600295707,143,8286,9201,7185
Household1,229,5.575594831220907,75,2471,5075,5524
Household2,229,677.3648689260131,227,7532,7191,6274
Household3,229,1787.397994194302,228,9110,2911,2971
Household4,229,4.545990343401478,109,4018,8455,1420
Household5,229,252.75798550776588,219,6051,9552,3841
Household6,229,28.219663673393285,213,4020,4060,1562
Household7,229,17.39735587212779,160,3240,2885,7383
Household8,229,1603.6934496872236,228,9704,6549,9176
Household9,229,28.09270957766504,199,1280,8234,2457
Household10,229,25.235542177964042,144,8285,9200,7184
Household1,230,5.9644578315753645,75,2470,5074,5523
Household2,230,677.5883510554708,228,7531,7190,6273
Household3,230,1816.846786072324,229,9109,2910,2970
Household4,230,22.478545806132544,109,4017,8454,1419
Household5,230,275.9175438243293,220,6050,9551,3840
Household6,230,29.179289819398228,214,4019,4059,1561
Household7,230,35.908013260307015,160,3239,2884,7382
Household8,230,1588.6717237733903,229,9703,6548,9175
Household9,230,13.431223730957825,200,1279,8233,2456
Household10,230,22.100358306790294,144,8284,9199,7183
Household1,231,6.353320831929823,75,2469,5073,5522
Household2,231,677.339983289463,229,7530,7189,6272
Household3,231,1820.6325858973512,230,9108,2909,2969
Household4,231,41.57065434490113,110,4016,8453,1418
Household5,231,297.74925974052167,221,6049,9550,3839
Household6,231,15.16009113166973,215,4018,4058,1560
Household7,231,-0.42795773507540247,161,3238,2883,7381
Household8,231,1592.92470836015,230,9702,6547,9174
Household9,231,16.36601211908137,201,1278,8232,2455
Household10,231,25.460002982404692,144,8283,9198,7182
Household1,232,22.670487173868107,75,2468,5072,5521
Household2,232,692.2048574930935,230,7529,7188,6271
Household3,232,1839.3456459617132,231,9107,2908,2968
Household4,232,25.75123173337382,111,4015,8452,1417
Household5,232,302.02069496173345,222,6048,9549,3838
Household6,232,7.464895350877711,216,4017,4057,1559
Household7,232,-3.563141606249153,161,3237,2882,7380
Household8,232,1599.7210512814306,231,9701,6546,9173
Household9,232,8.376849896415628,202,1277,8231,2454
Household10,232,13.671612404443714,145,8282,9197,7181
Household1,233,30.12471983204418,76,2467,5071,5520
Household2,233,698.5528555205256,231,7528,7187,6270
Household3,233,1863.4400670610921,232,9106,2907,2967
Household4,233,10.074547067767377,112,4014,8451,1416
Household5,233,318.7564069760298,223,6047,9548,3837
Household6,233,2.6064643429617504,217,4016,4056,1558
Household7,233,13.36559232768181,161,3236,2881,7379
Household8,233,1587.930940732817,232,9700,6545,9172
Household9,233,16.378599620939426,202,1276,8230,2453
Household10,233,10.536428533269966,145,8281,9196,7180
Household1,234,31.12285739566522,76,2466,5070,5519
Household2,234,700.5949931558798,232,7527,7186,6269
Household3,234,1878.2149302267337,233,9105,2906,2966
Household4,234,-0.5930146618813161,113,4013,8450,1415
Household5,234,320.09112230806284,224,6046,9547,3836
Household6,234,12.32832772597898,217,4015,4055,1557
Household7,234,25.928430778556493,162,3235,2880,7378
Household8,234,1597.8403280885568,233,9699,6544,9171
Household9,234,38.100457111903395,203,1275,8229,2452
Household10,234,7.401244662096217,145,8280,9195,7179
Household1,235,34.25680888675113,77,2465,5069,5518
Household2,235,725.8585040150524,233,7526,7185,6268
Household3,235,1866.6889060938136,234,9104,2905,2965
Household4,235,-5.435580236543358,113,4012,8449,1414
Household5,235,330.54471159042595,225,6045,9546,3835
Household6,235,25.504580578632567,217,4014,4054,1556
Household7,235,17.52730390146138,163,3234,2879,7377
Household8,235,1583.266833316096,234,9698,6543,9170
Household9,235,28.723965483454137,204,1274,8228,2451
Household10,235,29.07036880324339,145,8279,9194,7178
Household1,236,7.2523636163700544,78,2464,5068,5517
Household2,236,718.3986852663315,234,7525,7184,6267
Household3,236,1882.7315947483116,235,9103,2904,2964
Household4,236,6.109932514319425,114,4011,8448,1413
Household5,236,328.7444139329689,226,6044,9545,3834
Household6,236,20.038103683169176,218,4013,4053,1555
Household7,236,26.480132309599128,164,3233,2878,7376
Household8,236,1572.597330661808,235,9697,6542,9169
Household9,236,23.102263005624764,205,1273,8227,2450
Household10,236,32.43001347885779,145,8278,9193,7177
Household1,237,12.513105228305186,79,2463,5067,5516
Household2,237,733.053446786751,235,7524,7183,6266
Household3,237,1900.112203038024,236,9102,2903,2963
Household4,237,24.620589902498644,114,4010,8447,1412
Household5,237,320.7704535781217,227,6043,9544,3833
Household6,237,29.13868940749093,219,4012,4052,1554
Household7,237,3.1339385117716034,165,3232,2877,7375
Household8,237,1585.3463572596916,236,9696,6541,9168
Household9,237,41.68552862374342,205,1272,8226,2449
Household10,237,-1.0042183584561606,146,8277,9192,7176
Household1,238,30.445660691036252,79,2462,5066,5515
Household2,238,743.9330587729644,236,7523,7182,6265
Household3,238,1908.522305464023,237,9101,2902,2962
Household4,238,25.618727466119687,114,4009,8446,1411
Household5,238,309.48074539684535,228,6042,9543,3832
Household6,238,47.79966099780332,220,4011,4051,1553
Household7,238,21.644595899950822,165,3231,2876,7374
Household8,238,1587.1658573536124,237,9695,6540,9167
Household9,238,42.432333704647206,206,1271,8225,2448
Household10,238,2.355426317158237,146,8276,9191,7175
Household1,239,4.839957648802752,80,2461,5065,5514
Household2,239,744.4195928961693,237,7522,7181,6264
Household3,239,1918.3291205175208,238,9100,2901,2961
Household4,239,8.245013913123252,115,4008,8445,1410
Household5,239,292.2297999723758,229,6041,9542,3831
Household6,239,59.64927816581823,221,4010,4050,1552
Household7,239,20.898705381051094,166,3230,2875,7373
Household8,239,1593.3798805067936,238,9694,6539,9166
Household9,239,33.05584207619795,207,1270,8224,2447
Household10,239,20.86608370533746,146,8275,9190,7174
Household1,240,5.2288206491572105,80,2460,5064,5513
Household2,240,725.667647754704,238,7521,7180,6263
Household3,240,1914.0810862061824,239,9099,2900,2960
Household4,240,16.586274729268318,116,4007,8444,1409
Household5,240,308.6801548535513,230,6040,9541,3830
Household6,240,49.575182279665995,222,4009,4049,1551
Household7,240,45.02267160745418,167,3229,2874,7372
Household8,240,1590.413925269528,239,9693,6538,9165
Household9,240,14.396205263626882,208,1269,8223,2446
Household10,240,9.19407357342315,147,8274,9189,7173
Household1,241,19.1656628868987,80,2459,5063,5512
Household2,241,711.7858801079591,239,7520,7179,6262
Household3,241,1940.5950802730274,240,9098,2899,2959
Household4,241,13.45109085809457,116,4006,8443,1408
Household5,241,299.00695422353067,231,6039,9540,3829
Household6,241,72.33384534009772,223,4008,4048,1550
Household7,241,60.57321249051138,168,3228,2873,7371
Household8,241,1562.4456474009241,240,9692,6537,9164
Household9,241,7.119971101609824,209,1268,8222,2445
Household10,241,3.3226376600468726,148,8273,9188,7172
Household1,242,25.94959840255288,80,2458,5062,5511
Household2,242,716.6240334513394,240,7519,7178,6261
Household3,242,1935.3334535838599,241,9097,2898,2958
Household4,242,-1.712416265682375,117,4005,8442,1407
Household5,242,316.5881258515074,232,6038,9539,3828
Household6,242,71.47159877731833,224,4007,4047,1549
Household7,242,36.84605555219469,169,3227,2872,7370
Household8,242,1585.8917965819955,241,9691,6536,9163
Household9,242,25.70323671972848,209,1267,8221,2444
Household10,242,0.18745378887312203,148,8272,9187,7171
Household1,243,29.309243078167277,80,2457,5061,5510
Household2,243,749.2575892637111,241,7518,7177,6260
Household3,243,1960.388536155667,242,9096,2897,2957
Household4,243,-4.8476001368561255,117,4004,8441,1406
Household5,243,319.2964926596427,233,6037,9538,3827
Household6,243,70.24326350031896,225,4006,4046,1548
Household7,243,27.054094727715594,170,3226,2871,7369
Household8,243,1596.4710810388924,242,9690,6535,9162
Household9,243,32.41317464205829,210,1266,8220,2443
Household10,243,18.081428395814036,148,8271,9186,7170
Household1,244,-3.5883676831639164,81,2456,5060,5509
Household2,244,738.0960708801464,242,7517,7176,6259
Household3,244,1964.9606518205467,243,9095,2896,2956
Household4,244,11.46956620508216,117,4003,8440,1405
Household5,244,338.49587898451136,234,6036,9537,3826
Household6,244,69.10653269929327,226,4005,4045,1547
Household7,244,17.17820377036049,171,3225,2870,7368
Household8,244,1575.7121589253188,243,9689,6534,9161
Household9,244,22.68754597702223,211,1265,8219,2442
Household10,244,37.75006767046382,149,8270,9185,7169
Household1,245,-8.43093325782596,81,2455,5059,5508
Household2,245,732.9794350643494,243,7516,7175,6258
Household3,245,1988.954204641232,244,9094,2895,2955
Household4,245,8.334382333908412,117,4002,8439,1404
Household5,245,356.0770506124881,235,6035,9536,3825
Household6,245,62.45537980294444,227,4004,4044,1546
Household7,245,29.39550602192082,172,3224,2869,7367
Household8,245,1581.283165799399,244,9688,6533,9160
Household9,245,29.39748389935204,212,1264,8218,2441
Household10,245,15.327089665683886,150,8269,9184,7168
Household1,246,-5.071288582211562,81,2454,5058,5507
Household2,246,731.6592730988655,244,7515,7174,6257
Household3,246,2001.024649172068,245,9093,2894,2954
Household4,246,8.72324533426287,117,4001,8438,1403
Household5,246,351.452165625102,236,6034,9535,3824
Household6,246,48.54932185611749,228,4003,4043,1545
Household7,246,24.872194302115936,173,3223,2868,7366
Household8,246,1594.0060410723163,245,9687,6532,9159
Household9,246,37.65064952626831,213,1263,8217,2440
Household10,246,-0.4862122433182421,151,8268,9183,7167
Household1,247,-4.682425581857103,81,2453,5057,5506
Household2,247,757.6812517366354,245,7514,7173,6256
Household3,247,2016.3529115245415,246,9092,2893,2953
Household4,247,17.05821870010998,118,4000,8437,1402
Household5,247,363.7123321967728,237,6033,9534,3823
Household6,247,29.993489842561978,229,4002,4042,1544
Household7,247,5.017707194433015,174,3222,2867,7365
Household8,247,1603.6312481670075,246,9686,6531,9158
Household9,247,30.426125410421648,214,1262,8216,2439
Household10,247,0.5119253203028036,151,8267,9182,7166
Household1,248,-3.6842880182360576,81,2452,5056,5505
Household2,248,782.7223024467245,246,7513,7172,6255
Household3,248,2042.8669055913865,247,9091,2892,2952
Household4,248,20.417863375724377,118,3999,8436,1401
Household5,248,332.85786226653465,238,6032,9533,3822
Household6,248,38.78679995967198,230,4001,4041,1543
Household7,248,21.334873536371298,174,3221,2866,7364
Household8,248,1604.4261235767228,247,9685,6530,9157
Household9,248,24.185535465549787,215,1261,8215,2438
Household10,248,18.405899927243716,151,8266,9181,7165
Household1,249,-8.5268535928981,81,2451,5055,5504
Household2,249,767.4247467748955,247,7512,7171,6254
Household3,249,2070.237525527547,248,9090,2891,2951
Household4,249,14.935385308054087,119,3998,8435,1400
Household5,249,336.68379363440073,239,6031,9532,3821
Household6,249,37.761357740433404,231,4000,4040,1542
Household7,249,5.876474981170535,175,3220,2865,7363
Household8,249,1609.6604304015805,248,9684,6529,9156
Household9,249,17.14066502332381,216,1260,8214,2437
Household10,249,14.727955060108382,152,8265,9180,7164
Household1,250,-5.167208917283702,81,2450,5054,5503
Household2,250,772.688705876528,248,7511,7170,6253
Household3,250,2069.0029041658863,249,9089,2890,2950
Household4,250,0.7437767068771883,120,3997,8434,1399
Household5,250,331.2666720238353,240,6030,9531,3820
Household6,250,15.739717467021379,232,3999,4039,1541
Household7,250,14.829303389308281,176,3219,2864,7362
Household8,250,1630.0439417909197,249,9683,6528,9155
Household9,250,9.00742689931802,217,1259,8213,2436
Household10,250,1.8305472125118065,153,8264,9179,7163
Household1,251,11.149957424654584,81,2449,5053,5502
Household2,251,792.9312357604828,249,7510,7169,6252
Household3,251,2065.982759602633,250,9088,2889,2949
Household4,251,-4.0987888677848545,120,3996,8433,1398
Household5,251,313.70557972745803,241,6029,9530,3819
Household6,251,8.633865128860442,233,3998,4038,1540
Household7,251,12.312490459141273,177,3218,2863,7361
Household8,251,1647.860344241059,250,9682,6527,9154
Household9,251,33.40874967135758,217,1258,8212,2435
Household10,251,-1.7325263945993896,154,8263,9178,7162
Household1,252,17.933892940308763,81,2448,5052,5501
Household2,252,810.8756241788924,250,7509,7168,6251
Household3,252,2089.9763124233186,251,9087,2888,2948
Household4,252,-8.941354442446897,120,3995,8432,1397
Household5,252,302.3065277700421,242,6028,9529,3818
Household6,252,10.724308021666559,234,3997,4037,1539
Household7,252,6.555925805789137,178,3217,2862,7360
Household8,252,1655.7944810527338,251,9681,6526,9153
Household9,252,25.938918029311754,218,1257,8211,2434
Household10,252,16.77813099357983,154,8262,9177,7161
Household1,253,24.71782845596294,81,2447,5051,5500
Household2,253,817.7399741125095,251,7508,7167,6250
Household3,253,2084.7506570202527,252,9086,2887,2947
Household4,253,-13.783920017108942,120,3994,8431,1396
Household5,253,318.4496070440059,243,6027,9528,3817
Household6,253,23.93806178356776,235,3996,4036,1538
Household7,253,7.554063369410183,178,3216,2861,7359
Household8,253,1693.2134809440322,252,9680,6525,9152
Household9,253,19.70194150690474,219,1256,8210,2433
Household10,253,6.242230257976608,155,8261,9176,7160
Household1,254,13.034014615828006,82,2446,5050,5499
Household2,254,837.4412923441598,252,7507,7166,6249
Household3,254,2068.063138040375,253,9085,2886,2946
Household4,254,-12.785782453487897,120,3993,8430,1395
Household5,254,321.78373708427,244,6026,9527,3816
Household6,254,21.49589413705705,236,3995,4035,1537
Household7,254,24.482797303341147,178,3215,2860,7358
Household8,254,1689.0855125058765,253,9679,6524,9151
Household9,254,31.15808070106489,219,1255,8209,2432
Household10,254,18.46204691714287,156,8260,9175,7159
Household1,255,1.9617683676857531,83,2445,5049,5498
Household2,255,845.3931866402754,253,7506,7165,6248
Household3,255,2062.837482637309,254,9084,2885,2945
Household4,255,14.28223161107391,120,3992,8429,1394
Household5,255,312.12132506254545,245,6025,9526,3815
Household6,255,20.151836012557965,237,3994,4034,1536
Household7,255,7.481196487485853,179,3214,2859,7357
Household8,255,1687.9709570173993,254,9678,6523,9150
Household9,255,28.06236961139752,220,1254,8208,2431
Household10,255,21.157053681900184,157,8259,9174,7158
Household1,256,15.898610605427244,83,2444,5048,5497
Household2,256,864.977132616858,254,7505,7164,6247
Household3,256,2075.73248554775,255,9083,2884,2944
Household4,256,17.64187628668831,120,3991,8428,1393
Household5,256,294.7790555440612,246,6024,9525,3814
Household6,256,11.186868632070308,238,3993,4033,1535
Household7,256,23.798362829424136,179,3213,2858,7356
Household8,256,1709.0386077109538,255,9677,6522,9149
Household9,256,37.618501901421176,221,1253,8207,2430
Household10,256,-1.3591145903978514,158,8258,9173,7157
Household1,257,7.124825975185502,84,2443,5047,5496
Household2,257,859.1142085917232,255,7504,7163,6246
Household3,257,2081.5755118797174,256,9082,2883,2943
Household4,257,30.29571722356534,121,3990,8427,1392
Household5,257,316.81330756369545,247,6023,9524,3813
Household6,257,37.826932779070454,238,3992,4032,1534
Household7,257,20.87954718480986,180,3212,2857,7355
Household8,257,1704.8589292266283,256,9676,6521,9148
Household9,257,14.606641829304586,222,1252,8206,2429
Household10,257,-0.36097702677680576,158,8257,9172,7156
Household1,258,7.51368897553996,84,2442,5046,5495
Household2,258,851.8666791940036,256,7503,7162,6245
Household3,258,2078.311411739353,257,9081,2882,2942
Household4,258,18.697036944919468,122,3989,8426,1391
Household5,258,317.3066917284099,248,6022,9523,3812
Household6,258,35.6683317579714,239,3991,4031,1533
Household7,258,6.899343193530974,181,3211,2856,7354
Household8,258,1729.636149922183,257,9675,6520,9147
Household9,258,2.1007703662300834,223,1251,8205,2428
Household10,258,18.149680361402417,158,8256,9171,7155
Household1,259,14.297624491194139,84,2441,5045,5494
Household2,259,854.6497966616712,257,7502,7161,6244
Household3,259,2105.3611938731356,258,9080,2881,2941
Household4,259,0.804695675455882,123,3988,8425,1390
Household5,259,300.1181977267602,249,6021,9522,3811
Household6,259,49.1653446751949,239,3990,4030,1532
Household7,259,7.89748075715202,181,3210,2855,7353
Household8,259,1743.9568373641275,258,9674,6519,9146
Household9,259,13.55690956039024,223,1250,8204,2427
Household10,259,28.02038644072875,159,8255,9170,7154
Household1,260,15.295762054815182,84,2440,5044,5493
Household2,260,831.9415217115015,258,7501,7160,6243
Household3,260,2103.6772427022934,259,9079,2880,2940
Household4,260,4.84170572696933,124,3987,8424,1389
Household5,260,292.5938658544063,250,6020,9521,3810
Household6,260,56.41485090839981,240,3989,4029,1531
Household7,260,26.408138145331243,181,3209,2854,7352
Household8,260,1735.8343783383204,259,9673,6518,9145
Household9,260,19.139457703469706,224,1249,8203,2426
Household10,260,27.320303607618065,160,8254,9169,7153
Household1,261,12.160578183641434,84,2439,5043,5492
Household2,261,827.3476290910146,259,7500,7159,6242
Household3,261,2132.469316349114,260,9078,2879,2939
Household4,261,5.839843290590376,124,3986,8423,1388
Household5,261,307.1486719121582,251,6019,9520,3809
Household6,261,55.711166544126854,241,3988,4028,1530
Household7,261,3.3767952830221475,182,3208,2853,7351
Household8,261,1714.5573964274795,260,9672,6517,9144
Household9,261,46.274753141591695,225,1248,8202,2425
Household10,261,32.10663273686578,161,8253,9168,7152
Household1,262,13.158715747262477,84,2438,5042,5491
Household2,262,808.6584166606434,260,7499,7158,6241
Household3,262,2164.0181520360416,261,9077,2878,2938
Household4,262,0.9972777159283337,124,3985,8422,1387
Household5,262,296.2153050938322,252,6018,9519,3808
Household6,262,79.72650891308206,242,3987,4027,1529
Household7,262,2.6309047641224126,183,3207,2852,7350
Household8,262,1711.4133621602991,261,9671,6516,9143
Household9,262,58.68310680881543,226,1247,8201,2424
Household10,262,0.3252602906927322,162,8252,9167,7151
Household1,263,19.942651262916655,84,2437,5041,5490
Household2,263,820.9500823784103,261,7498,7157,6240
Household3,263,2178.7930152016825,262,9076,2877,2937
Household4,263,19.507935104107553,124,3984,8421,1386
Household5,263,297.5500204258653,253,6017,9518,3807
Household6,263,56.15100122347194,243,3986,4026,1528
Household7,263,6.665046288189572,184,3206,2851,7349
Household8,263,1711.0507559692767,262,9670,6515,9142
Household9,263,55.1612866538248,227,1246,8200,2423
Household10,263,18.219234897633648,162,8251,9166,7150
Household1,264,7.124180162461396,85,2436,5040,5489
Household2,264,861.9387298427271,262,7497,7156,6239
Household3,264,2193.7516649303807,263,9075,2876,2936
Household4,264,22.86757977972195,124,3983,8420,1385
Household5,264,279.59556187704686,254,6016,9517,3806
Household6,264,44.934891957277074,244,3985,4025,1527
Household7,264,37.34902048223121,184,3205,2850,7348
Household8,264,1727.180041879054,263,9669,6514,9141
Household9,264,54.80714425016196,228,1245,8199,2422
Household10,264,19.21737246125469,162,8250,9165,7149
Household1,265,23.44134650439968,85,2435,5039,5488
Household2,265,848.9342023605735,263,7496,7155,6238
Household3,265,2191.572404647073,264,9074,2875,2935
Household4,265,18.02501420505991,124,3982,8419,1384
Household5,265,315.4024098392263,255,6015,9516,3805
Household6,265,19.257735139059577,245,3984,4024,1526
Household7,265,19.136737294374733,185,3204,2849,7347
Household8,265,1748.8739051652083,264,9668,6513,9140
Household9,265,78.97556496496578,229,1244,8198,2421
Household10,265,-1.8582209704146848,163,8249,9164,7148
Household1,266,23.830209504754137,85,2434,5038,5487
Household2,266,860.8801806736631,264,7495,7154,6237
Household3,266,2192.247214183606,265,9073,2874,2934
Household4,266,8.558214190170133,125,3981,8418,1383
Household5,266,310.9190680173385,256,6014,9515,3804
Household6,266,11.628961150983386,246,3983,4023,1525
Household7,266,10.4954084662334,186,3203,2848,7346
Household8,266,1737.4891481367845,265,9667,6512,9139
Household9,266,85.01793373467387,230,1243,8197,2420
Household10,266,16.652436417764534,163,8248,9163,7147
Household1,267,12.14970367481855,86,2433,5037,5486
Household2,267,862.8970342234151,265,7494,7153,6236
Household3,267,2187.395768868838,266,9072,2873,2933
Household4,267,-4.339193657426442,126,3980,8417,1382
Household5,267,307.0892915811779,257,6013,9514,3803
Household6,267,21.350824534000612,246,3982,4022,1524
Household7,267,27.424142400164364,186,3202,2847,7345
Household8,267,1745.2188064080522,266,9666,6511,9138
Household9,267,95.48628195752784,231,1242,8196,2419
Household10,267,12.062042957893837,164,8247,9162,7146
Household1,268,26.08654591256004,86,2432,5036,5485
Household2,268,859.1427097092684,266,7493,7152,6235
Household3,268,2202.026403791782,267,9071,2872,2932
Household4,268,-3.950330657071984,126,3979,8416,1381
Household5,268,301.29795988231524,258,6012,9513,3802
Household6,268,40.89916273812705,247,3981,4021,1523
Household7,268,30.78378707577876,186,3201,2846,7344
Household8,268,1755.04596443272,267,9665,6510,9137
Household9,268,93.22053946577333,232,1241,8195,2418
Household10,268,6.716066860362503,165,8246,9161,7145
Household1,269,3.9973503427256247,87,2431,5035,5484
Household2,269,889.019503481533,267,7492,7151,6234
Household3,269,2196.800748388716,268,9070,2871,2931
Household4,269,23.11768340748982,126,3978,8415,1380
Household5,269,303.3442196905733,259,6011,9512,3801
Household6,269,48.118778070668235,248,3980,4020,1522
Household7,269,31.781924639399804,186,3200,2845,7343
Household8,269,1783.3959214122897,268,9664,6509,9136
Household9,269,70.10148954066497,233,1240,8194,2417
Household10,269,5.802363988333177,166,8245,9160,7144
Household1,270,4.99548790634667,87,2430,5034,5483
Household2,270,882.8953974529682,268,7491,7150,6233
Household3,270,2198.5001826094526,269,9069,2870,2930
Household4,270,14.625133808259513,127,3977,8414,1379
Household5,270,316.73053692443,260,6010,9511,3800
Household6,270,55.84244268803356,249,3979,4019,1521
Household7,270,31.197522596490888,187,3199,2844,7342
Household8,270,1778.2903318824071,269,9663,6508,9135
Household9,270,69.34805511262485,234,1239,8193,2416
Household10,270,24.313021376512395,166,8244,9159,7143
Household1,271,5.384350906701128,87,2429,5033,5482
Household2,271,881.2150378679339,269,7490,7149,6232
Household3,271,2216.795319685244,270,9068,2869,2929
Household4,271,5.940430692335092,128,3976,8413,1378
Household5,271,326.71044352142735,261,6009,9510,3799
Household6,271,58.049102970649514,250,3978,4018,1520
Household7,271,28.97511514659232,188,3198,2843,7341
Household8,271,1796.1512036648533,270,9662,6507,9134
Household9,271,56.07648301552713,235,1238,8192,2415
Household10,271,-0.8958934899517708,167,8243,9158,7142
Household1,272,15.671209119874348,88,2428,5032,5481
Household2,272,861.1846548599879,270,7489,7148,6231
Household3,272,2242.21844994824,271,9067,2868,2928
Household4,272,1.0978651176730494,128,3975,8412,1377
Household5,272,321.29332191086195,262,6008,9509,3798
Household6,272,49.440612654249854,251,3977,4017,1519
Household7,272,17.43032129612593,189,3197,2842,7340
Household8,272,1821.8436179741257,271,9661,6506,9133
Household9,272,56.43928690264516,236,1237,8191,2414
Household10,272,2.463751185662627,167,8242,9157,7141
Household1,273,12.5360252487006,88,2427,5031,5480
Household2,273,867.1496096801668,271,7488,7147,6230
Household3,273,2222.9404378702316,272,9066,2867,2927
Household4,273,-2.6157134185509,129,3974,8411,1376
Household5,273,301.8923766402252,263,6007,9508,3797
Household6,273,36.8079937509557,252,3976,4016,1518
Household7,273,19.52748096584748,190,3196,2841,7339
Household8,273,1841.6824962838928,272,9660,6505,9132
Household9,273,56.6674642670818,237,1236,8190,2413
Household10,273,6.976878590446255,168,8241,9156,7140
Household1,274,19.31996076435478,88,2426,5030,5479
Household2,274,866.8866634825162,272,7487,7146,6229
Household3,274,2238.8177920714506,273,9065,2866,2926
Household4,274,-2.226850418196443,129,3973,8410,1375
Household5,274,308.7746150589962,264,6006,9507,3796
Household6,274,42.89252066073558,253,3975,4015,1517
Household7,274,13.954199722943535,191,3195,2840,7338
Household8,274,1846.976786522531,273,9659,6504,9131
Household9,274,67.36719311783791,238,1235,8189,2412
Household10,274,23.294044932384537,168,8240,9155,7139
Household1,275,16.18477689318103,88,2425,5029,5478
Household2,275,846.5355204100003,273,7486,7145,6228
Household3,275,2238.8144904940345,274,9064,2865,2925
Household4,275,-0.21049235377132902,130,3972,8409,1374
Household5,275,337.75223052948047,265,6005,9506,3795
Household6,275,36.430193384136025,254,3974,4014,1516
Household7,275,11.80781954556894,192,3194,2839,7337
Household8,275,1842.7971080382056,274,9658,6503,9130
Household9,275,37.469222559377485,239,1234,8188,2411
Household10,275,36.529807078327835,169,8239,9154,7138
Household1,276,19.54442156879543,88,2424,5028,5477
Household2,276,840.7463193610489,274,7485,7144,6227
Household3,276,2254.147503457797,275,9063,2864,2924
Household4,276,10.324259508614672,131,3971,8408,1373
Household5,276,349.8121003422984,266,6004,9505,3794
Household6,276,28.96414342642486,255,3973,4013,1515
Household7,276,8.672635674395192,192,3193,2838,7336
Household8,276,1828.6950403471144,275,9657,6502,9129
Household9,276,56.80358399501679,240,1233,8187,2410
Household10,276,31.018186939392326,170,8238,9153,7137
Household1,277,14.701855994133387,88,2423,5027,5476
Household2,277,834.6222133324841,275,7484,7143,6226
Household3,277,2260.9005250792206,276,9062,2863,2923
Household4,277,28.25681497134574,131,3970,8407,1372
Household5,277,354.9113188460187,267,6003,9504,3793
Household6,277,16.21536024494595,256,3972,4012,1514
Household7,277,-1.841521848237445,193,3192,2837,7335
Household8,277,1860.2959830844916,276,9656,6501,9128
Household9,277,52.147019555519115,241,1232,8186,2409
Household10,277,31.81157396707562,171,8237,9152,7136
Household1,278,11.566672122959638,88,2422,5026,5475
Household2,278,813.4916523757283,276,7483,7142,6225
Household3,278,2256.0490797644525,277,9061,2862,2922
Household4,278,15.608633595436125,132,3969,8406,1371
Household5,278,355.4047030107331,268,6002,9503,3792
Household6,278,21.443633511060735,257,3971,4011,1513
Household7,278,-0.8433842846163992,193,3191,2836,7334
Household8,278,1872.479163810072,277,9655,6500,9127
Household9,278,49.84533928754321,242,1231,8185,2408
Household10,278,28.248500359964424,172,8236,9151,7135
Household1,279,14.926316798574035,88,2421,5025,5474
Household2,279,824.3712643619417,277,7482,7141,6224
Household3,279,2257.169281177903,278,9060,2861,2921
Household4,279,20.084288948240356,133,3968,8405,1370
Household5,279,344.3613529768908,269,6001,9502,3791
Household6,279,15.776414785686697,258,3970,4010,1512
Household7,279,15.473782057321884,193,3190,2835,7333
Household8,279,1867.7912191634969,278,9654,6499,9126
Household9,279,50.099541803994114,243,1230,8184,2407
Household10,279,38.01528357120624,173,8235,9150,7134
Household1,280,6.152532168332293,89,2420,5024,5473
Household2,280,847.9908613613712,278,7481,7140,6223
Household3,280,2267.0524969497624,279,9059,2860,2920
Household4,280,15.241723373578315,133,3967,8404,1369
Household5,280,319.05928534470155,270,6000,9501,3790
Household6,280,18.67403948617578,259,3969,4009,1511
Household7,280,32.40251599125285,193,3189,2834,7332
Household8,280,1868.5021644403362,279,9653,6498,9125
Household9,280,49.54893578556975,244,1229,8183,2406
Household10,280,31.89868834642398,174,8234,9149,7133
Household1,281,22.469698510270575,89,2419,5023,5472
Household2,281,819.5664465975094,279,7480,7139,6222
Household3,281,2297.7871444041593,280,9058,2859,2919
Household4,281,16.23986093719936,133,3966,8403,1368
Household5,281,328.3483969758837,271,5999,9500,3789
Household6,281,18.20650874809293,260,3968,4008,1510
Household7,281,31.66055497975993,194,3188,2833,7331
Household8,281,1871.8728940734588,280,9652,6497,9124
Household9,281,43.64037941383684,245,1228,8182,2405
Household10,281,28.955506695691177,175,8233,9148,7132
Household1,282,-0.4462790598476758,90,2418,5022,5471
Household2,282,838.6395513345574,280,7479,7138,6221
Household3,282,2297.8233068918107,281,9057,2858,2918
Household4,282,11.397295362537315,133,3965,8402,1367
Household5,282,309.1253740373618,272,5998,9499,3788
Household6,282,12.539290022718895,261,3967,4007,1509
Household7,282,25.549898085550304,195,3187,2832,7330
Household8,282,1914.6462647434003,281,9651,6496,9123
Household9,282,36.076881255143704,246,1227,8181,2404
Household10,282,17.167116117730203,176,8232,9147,7131
Household1,283,-5.288844634509718,90,2417,5021,5470
Household2,283,838.3911835685496,281,7478,7137,6220
Household3,283,2290.0944731532004,282,9056,2857,2917
Household4,283,4.545885673303612,134,3964,8401,1366
Household5,283,310.46008936939484,273,5997,9498,3787
Household6,283,20.69959196846974,262,3966,4006,1508
Household7,283,19.793333432198168,196,3186,2831,7329
Household8,283,1939.1200810568193,282,9650,6495,9122
Household9,283,9.964848839185585,247,1226,8180,2403
Household10,283,18.165253681351246,176,8231,9146,7130
Household1,284,11.028321707428567,90,2416,5020,5469
Household2,284,849.0429078514821,282,7477,7136,6219
Household3,284,2285.846438841862,283,9055,2856,2916
Household4,284,4.934748673658071,134,3963,8400,1365
Household5,284,323.592926825708,274,5996,9497,3786
Household6,284,33.87584482112332,262,3965,4005,1507
Household7,284,32.94691783192287,196,3185,2830,7328
Household8,284,1938.537322581403,283,9649,6494,9121
Household9,284,7.433359582927476,248,1225,8179,2402
Household10,284,30.3850703405175,177,8230,9145,7129
Household1,285,29.538979095607793,90,2415,5019,5468
Household2,285,843.4560912006186,283,7476,7135,6218
Household3,285,2306.902082546285,284,9054,2855,2915
Household4,285,22.867304136389137,134,3962,8399,1364
Household5,285,304.73010150673633,275,5995,9496,3785
Household6,285,11.351001035412068,263,3964,4004,1506
Household7,285,27.044533377473993,197,3184,2829,7327
Household8,285,1940.0215700977774,284,9648,6493,9120
Household9,285,32.35331007143419,248,1224,8178,2401
Household10,285,50.61133072322016,178,8229,9144,7128
Household1,286,22.129405587658237,91,2414,5018,5467
Household2,286,844.1411958398737,284,7475,7134,6217
Household3,286,2311.2110475377294,285,9053,2854,2914
Household4,286,23.86544170001018,134,3961,8398,1363
Household5,286,304.78088334039614,276,5994,9495,3784
Household6,286,4.096437135633288,264,3963,4003,1505
Household7,286,17.25257255299489,198,3183,2828,7326
Household8,286,1948.7883785991992,285,9647,6492,9119
Household9,286,36.096373270445824,249,1223,8177,2400
Household10,286,38.82294014525919,179,8228,9143,7127
Household1,287,11.018316190691271,92,2413,5017,5466
Household2,287,865.8124364028929,285,7474,7133,6216
Household3,287,2309.976426176069,286,9052,2853,2913
Household4,287,20.63440779843178,135,3960,8397,1362
Household5,287,293.9671879120949,277,5993,9494,3783
Household6,287,17.593450052856777,264,3962,4002,1504
Household7,287,20.61221722860929,198,3182,2827,7325
Household8,287,1951.8107916449671,286,9646,6491,9118
Household9,287,39.724448963244825,250,1222,8176,2399
Household10,287,17.37511828454997,180,8227,9142,7126
Household1,288,11.40717919104573,92,2412,5016,5465
Household2,288,859.7977755093658,286,7473,7132,6215
Household3,288,2331.4385176841242,287,9051,2852,2912
Household4,288,27.105854012666136,136,3959,8396,1361
Household5,288,297.5239632430922,278,5992,9493,3782
Household6,288,7.605075840673152,265,3961,4001,1503
Household7,288,11.309934445798039,199,3181,2826,7324
Household8,288,1962.4139618042236,287,9645,6490,9117
Household9,288,38.390590231258514,251,1221,8175,2398
Household10,288,20.734762960164367,180,8226,9141,7125
Household1,289,27.724345532984014,92,2411,5015,5464
Household2,289,851.44729866865,287,7472,7131,6214
Household3,289,2327.190483372786,288,9050,2851,2911
Household4,289,-0.5985890238733553,137,3958,8395,1360
Household5,289,312.3769143578988,279,5991,9492,3781
Household6,289,21.10208875789664,265,3960,4000,1502
Household7,289,29.806667163035357,200,3180,2825,7323
Household8,289,1982.1259130777864,288,9644,6489,9116
Household9,289,17.9918917102023,252,1220,8174,2397
Household10,289,-0.0843764247436809,181,8225,9140,7124
Household1,290,21.233133463300533,93,2410,5014,5463
Household2,290,876.488349378739,288,7471,7130,6213
Household3,290,2324.817400280952,289,9049,2850,2910
Household4,290,0.39954853974769033,137,3957,8394,1359
Household5,290,302.0243381877613,280,5990,9491,3780
Household6,290,13.803101434702626,266,3959,3999,1501
Household7,290,34.79152888846196,201,3179,2824,7322
Household8,290,1995.4123675490011,289,9643,6488,9115
Household9,290,11.199012678760113,253,1219,8173,2396
Household10,290,16.232789917194605,181,8224,9139,7123
Household1,291,8.335725615703957,94,2409,5013,5462
Household2,291,859.8921725916172,289,7470,7129,6212
Household3,291,2343.314246885823,290,9048,2849,2909
Household4,291,18.91020592792691,137,3956,8393,1358
Household5,291,304.48987026659563,281,5989,9490,3779
Household6,291,4.174924842069224,267,3958,3998,1500
Household7,291,27.05679457092308,202,3178,2823,7321
Household8,291,2014.5085281820966,290,9642,6487,9114
Household9,291,22.65515187292027,253,1218,8172,2395
Household10,291,13.097606046020857,181,8223,9138,7122
Household1,292,24.65289195764224,94,2408,5012,5461
Household2,292,843.1974539570921,290,7469,7128,6211
Household3,292,2334.2492197548017,291,9047,2848,2908
Household4,292,25.786336660654825,138,3955,8392,1357
Household5,292,317.6227077229088,282,5988,9489,3778
Household6,292,17.35117769472281,267,3957,3997,1499
Household7,292,34.536221022873136,203,3177,2822,7320
Household8,292,2027.2421699521674,291,9641,6486,9113
Household9,292,29.24603925975924,254,1217,8171,2394
Household10,292,9.96242217484711,181,8222,9137,7121
Household1,293,11.755484110045664,95,2407,5011,5460
Household2,293,834.6913165136459,291,7468,7127,6210
Household3,293,2335.930546389598,292,9046,2847,2907
Household4,293,20.943771085992786,138,3954,8391,1356
Household5,293,305.78445138506595,283,5987,9488,3777
Household6,293,29.200794862737713,268,3956,3996,1498
Household7,293,20.720026387498805,204,3176,2821,7319
Household8,293,2032.3413269307825,292,9640,6485,9112
Household9,293,62.07975044277515,255,1216,8170,2393
Household10,293,13.322066850461507,181,8221,9136,7120
Household1,294,25.692326347787155,95,2406,5010,5459
Household2,294,840.8292168819163,292,7467,7126,6209
Household3,294,2333.175019760922,293,9045,2846,2906
Household4,294,9.155380508031811,139,3953,8390,1355
Household5,294,302.4491395029387,284,5986,9487,3776
Household6,294,3.6873755601635025,269,3955,3995,1497
Household7,294,21.71816395111985,204,3175,2820,7318
Household8,294,2048.1498527759895,293,9639,6484,9111
Household9,294,71.37336745589849,256,1215,8169,2392
Household10,294,6.505781806375239,182,8220,9135,7119
Household1,295,25.410468828270684,96,2405,5009,5458
Household2,295,857.0132645301364,293,7466,7125,6208
Household3,295,2342.3199633628797,294,9044,2845,2905
Household4,295,9.54424350838627,139,3952,8389,1354
Household5,295,328.9785079665719,285,5985,9486,3775
Household6,295,6.317513000307031,270,3954,3994,1496
Household7,295,22.71630151474089,204,3174,2819,7317
Household8,295,2026.4492315795699,294,9638,6483,9110
Household9,295,69.07168718792258,257,1214,8168,2391
Household10,295,22.82294814831352,182,8219,9134,7118
Household1,296,28.77011350388508,96,2404,5008,5457
Household2,296,834.3049895799668,294,7465,7124,6207
Household3,296,2354.588726468029,295,9043,2844,2904
Household4,296,-3.3531643392103057,140,3951,8388,1353
Household5,296,344.62290484385096,286,5984,9485,3774
Household6,296,7.277139146311974,271,3953,3993,1495
Household7,296,20.222468573639492,205,3173,2818,7316
Household8,296,2022.635911465517,295,9637,6482,9109
Household9,296,58.12518186136863,258,1213,8167,2390
Household10,296,19.32064157535153,183,8218,9133,7117
Household1,297,25.634929632711334,96,2403,5007,5456
Household2,297,849.1698637835973,295,7464,7123,6206
Household3,297,2350.1820021203407,296,9042,2843,2903
Household4,297,1.6411187300610806,141,3950,8387,1352
Household5,297,337.12125904223245,287,5983,9484,3773
Household6,297,8.802611164620082,272,3952,3992,1494
Household7,297,23.58211324925389,205,3172,2817,7315
Household8,297,2034.8190921910973,296,9636,6481,9108
Household9,297,60.84985756628112,259,1212,8166,2389
Household10,297,26.722355320736693,184,8217,9132,7116
Household1,298,26.023792633065792,96,2402,5006,5455
Household2,298,840.3852769108205,296,7463,7122,6205
Household3,298,2364.3446762556487,297,9041,2842,2902
Household4,298,6.497175823502655,142,3949,8386,1351
Household5,298,342.0142821209324,288,5982,9483,3772
Household6,298,3.944180156704121,273,3951,3991,1493
Household7,298,9.874605296350893,206,3171,2816,7314
Household8,298,2031.3223763233132,297,9635,6480,9107
Household9,298,64.27691131201257,260,1211,8165,2388
Household10,298,22.542598932387186,185,8216,9131,7115
Household1,299,5.163124163729371,97,2401,5005,5454
Household2,299,846.0633778370959,297,7462,7121,6204
Household3,299,2365.0194857921815,298,9040,2841,2901
Household4,299,6.886038823857113,142,3948,8385,1350
Household5,299,357.24008429885686,289,5981,9482,3771
Household6,299,13.66604353972135,273,3950,3990,1492
Household7,299,22.437443747225576,207,3170,2815,7313
Household8,299,2027.383233504907,298,9634,6479,9106
Household9,299,63.46168029649341,261,1210,8164,2387
Household10,299,8.350990331210287,186,8215,9130,7114
Household1,300,23.095679626460438,97,2400,5004,5453
Household2,300,839.8999666998473,298,7461,7120,6203
Household3,300,2360.9602771005916,299,9039,2840,2900
Household4,300,25.396696212036332,142,3947,8384,1349
Household5,300,386.00758708613006,290,5980,9481,3770
Household6,300,23.387906922738576,273,3949,3989,1491
Household7,300,13.581392098721349,208,3169,2814,7312
Household8,300,2033.9521335486932,299,9633,6478,9105
Household9,300,54.44618721885092,262,1209,8163,2386
Household10,300,24.66815667314857,186,8214,9129,7113
Household1,301,4.35756864058078,98,2399,5003,5452
Household2,301,842.237580314169,299,7460,7119,6202
Household3,301,2405.6999475016396,300,9038,2839,2899
Household4,301,8.494440179843792,143,3946,8383,1348
Household5,301,397.0168123758056,291,5979,9480,3769
Household6,301,22.04384879823948,274,3948,3988,1490
Household7,301,14.579529662342392,208,3168,2813,7311
Household8,301,2029.5933524018355,300,9632,6477,9104
Household9,301,27.241840887628626,263,1208,8162,2385
Household10,301,7.172404308399479,187,8213,9128,7112
Household1,302,22.86822602876,98,2398,5002,5451
Household2,302,856.8923418345885,300,7459,7118,6201
Household3,302,2396.4464429562167,301,9037,2838,2898
Household4,302,24.811606521782075,143,3945,8382,1347
Household5,302,398.0871737769512,292,5978,9479,3768
Household6,302,32.27525126936241,275,3947,3987,1489
Household7,302,17.93917433795679,208,3167,2812,7310
Household8,302,2041.2115622529177,301,9631,6476,9103
Household9,302,20.206142391531248,264,1207,8161,2384
Household10,302,25.066378915340394,187,8212,9127,7111
Household1,303,0.3906386122521184,99,2397,5001,5450
Household2,303,852.3302719024466,301,7458,7117,6200
Household3,303,2407.4458970432343,302,9036,2837,2897
Household4,303,7.810005705926784,144,3944,8381,1346
Household5,303,414.4403657341261,293,5977,9478,3767
Household6,303,28.637511322691857,276,3946,3986,1488
Household7,303,17.193283819057065,209,3166,2811,7309
Household8,303,2052.232161505309,302,9630,6475,9102
Household9,303,7.924283301356375,265,1206,8160,2383
Household10,303,21.931195044166646,187,8211,9126,7110
Household1,304,-2.744545258921632,99,2396,5000,5449
Household2,304,856.5437305019659,302,7457,7116,6199
Household3,304,2419.26503166589,303,9035,2836,2896
Household4,304,2.967440131264742,144,3943,8380,1345
Household5,304,402.54263138002545,294,5976,9477,3766
Household6,304,27.293453198192765,277,3945,3985,1487
Household7,304,33.51045016099535,209,3165,2810,7308
Household8,304,2058.801061549095,303,9629,6474,9101
Household9,304,27.13900332796871,266,1205,8159,2382
Household10,304,19.338579831993208,188,8210,9125,7109
Household1,305,15.188010203809434,99,2395,4999,5448
Household2,305,850.4196244734011,303,7456,7115,6198
Household3,305,2436.6011706232966,304,9034,2835,2895
Household4,305,3.356303131619199,144,3942,8379,1344
Household5,305,381.7867472556088,295,5975,9476,3765
Household6,305,40.505106531931155,278,3944,3984,1486
Household7,305,-2.8255208343870635,210,3164,2809,7307
Household8,305,2048.156284849931,304,9628,6473,9100
Household9,305,51.82773554225085,267,1204,8158,2381
Household10,305,20.334307858156357,189,8209,9124,7108
Household1,306,6.143109468334789,100,2394,4998,5447
Household2,306,854.1815896067916,304,7455,7114,6197
Household3,306,2427.536143492275,305,9033,2834,2894
Household4,306,4.354440695240245,144,3941,8378,1343
Household5,306,364.44447773712454,296,5974,9475,3764
Household6,306,40.2671021536643,279,3943,3983,1485
Household7,306,10.328063565337642,210,3163,2808,7306
Household8,306,2044.0160439205852,305,9627,6472,9099
Household9,306,37.74251604091123,268,1203,8157,2380
Household10,306,40.73231010139542,190,8208,9123,7107
Household1,307,6.531972468689247,100,2393,4997,5446
Household2,307,854.30289433312,305,7454,7113,6196
Household3,307,2440.77467956248,306,9032,2833,2893
Household4,307,-0.48812487942179716,144,3940,8377,1342
Household5,307,389.5523924900982,297,5973,9474,3763
Household6,307,58.92807374397669,280,3942,3982,1484
Household7,307,11.326201128958687,210,3162,2807,7305
Household8,307,2051.6666141068486,306,9626,6471,9098
Household9,307,62.27967565306194,269,1202,8156,2379
Household10,307,37.77949726967175,191,8207,9122,7106
Household1,308,9.891617144303645,100,2392,4996,5445
Household2,308,848.5136932841685,306,7453,7112,6195
Household3,308,2425.848890744017,307,9031,2832,2892
Household4,308,-5.33069045408384,144,3939,8376,1341
Household5,308,391.6321483662501,298,5972,9473,3762
Household6,308,94.05526980498384,281,3941,3981,1483
Household7,308,-1.5712067186378889,211,3161,2806,7304
Household8,308,2088.531456348685,307,9625,6470,9097
Household9,308,33.734158744264896,270,1201,8155,2378
Household10,308,57.44813654432154,192,8206,9121,7105
Household1,309,13.251261819918042,100,2391,4995,5444
Household2,309,864.606547158601,307,7452,7111,6194
Household3,309,2424.6142693823563,308,9030,2831,2891
Household4,309,-0.06994884214870467,145,3938,8375,1340
Household5,309,377.6449881158505,299,5971,9472,3761
Household6,309,91.8047191518504,282,3940,3980,1482
Household7,309,-4.706390589811639,211,3160,2805,7303
Household8,309,2086.753059069786,308,9624,6469,9096
Household9,309,32.91892772874574,271,1200,8154,2377
Household10,309,71.1413551596755,193,8205,9120,7104
Household1,310,10.116077948744294,100,2390,4994,5443
Household2,310,877.6876138944516,308,7451,7110,6193
Household3,310,2435.7049975848695,309,9029,2830,2890
Household4,310,0.928188721472341,145,3937,8374,1339
Household5,310,357.06702632354865,300,5970,9471,3760
Household6,310,90.07641010337233,283,3939,3979,1481
Household7,310,1.1659186141161726,212,3159,2804,7302
Household8,310,2099.1071954453573,309,9623,6468,9095
Household9,310,31.64187214497498,272,1199,8153,2376
Household10,310,55.06048916730559,194,8204,9119,7103
Household1,311,26.433244290682577,100,2389,4993,5442
Household2,311,912.0061441030867,309,7450,7109,6192
Household3,311,2446.014287523474,310,9028,2829,2889
Household4,311,-3.914376853189702,145,3936,8373,1338
Household5,311,380.22658464011204,301,5969,9470,3759
Household6,311,96.58954892161498,284,3938,3978,1480
Household7,311,-1.969265257057578,212,3158,2803,7301
Household8,311,2095.266474095767,310,9622,6467,9094
Household9,311,25.503789413426084,273,1198,8152,2375
Household10,311,50.61389247504406,195,8203,9118,7102
Household1,312,3.406364760125747,101,2388,4992,5441
Household2,312,921.3305880244566,310,7449,7108,6191
Household3,312,2446.689097060007,311,9027,2828,2888
Household4,312,23.153637211372107,145,3935,8372,1337
Household5,312,376.3968082039515,302,5968,9469,3758
Household6,312,65.11694995699182,285,3937,3977,1479
Household7,312,-5.1044491282313285,212,3157,2802,7300
Household8,312,2121.169001088251,311,9621,6466,9093
Household9,312,20.35085181681849,274,1197,8151,2374
Household10,312,60.53196155619175,196,8202,9117,7101
Household1,313,4.404502323746793,101,2387,4991,5440
Household2,313,926.4933322486563,311,7448,7107,6190
Household3,313,2436.8791124145628,312,9026,2827,2887
Household4,313,8.962028610195208,146,3934,8371,1336
Household5,313,376.8901923686659,303,5967,9468,3757
Household6,313,61.08773663860743,286,3936,3976,1478
Household7,313,24.448708319009143,212,3156,2801,7299
Household8,313,2120.0544455997747,312,9620,6465,9092
Household9,313,19.53562080129934,275,1196,8150,2373
Household10,313,65.14707353315336,197,8201,9116,7100
Household1,314,10.365439035695067,102,2386,4990,5439
Household2,314,900.7650269161493,312,7447,7106,6189
Household3,314,2442.6722729866487,313,9025,2826,2886
Household4,314,12.321673285809606,146,3933,8370,1335
Household5,314,398.13261137316607,304,5966,9467,3756
Household6,314,29.705616219815447,287,3935,3975,1477
Household7,314,6.236425131152664,213,3155,2800,7298
Household8,314,2156.6090890253436,313,9619,6464,9091
Household9,314,10.28614436213541,276,1195,8149,2372
Household10,314,53.20409688519605,198,8200,9115,7099
Household1,315,11.363576599316112,102,2385,4989,5438
Household2,315,881.2892404684347,313,7446,7105,6188
Household3,315,2454.8064095691175,314,9024,2825,2885
Household4,315,30.254228748540672,146,3932,8369,1334
Household5,315,382.28665555011895,305,5965,9466,3755
Household6,315,25.446937254869006,288,3934,3974,1476
Household7,315,6.0091623287200875,214,3154,2799,7297
Household8,315,2160.8512850038073,314,9618,6463,9090
Household9,315,13.708447496577154,277,1194,8148,2371
Household10,315,55.6423542290363,199,8199,9114,7098
Household1,316,-1.533831248280464,103,2384,4988,5437
Household2,316,883.331378103789,314,7445,7104,6187
Household3,316,2470.340444479949,315,9023,2824,2884
Household4,316,7.829907067327007,147,3931,8368,1333
Household5,316,398.1411651106091,306,5964,9465,3754
Household6,316,2.592757252676819,289,3933,3973,1475
Household7,316,28.717230996968517,215,3153,2798,7296
Household8,316,2142.375169620338,315,9617,6462,9089
Household9,316,17.728959543233675,278,1193,8147,2370
Household10,316,20.1721061984624,200,8198,9113,7097
Household1,317,16.976826139898755,103,2383,4987,5436
Household2,317,885.8985180779267,315,7444,7103,6186
Household3,317,2471.910274375893,316,9022,2823,2883
Household4,317,34.89792113188881,147,3930,8367,1332
Household5,317,402.63148154884647,307,5963,9464,3753
Household6,317,15.769010105330405,289,3932,3972,1474
Household7,317,41.87081539669322,215,3152,2797,7295
Household8,317,2158.250975752572,316,9616,6461,9088
Household9,317,3.86509265468635,279,1192,8146,2369
Household10,317,17.64218627538466,201,8197,9112,7096
Household1,318,19.857243647637095,104,2382,4986,5435
Household2,318,886.0642921365619,316,7443,7102,6185
Household3,318,2452.9530223624547,317,9021,2822,2882
Household4,318,35.692586160128066,148,3929,8366,1331
Household5,318,402.6822633825063,308,5962,9463,3752
Household6,318,36.07238938194249,289,3931,3971,1473
Household7,318,12.470306916315593,216,3151,2796,7294
Household8,318,2168.8302602094686,317,9615,6460,9087
Household9,318,36.06734942920859,279,1191,8145,2368
Household10,318,30.265759390993924,202,8196,9111,7095
Household1,319,20.246106647991553,104,2381,4985,5434
Household2,319,871.0349200132605,317,7442,7101,6184
Household3,319,2454.0732237759053,318,9020,2821,2881
Household4,319,26.881393494275663,149,3928,8365,1330
Household5,319,406.4169610456184,309,5961,9462,3751
Household6,319,33.225618626777724,290,3930,3970,1472
Household7,319,25.623891316040293,216,3150,2795,7293
Household8,319,2181.453918764023,318,9614,6459,9086
Household9,319,34.04460598303645,280,1190,8144,2367
Household10,319,60.19161817721814,203,8195,9110,7094
Household1,320,19.054136637852515,105,2380,4984,5433
Household2,320,866.6666149276873,318,7441,7100,6183
Household3,320,2477.408192689219,319,9019,2820,2880
Household4,320,-1.2396352958251668,150,3927,8364,1329
Household5,320,416.2815507551676,310,5960,9461,3750
Household6,320,25.793474839732916,291,3929,3969,1471
Household7,320,20.050610073136347,217,3149,2794,7292
Household8,320,2184.2476692736036,319,9613,6458,9085
Household9,320,19.808666350164053,281,1189,8143,2366
Household10,320,23.588667753149494,204,8194,9109,7093
Household1,321,10.802043814425055,106,2379,4983,5432
Household2,321,858.5206751037914,319,7440,7099,6182
Household3,321,2509.5692174064798,320,9018,2819,2879
Household4,321,2.1200093797892308,150,3926,8363,1328
Household5,321,442.8109192188008,311,5959,9460,3749
Household6,321,39.29048775695641,291,3928,3968,1470
Household7,321,16.487536466025155,218,3148,2793,7291
Household8,321,2178.900460204867,320,9612,6457,9084
Household9,321,13.139344736032893,282,1188,8142,2365
Household10,321,-4.438009594041322,205,8193,9108,7092
Household1,322,7.666859943251306,106,2378,4982,5431
Household2,322,870.6961234317486,320,7439,7098,6181
Household3,322,2498.0353666348333,321,9017,2818,2878
Household4,322,15.29247803313342,151,3925,8362,1327
Household5,322,423.3069716327409,312,5958,9459,3748
Household6,322,48.06297873304128,292,3927,3967,1469
Household7,322,23.94176912420123,219,3147,2792,7290
Household8,322,2193.3849677359913,321,9611,6456,9083
Household9,322,5.4709425779370555,283,1187,8141,2364
Household10,322,-3.4398720304202763,205,8192,9107,7091
Household1,323,4.5316760720775555,106,2377,4981,5430
Household2,323,858.0017428215027,321,7438,7097,6180
Household3,323,2530.406504035305,322,9016,2817,2877
Household4,323,18.99271887435576,152,3924,8361,1326
Household5,323,423.80035579745527,313,5957,9458,3747
Household6,323,74.52488432583634,293,3926,3966,1468
Household7,323,8.302793276932213,220,3146,2791,7289
Household8,323,2197.627163714455,322,9610,6455,9082
Household9,323,17.24784183666711,283,1186,8140,2363
Household10,323,-2.4417344667992307,205,8191,9106,7090
Household1,324,3.3397060619385197,107,2376,4980,5429
Household2,324,868.6534671044352,322,7437,7096,6179
Household3,324,2529.171882673644,323,9015,2816,2876
Household4,324,23.607526819622574,153,3923,8360,1325
Household5,324,435.8602256102732,314,5956,9457,3746
Household6,324,57.51270314725807,294,3925,3965,1467
Household7,324,11.662437952546611,220,3145,2790,7288
Household8,324,2198.4220391241706,323,9609,6454,9081
Household9,324,3.1356898431378397,284,1185,8139,2362
Household10,324,19.22738967434794,205,8190,9105,7089
Household1,325,-1.502859512723523,107,2375,4979,5428
Household2,325,865.7356838011533,323,7436,7095,6178
Household3,325,2531.9694476235986,324,9014,2815,2875
Household4,325,20.346405795408764,154,3922,8359,1324
Household5,325,445.2430037581027,315,5955,9456,3745
Household6,325,63.597230057037955,295,3924,3964,1466
Household7,325,12.660575516167654,220,3144,2789,7287
Household8,325,2204.9417925636326,324,9608,6453,9080
Household9,325,35.33794661766008,284,1184,8138,2361
Household10,325,10.661106723122572,206,8189,9104,7088
Household1,326,12.433982725017968,107,2374,4978,5427
Household2,326,860.7387193753812,324,7435,7094,6177
Household3,326,2520.104427102441,325,9013,2814,2874
Household4,326,36.663572137347046,154,3921,8358,1323
Household5,326,474.529134261843,316,5954,9455,3744
Household6,326,58.112645575634396,296,3923,3963,1465
Household7,326,9.525391644993906,220,3143,2788,7286
Household8,326,2211.5106926074186,325,9607,6452,9079
Household9,326,39.72775583228491,285,1183,8137,2360
Household10,326,2.9643266687338183,207,8188,9103,7087
Household1,327,30.944640113197188,107,2373,4977,5426
Household2,327,842.4274061149291,325,7434,7093,6176
Household3,327,2538.510211559592,326,9012,2813,2873
Household4,327,14.03623496496435,155,3920,8357,1322
Household5,327,481.41137268061397,317,5953,9454,3743
Household6,327,57.34347810786151,297,3922,3962,1464
Household7,327,10.52352920861495,220,3142,2787,7285
Household8,327,2231.099991735357,326,9606,6451,9078
Household9,327,23.066682107537922,286,1182,8136,2359
Household10,327,5.385947599454482,208,8187,9102,7086
Household1,328,17.676682580980376,108,2372,4976,5425
Household2,328,866.0470031143586,326,7433,7092,6175
Household3,328,2524.2933497533695,327,9011,2812,2872
Household4,328,9.193669390302306,155,3919,8356,1321
Household5,328,473.6452222604882,318,5952,9453,3742
Household6,328,40.06035304555975,298,3921,3961,1463
Household7,328,10.296266406182369,221,3141,2786,7284
Household8,328,2235.036132577812,327,9605,6450,9077
Household9,328,37.72869346156982,287,1181,8135,2358
Household10,328,40.81031200071233,208,8186,9101,7085
Household1,329,18.065545581334835,108,2371,4975,5424
Household2,329,896.2925357839702,327,7432,7091,6174
Household3,329,2531.806337823491,328,9010,2811,2871
Household4,329,10.899616377451185,156,3918,8355,1320
Household5,329,456.39427683601866,319,5951,9452,3741
Household6,329,19.529727138499126,299,3920,3960,1462
Household7,329,11.294403969803412,221,3140,2785,7283
Household8,329,2250.8446584230187,328,9604,6449,9076
Household9,329,19.069056648998753,288,1180,8134,2357
Household10,329,58.955966532482165,209,8185,9100,7084
Household1,330,18.454408581689293,108,2370,4974,5423
Household2,330,914.0036043552947,328,7431,7090,6173
Household3,330,2528.309831362503,329,9009,2810,2870
Household4,330,29.410273765630407,156,3917,8354,1319
Household5,330,482.7737564805317,320,5950,9451,3740
Household6,330,6.4710340684598435,300,3919,3959,1461
Household7,330,24.44798836952812,221,3139,2784,7282
Household8,330,2265.647496911757,329,9603,6448,9075
Household9,330,27.23650060194642,289,1179,8133,2356
Household10,330,23.935664480928573,210,8184,9099,7083
Household1,331,12.697843928337157,109,2369,4973,5422
Household2,331,909.0091441119597,329,7430,7089,6172
Household3,331,2519.2448042314813,330,9008,2809,2869
Household4,331,3.7227821223100435,157,3916,8353,1318
Household5,331,511.54125926780495,321,5949,9450,3739
Household6,331,16.19289745147707,300,3918,3958,1460
Household7,331,27.807633045142516,221,3138,2783,7281
Household8,331,2262.681541674492,330,9602,6447,9074
Household9,331,26.421269586427268,290,1178,8132,2355
Household10,331,48.72446262713987,211,8183,9098,7082
Household1,332,13.086706928691616,109,2368,4972,5421
Household2,332,935.0311227497297,330,7429,7088,6171
Household3,332,2528.7316361653106,331,9007,2808,2868
Household4,332,-1.119783452351999,157,3915,8352,1317
Household5,332,530.7406455926736,322,5948,9449,3738
Household6,332,36.49627672808916,300,3917,3957,1459
Household7,332,31.167277720756914,221,3137,2782,7280
Household8,332,2269.3810894850913,331,9601,6446,9073
Household9,332,24.119589318451364,291,1177,8131,2354
Household10,332,68.97049167171087,212,8182,9097,7081
Household1,333,13.475569929046074,109,2367,4971,5420
Household2,333,943.5227115931829,331,7428,7087,6170
Household3,333,2536.5576254302296,332,9006,2807,2867
Household4,333,15.197382889586287,157,3914,8351,1316
Household5,333,547.1910004738492,323,5947,9448,3737
Household6,333,36.4435848528629,301,3916,3956,1458
Household7,333,28.032093849583166,221,3136,2781,7279
Household8,333,2274.894388288348,332,9600,6445,9072
Household9,333,43.97257847055783,292,1176,8130,2353
Household10,333,66.02731002097806,213,8181,9096,7080
Household1,334,29.792736270984356,109,2366,4970,5419
Household2,334,948.155827719493,332,7427,7086,6169
Household3,334,2532.2578810727205,333,9005,2806,2866
Household4,334,9.714904821915994,158,3913,8350,1315
Household5,334,553.5153274114643,324,5946,9447,3736
Household6,334,53.34510457966733,302,3915,3955,1457
Household7,334,-0.465157099003509,222,3135,2780,7278
Household8,334,2267.0015838680815,333,9599,6444,9071
Household9,334,63.82556762266429,293,1175,8129,2352
Household10,334,48.21352293221171,214,8180,9095,7079
Household1,335,15.919462827423583,110,2365,4969,5418
Household2,335,951.698668893603,333,7426,7085,6168
Household3,335,2528.1986723811306,334,9004,2805,2865
Household4,335,26.032071163854276,158,3912,8349,1314
Household5,335,553.5661092451239,325,5945,9446,3735
Household6,335,74.76283821008683,303,3914,3954,1456
Household7,335,2.8944875766108886,222,3134,2779,7277
Household8,335,2265.4295243335505,334,9598,6443,9070
Household9,335,60.934590442996125,294,1174,8128,2351
Household10,335,41.678788160708905,215,8179,9094,7078
Household1,336,33.852018290154646,110,2364,4968,5417
Household2,336,962.5782808798164,334,7425,7084,6167
Household3,336,2520.0266931426763,335,9003,2804,2864
Household4,336,29.391715839468674,158,3911,8348,1313
Household5,336,541.7777186671631,326,5944,9445,3734
Household6,336,78.8294138044896,304,3913,3953,1455
Household7,336,0.9669715581361302,223,3133,2778,7276
Household8,336,2297.6687361964223,335,9597,6442,9069
Household9,336,61.18879295944703,295,1173,8127,2350
Household10,336,17.667867176071265,216,8178,9093,7077
Household1,337,3.347132910337912,111,2363,4967,5416
Household2,337,957.3924908342949,335,7424,7083,6166
Household3,337,2529.3633273611067,336,9002,2803,2863
Household4,337,29.780578839823132,158,3910,8347,1312
Household5,337,517.757768080402,327,5943,9444,3733
Household6,337,86.59754775416167,305,3912,3952,1454
Household7,337,4.326616233750528,223,3132,2777,7275
Household8,337,2308.6496427111047,336,9596,6441,9068
Household9,337,54.153094463349646,296,1172,8126,2349
Household10,337,45.1163260515359,217,8177,9092,7076
Household1,338,10.131068425992094,111,2362,4966,5415
Household2,338,975.6445981170086,336,7423,7082,6165
Household3,338,2527.9977144820405,337,9001,2802,2862
Household4,338,30.16944184017759,158,3909,8346,1311
Household5,338,549.4916185035578,328,5942,9443,3732
Household6,338,85.73530119138228,306,3911,3951,1453
Household7,338,33.87977368099099,223,3131,2776,7274
Household8,338,2323.532653423502,337,9595,6440,9067
Household9,338,53.892618576334115,297,1171,8125,2348
Household10,338,25.245312455829307,218,8176,9091,7075
Household1,339,10.519931426346552,111,2361,4965,5414
Household2,339,985.8978192186682,337,7422,7081,6164
Household3,339,2543.3259768345138,338,9000,2801,2861
Household4,339,37.218989979860105,159,3908,8345,1310
Household5,339,555.3977229668791,329,5941,9442,3731
Household6,339,81.23590703793134,307,3910,3950,1452
Household7,339,16.734310114575493,224,3130,2775,7273
Household8,339,2317.9328771929104,338,9594,6439,9066
Household9,339,61.44787349894774,298,1170,8124,2347
Household10,339,26.24345001945035,218,8175,9090,7074
Household1,340,5.67736585168451,111,2360,4964,5413
Household2,340,987.7300573035933,338,7421,7080,6163
Household3,340,2538.100321431448,339,8999,2800,2860
Household4,340,13.805558069857277,160,3907,8344,1309
Household5,340,584.2556970283365,330,5940,9441,3730
Household6,340,54.983875007125555,308,3909,3949,1451
Household7,340,30.21506751747698,225,3129,2774,7272
Household8,340,2334.3396119503323,339,9593,6438,9065
Household9,340,35.01508101841974,299,1169,8123,2346
Household10,340,22.342511398525232,219,8174,9089,7073
Household1,341,21.994532193622792,111,2359,4963,5412
Household2,341,985.5568070705148,339,7420,7079,6162
Household3,341,2547.115303469811,340,8998,2799,2859
Household4,341,14.80369563347832,160,3906,8343,1308
Household5,341,591.80359938707,331,5939,9440,3729
Household6,341,64.08446073144731,309,3908,3948,1450
Household7,341,27.079883646303234,225,3128,2773,7271
Household8,341,2363.611949089886,340,9592,6437,9064
Household9,341,41.40425887617965,300,1168,8122,2345
Household10,341,18.364558667882484,220,8173,9088,7072
Household1,342,25.35417686923719,111,2358,4962,5411
Household2,342,976.637575994475,340,7419,7078,6161
Household3,342,2541.2878309083403,341,8997,2798,2858
Household4,342,27.45753657035535,161,3905,8342,1307
Household5,342,601.6113387347194,332,5938,9439,3728
Household6,342,60.06882161485761,310,3907,3947,1449
Household7,342,28.078021209924277,225,3127,2772,7270
Household8,342,2396.2532372998808,341,9591,6436,9063
Household9,342,31.179626292944995,301,1167,8121,2344
Household10,342,15.003288718478053,221,8172,9087,7071
Household1,343,0.14526200277302337,112,2357,4961,5410
Household2,343,959.9741836120733,341,7418,7077,6160
Household3,343,2537.051344118093,342,8996,2797,2857
Household4,343,14.809355194445736,162,3904,8341,1306
Household5,343,604.1626602974376,333,5937,9438,3727
Household6,343,34.391664796640114,311,3906,3946,1448
Household7,343,18.01973404354217,226,3126,2771,7269
Household8,343,2392.49424450818,342,9590,6435,9062
Household9,343,55.34804700774882,302,1166,8120,2343
Household10,343,33.14894325024788,222,8171,9086,7070
Household1,344,0.5341250031274805,112,2356,4960,5409
Household2,344,961.2763409181681,342,7417,7076,6159
Household3,344,2565.6935289457933,343,8995,2796,2856
Household4,344,18.168999870060134,162,3903,8340,1305
Household5,344,597.7450534216186,334,5936,9437,3726
Household6,344,29.533233788724154,312,3905,3945,1447
Household7,344,12.263169390190036,227,3125,2770,7268
Household8,344,2414.4365995089684,343,9589,6434,9061
Household9,344,48.55516797630662,303,1165,8119,2342
Household10,344,32.23524037821855,223,8170,9085,7069
Household1,345,-2.60105886804627,112,2355,4959,5408
Household2,345,972.3660655875925,343,7416,7075,6158
Household3,345,2547.018074717128,344,8994,2795,2855
Household4,345,11.875664677268723,163,3902,8339,1304
Household5,345,593.1201684342327,335,5935,9436,3725
Household6,345,32.02307334280694,313,3904,3944,1446
Household7,345,29.191903324121,227,3124,2769,7267
Household8,345,2429.4397347565596,344,9588,6433,9060
Household9,345,63.1632028251198,304,1164,8118,2341
Household10,345,23.668957426993188,224,8169,9084,7068
Household1,346,15.90959852013295,112,2354,4958,5407
Household2,346,976.3010747577812,344,7415,7074,6157
Household3,346,2529.3177766325334,345,8993,2794,2854
Household4,346,13.941809283967821,164,3901,8338,1303
Household5,346,609.5705233154083,336,5934,9435,3724
Household6,346,25.560746066207386,314,3903,3943,1445
Household7,346,10.12732238276348,228,3123,2768,7266
Household8,346,2438.206543257981,345,9587,6432,9059
Household9,346,40.04415290001145,305,1163,8117,2340
Household10,346,9.68707580279127,225,8168,9083,7067
Household1,347,22.69353403578713,112,2353,4957,5406
Household2,347,970.1547228119251,345,7414,7073,6156
Household3,347,2538.0680044097944,346,8992,2793,2853
Household4,347,10.378735676856628,165,3900,8337,1302
Household5,347,612.6616135073157,337,5933,9434,3723
Household6,347,27.651188959013503,315,3902,3942,1444
Household7,347,6.992138511589732,228,3122,2767,7265
Household8,347,2441.50124561858,346,9586,6431,9058
Household9,347,53.56045718172985,306,1162,8116,2339
Household10,347,26.004242144729552,225,8167,9082,7066
Household1,348,23.08239703614159,112,2352,4956,5405
Household2,348,977.0190727455422,346,7413,7072,6155
Household3,348,2512.432730251005,347,8991,2792,2852
Household4,348,15.2347927702982,166,3899,8336,1301
Household5,348,604.066079824,338,5932,9433,3722
Household6,348,34.3344830516296,316,3901,3941,1443
Household7,348,10.35178318720413,228,3121,2766,7264
Household8,348,2454.8765120217554,347,9585,6430,9057
Household9,348,63.11658947175351,307,1161,8115,2338
Household10,348,20.046077016864203,226,8166,9081,7065
Household1,349,26.442041711755987,112,2351,4955,5404
Household2,349,971.3319441713569,347,7412,7071,6154
Household3,349,2511.60563932729,348,8990,2791,2851
Household4,349,6.742243171067886,167,3898,8335,1300
Household5,349,638.3980660731271,339,5931,9432,3721
Household6,349,20.327091824424095,317,3900,3940,1442
Household7,349,-0.759306209762836,229,3120,2765,7263
Household8,349,2467.0133495893047,348,9584,6429,9056
Household9,349,53.27673839136327,308,1160,8114,2337
Household10,349,8.257686438903228,227,8165,9080,7064
Household1,350,22.87896810464479,113,2350,4954,5403
Household2,350,977.0100450976323,348,7411,7070,6153
Household3,350,2520.088748580008,349,8989,2790,2850
Household4,350,3.6070592998941358,167,3897,8334,1299
Household5,350,647.9544955125968,340,5930,9431,3720
Household6,350,30.04895520744132,317,3899,3939,1441
Household7,350,15.557860132175449,229,3119,2764,7262
Household8,350,2486.1095102223994,349,9583,6428,9055
Household9,350,52.37023326034927,309,1159,8113,2336
Household10,350,9.253414465066378,228,8164,9079,7063
Household1,351,9.981560257048216,114,2349,4953,5402
Household2,351,989.1854934255895,349,7410,7069,6152
Household3,351,2502.3884504954135,350,8988,2789,2849
Household4,351,0.47187542872038524,167,3896,8333,1298
Household5,351,632.2807384870548,341,5929,9430,3719
Household6,351,22.794391307662544,318,3898,3938,1440
Household7,351,11.375589336220006,230,3118,2763,7261
Household8,351,2501.724834500325,350,9582,6427,9054
Household9,351,26.9981811736506,310,1158,8112,2335
Household10,351,29.47967484776903,229,8163,9078,7062
Household1,352,10.370423257402674,114,2348,4952,5401
Household2,352,983.999703380068,350,7409,7068,6151
Household3,352,2536.3850061017556,351,8987,2788,2848
Household4,352,1.1533652871109616,168,3895,8332,1297
Household5,352,635.7517929643162,342,5928,9429,3718
Household6,352,7.069677854938995,319,3897,3937,1439
Household7,352,40.928746783460475,230,3117,2762,7260
Household8,352,2502.9039608340186,351,9581,6426,9053
Household9,352,20.675482977274964,311,1157,8111,2334
Household10,352,18.898328285136397,230,8162,9077,7061
Household1,353,17.824655915578745,115,2347,4951,5400
Household2,353,1013.8764971523326,351,7408,7067,6150
Household3,353,2534.0119230099217,352,8986,2787,2847
Household4,353,1.5422282874654187,168,3894,8331,1296
Household5,353,638.1793009102187,343,5927,9428,3717
Household6,353,5.341368806460906,320,3896,3936,1438
Household7,353,18.008313213587574,231,3116,2761,7259
Household8,353,2515.6268361069365,352,9580,6425,9052
Household9,353,23.292395514100885,312,1156,8110,2333
Household10,353,19.89646584875744,230,8161,9076,7060
Household1,354,14.689472044404997,115,2346,4950,5399
Household2,354,1005.2858616568107,352,7407,7066,6149
Household3,354,2515.6572288458265,353,8985,2786,2846
Household4,354,3.4023837058575097,169,3893,8330,1295
Household5,354,631.6511592619844,344,5926,9427,3716
Household6,354,20.391809042148495,321,3895,3935,1437
Household7,354,12.251748560235441,232,3115,2760,7258
Household8,354,2520.1138040552173,353,9579,6424,9051
Household9,354,29.681573371860793,313,1155,8109,2332
Household10,354,6.999058001160865,231,8160,9075,7059
Household1,355,10.073211194226177,116,2345,4949,5398
Household2,355,992.4971893594711,353,7406,7065,6148
Household3,355,2512.65361055977,354,8984,2785,2845
Household4,355,0.2671998346837592,169,3892,8329,1294
Household5,355,626.2340376514192,345,5925,9426,3715
Household6,355,29.88837033731273,322,3894,3934,1436
Household7,355,11.66734651732651,233,3114,2759,7257
Household8,355,2515.9858356170616,354,9578,6423,9050
Household9,355,24.888833394803434,314,1154,8108,2331
Household10,355,17.611757412304886,232,8159,9074,7058
Household1,356,16.857146709880357,116,2344,4948,5397
Household2,356,1009.6345721122137,354,7405,7064,6147
Household3,356,2519.6128752068958,355,8983,2784,2844
Household4,356,-2.8679840364899913,169,3891,8328,1293
Household5,356,599.1296270296648,346,5924,9425,3714
Household6,356,29.346883839103256,323,3893,3933,1435
Household7,356,30.16407923456383,234,3113,2758,7256
Household8,356,2527.615336631294,355,9577,6422,9049
Household9,356,32.890583119327225,314,1153,8107,2330
Household10,356,14.323007821713787,233,8158,9073,7057
Household1,357,2.6655381087034584,117,2343,4947,5396
Household2,357,1028.4892372442705,355,7404,7063,6146
Household3,357,2516.6092569208395,356,8982,2783,2843
Household4,357,1.3508845211995038,170,3890,8327,1292
Household5,357,603.6326254313537,347,5923,9424,3713
Household6,357,20.57728031350267,324,3892,3932,1434
Household7,357,25.54781838438501,235,3112,2757,7255
Household8,357,2502.4603259652395,356,9576,6421,9048
Household9,357,6.402292717470395,315,1152,8106,2329
Household10,357,8.206412596931514,234,8157,9072,7056
Household1,358,-2.1770274659585844,117,2342,4946,5395
Household2,358,1024.2479273766987,356,7403,7062,6145
Household3,358,2554.0666210358722,357,8981,2782,2842
Household4,358,19.28343998393057,170,3889,8326,1291
Household5,358,576.6104441406709,348,5922,9423,3712
Household6,358,34.46701290172536,325,3891,3931,1433
Household7,358,41.20543042040787,236,3111,2756,7254
Household8,358,2521.5668907094782,357,9575,6420,9047
Household9,358,21.235499027105355,315,1151,8105,2328
Household10,358,9.204550160552557,234,8156,9071,7055
Household1,359,-1.7881644656041273,117,2341,4945,5394
Household2,359,999.2577188336608,357,7402,7061,6144
Household3,359,2545.9098373797005,358,8980,2781,2841
Household4,359,38.375548522699155,171,3888,8325,1290
Household5,359,571.985559153285,349,5921,9422,3711
Household6,359,36.99793362350616,326,3890,3930,1432
Household7,359,54.146802991047565,237,3110,2755,7253
Household8,359,2523.386390803399,358,9574,6419,9046
Household9,359,14.912800830729719,316,1150,8104,2327
Household10,359,8.196505967934481,235,8155,9070,7054
Household1,360,-6.63073004026617,117,2340,4944,5393
Household2,360,991.7979000849399,358,7401,7060,6143
Household3,360,2540.741629240392,359,8979,2780,2840
Household4,360,24.502808510735747,172,3887,8324,1289
Household5,360,572.4789433179992,350,5920,9421,3710
Household6,360,72.12512968451331,327,3889,3929,1431
Household7,360,39.433361950269514,238,3109,2754,7252
Household8,360,2518.280801273516,359,9573,6418,9045
Household9,360,31.798915259518015,317,1149,8103,2326
Household10,360,9.194643531555524,235,8154,9069,7053
